datetime,drinking_water,electrical_appliances
2023-01-01 00:00:00,0.0,0.0
2023-01-01 01:00:00,0.0,0.0
2023-01-01 02:00:00,0.0,0.0
2023-01-01 03:00:00,0.0,0.0
2023-01-01 04:00:00,0.0,0.258481433333333
2023-01-01 05:00:00,0.481436000000001,4.472042683333341
2023-01-01 06:00:00,11.703080666666693,18.22507505000005
2023-01-01 07:00:00,39.333975666666724,15.544359750000044
2023-01-01 08:00:00,39.52674933333337,1.8188459499999967
2023-01-01 09:00:00,11.96062000000002,0.6381031999999961
2023-01-01 10:00:00,19.373440333333377,0.6153540666666633
2023-01-01 11:00:00,12.448215833333357,0.6396024666666633
2023-01-01 12:00:00,0.0,0.645771099999997
2023-01-01 13:00:00,8.112439000000007,0.74293118333333
2023-01-01 14:00:00,8.104406,0.6665219833333292
2023-01-01 15:00:00,11.675758666666672,0.6172770666666627
2023-01-01 16:00:00,20.01485733333336,2.766794616666662
2023-01-01 17:00:00,30.486020000000035,33.408248666666736
2023-01-01 18:00:00,2.199024,45.49705011666675
2023-01-01 19:00:00,11.100303333333363,35.6410200166667
2023-01-01 20:00:00,10.52602833333336,32.63168768333337
2023-01-01 21:00:00,0.0,22.45134468333337
2023-01-01 22:00:00,0.0,5.417554250000008
2023-01-01 23:00:00,0.0,0.4453791499999997
2023-01-02 00:00:00,0.0,2.1801127999999994
2023-01-02 01:00:00,0.0,5.687600083333338
2023-01-02 02:00:00,0.0,7.82508583333334
2023-01-02 03:00:00,0.0,9.89507238333334
2023-01-02 04:00:00,0.0,11.148788550000008
2023-01-02 05:00:00,0.431092000000001,17.19951806666668
2023-01-02 06:00:00,11.773734000000031,31.738631700000063
2023-01-02 07:00:00,36.69988233333339,28.79806030000005
2023-01-02 08:00:00,33.414503666666704,38.24816503333335
2023-01-02 09:00:00,12.038393833333354,63.37144793333333
2023-01-02 10:00:00,17.992571833333372,76.96271286666662
2023-01-02 11:00:00,14.30451033333336,95.87840971666664
2023-01-02 12:00:00,0.0,139.82223373333326
2023-01-02 13:00:00,7.833787333333333,157.52723966666662
2023-01-02 14:00:00,12.597475000000012,150.12266848333323
2023-01-02 15:00:00,8.694863000000002,138.28334955
2023-01-02 16:00:00,33.9226196666667,98.92084226666664
2023-01-02 17:00:00,26.143141333333368,56.150200650000095
2023-01-02 18:00:00,2.103952000000003,62.44256683333343
2023-01-02 19:00:00,11.531834666666693,49.9128522166667
2023-01-02 20:00:00,10.397772000000026,46.126844050000045
2023-01-02 21:00:00,0.0,35.845912216666704
2023-01-02 22:00:00,0.0,14.586590950000016
2023-01-02 23:00:00,0.0,4.585899333333336
2023-01-03 00:00:00,0.0,2.730113066666668
2023-01-03 01:00:00,0.0,6.975091500000006
2023-01-03 02:00:00,0.0,9.252576316666676
2023-01-03 03:00:00,0.0,10.49806858333334
2023-01-03 04:00:00,0.0,11.29373468333334
2023-01-03 05:00:00,0.4940840000000008,18.69757903333335
2023-01-03 06:00:00,11.258506000000027,30.1343648833334
2023-01-03 07:00:00,25.36693500000007,28.00076793333338
2023-01-03 08:00:00,38.60024800000002,37.31563928333334
2023-01-03 09:00:00,14.428978666666698,62.36276493333333
2023-01-03 10:00:00,17.905685333333373,68.09030293333332
2023-01-03 11:00:00,15.65352750000003,110.1045823833333
2023-01-03 12:00:00,0.0,146.7968290666666
2023-01-03 13:00:00,7.028220666666667,155.45198548333326
2023-01-03 14:00:00,7.479481999999999,144.99708426666658
2023-01-03 15:00:00,11.07060000000001,139.1124309166666
2023-01-03 16:00:00,43.77720033333337,93.24795411666668
2023-01-03 17:00:00,24.742338666666697,55.865051266666754
2023-01-03 18:00:00,2.182048000000003,62.48687803333342
2023-01-03 19:00:00,11.82427700000003,49.37360923333338
2023-01-03 20:00:00,10.850833333333355,48.03891656666672
2023-01-03 21:00:00,0.0,35.82469626666671
2023-01-03 22:00:00,0.0,15.486945300000018
2023-01-03 23:00:00,0.0,5.790484883333336
2023-01-04 00:00:00,0.0,2.7501129166666685
2023-01-04 01:00:00,0.0,6.910091933333341
2023-01-04 02:00:00,0.0,9.392575383333336
2023-01-04 03:00:00,0.0,10.417568666666671
2023-01-04 04:00:00,0.0,10.83529673333334
2023-01-04 05:00:00,0.4659360000000009,16.90296688333335
2023-01-04 06:00:00,11.720648333333365,30.8602779833334
2023-01-04 07:00:00,34.45208366666673,33.57887076666672
2023-01-04 08:00:00,37.75542600000004,41.50820278333335
2023-01-04 09:00:00,14.302239000000023,62.23436723333333
2023-01-04 10:00:00,14.414447333333365,74.79996839999998
2023-01-04 11:00:00,15.234294666666692,93.57932706666668
2023-01-04 12:00:00,0.0,135.4815738666666
2023-01-04 13:00:00,6.069308666666666,151.8080405666666
2023-01-04 14:00:00,8.412254333333339,147.74023669999994
2023-01-04 15:00:00,8.777997666666666,148.0908498666666
2023-01-04 16:00:00,36.32712166666671,95.43154866666664
2023-01-04 17:00:00,26.21734600000003,61.06904176666677
2023-01-04 18:00:00,2.1813510000000025,57.79167646666675
2023-01-04 19:00:00,12.035129333333359,49.979870683333374
2023-01-04 20:00:00,10.051313333333365,46.66944106666671
2023-01-04 21:00:00,0.0,34.619576850000044
2023-01-04 22:00:00,0.0,14.95179720000002
2023-01-04 23:00:00,0.0,4.791569166666671
2023-01-05 00:00:00,0.0,2.5251135666666658
2023-01-05 01:00:00,0.0,6.065097566666672
2023-01-05 02:00:00,0.0,8.280082800000004
2023-01-05 03:00:00,0.0,9.792573033333335
2023-01-05 04:00:00,0.0,11.20344481666667
2023-01-05 05:00:00,0.4949520000000005,16.874343100000015
2023-01-05 06:00:00,11.999766000000031,31.20168191666673
2023-01-05 07:00:00,42.87327633333339,32.29220971666672
2023-01-05 08:00:00,26.33499800000003,41.15823031666668
2023-01-05 09:00:00,15.160337500000024,64.62329523333334
2023-01-05 10:00:00,14.092873333333362,70.47154441666666
2023-01-05 11:00:00,12.744478500000021,103.47607191666664
2023-01-05 12:00:00,0.0,136.4760943666666
2023-01-05 13:00:00,6.372441333333336,156.9158199333333
2023-01-05 14:00:00,8.473585666666674,148.7534230833333
2023-01-05 15:00:00,11.216792666666676,135.87244309999994
2023-01-05 16:00:00,33.7740006666667,96.74058864999998
2023-01-05 17:00:00,32.06022000000003,64.42803146666677
2023-01-05 18:00:00,2.0422950000000033,58.807182566666754
2023-01-05 19:00:00,12.243607333333356,48.182053600000046
2023-01-05 20:00:00,9.69152933333336,44.884037550000045
2023-01-05 21:00:00,0.0,34.51073783333339
2023-01-05 22:00:00,0.0,15.40778318333335
2023-01-05 23:00:00,0.0,4.859900000000003
2023-01-06 00:00:00,0.0,1.867618033333333
2023-01-06 01:00:00,0.0,4.872605516666671
2023-01-06 02:00:00,0.0,8.26758288333334
2023-01-06 03:00:00,0.0,9.792573250000007
2023-01-06 04:00:00,0.0,11.832126866666671
2023-01-06 05:00:00,0.4465920000000005,18.29175430000002
2023-01-06 06:00:00,11.523935000000032,33.708871283333394
2023-01-06 07:00:00,34.71616200000007,35.14898126666672
2023-01-06 08:00:00,32.043796666666694,45.94694410000002
2023-01-06 09:00:00,15.025230000000024,58.26600104999999
2023-01-06 10:00:00,18.848256333333374,82.06296544999998
2023-01-06 11:00:00,16.978965333333367,113.57074161666664
2023-01-06 12:00:00,0.0,147.09108204999993
2023-01-06 13:00:00,6.2711320000000015,152.89889228333325
2023-01-06 14:00:00,9.324797000000004,140.1058291166666
2023-01-06 15:00:00,8.602900000000005,127.85368443333329
2023-01-06 16:00:00,35.217002666666694,89.92696898333332
2023-01-06 17:00:00,28.49341933333336,56.49270575000008
2023-01-06 18:00:00,2.3158850000000015,60.08389421666677
2023-01-06 19:00:00,12.281622333333363,50.30284143333337
2023-01-06 20:00:00,10.595986333333355,45.848428783333375
2023-01-06 21:00:00,0.0,35.506660150000044
2023-01-06 22:00:00,0.0,14.363985783333348
2023-01-06 23:00:00,0.0,4.5349052000000025
2023-01-07 00:00:00,0.0,2.4026129000000003
2023-01-07 01:00:00,0.0,6.735093100000003
2023-01-07 02:00:00,0.0,9.822572516666671
2023-01-07 03:00:00,0.0,10.127571000000003
2023-01-07 04:00:00,0.0,12.113163500000006
2023-01-07 05:00:00,0.4308440000000006,19.21242923333335
2023-01-07 06:00:00,11.89691700000003,30.95311921666672
2023-01-07 07:00:00,42.20213833333339,36.51101848333338
2023-01-07 08:00:00,38.563154333333365,50.44168321666668
2023-01-07 09:00:00,14.356189166666695,66.4606112333333
2023-01-07 10:00:00,14.505624000000031,82.51161866666664
2023-01-07 11:00:00,14.06639033333336,100.17207946666664
2023-01-07 12:00:00,0.0,126.81568533333328
2023-01-07 13:00:00,8.612402000000005,148.4152479833333
2023-01-07 14:00:00,10.89850833333334,143.63350754999996
2023-01-07 15:00:00,9.405961666666672,136.6992931666666
2023-01-07 16:00:00,21.685025000000024,95.96223706666665
2023-01-07 17:00:00,28.54526800000004,57.53186851666676
2023-01-07 18:00:00,2.1754580000000026,61.21282223333343
2023-01-07 19:00:00,11.349246333333365,49.39006825000005
2023-01-07 20:00:00,9.596586333333368,45.31355993333337
2023-01-07 21:00:00,0.0,34.214361400000044
2023-01-07 22:00:00,0.0,14.863267066666683
2023-01-07 23:00:00,0.0,5.04823111666667
2023-01-08 00:00:00,0.0,0.0
2023-01-08 01:00:00,0.0,0.0
2023-01-08 02:00:00,0.0,0.0
2023-01-08 03:00:00,0.0,0.0
2023-01-08 04:00:00,0.0,0.2211601666666664
2023-01-08 05:00:00,0.4196840000000007,6.091421350000012
2023-01-08 06:00:00,11.306338666666694,16.77144966666672
2023-01-08 07:00:00,51.816256666666725,16.313076116666718
2023-01-08 08:00:00,37.78317533333337,1.6816666666666642
2023-01-08 09:00:00,18.47994050000004,0.6132472333333292
2023-01-08 10:00:00,15.777360000000035,0.6681872999999959
2023-01-08 11:00:00,12.253393333333358,0.7874263499999963
2023-01-08 12:00:00,0.0,0.7237672499999964
2023-01-08 13:00:00,5.514181999999996,0.7256876166666629
2023-01-08 14:00:00,9.966721,0.6242762166666633
2023-01-08 15:00:00,9.292005666666675,0.6099417833333298
2023-01-08 16:00:00,25.62465366666669,3.308075816666664
2023-01-08 17:00:00,19.44069200000004,31.719845816666744
2023-01-08 18:00:00,2.286048000000003,46.19053836666675
2023-01-08 19:00:00,11.226284000000032,35.161602416666696
2023-01-08 20:00:00,10.91079733333336,33.651953366666696
2023-01-08 21:00:00,0.0,23.17653870000004
2023-01-08 22:00:00,0.0,5.997933866666675
2023-01-08 23:00:00,0.0,0.4396357833333328
2023-01-09 00:00:00,0.0,2.27261185
2023-01-09 01:00:00,0.0,7.052590983333341
2023-01-09 02:00:00,0.0,9.392575383333345
2023-01-09 03:00:00,0.0,10.31507013333334
2023-01-09 04:00:00,0.0,11.056772466666672
2023-01-09 05:00:00,0.5374840000000005,16.499834850000013
2023-01-09 06:00:00,11.54785733333336,28.928652916666724
2023-01-09 07:00:00,37.58967566666672,33.62569156666671
2023-01-09 08:00:00,37.472523000000045,45.57974365
2023-01-09 09:00:00,14.213123500000028,56.15133351666667
2023-01-09 10:00:00,17.74849550000004,69.14974723333333
2023-01-09 11:00:00,13.932297500000029,114.6028257
2023-01-09 12:00:00,0.0,139.8638117833333
2023-01-09 13:00:00,7.033887333333337,146.15056414999992
2023-01-09 14:00:00,7.340855333333336,156.53456824999992
2023-01-09 15:00:00,8.211087666666666,131.34834373333328
2023-01-09 16:00:00,34.39629500000003,88.93191146666666
2023-01-09 17:00:00,23.560347000000032,58.68372181666676
2023-01-09 18:00:00,2.005597000000006,61.389387166666765
2023-01-09 19:00:00,11.62001500000003,49.55492133333337
2023-01-09 20:00:00,10.291169333333366,45.50680848333338
2023-01-09 21:00:00,0.0,34.03466576666672
2023-01-09 22:00:00,0.0,14.36452001666668
2023-01-09 23:00:00,0.0,5.569897733333337
2023-01-10 00:00:00,0.0,2.637609950000001
2023-01-10 01:00:00,0.0,6.712593250000006
2023-01-10 02:00:00,0.0,8.97257818333334
2023-01-10 03:00:00,0.0,9.760073666666674
2023-01-10 04:00:00,0.0,10.148478700000004
2023-01-10 05:00:00,0.4556440000000004,14.645236566666677
2023-01-10 06:00:00,12.17850600000003,31.49790181666672
2023-01-10 07:00:00,32.98253933333339,32.34043941666671
2023-01-10 08:00:00,40.55518833333337,32.211667333333345
2023-01-10 09:00:00,13.539432500000023,64.45770861666665
2023-01-10 10:00:00,16.209635000000034,85.02470553333333
2023-01-10 11:00:00,12.892074166666692,114.5655822333333
2023-01-10 12:00:00,0.0,124.06259959999996
2023-01-10 13:00:00,7.213027,140.83806928333328
2023-01-10 14:00:00,11.972706666666676,137.0222577999999
2023-01-10 15:00:00,10.922021333333344,139.5440140999999
2023-01-10 16:00:00,40.826659666666686,104.34016381666665
2023-01-10 17:00:00,13.25165833333336,65.76527095000007
2023-01-10 18:00:00,2.2036950000000037,60.81178921666675
2023-01-10 19:00:00,11.255770000000025,50.22597931666671
2023-01-10 20:00:00,10.009671666666696,46.70572465000004
2023-01-10 21:00:00,0.0,35.55953271666672
2023-01-10 22:00:00,0.0,13.917684733333347
2023-01-10 23:00:00,0.0,4.2432386000000015
2023-01-11 00:00:00,0.0,3.067610966666667
2023-01-11 01:00:00,0.0,7.455088300000008
2023-01-11 02:00:00,0.0,10.28256945000001
2023-01-11 03:00:00,0.0,9.935072983333344
2023-01-11 04:00:00,0.0,11.842232800000009
2023-01-11 05:00:00,0.4694080000000005,18.18887385000001
2023-01-11 06:00:00,11.154569666666692,31.3697980833334
2023-01-11 07:00:00,42.9223313333334,35.092326533333384
2023-01-11 08:00:00,36.06789066666671,43.06548823333335
2023-01-11 09:00:00,12.514049333333352,62.25432224999998
2023-01-11 10:00:00,19.36736650000004,73.56915209999997
2023-01-11 11:00:00,13.832491500000025,96.4491753333333
2023-01-11 12:00:00,0.0,134.9838393499999
2023-01-11 13:00:00,7.129753666666674,144.64925518333325
2023-01-11 14:00:00,8.083916000000002,153.48190304999997
2023-01-11 15:00:00,8.485386000000002,141.64776081666662
2023-01-11 16:00:00,27.997097666666704,95.94724258333332
2023-01-11 17:00:00,31.95274200000004,60.17661096666676
2023-01-11 18:00:00,2.210497000000004,60.93153728333342
2023-01-11 19:00:00,11.213721000000032,50.20937708333337
2023-01-11 20:00:00,10.64595633333336,45.730421900000046
2023-01-11 21:00:00,0.0,34.64736038333338
2023-01-11 22:00:00,0.0,15.711119016666682
2023-01-11 23:00:00,0.0,5.377904700000003
2023-01-12 00:00:00,0.0,2.530112683333334
2023-01-12 01:00:00,0.0,6.427595150000004
2023-01-12 02:00:00,0.0,9.322575850000003
2023-01-12 03:00:00,0.0,10.707567066666671
2023-01-12 04:00:00,0.0,12.13183633333334
2023-01-12 05:00:00,0.4379120000000008,16.771568916666677
2023-01-12 06:00:00,12.134759333333363,28.923710600000057
2023-01-12 07:00:00,43.82817833333339,31.581713500000053
2023-01-12 08:00:00,38.97562333333337,43.93666303333335
2023-01-12 09:00:00,13.89303116666669,65.0615473
2023-01-12 10:00:00,17.154331833333373,69.04355251666667
2023-01-12 11:00:00,16.834854833333363,96.83117715
2023-01-12 12:00:00,0.0,122.46966866666662
2023-01-12 13:00:00,5.1411133333333385,147.04931079999992
2023-01-12 14:00:00,8.675046666666672,150.2663286499999
2023-01-12 15:00:00,10.301020333333335,149.56000941666662
2023-01-12 16:00:00,21.672749666666704,94.42960403333332
2023-01-12 17:00:00,25.636737666666697,59.80645728333342
2023-01-12 18:00:00,2.0593360000000027,60.51120923333343
2023-01-12 19:00:00,12.233434333333358,49.94014226666671
2023-01-12 20:00:00,9.844770666666696,45.258860900000045
2023-01-12 21:00:00,0.0,34.94438033333337
2023-01-12 22:00:00,0.0,14.507076783333348
2023-01-12 23:00:00,0.0,5.238062216666671
2023-01-13 00:00:00,0.0,2.3926121833333336
2023-01-13 01:00:00,0.0,6.342595716666672
2023-01-13 02:00:00,0.0,8.35758228333334
2023-01-13 03:00:00,0.0,10.45006961666667
2023-01-13 04:00:00,0.0,12.60381348333334
2023-01-13 05:00:00,0.4562639999999998,17.744043050000016
2023-01-13 06:00:00,11.896939333333364,33.359872833333384
2023-01-13 07:00:00,37.75044566666672,34.31592903333338
2023-01-13 08:00:00,40.31770600000005,35.89444410000001
2023-01-13 09:00:00,14.695025666666693,60.48157115000001
2023-01-13 10:00:00,15.474695833333369,76.2640389
2023-01-13 11:00:00,14.770745000000023,105.37625569999996
2023-01-13 12:00:00,0.0,140.15908901666657
2023-01-13 13:00:00,6.775587000000005,147.3396581499999
2023-01-13 14:00:00,12.613507000000013,152.43773096666658
2023-01-13 15:00:00,10.989296666666672,135.1534351666666
2023-01-13 16:00:00,25.2930866666667,93.28767974999998
2023-01-13 17:00:00,27.66818933333337,57.02814255000008
2023-01-13 18:00:00,2.1469500000000044,61.709679983333416
2023-01-13 19:00:00,10.835814000000028,49.5474865166667
2023-01-13 20:00:00,10.332811000000028,45.29113076666671
2023-01-13 21:00:00,0.0,33.322907200000046
2023-01-13 22:00:00,0.0,15.590809566666683
2023-01-13 23:00:00,0.0,5.44922751666667
2023-01-14 00:00:00,0.0,1.7301180333333344
2023-01-14 01:00:00,0.0,6.865092233333339
2023-01-14 02:00:00,0.0,9.19007673333334
2023-01-14 03:00:00,0.0,10.73506643333334
2023-01-14 04:00:00,0.0,11.861806566666672
2023-01-14 05:00:00,0.4327040000000001,16.23572256666668
2023-01-14 06:00:00,12.462257666666694,27.07146741666672
2023-01-14 07:00:00,36.44475500000007,27.56099258333338
2023-01-14 08:00:00,39.80977366666671,34.82239525000001
2023-01-14 09:00:00,15.170036833333354,62.16800726666666
2023-01-14 10:00:00,16.494886000000037,79.18688053333332
2023-01-14 11:00:00,14.006749000000024,108.02782256666664
2023-01-14 12:00:00,0.0,143.53758769999988
2023-01-14 13:00:00,8.290610666666666,151.7383107499999
2023-01-14 14:00:00,10.86936266666668,145.35232674999992
2023-01-14 15:00:00,9.966582333333346,133.84843651666662
2023-01-14 16:00:00,22.857947333333357,94.69006466666666
2023-01-14 17:00:00,27.13466000000004,61.110143850000085
2023-01-14 18:00:00,2.146218000000003,65.24885856666675
2023-01-14 19:00:00,11.021362333333359,49.56073128333337
2023-01-14 20:00:00,9.826448333333364,45.59635336666671
2023-01-14 21:00:00,0.0,34.890402716666706
2023-01-14 22:00:00,0.0,14.52944628333335
2023-01-14 23:00:00,0.0,5.2344763000000025
2023-01-15 00:00:00,0.0,0.0
2023-01-15 01:00:00,0.0,0.0
2023-01-15 02:00:00,0.0,0.0
2023-01-15 03:00:00,0.0,0.0
2023-01-15 04:00:00,0.0,0.241344233333333
2023-01-15 05:00:00,0.371944,4.453641000000006
2023-01-15 06:00:00,11.444213333333371,18.74287176666672
2023-01-15 07:00:00,46.961478333333396,13.47070185000004
2023-01-15 08:00:00,30.893312333333363,2.0110362166666667
2023-01-15 09:00:00,17.541353666666694,0.63347448333333
2023-01-15 10:00:00,16.11815983333337,0.6804359833333296
2023-01-15 11:00:00,15.029409833333357,0.7133525833333294
2023-01-15 12:00:00,0.0,0.6871006333333294
2023-01-15 13:00:00,4.817128333333332,0.7230095333333301
2023-01-15 14:00:00,10.93466800000001,0.7556796166666632
2023-01-15 15:00:00,8.155629666666677,0.6392761499999967
2023-01-15 16:00:00,24.002242666666703,2.884253266666665
2023-01-15 17:00:00,31.05997933333336,34.246367700000086
2023-01-15 18:00:00,1.9809980000000031,44.59028580000008
2023-01-15 19:00:00,11.686901666666696,36.3974846666667
2023-01-15 20:00:00,10.486052333333362,32.4875562666667
2023-01-15 21:00:00,0.0,23.6333893666667
2023-01-15 22:00:00,0.0,5.987211450000009
2023-01-15 23:00:00,0.0,0.4109679499999996
2023-01-16 00:00:00,0.0,2.200116383333333
2023-01-16 01:00:00,0.0,5.887598750000004
2023-01-16 02:00:00,0.0,8.130083800000007
2023-01-16 03:00:00,0.0,10.17257098333334
2023-01-16 04:00:00,0.0,11.641635300000008
2023-01-16 05:00:00,0.4451040000000013,18.35325191666668
2023-01-16 06:00:00,12.109886333333362,33.1600780333334
2023-01-16 07:00:00,24.654994333333406,30.998048383333387
2023-01-16 08:00:00,19.73814500000002,42.04458828333336
2023-01-16 09:00:00,15.132610833333365,66.9106749
2023-01-16 10:00:00,16.283571000000038,78.42188038333332
2023-01-16 11:00:00,15.774647666666697,113.83430981666665
2023-01-16 12:00:00,0.0,133.05025349999994
2023-01-16 13:00:00,7.098898333333338,137.73049384999993
2023-01-16 14:00:00,10.735799666666672,140.19806503333325
2023-01-16 15:00:00,8.910335000000003,136.17284619999995
2023-01-16 16:00:00,41.58709933333336,100.49509039999997
2023-01-16 17:00:00,38.10602500000004,61.05671578333342
2023-01-16 18:00:00,2.1430470000000037,61.51480158333341
2023-01-16 19:00:00,11.059732333333358,48.73059693333338
2023-01-16 20:00:00,10.604314666666696,44.82742280000004
2023-01-16 21:00:00,0.0,33.95162710000004
2023-01-16 22:00:00,0.0,15.458831150000016
2023-01-16 23:00:00,0.0,3.673077133333335
2023-01-17 00:00:00,0.0,1.9451159333333337
2023-01-17 01:00:00,0.0,6.2800961333333385
2023-01-17 02:00:00,0.0,8.607580616666674
2023-01-17 03:00:00,0.0,11.047565000000006
2023-01-17 04:00:00,0.0,11.14691748333334
2023-01-17 05:00:00,0.4344400000000016,16.96525208333335
2023-01-17 06:00:00,11.723769333333369,29.991907600000054
2023-01-17 07:00:00,30.7926103333334,32.11729425000005
2023-01-17 08:00:00,24.63937166666669,35.42024396666668
2023-01-17 09:00:00,16.864865833333358,54.46422223333333
2023-01-17 10:00:00,17.336729333333373,77.51421549999998
2023-01-17 11:00:00,15.03254633333336,101.06184433333333
2023-01-17 12:00:00,0.0,141.5607653499999
2023-01-17 13:00:00,4.769808,155.29548359999995
2023-01-17 14:00:00,8.66551066666667,155.17716033333326
2023-01-17 15:00:00,9.145518666666671,137.22309376666664
2023-01-17 16:00:00,36.886428000000045,96.94259768333332
2023-01-17 17:00:00,38.494749000000034,57.45299843333342
2023-01-17 18:00:00,2.240440000000002,61.87093990000008
2023-01-17 19:00:00,12.110562666666695,49.70217853333337
2023-01-17 20:00:00,10.417760000000024,46.104161633333376
2023-01-17 21:00:00,0.0,36.95718730000005
2023-01-17 22:00:00,0.0,15.66351088333335
2023-01-17 23:00:00,0.0,4.608900166666668
2023-01-18 00:00:00,0.0,3.112607433333334
2023-01-18 01:00:00,0.0,7.845085700000006
2023-01-18 02:00:00,0.0,9.140077066666672
2023-01-18 03:00:00,0.0,10.970065650000006
2023-01-18 04:00:00,0.0,12.411029150000006
2023-01-18 05:00:00,0.4733760000000007,16.40930701666668
2023-01-18 06:00:00,12.345541666666696,30.094478566666723
2023-01-18 07:00:00,34.609210000000054,31.45415501666672
2023-01-18 08:00:00,41.10083300000005,42.65382876666668
2023-01-18 09:00:00,15.384229500000025,58.8984396
2023-01-18 10:00:00,14.690995000000036,75.82439178333331
2023-01-18 11:00:00,13.469951666666692,112.9976741833333
2023-01-18 12:00:00,0.0,146.15242413333326
2023-01-18 13:00:00,8.21155466666667,143.20499486666662
2023-01-18 14:00:00,10.352866666666673,141.76048413333325
2023-01-18 15:00:00,10.783154000000009,141.74543289999994
2023-01-18 16:00:00,29.8011906666667,92.79512121666669
2023-01-18 17:00:00,24.78509266666669,58.73842515000009
2023-01-18 18:00:00,2.295708000000002,60.02754708333342
2023-01-18 19:00:00,11.066405000000032,48.73670876666671
2023-01-18 20:00:00,10.952439000000028,45.404458533333376
2023-01-18 21:00:00,0.0,34.944636883333374
2023-01-18 22:00:00,0.0,14.649340866666684
2023-01-18 23:00:00,0.0,4.14981246666667
2023-01-19 00:00:00,0.0,2.137615
2023-01-19 01:00:00,0.0,6.847592350000007
2023-01-19 02:00:00,0.0,8.940078400000004
2023-01-19 03:00:00,0.0,11.78755968333334
2023-01-19 04:00:00,0.0,12.58169580000001
2023-01-19 05:00:00,0.4334480000000011,18.739929816666685
2023-01-19 06:00:00,11.41120400000003,30.340975900000057
2023-01-19 07:00:00,52.459082666666724,29.40177978333338
2023-01-19 08:00:00,28.787449333333367,32.112660416666685
2023-01-19 09:00:00,16.912155000000027,56.20453435
2023-01-19 10:00:00,15.92224683333337,77.92612744999998
2023-01-19 11:00:00,13.67818966666669,112.31365448333332
2023-01-19 12:00:00,0.0,149.36991326666657
2023-01-19 13:00:00,7.062549000000001,146.4655665666666
2023-01-19 14:00:00,10.880282666666671,141.69908268333327
2023-01-19 15:00:00,9.068829000000004,129.5693564166666
2023-01-19 16:00:00,23.423339666666703,102.96692634999998
2023-01-19 17:00:00,26.77814433333336,57.585107500000085
2023-01-19 18:00:00,2.2489190000000043,58.33113263333343
2023-01-19 19:00:00,11.283701666666689,48.68131090000004
2023-01-19 20:00:00,10.374452666666691,46.126347033333374
2023-01-19 21:00:00,0.0,35.43801095000004
2023-01-19 22:00:00,0.0,14.51368101666668
2023-01-19 23:00:00,0.0,4.890824750000003
2023-01-20 00:00:00,0.0,2.1826146666666664
2023-01-20 01:00:00,0.0,6.290096066666672
2023-01-20 02:00:00,0.0,10.197570016666672
2023-01-20 03:00:00,0.0,11.250063250000007
2023-01-20 04:00:00,0.0,11.415417550000006
2023-01-20 05:00:00,0.4675480000000008,16.876739033333347
2023-01-20 06:00:00,11.004341000000027,32.79778301666673
2023-01-20 07:00:00,31.881873333333395,29.941641616666715
2023-01-20 08:00:00,42.68692366666672,34.75715516666668
2023-01-20 09:00:00,13.928413666666692,59.717102566666654
2023-01-20 10:00:00,16.796724833333375,90.39646549999996
2023-01-20 11:00:00,11.630108333333354,118.09174306666664
2023-01-20 12:00:00,0.0,134.28401919999996
2023-01-20 13:00:00,7.766979000000002,152.56724299999993
2023-01-20 14:00:00,13.332502666666672,137.4502484833333
2023-01-20 15:00:00,8.335253333333338,125.3333479333333
2023-01-20 16:00:00,33.382259333333366,94.57558956666666
2023-01-20 17:00:00,19.76160500000004,57.66082416666675
2023-01-20 18:00:00,2.0406770000000036,60.36343913333342
2023-01-20 19:00:00,12.132808333333362,47.84092781666672
2023-01-20 20:00:00,10.232871000000026,45.20209055000005
2023-01-20 21:00:00,0.0,34.93971160000004
2023-01-20 22:00:00,0.0,16.21608293333335
2023-01-20 23:00:00,0.0,5.287980783333334
2023-01-21 00:00:00,0.0,2.740111116666668
2023-01-21 01:00:00,0.0,7.667586883333336
2023-01-21 02:00:00,0.0,9.245076366666671
2023-01-21 03:00:00,0.0,10.49757018333334
2023-01-21 04:00:00,0.0,11.690554666666674
2023-01-21 05:00:00,0.4932160000000005,17.37047766666668
2023-01-21 06:00:00,12.222555666666691,31.68860250000006
2023-01-21 07:00:00,37.385605000000055,31.506608533333385
2023-01-21 08:00:00,43.12277066666671,48.47029860000001
2023-01-21 09:00:00,15.86757633333336,63.48614336666665
2023-01-21 10:00:00,18.4443276666667,74.53140079999999
2023-01-21 11:00:00,13.26082316666669,100.93158043333332
2023-01-21 12:00:00,0.0,138.72825489999994
2023-01-21 13:00:00,6.594270666666668,155.93766689999993
2023-01-21 14:00:00,8.333906,156.07908359999993
2023-01-21 15:00:00,9.839427666666676,128.44060671666662
2023-01-21 16:00:00,16.897143666666697,88.02905483333333
2023-01-21 17:00:00,26.449631666666697,60.05216633333342
2023-01-21 18:00:00,2.2007600000000034,63.72741426666676
2023-01-21 19:00:00,11.53820833333336,49.61265766666671
2023-01-21 20:00:00,10.326148333333364,44.62561451666672
2023-01-21 21:00:00,0.0,33.00040996666672
2023-01-21 22:00:00,0.0,15.750921116666683
2023-01-21 23:00:00,0.0,5.965647900000002
2023-01-22 00:00:00,0.0,0.0
2023-01-22 01:00:00,0.0,0.0
2023-01-22 02:00:00,0.0,0.0
2023-01-22 03:00:00,0.0,0.0
2023-01-22 04:00:00,0.0,0.2264786333333331
2023-01-22 05:00:00,0.4371680000000008,4.850821583333341
2023-01-22 06:00:00,12.000221000000021,16.582223866666723
2023-01-22 07:00:00,32.44530300000006,16.182636050000045
2023-01-22 08:00:00,37.8522516666667,1.839418216666664
2023-01-22 09:00:00,16.246036833333363,0.6606674666666636
2023-01-22 10:00:00,16.235835333333373,0.6019456166666638
2023-01-22 11:00:00,12.84260116666669,0.647855449999996
2023-01-22 12:00:00,0.0,0.702017049999996
2023-01-22 13:00:00,7.290028,0.6886051499999963
2023-01-22 14:00:00,8.410233333333338,0.7050188333333303
2023-01-22 15:00:00,9.68196966666667,0.5996100999999974
2023-01-22 16:00:00,31.29065333333336,3.976999
2023-01-22 17:00:00,30.64726266666669,31.833570666666745
2023-01-22 18:00:00,1.9884970000000042,45.90333275000008
2023-01-22 19:00:00,11.801468000000026,35.04488128333337
2023-01-22 20:00:00,10.209551666666693,33.3617442666667
2023-01-22 21:00:00,0.0,23.50258573333337
2023-01-22 22:00:00,0.0,6.031428016666676
2023-01-22 23:00:00,0.0,0.4267988499999997
2023-01-23 00:00:00,0.0,1.8601166999999983
2023-01-23 01:00:00,0.0,6.265096233333339
2023-01-23 02:00:00,0.0,9.935071766666676
2023-01-23 03:00:00,0.0,12.247557283333345
2023-01-23 04:00:00,0.0,12.909902100000004
2023-01-23 05:00:00,0.4939600000000009,18.783515966666684
2023-01-23 06:00:00,12.580241666666701,31.424435666666724
2023-01-23 07:00:00,36.206293333333385,33.61114071666672
2023-01-23 08:00:00,38.76809766666671,41.98461278333336
2023-01-23 09:00:00,16.2914316666667,60.02244741666667
2023-01-23 10:00:00,18.23982683333337,69.47362289999998
2023-01-23 11:00:00,13.75644150000002,107.08523414999996
2023-01-23 12:00:00,0.0,150.1870016999999
2023-01-23 13:00:00,6.031991333333333,144.3642516166666
2023-01-23 14:00:00,8.048775333333335,146.10525571666662
2023-01-23 15:00:00,9.145501666666668,135.75610284999996
2023-01-23 16:00:00,24.224465333333367,99.19037486666664
2023-01-23 17:00:00,31.20004000000004,59.98656956666675
2023-01-23 18:00:00,1.9991430000000043,60.66311850000008
2023-01-23 19:00:00,11.494679000000033,48.382495400000046
2023-01-23 20:00:00,9.42169133333336,44.83684616666671
2023-01-23 21:00:00,0.0,33.03917131666672
2023-01-23 22:00:00,0.0,13.672714516666684
2023-01-23 23:00:00,0.0,4.4063184500000006
2023-01-24 00:00:00,0.0,2.230114983333333
2023-01-24 01:00:00,0.0,6.387595416666673
2023-01-24 02:00:00,0.0,8.742579716666672
2023-01-24 03:00:00,0.0,10.247570350000007
2023-01-24 04:00:00,0.0,10.983068116666676
2023-01-24 05:00:00,0.4181960000000012,17.405393883333353
2023-01-24 06:00:00,11.423538333333365,32.241450116666726
2023-01-24 07:00:00,37.620734000000056,32.046601583333384
2023-01-24 08:00:00,26.01961233333336,37.00259918333335
2023-01-24 09:00:00,14.896973000000028,50.00338240000001
2023-01-24 10:00:00,15.798496166666704,79.14172581666666
2023-01-24 11:00:00,13.357525166666694,123.4554913833333
2023-01-24 12:00:00,0.0,144.65849963333324
2023-01-24 13:00:00,5.876658999999997,131.2061626833333
2023-01-24 14:00:00,10.59601533333334,139.91824761666663
2023-01-24 15:00:00,12.095352333333349,149.27125953333325
2023-01-24 16:00:00,35.57070933333336,96.88046199999998
2023-01-24 17:00:00,32.3830556666667,62.10187113333342
2023-01-24 18:00:00,2.121979000000006,60.28384595000009
2023-01-24 19:00:00,12.54058433333336,49.31219238333337
2023-01-24 20:00:00,10.705920333333353,46.01765223333337
2023-01-24 21:00:00,0.0,35.20952230000004
2023-01-24 22:00:00,0.0,16.945294733333352
2023-01-24 23:00:00,0.0,5.410396783333336
2023-01-25 00:00:00,0.0,2.2901152833333325
2023-01-25 01:00:00,0.0,6.3050959666666735
2023-01-25 02:00:00,0.0,8.570080866666673
2023-01-25 03:00:00,0.0,8.835079333333338
2023-01-25 04:00:00,0.0,10.54100598333334
2023-01-25 05:00:00,0.5059880000000002,17.079187916666683
2023-01-25 06:00:00,12.6878656666667,32.599928816666726
2023-01-25 07:00:00,42.87272866666673,34.121702383333385
2023-01-25 08:00:00,27.594050333333367,34.901149083333344
2023-01-25 09:00:00,14.80866183333336,62.39785305
2023-01-25 10:00:00,16.02883366666671,85.20980024999999
2023-01-25 11:00:00,14.506489666666688,104.76034296666664
2023-01-25 12:00:00,0.0,130.71184304999994
2023-01-25 13:00:00,6.3972846666666685,153.65440083333326
2023-01-25 14:00:00,9.132976666666671,139.38149963333328
2023-01-25 15:00:00,11.55294033333334,142.39727004999992
2023-01-25 16:00:00,31.75190866666669,94.25830158333332
2023-01-25 17:00:00,28.598082666666706,57.62169491666676
2023-01-25 18:00:00,1.9812640000000026,60.582942050000085
2023-01-25 19:00:00,10.826204666666694,49.86401740000004
2023-01-25 20:00:00,10.42608833333336,45.53600611666671
2023-01-25 21:00:00,0.0,35.12894791666672
2023-01-25 22:00:00,0.0,15.27034100000002
2023-01-25 23:00:00,0.0,5.404239383333338
2023-01-26 00:00:00,0.0,1.9276153166666663
2023-01-26 01:00:00,0.0,6.297596016666673
2023-01-26 02:00:00,0.0,9.440075066666672
2023-01-26 03:00:00,0.0,10.847567133333335
2023-01-26 04:00:00,0.0,12.432746766666668
2023-01-26 05:00:00,0.4685400000000009,18.491400450000008
2023-01-26 06:00:00,12.271860666666699,31.534001533333388
2023-01-26 07:00:00,42.31695266666673,30.53777235000005
2023-01-26 08:00:00,36.15681166666671,31.082332683333345
2023-01-26 09:00:00,15.997410000000029,49.88560941666668
2023-01-26 10:00:00,17.968221666666704,77.93345964999996
2023-01-26 11:00:00,11.519495000000022,117.58031879999996
2023-01-26 12:00:00,0.0,143.5298386166666
2023-01-26 13:00:00,6.264480333333335,157.45031834999992
2023-01-26 14:00:00,8.929027666666668,148.58042249999994
2023-01-26 15:00:00,10.585338666666676,140.62127481666658
2023-01-26 16:00:00,21.1340796666667,90.00036596666666
2023-01-26 17:00:00,30.164675333333363,56.01228356666676
2023-01-26 18:00:00,2.122121000000003,58.372235433333415
2023-01-26 19:00:00,11.8319656666667,48.78689351666671
2023-01-26 20:00:00,9.79146933333336,46.68007855000004
2023-01-26 21:00:00,0.0,34.71731678333338
2023-01-26 22:00:00,0.0,15.768051216666684
2023-01-26 23:00:00,0.0,5.730563400000003
2023-01-27 00:00:00,0.0,2.74011215
2023-01-27 01:00:00,0.0,6.910091933333343
2023-01-27 02:00:00,0.0,9.67007353333334
2023-01-27 03:00:00,0.0,11.10506498333334
2023-01-27 04:00:00,0.0,11.503816366666674
2023-01-27 05:00:00,0.4757320000000008,16.958298866666677
2023-01-27 06:00:00,11.236990000000025,32.58583198333339
2023-01-27 07:00:00,50.52745233333339,30.97466558333338
2023-01-27 08:00:00,28.440554666666703,31.86426063333334
2023-01-27 09:00:00,17.0096231666667,54.35662201666667
2023-01-27 10:00:00,17.557459833333375,78.82121814999999
2023-01-27 11:00:00,13.058380666666688,101.6743364833333
2023-01-27 12:00:00,0.0,154.93782558333328
2023-01-27 13:00:00,5.998647999999999,157.63089576666658
2023-01-27 14:00:00,8.94402366666667,146.18149899999992
2023-01-27 15:00:00,7.025197666666667,134.8761854999999
2023-01-27 16:00:00,25.203647333333365,97.2377323
2023-01-27 17:00:00,34.58717633333337,58.05916525000009
2023-01-27 18:00:00,2.099057000000002,59.64203666666675
2023-01-27 19:00:00,12.251035333333363,50.57496928333337
2023-01-27 20:00:00,10.409431666666697,46.35585835000005
2023-01-27 21:00:00,0.0,35.176550650000046
2023-01-27 22:00:00,0.0,14.96391066666668
2023-01-27 23:00:00,0.0,4.2189084
2023-01-28 00:00:00,0.0,1.8926171666666651
2023-01-28 01:00:00,0.0,5.040104400000006
2023-01-28 02:00:00,0.0,7.820085866666673
2023-01-28 03:00:00,0.0,9.697574350000007
2023-01-28 04:00:00,0.0,12.171009183333336
2023-01-28 05:00:00,0.4682920000000008,18.40621926666668
2023-01-28 06:00:00,11.790036000000036,31.584031916666724
2023-01-28 07:00:00,41.903276666666734,31.95179320000005
2023-01-28 08:00:00,31.56519500000003,45.505324366666684
2023-01-28 09:00:00,19.9088466666667,75.49232784999994
2023-01-28 10:00:00,16.16439383333337,80.01588119999998
2023-01-28 11:00:00,13.277206500000023,105.15148033333332
2023-01-28 12:00:00,0.0,138.18775209999995
2023-01-28 13:00:00,9.156317000000003,143.52433083333327
2023-01-28 14:00:00,8.75603866666667,141.63032299999992
2023-01-28 15:00:00,8.917349000000002,138.81459218333327
2023-01-28 16:00:00,29.572838000000026,84.328016
2023-01-28 17:00:00,22.112663666666688,56.79137110000009
2023-01-28 18:00:00,2.1172140000000033,62.42413363333342
2023-01-28 19:00:00,11.185465000000027,51.09484098333337
2023-01-28 20:00:00,10.56600433333336,47.36295260000004
2023-01-28 21:00:00,0.0,36.49681703333338
2023-01-28 22:00:00,0.0,15.364323300000018
2023-01-28 23:00:00,0.0,6.033559000000005
2023-01-29 00:00:00,0.0,0.0
2023-01-29 01:00:00,0.0,0.0
2023-01-29 02:00:00,0.0,0.0
2023-01-29 03:00:00,0.0,0.0
2023-01-29 04:00:00,0.0,0.2449296666666664
2023-01-29 05:00:00,0.4785840000000007,5.703720266666676
2023-01-29 06:00:00,11.984018000000034,19.276629666666715
2023-01-29 07:00:00,47.21805400000006,13.640061083333377
2023-01-29 08:00:00,32.0099086666667,2.117386666666665
2023-01-29 09:00:00,14.797075333333352,0.5891304166666627
2023-01-29 10:00:00,16.434880666666707,0.6316108333333295
2023-01-29 11:00:00,14.94028133333336,0.6638517999999963
2023-01-29 12:00:00,0.0,0.7084292499999972
2023-01-29 13:00:00,5.251389666666662,0.6123605666666644
2023-01-29 14:00:00,9.898772000000005,0.6833528499999971
2023-01-29 15:00:00,9.927433666666673,0.6994361833333297
2023-01-29 16:00:00,18.770689333333365,3.4905371833333296
2023-01-29 17:00:00,28.60398833333337,32.33469740000008
2023-01-29 18:00:00,2.0139820000000013,45.30984623333342
2023-01-29 19:00:00,12.017670666666692,35.570387433333366
2023-01-29 20:00:00,10.707586000000028,32.14898040000004
2023-01-29 21:00:00,0.0,22.24315055000004
2023-01-29 22:00:00,0.0,5.82657225000001
2023-01-29 23:00:00,0.0,0.3643029833333329
2023-01-30 00:00:00,0.0,2.032615366666666
2023-01-30 01:00:00,0.0,5.780099466666671
2023-01-30 02:00:00,0.0,8.342582383333342
2023-01-30 03:00:00,0.0,10.410069066666674
2023-01-30 04:00:00,0.0,12.306197266666672
2023-01-30 05:00:00,0.4720120000000004,18.202250500000016
2023-01-30 06:00:00,13.17375433333336,28.61884805000005
2023-01-30 07:00:00,42.70692333333339,35.80172663333338
2023-01-30 08:00:00,45.55225166666671,34.67491935000001
2023-01-30 09:00:00,18.268050500000022,58.58063781666666
2023-01-30 10:00:00,17.184979000000045,81.18105099999998
2023-01-30 11:00:00,12.851321666666692,116.9190039833333
2023-01-30 12:00:00,0.0,127.1668363333333
2023-01-30 13:00:00,6.219631,146.9492405166666
2023-01-30 14:00:00,5.851642999999998,147.61616686666662
2023-01-30 15:00:00,9.341502666666674,138.09412529999986
2023-01-30 16:00:00,20.851395333333368,86.64700453333334
2023-01-30 17:00:00,24.16793600000003,63.830806850000094
2023-01-30 18:00:00,2.1496900000000037,63.77640200000008
2023-01-30 19:00:00,10.867025666666695,49.16661390000003
2023-01-30 20:00:00,9.151853333333362,44.84605205000004
2023-01-30 21:00:00,0.0,34.68617841666672
2023-01-30 22:00:00,0.0,14.44169310000002
2023-01-30 23:00:00,0.0,4.051987566666668
2023-01-31 00:00:00,0.0,1.995117016666668
2023-01-31 01:00:00,0.0,5.417601883333339
2023-01-31 02:00:00,0.0,8.865078900000007
2023-01-31 03:00:00,0.0,10.838317016666672
2023-01-31 04:00:00,0.0,11.817425100000008
2023-01-31 05:00:00,0.4828000000000004,17.52484976666668
2023-01-31 06:00:00,12.711980666666697,31.52756256666673
2023-01-31 07:00:00,44.046241333333406,32.60815746666672
2023-01-31 08:00:00,40.35988000000003,38.06231480000002
2023-01-31 09:00:00,19.201945166666704,64.55494874999998
2023-01-31 10:00:00,17.370553166666713,81.04207326666663
2023-01-31 11:00:00,13.988079500000024,115.7810813333333
2023-01-31 12:00:00,0.0,134.7264950166666
2023-01-31 13:00:00,5.434053333333335,153.37089859999992
2023-01-31 14:00:00,9.20247966666667,143.36672938333328
2023-01-31 15:00:00,9.10968733333334,123.56833323333328
2023-01-31 16:00:00,18.174845000000023,99.50162873333332
2023-01-31 17:00:00,24.9758306666667,57.39762831666676
2023-01-31 18:00:00,2.0950770000000034,62.66821993333341
2023-01-31 19:00:00,10.740360666666696,49.59644491666671
2023-01-31 20:00:00,10.745896333333365,46.01851908333337
2023-01-31 21:00:00,0.0,35.48168838333338
2023-01-31 22:00:00,0.0,14.08349301666668
2023-01-31 23:00:00,0.0,4.375157683333335
2023-02-01 00:00:00,0.0,2.705111333333335
2023-02-01 01:00:00,0.0,6.570094200000005
2023-02-01 02:00:00,0.0,9.252576316666673
2023-02-01 03:00:00,0.0,9.170077416666674
2023-02-01 04:00:00,0.0,10.86894113333334
2023-02-01 05:00:00,0.4444840000000011,17.03290605000002
2023-02-01 06:00:00,11.885588666666692,31.99917176666672
2023-02-01 07:00:00,42.3437023333334,29.01973001666672
2023-02-01 08:00:00,28.636616000000032,38.10596303333334
2023-02-01 09:00:00,18.07132983333337,72.24466846666664
2023-02-01 10:00:00,18.43863800000004,84.97464493333331
2023-02-01 11:00:00,13.57814483333336,113.49999796666664
2023-02-01 12:00:00,0.0,126.12534949999991
2023-02-01 13:00:00,8.52626133333334,151.22550103333325
2023-02-01 14:00:00,8.778187333333335,146.8214865833333
2023-02-01 15:00:00,9.080006666666664,137.94457904999996
2023-02-01 16:00:00,30.673483666666687,95.5859614
2023-02-01 17:00:00,28.06846233333337,60.90171863333342
2023-02-01 18:00:00,2.1749620000000043,60.803673050000086
2023-02-01 19:00:00,11.606617666666699,49.4003695166667
2023-02-01 20:00:00,10.0946206666667,46.327683683333376
2023-02-01 21:00:00,0.0,33.06102230000005
2023-02-01 22:00:00,0.0,13.722583016666686
2023-02-01 23:00:00,0.0,4.636486083333337
2023-02-02 00:00:00,0.0,2.885110700000001
2023-02-02 01:00:00,0.0,5.762599583333339
2023-02-02 02:00:00,0.0,7.417588550000007
2023-02-02 03:00:00,0.0,9.61007443333334
2023-02-02 04:00:00,0.0,11.31831648333334
2023-02-02 05:00:00,0.4857760000000002,17.25247536666668
2023-02-02 06:00:00,12.26557433333336,32.326887583333395
2023-02-02 07:00:00,29.68074966666673,32.38519076666671
2023-02-02 08:00:00,42.407891333333374,37.74700343333336
2023-02-02 09:00:00,17.511449166666697,62.43302036666665
2023-02-02 10:00:00,14.823012166666704,77.34929196666664
2023-02-02 11:00:00,14.025651500000025,106.1783363833333
2023-02-02 12:00:00,0.0,140.61083803333324
2023-02-02 13:00:00,6.493462333333338,159.9538980166666
2023-02-02 14:00:00,10.490853666666672,150.75640708333327
2023-02-02 15:00:00,8.780847999999999,140.45392089999993
2023-02-02 16:00:00,33.41252300000003,88.06355171666665
2023-02-02 17:00:00,29.3107096666667,60.12567098333341
2023-02-02 18:00:00,2.229327000000003,59.86743513333343
2023-02-02 19:00:00,10.592092000000026,48.78740558333337
2023-02-02 20:00:00,10.587658000000028,44.83823290000004
2023-02-02 21:00:00,0.0,34.35398410000005
2023-02-02 22:00:00,0.0,15.297747333333351
2023-02-02 23:00:00,0.0,4.818320433333336
2023-02-03 00:00:00,0.0,2.262613233333333
2023-02-03 01:00:00,0.0,6.770092866666672
2023-02-03 02:00:00,0.0,8.997578016666672
2023-02-03 03:00:00,0.0,9.815073200000006
2023-02-03 04:00:00,0.0,11.700350650000008
2023-02-03 05:00:00,0.439896000000001,17.66609893333335
2023-02-03 06:00:00,11.436663666666698,29.006865750000053
2023-02-03 07:00:00,34.935295000000075,32.00600830000005
2023-02-03 08:00:00,41.71335266666671,40.04286525000002
2023-02-03 09:00:00,16.89210133333336,48.10731776666668
2023-02-03 10:00:00,17.29997900000004,71.80996043333332
2023-02-03 11:00:00,14.068949666666692,105.36475431666666
2023-02-03 12:00:00,0.0,136.1327553666666
2023-02-03 13:00:00,8.272419000000003,143.60764363333325
2023-02-03 14:00:00,9.305620333333335,160.81180571666658
2023-02-03 15:00:00,8.525536666666667,146.24201898333325
2023-02-03 16:00:00,23.47333933333336,91.61289111666667
2023-02-03 17:00:00,27.33881066666669,62.21289641666676
2023-02-03 18:00:00,2.0282710000000033,61.66758281666675
2023-02-03 19:00:00,12.441196000000025,48.51782416666671
2023-02-03 20:00:00,9.831445333333368,46.947926233333376
2023-02-03 21:00:00,0.0,35.677843000000045
2023-02-03 22:00:00,0.0,13.875569933333349
2023-02-03 23:00:00,0.0,4.313236833333335
2023-02-04 00:00:00,0.0,1.4076208833333326
2023-02-04 01:00:00,0.0,5.295102700000003
2023-02-04 02:00:00,0.0,9.22757648333334
2023-02-04 03:00:00,0.0,10.20507060000001
2023-02-04 04:00:00,0.0,11.706348300000007
2023-02-04 05:00:00,0.5066080000000007,17.26532638333335
2023-02-04 06:00:00,11.893110333333356,27.73974065000005
2023-02-04 07:00:00,36.21104433333339,33.410257466666714
2023-02-04 08:00:00,31.634805666666697,39.43655346666667
2023-02-04 09:00:00,13.65389850000002,67.59512416666664
2023-02-04 10:00:00,17.982165833333372,78.42913973333332
2023-02-04 11:00:00,15.020755833333359,106.47574998333332
2023-02-04 12:00:00,0.0,131.3309949166666
2023-02-04 13:00:00,8.317268333333342,133.10457376666665
2023-02-04 14:00:00,8.75653966666667,142.75300078333328
2023-02-04 15:00:00,9.456305000000002,145.92284459999993
2023-02-04 16:00:00,30.20916733333336,104.64098171666664
2023-02-04 17:00:00,34.84579666666671,60.74032503333343
2023-02-04 18:00:00,2.1223450000000037,63.155444416666754
2023-02-04 19:00:00,11.486049000000031,52.1401109166667
2023-02-04 20:00:00,10.116274333333362,48.137227283333374
2023-02-04 21:00:00,0.0,36.62010771666672
2023-02-04 22:00:00,0.0,15.10842896666668
2023-02-04 23:00:00,0.0,5.355483050000001
2023-02-05 00:00:00,0.0,0.0
2023-02-05 01:00:00,0.0,0.0
2023-02-05 02:00:00,0.0,0.0
2023-02-05 03:00:00,0.0,0.0
2023-02-05 04:00:00,0.0,0.2331808499999997
2023-02-05 05:00:00,0.4474600000000004,4.700426033333343
2023-02-05 06:00:00,12.123587333333369,17.078188466666717
2023-02-05 07:00:00,37.74399166666674,16.723941633333382
2023-02-05 08:00:00,28.17877000000004,2.249905183333333
2023-02-05 09:00:00,14.704489000000024,0.5991895333333299
2023-02-05 10:00:00,18.667328666666705,0.6316850999999969
2023-02-05 11:00:00,13.931694000000023,0.653437099999997
2023-02-05 12:00:00,0.0,0.6826022166666639
2023-02-05 13:00:00,5.287393666666666,0.7384314999999967
2023-02-05 14:00:00,7.929308333333337,0.6940193333333294
2023-02-05 15:00:00,8.481723333333338,0.7345154499999957
2023-02-05 16:00:00,35.895306333333366,3.665327933333333
2023-02-05 17:00:00,31.11535533333336,31.588682783333407
2023-02-05 18:00:00,2.060092000000004,45.216095050000085
2023-02-05 19:00:00,11.273123666666692,35.62253005000004
2023-02-05 20:00:00,10.16291300000003,32.41065913333337
2023-02-05 21:00:00,0.0,23.69102980000004
2023-02-05 22:00:00,0.0,6.112231383333344
2023-02-05 23:00:00,0.0,0.3099708499999996
2023-02-06 00:00:00,0.0,2.3751141333333345
2023-02-06 01:00:00,0.0,4.605107300000006
2023-02-06 02:00:00,0.0,7.230089800000006
2023-02-06 03:00:00,0.0,9.975072916666672
2023-02-06 04:00:00,0.0,11.464491666666676
2023-02-06 05:00:00,0.4247680000000007,15.912649383333347
2023-02-06 06:00:00,11.175740666666696,31.5224566333334
2023-02-06 07:00:00,50.34043866666673,30.07416725000004
2023-02-06 08:00:00,29.315524666666693,46.59407908333334
2023-02-06 09:00:00,15.503668000000022,69.47468134999997
2023-02-06 10:00:00,17.501452666666705,69.73013326666666
2023-02-06 11:00:00,15.796355333333356,104.15123306666663
2023-02-06 12:00:00,0.0,148.84108001666658
2023-02-06 13:00:00,8.623752333333341,157.36781234999995
2023-02-06 14:00:00,9.328321000000008,142.35883288333324
2023-02-06 15:00:00,6.3919123333333285,121.7714276833333
2023-02-06 16:00:00,27.79820366666669,97.83556963333332
2023-02-06 17:00:00,22.78920200000004,61.936217033333406
2023-02-06 18:00:00,2.075432000000003,62.34752701666675
2023-02-06 19:00:00,11.16904100000003,49.32899818333337
2023-02-06 20:00:00,10.144590666666693,45.42133251666672
2023-02-06 21:00:00,0.0,34.427171783333385
2023-02-06 22:00:00,0.0,15.500112050000018
2023-02-06 23:00:00,0.0,4.977066950000004
2023-02-07 00:00:00,0.0,2.4476133000000004
2023-02-07 01:00:00,0.0,6.777592816666672
2023-02-07 02:00:00,0.0,9.320075866666675
2023-02-07 03:00:00,0.0,10.165570483333342
2023-02-07 04:00:00,0.0,11.206753766666676
2023-02-07 05:00:00,0.4527920000000013,16.437054916666682
2023-02-07 06:00:00,12.077635666666696,31.413489900000062
2023-02-07 07:00:00,30.68983100000007,28.41554106666672
2023-02-07 08:00:00,40.405343666666695,44.73870495000001
2023-02-07 09:00:00,14.20213100000002,61.03148815
2023-02-07 10:00:00,16.8687321666667,73.03839504999998
2023-02-07 11:00:00,13.943950500000025,124.76997784999996
2023-02-07 12:00:00,0.0,145.9541471999999
2023-02-07 13:00:00,7.693674666666672,139.8677297833333
2023-02-07 14:00:00,8.294550666666668,132.45740709999995
2023-02-07 15:00:00,11.894599000000014,136.91244903333327
2023-02-07 16:00:00,33.109343333333385,95.9646068
2023-02-07 17:00:00,29.299715333333364,57.28965393333342
2023-02-07 18:00:00,2.025933000000002,62.52427246666675
2023-02-07 19:00:00,12.330591000000027,49.52111410000004
2023-02-07 20:00:00,9.310091666666692,46.36948171666671
2023-02-07 21:00:00,0.0,34.910637333333376
2023-02-07 22:00:00,0.0,15.01939888333335
2023-02-07 23:00:00,0.0,4.459486583333335
2023-02-08 00:00:00,0.0,2.205116683333333
2023-02-08 01:00:00,0.0,5.915098566666672
2023-02-08 02:00:00,0.0,7.377588816666671
2023-02-08 03:00:00,0.0,9.11007828333334
2023-02-08 04:00:00,0.0,10.234964750000008
2023-02-08 05:00:00,0.5382280000000006,17.433604900000013
2023-02-08 06:00:00,11.587279000000025,31.845839500000054
2023-02-08 07:00:00,46.39756333333339,30.115274166666715
2023-02-08 08:00:00,32.76326533333337,36.918453733333344
2023-02-08 09:00:00,16.048309833333363,59.698881966666654
2023-02-08 10:00:00,15.741600833333372,78.79387211666663
2023-02-08 11:00:00,12.770235500000025,92.81974473333334
2023-02-08 12:00:00,0.0,151.3664839999999
2023-02-08 13:00:00,7.408648666666669,141.65565876666662
2023-02-08 14:00:00,10.939488333333346,164.3488098666666
2023-02-08 15:00:00,9.739932666666675,142.1284087666666
2023-02-08 16:00:00,27.7330556666667,90.3380038
2023-02-08 17:00:00,26.5185476666667,56.53375825000009
2023-02-08 18:00:00,2.1439860000000044,61.33510156666676
2023-02-08 19:00:00,12.416523333333362,49.46457886666671
2023-02-08 20:00:00,10.104614666666691,45.04870340000004
2023-02-08 21:00:00,0.0,35.64024755000004
2023-02-08 22:00:00,0.0,14.965524550000016
2023-02-08 23:00:00,0.0,4.625568916666669
2023-02-09 00:00:00,0.0,1.840116399999999
2023-02-09 01:00:00,0.0,5.402601983333335
2023-02-09 02:00:00,0.0,8.330082466666672
2023-02-09 03:00:00,0.0,10.586568616666677
2023-02-09 04:00:00,0.0,10.921585250000003
2023-02-09 05:00:00,0.4804440000000008,17.509731683333346
2023-02-09 06:00:00,11.902694666666699,31.775008816666727
2023-02-09 07:00:00,43.03686900000006,30.466303100000047
2023-02-09 08:00:00,31.93274333333336,32.04311196666667
2023-02-09 09:00:00,17.227386833333362,53.49867231666668
2023-02-09 10:00:00,17.727614833333373,85.28827336666663
2023-02-09 11:00:00,12.677278833333357,120.13805911666664
2023-02-09 12:00:00,0.0,139.2244892166666
2023-02-09 13:00:00,7.242017000000005,138.04348669999993
2023-02-09 14:00:00,8.860232333333341,148.19706434999992
2023-02-09 15:00:00,9.351471666666672,144.73402018333326
2023-02-09 16:00:00,29.30282600000004,90.82535251666664
2023-02-09 17:00:00,28.82471800000004,61.28151958333343
2023-02-09 18:00:00,2.0954490000000043,62.06360766666676
2023-02-09 19:00:00,11.918207333333356,49.11528421666671
2023-02-09 20:00:00,10.237868000000027,44.996397350000045
2023-02-09 21:00:00,0.0,34.81648275000005
2023-02-09 22:00:00,0.0,14.325375316666683
2023-02-09 23:00:00,0.0,4.7416472500000015
2023-02-10 00:00:00,0.0,1.98261555
2023-02-10 01:00:00,0.0,6.000098000000007
2023-02-10 02:00:00,0.0,9.165076900000008
2023-02-10 03:00:00,0.0,11.240064350000008
2023-02-10 04:00:00,0.0,13.13954215000001
2023-02-10 05:00:00,0.4074080000000012,17.947727316666683
2023-02-10 06:00:00,11.18522833333336,29.449185033333386
2023-02-10 07:00:00,33.03689800000005,30.79520176666672
2023-02-10 08:00:00,41.0588136666667,41.60669148333334
2023-02-10 09:00:00,17.817521000000035,59.3901101
2023-02-10 10:00:00,17.23827350000004,84.09419069999996
2023-02-10 11:00:00,15.27785566666669,105.32139545
2023-02-10 12:00:00,0.0,134.83133103333327
2023-02-10 13:00:00,6.466269666666667,136.95316828333324
2023-02-10 14:00:00,9.494986666666676,155.77807069999994
2023-02-10 15:00:00,9.435314000000004,143.69626264999994
2023-02-10 16:00:00,17.447659000000026,92.89274559999998
2023-02-10 17:00:00,34.15922533333337,61.14531128333341
2023-02-10 18:00:00,2.1886670000000055,60.64363078333342
2023-02-10 19:00:00,12.328376000000034,48.910360883333375
2023-02-10 20:00:00,10.114608666666696,45.11355495000005
2023-02-10 21:00:00,0.0,33.65953505000005
2023-02-10 22:00:00,0.0,14.322155000000016
2023-02-10 23:00:00,0.0,3.771245150000001
2023-02-11 00:00:00,0.0,2.4426110999999997
2023-02-11 01:00:00,0.0,7.130090466666672
2023-02-11 02:00:00,0.0,9.39507536666667
2023-02-11 03:00:00,0.0,10.22507128333334
2023-02-11 04:00:00,0.0,10.595894500000004
2023-02-11 05:00:00,0.4121200000000009,16.70292633333335
2023-02-11 06:00:00,11.923952000000027,33.36713786666673
2023-02-11 07:00:00,26.42705833333339,30.977414916666717
2023-02-11 08:00:00,37.759809333333365,41.34980691666668
2023-02-11 09:00:00,17.606678666666692,48.53674175000002
2023-02-11 10:00:00,16.23798450000004,59.15273986666668
2023-02-11 11:00:00,13.323756500000028,98.8511631
2023-02-11 12:00:00,0.0,149.10590969999993
2023-02-11 13:00:00,6.464438333333332,159.84031274999992
2023-02-11 14:00:00,9.332657333333335,154.59974428333328
2023-02-11 15:00:00,10.85196633333334,139.06078378333325
2023-02-11 16:00:00,38.9616406666667,92.15319741666666
2023-02-11 17:00:00,24.853091000000028,58.90947965000009
2023-02-11 18:00:00,2.139522000000004,59.08441456666675
2023-02-11 19:00:00,12.387713000000026,50.912087333333375
2023-02-11 20:00:00,10.232871000000028,46.72361011666671
2023-02-11 21:00:00,0.0,35.665204116666715
2023-02-11 22:00:00,0.0,16.426994050000015
2023-02-11 23:00:00,0.0,5.733148866666668
2023-02-12 00:00:00,0.0,0.0
2023-02-12 01:00:00,0.0,0.0
2023-02-12 02:00:00,0.0,0.0
2023-02-12 03:00:00,0.0,0.0
2023-02-12 04:00:00,0.0,0.2639586666666664
2023-02-12 05:00:00,0.4491960000000006,5.302511416666674
2023-02-12 06:00:00,11.94608433333336,18.45033681666672
2023-02-12 07:00:00,41.64337033333339,14.104136666666708
2023-02-12 08:00:00,37.022676333333365,2.1477240666666653
2023-02-12 09:00:00,13.94329683333336,0.6306725833333299
2023-02-12 10:00:00,17.93415650000004,0.6655985499999967
2023-02-12 11:00:00,14.238697166666698,0.5589483666666644
2023-02-12 12:00:00,0.0,0.7223519499999967
2023-02-12 13:00:00,7.997792333333338,0.839678699999996
2023-02-12 14:00:00,9.62100066666667,0.7785946833333302
2023-02-12 15:00:00,8.524379000000001,0.6637766333333306
2023-02-12 16:00:00,28.265886000000027,3.227424049999997
2023-02-12 17:00:00,17.817100333333368,31.254577000000083
2023-02-12 18:00:00,2.2558510000000034,47.90719471666674
2023-02-12 19:00:00,11.743418000000032,35.050956633333364
2023-02-12 20:00:00,10.13126533333336,33.2631871666667
2023-02-12 21:00:00,0.0,23.62129638333337
2023-02-12 22:00:00,0.0,5.770355666666676
2023-02-12 23:00:00,0.0,0.4509666166666663
2023-02-13 00:00:00,0.0,2.352614533333333
2023-02-13 01:00:00,0.0,6.720093200000004
2023-02-13 02:00:00,0.0,8.87507883333334
2023-02-13 03:00:00,0.0,9.665073950000007
2023-02-13 04:00:00,0.0,11.655659133333335
2023-02-13 05:00:00,0.4527920000000007,17.799824400000016
2023-02-13 06:00:00,11.384776000000027,34.398545466666725
2023-02-13 07:00:00,30.539237333333404,28.416178833333383
2023-02-13 08:00:00,27.170924666666693,33.824208500000005
2023-02-13 09:00:00,16.508886666666694,62.65424481666667
2023-02-13 10:00:00,18.571077833333376,75.41830426666664
2023-02-13 11:00:00,12.947475333333358,118.16005614999992
2023-02-13 12:00:00,0.0,136.68316659999994
2023-02-13 13:00:00,7.757805333333337,148.1297301666666
2023-02-13 14:00:00,9.658422666666672,144.12822706666662
2023-02-13 15:00:00,8.374574666666668,131.98269063333328
2023-02-13 16:00:00,40.759403666666685,97.23576701666664
2023-02-13 17:00:00,29.05975400000003,57.81238673333341
2023-02-13 18:00:00,2.290707000000002,60.93643443333342
2023-02-13 19:00:00,10.96361066666669,49.88917028333337
2023-02-13 20:00:00,11.08069533333336,45.35097491666671
2023-02-13 21:00:00,0.0,34.87396725000004
2023-02-13 22:00:00,0.0,15.41540993333335
2023-02-13 23:00:00,0.0,4.774238900000002
2023-02-14 00:00:00,0.0,2.460112216666668
2023-02-14 01:00:00,0.0,6.64759368333334
2023-02-14 02:00:00,0.0,9.667573550000007
2023-02-14 03:00:00,0.0,11.527561466666672
2023-02-14 04:00:00,0.0,11.24825568333334
2023-02-14 05:00:00,0.4661840000000001,17.295442866666686
2023-02-14 06:00:00,11.6614856666667,29.96486140000006
2023-02-14 07:00:00,37.835249000000054,32.20820515000005
2023-02-14 08:00:00,28.88278533333337,36.73278588333335
2023-02-14 09:00:00,15.251279500000022,57.05307785
2023-02-14 10:00:00,16.26374866666671,68.1043859
2023-02-14 11:00:00,13.217317833333361,114.40265093333328
2023-02-14 12:00:00,0.0,153.04615861666656
2023-02-14 13:00:00,9.164505666666672,150.5790744333333
2023-02-14 14:00:00,11.521895333333346,144.0071537666666
2023-02-14 15:00:00,10.092389666666673,119.86177229999996
2023-02-14 16:00:00,21.372174666666687,88.74865428333334
2023-02-14 17:00:00,29.92600233333336,60.49736958333343
2023-02-14 18:00:00,2.136416000000005,59.16208001666676
2023-02-14 19:00:00,11.929174666666693,50.86486661666671
2023-02-14 20:00:00,10.279509666666698,46.091560800000046
2023-02-14 21:00:00,0.0,34.70693353333338
2023-02-14 22:00:00,0.0,14.38798323333335
2023-02-14 23:00:00,0.0,4.485324233333334
2023-02-15 00:00:00,0.0,1.7926175833333329
2023-02-15 01:00:00,0.0,5.865098900000006
2023-02-15 02:00:00,0.0,7.892585383333341
2023-02-15 03:00:00,0.0,8.544331850000008
2023-02-15 04:00:00,0.0,10.582272316666671
2023-02-15 05:00:00,0.4313400000000013,16.98848081666668
2023-02-15 06:00:00,11.41150000000003,32.39674471666673
2023-02-15 07:00:00,33.737987666666726,33.64963348333338
2023-02-15 08:00:00,29.07179200000003,42.98815025
2023-02-15 09:00:00,15.10168533333336,66.36250676666666
2023-02-15 10:00:00,15.252840333333365,74.34461591666664
2023-02-15 11:00:00,13.565355500000024,109.3579892833333
2023-02-15 12:00:00,0.0,149.9004073666666
2023-02-15 13:00:00,7.50387533333334,148.93589666666662
2023-02-15 14:00:00,9.439494666666674,138.95599469999993
2023-02-15 15:00:00,9.840257000000005,131.2066131666666
2023-02-15 16:00:00,30.674997000000037,88.3492097
2023-02-15 17:00:00,37.81329700000004,61.07513421666675
2023-02-15 18:00:00,2.0306980000000046,61.59623391666676
2023-02-15 19:00:00,11.892659333333363,48.57036433333337
2023-02-15 20:00:00,10.377784000000023,46.148220983333374
2023-02-15 21:00:00,0.0,34.05794531666671
2023-02-15 22:00:00,0.0,15.277916300000015
2023-02-15 23:00:00,0.0,5.368898600000001
2023-02-16 00:00:00,0.0,2.1926170500000013
2023-02-16 01:00:00,0.0,5.712599916666672
2023-02-16 02:00:00,0.0,8.220083200000007
2023-02-16 03:00:00,0.0,10.910066150000006
2023-02-16 04:00:00,0.0,12.668411816666673
2023-02-16 05:00:00,0.4521720000000011,19.19383643333335
2023-02-16 06:00:00,12.124725666666702,33.559604483333395
2023-02-16 07:00:00,40.33481000000006,32.81131211666671
2023-02-16 08:00:00,39.89102900000004,43.17379383333334
2023-02-16 09:00:00,17.798967333333362,58.25887151666665
2023-02-16 10:00:00,17.106094333333367,74.83731561666661
2023-02-16 11:00:00,13.488430833333357,101.10591194999996
2023-02-16 12:00:00,0.0,125.1805854666666
2023-02-16 13:00:00,6.96272566666667,140.67998463333325
2023-02-16 14:00:00,7.920134666666674,149.2370808333333
2023-02-16 15:00:00,8.994350000000006,144.4917651666666
2023-02-16 16:00:00,30.8527936666667,99.74567273333332
2023-02-16 17:00:00,19.79570133333336,62.28013311666674
2023-02-16 18:00:00,1.9840330000000022,59.785392133333424
2023-02-16 19:00:00,11.479051333333357,49.91245543333338
2023-02-16 20:00:00,10.53768800000003,45.46306443333338
2023-02-16 21:00:00,0.0,33.12989350000005
2023-02-16 22:00:00,0.0,13.940390883333352
2023-02-16 23:00:00,0.0,4.684238500000001
2023-02-17 00:00:00,0.0,2.9276110499999994
2023-02-17 01:00:00,0.0,6.10259731666667
2023-02-17 02:00:00,0.0,8.502581316666673
2023-02-17 03:00:00,0.0,9.382575916666674
2023-02-17 04:00:00,0.0,12.02055668333334
2023-02-17 05:00:00,0.4313400000000009,17.187945050000017
2023-02-17 06:00:00,11.610230000000024,30.915784183333383
2023-02-17 07:00:00,42.89322200000006,30.34823200000005
2023-02-17 08:00:00,36.865367333333374,39.03117900000001
2023-02-17 09:00:00,13.46570800000002,68.97668321666666
2023-02-17 10:00:00,16.16291033333337,73.60964771666666
2023-02-17 11:00:00,14.615794000000024,113.45890589999996
2023-02-17 12:00:00,0.0,138.40033283333327
2023-02-17 13:00:00,5.883845666666666,145.61364783333326
2023-02-17 14:00:00,8.648734333333337,145.03681373333325
2023-02-17 15:00:00,7.806456000000001,133.28966998333323
2023-02-17 16:00:00,21.12895000000004,99.17803766666664
2023-02-17 17:00:00,32.98650100000003,56.99302576666676
2023-02-17 18:00:00,2.1717500000000016,59.33304805000009
2023-02-17 19:00:00,11.570061333333358,50.160114683333376
2023-02-17 20:00:00,10.902469000000035,45.97137818333338
2023-02-17 21:00:00,0.0,34.00205255000005
2023-02-17 22:00:00,0.0,13.95059543333335
2023-02-17 23:00:00,0.0,4.121567016666668
2023-02-18 00:00:00,0.0,1.8426159666666668
2023-02-18 01:00:00,0.0,5.775099500000006
2023-02-18 02:00:00,0.0,8.755079633333338
2023-02-18 03:00:00,0.0,9.867322633333336
2023-02-18 04:00:00,0.0,11.064399916666668
2023-02-18 05:00:00,0.4462200000000005,16.09973208333335
2023-02-18 06:00:00,11.384264666666702,29.98451756666672
2023-02-18 07:00:00,43.490157666666725,34.183624816666715
2023-02-18 08:00:00,36.0263286666667,50.99482649999999
2023-02-18 09:00:00,13.596221166666687,66.88364859999994
2023-02-18 10:00:00,16.07413233333337,77.84513101666666
2023-02-18 11:00:00,14.25026283333336,101.46858735
2023-02-18 12:00:00,0.0,135.49568784999997
2023-02-18 13:00:00,7.214357333333333,136.4118386166666
2023-02-18 14:00:00,7.931295333333336,133.7532568166666
2023-02-18 15:00:00,8.846844000000004,139.81058313333327
2023-02-18 16:00:00,21.50249600000004,98.15538963333331
2023-02-18 17:00:00,34.364022333333374,57.461896250000095
2023-02-18 18:00:00,2.042708000000004,59.78261708333342
2023-02-18 19:00:00,11.544379000000024,48.82066195000004
2023-02-18 20:00:00,10.649287666666693,46.36324535000004
2023-02-18 21:00:00,0.0,34.99820395000005
2023-02-18 22:00:00,0.0,15.098423316666684
2023-02-18 23:00:00,0.0,5.416483300000001
2023-02-19 00:00:00,0.0,0.0
2023-02-19 01:00:00,0.0,0.0
2023-02-19 02:00:00,0.0,0.0
2023-02-19 03:00:00,0.0,0.0
2023-02-19 04:00:00,0.0,0.2359966999999997
2023-02-19 05:00:00,0.4594880000000004,5.01481745000001
2023-02-19 06:00:00,12.029774333333357,15.650212083333384
2023-02-19 07:00:00,37.67455833333339,14.39740740000004
2023-02-19 08:00:00,32.83480300000003,3.1187994666666667
2023-02-19 09:00:00,15.491652500000024,0.760477166666663
2023-02-19 10:00:00,14.867406000000036,0.6352700833333292
2023-02-19 11:00:00,12.231088333333352,0.6163556833333297
2023-02-19 12:00:00,0.0,0.7440148333333296
2023-02-19 13:00:00,6.699225666666664,0.6883558666666632
2023-02-19 14:00:00,7.735311333333334,0.7169356833333297
2023-02-19 15:00:00,11.808390333333344,0.6073611999999967
2023-02-19 16:00:00,25.39015333333337,3.4224353999999986
2023-02-19 17:00:00,40.07980300000004,33.30722931666675
2023-02-19 18:00:00,2.038929000000004,46.75670340000008
2023-02-19 19:00:00,11.217511000000032,35.873684216666696
2023-02-19 20:00:00,10.042985000000028,32.68455143333337
2023-02-19 21:00:00,0.0,22.35844283333337
2023-02-19 22:00:00,0.0,6.249368700000009
2023-02-19 23:00:00,0.0,0.484887566666666
2023-02-20 00:00:00,0.0,1.94511695
2023-02-20 01:00:00,0.0,6.3825954500000055
2023-02-20 02:00:00,0.0,8.077584150000005
2023-02-20 03:00:00,0.0,10.01757158333334
2023-02-20 04:00:00,0.0,11.78835833333334
2023-02-20 05:00:00,0.4484520000000009,17.694215200000016
2023-02-20 06:00:00,11.741902000000026,32.40945920000006
2023-02-20 07:00:00,31.911252666666723,33.600628450000045
2023-02-20 08:00:00,29.868170333333367,34.03549123333334
2023-02-20 09:00:00,16.51853133333336,63.87091016666665
2023-02-20 10:00:00,15.351010666666701,76.08828529999997
2023-02-20 11:00:00,12.845969333333361,108.4944982833333
2023-02-20 12:00:00,0.0,137.92150598333328
2023-02-20 13:00:00,8.47809466666667,153.18724089999992
2023-02-20 14:00:00,11.86256900000001,152.27266284999996
2023-02-20 15:00:00,8.632391000000004,129.00145018333328
2023-02-20 16:00:00,33.15931700000002,87.92586343333333
2023-02-20 17:00:00,29.772962333333368,60.76617788333344
2023-02-20 18:00:00,2.2710320000000035,59.36607405000008
2023-02-20 19:00:00,11.163975333333365,49.587674200000045
2023-02-20 20:00:00,10.815854333333364,45.655202700000046
2023-02-20 21:00:00,0.0,36.11535068333338
2023-02-20 22:00:00,0.0,16.529881866666685
2023-02-20 23:00:00,0.0,5.213314000000003
2023-02-21 00:00:00,0.0,2.427613516666668
2023-02-21 01:00:00,0.0,7.925085166666673
2023-02-21 02:00:00,0.0,9.915071900000006
2023-02-21 03:00:00,0.0,10.172570400000009
2023-02-21 04:00:00,0.0,10.813525516666672
2023-02-21 05:00:00,0.4855280000000008,17.195525566666685
2023-02-21 06:00:00,11.5943956666667,31.36316681666673
2023-02-21 07:00:00,45.872976333333405,29.47761335000005
2023-02-21 08:00:00,39.9546976666667,39.60328090000001
2023-02-21 09:00:00,15.248733666666697,49.53759383333334
2023-02-21 10:00:00,17.536848166666708,69.18463218333333
2023-02-21 11:00:00,12.834292666666691,108.1147298
2023-02-21 12:00:00,0.0,140.2196621166666
2023-02-21 13:00:00,7.8943063333333345,154.81630979999994
2023-02-21 14:00:00,9.958393666666671,136.63232111666662
2023-02-21 15:00:00,11.007471333333342,141.7459216999999
2023-02-21 16:00:00,23.439264000000037,105.07010613333333
2023-02-21 17:00:00,20.274812333333365,63.23979516666676
2023-02-21 18:00:00,2.196532000000004,61.81052181666677
2023-02-21 19:00:00,11.429595000000024,49.93941865000004
2023-02-21 20:00:00,10.347802000000028,45.96580520000005
2023-02-21 21:00:00,0.0,35.470755266666714
2023-02-21 22:00:00,0.0,14.96224976666668
2023-02-21 23:00:00,0.0,4.318236133333335
2023-02-22 00:00:00,0.0,1.962615533333334
2023-02-22 01:00:00,0.0,6.962591583333338
2023-02-22 02:00:00,0.0,9.467574883333338
2023-02-22 03:00:00,0.0,9.766573750000008
2023-02-22 04:00:00,0.0,10.884709050000009
2023-02-22 05:00:00,0.4852800000000008,16.965366550000017
2023-02-22 06:00:00,10.750113333333367,29.897957283333398
2023-02-22 07:00:00,41.27474233333339,29.035607166666708
2023-02-22 08:00:00,31.951068000000024,33.303448616666685
2023-02-22 09:00:00,18.212721666666702,56.27709656666666
2023-02-22 10:00:00,19.12948150000004,84.44147169999998
2023-02-22 11:00:00,12.54445833333335,127.96464696666662
2023-02-22 12:00:00,0.0,152.9334027666666
2023-02-22 13:00:00,7.271058000000009,153.2725661166666
2023-02-22 14:00:00,9.284663333333338,140.6751633166666
2023-02-22 15:00:00,10.046416666666673,121.6158480166666
2023-02-22 16:00:00,27.872782333333365,91.66293205
2023-02-22 17:00:00,25.4817446666667,56.88443381666676
2023-02-22 18:00:00,1.994248000000004,64.77252873333342
2023-02-22 19:00:00,13.03356033333336,48.47405500000005
2023-02-22 20:00:00,10.294500666666698,44.04959870000004
2023-02-22 21:00:00,0.0,34.95354961666671
2023-02-22 22:00:00,0.0,14.573775833333348
2023-02-22 23:00:00,0.0,4.355399166666668
2023-02-23 00:00:00,0.0,2.790109316666668
2023-02-23 01:00:00,0.0,6.627593816666671
2023-02-23 02:00:00,0.0,9.495074700000004
2023-02-23 03:00:00,0.0,11.37306313333334
2023-02-23 04:00:00,0.0,12.602456916666672
2023-02-23 05:00:00,0.4405160000000002,18.31599678333335
2023-02-23 06:00:00,11.508034000000027,32.785617516666726
2023-02-23 07:00:00,36.7700233333334,29.18984931666672
2023-02-23 08:00:00,33.38437533333336,37.83016855000001
2023-02-23 09:00:00,14.51368150000003,49.71159153333334
2023-02-23 10:00:00,17.5350061666667,81.05097471666666
2023-02-23 11:00:00,13.60410000000002,111.03709223333333
2023-02-23 12:00:00,0.0,152.99439936666658
2023-02-23 13:00:00,5.929974333333332,140.21366314999992
2023-02-23 14:00:00,11.45360100000001,132.4778604833333
2023-02-23 15:00:00,10.069273000000004,130.62812129999995
2023-02-23 16:00:00,24.88619700000004,104.23107094999996
2023-02-23 17:00:00,33.58475033333337,64.75346235000008
2023-02-23 18:00:00,2.115242000000004,61.99788633333343
2023-02-23 19:00:00,11.794126000000027,50.87033950000004
2023-02-23 20:00:00,10.937448000000028,45.426993483333376
2023-02-23 21:00:00,0.0,33.20528585000004
2023-02-23 22:00:00,0.0,13.744731683333349
2023-02-23 23:00:00,0.0,3.5344032000000003
2023-02-24 00:00:00,0.0,1.955115266666667
2023-02-24 01:00:00,0.0,5.482601450000006
2023-02-24 02:00:00,0.0,8.09508403333334
2023-02-24 03:00:00,0.0,10.99006513333334
2023-02-24 04:00:00,0.0,11.067170550000007
2023-02-24 05:00:00,0.4785840000000009,17.615641916666682
2023-02-24 06:00:00,12.296588333333359,30.604596150000056
2023-02-24 07:00:00,39.51141166666673,29.44649196666672
2023-02-24 08:00:00,45.17385600000004,37.507178900000014
2023-02-24 09:00:00,17.3093631666667,64.14347288333332
2023-02-24 10:00:00,17.74184866666671,77.04221561666664
2023-02-24 11:00:00,13.861851166666689,106.99457881666665
2023-02-24 12:00:00,0.0,141.90384006666656
2023-02-24 13:00:00,3.930846999999996,149.17850009999992
2023-02-24 14:00:00,8.378393,154.29539703333327
2023-02-24 15:00:00,10.174383666666673,134.99535599999993
2023-02-24 16:00:00,22.135752333333365,90.41168865
2023-02-24 17:00:00,24.51642533333337,57.16490033333342
2023-02-24 18:00:00,1.9477010000000043,62.05144968333342
2023-02-24 19:00:00,11.607961000000024,49.63294356666671
2023-02-24 20:00:00,9.78314100000003,44.70776850000004
2023-02-24 21:00:00,0.0,34.89539118333337
2023-02-24 22:00:00,0.0,16.406658183333352
2023-02-24 23:00:00,0.0,5.420149150000003
2023-02-25 00:00:00,0.0,2.135114933333333
2023-02-25 01:00:00,0.0,5.522601183333339
2023-02-25 02:00:00,0.0,7.377588816666672
2023-02-25 03:00:00,0.0,8.702580666666673
2023-02-25 04:00:00,0.0,11.080751216666677
2023-02-25 05:00:00,0.4803200000000002,18.409225916666685
2023-02-25 06:00:00,11.584918333333363,29.44932943333339
2023-02-25 07:00:00,45.14067600000005,40.13568773333338
2023-02-25 08:00:00,29.53995233333336,37.85414160000002
2023-02-25 09:00:00,14.289984333333356,53.37071651666668
2023-02-25 10:00:00,16.37236133333337,56.61123315
2023-02-25 11:00:00,13.597744166666692,95.21574435
2023-02-25 12:00:00,0.0,140.77948674999993
2023-02-25 13:00:00,7.405192666666672,160.8387363666666
2023-02-25 14:00:00,9.104816000000003,150.00391276666662
2023-02-25 15:00:00,11.591276666666676,138.45319023333326
2023-02-25 16:00:00,28.79265033333337,103.11259574999998
2023-02-25 17:00:00,29.30631033333337,62.71661361666676
2023-02-25 18:00:00,2.2082530000000027,61.58589900000008
2023-02-25 19:00:00,11.600083666666693,49.96963060000004
2023-02-25 20:00:00,10.202889000000024,44.53812480000004
2023-02-25 21:00:00,0.0,34.73397581666672
2023-02-25 22:00:00,0.0,15.14916190000002
2023-02-25 23:00:00,0.0,4.849980133333336
2023-02-26 00:00:00,0.0,0.0
2023-02-26 01:00:00,0.0,0.0
2023-02-26 02:00:00,0.0,0.0
2023-02-26 03:00:00,0.0,0.0
2023-02-26 04:00:00,0.0,0.2593094833333332
2023-02-26 05:00:00,0.4643240000000009,5.216590800000009
2023-02-26 06:00:00,11.9709876666667,18.24924653333339
2023-02-26 07:00:00,37.828413666666734,13.459242733333372
2023-02-26 08:00:00,25.085123333333375,2.3197747166666653
2023-02-26 09:00:00,16.13684100000003,0.6833340999999962
2023-02-26 10:00:00,16.68707083333337,0.739840883333329
2023-02-26 11:00:00,14.446446833333356,0.6541032999999955
2023-02-26 12:00:00,0.0,0.5666125333333297
2023-02-26 13:00:00,5.640852666666662,0.8349228999999961
2023-02-26 14:00:00,9.580091333333336,0.7060187166666637
2023-02-26 15:00:00,8.546060666666667,0.6433579333333308
2023-02-26 16:00:00,34.74176800000004,3.4464061166666653
2023-02-26 17:00:00,36.87352400000003,31.386895383333417
2023-02-26 18:00:00,2.1250850000000026,46.238964333333406
2023-02-26 19:00:00,11.272369666666695,35.8232351666667
2023-02-26 20:00:00,9.774812666666696,33.151882033333365
2023-02-26 21:00:00,0.0,23.02326035000004
2023-02-26 22:00:00,0.0,5.649158150000011
2023-02-26 23:00:00,0.0,0.4375492499999995
2023-02-27 00:00:00,0.0,1.9026168000000008
2023-02-27 01:00:00,0.0,6.2150965666666735
2023-02-27 02:00:00,0.0,9.237576416666672
2023-02-27 03:00:00,0.0,10.492819750000006
2023-02-27 04:00:00,0.0,11.32125210000001
2023-02-27 05:00:00,0.3862040000000001,17.897574816666683
2023-02-27 06:00:00,12.414459000000036,32.51362421666673
2023-02-27 07:00:00,43.434426333333406,33.58341925000005
2023-02-27 08:00:00,44.637894666666696,38.95067815000001
2023-02-27 09:00:00,14.732846666666692,69.34731704999997
2023-02-27 10:00:00,16.86675533333337,86.3130422
2023-02-27 11:00:00,13.400116666666692,107.65524118333327
2023-02-27 12:00:00,0.0,137.2578396166666
2023-02-27 13:00:00,6.637582999999999,142.06707888333324
2023-02-27 14:00:00,10.03022900000001,142.8472418333333
2023-02-27 15:00:00,8.478440000000006,129.94936006666666
2023-02-27 16:00:00,24.195509000000037,94.51789633333333
2023-02-27 17:00:00,23.10181466666669,62.97396711666676
2023-02-27 18:00:00,2.1428350000000047,58.91188966666676
2023-02-27 19:00:00,11.627288333333354,48.73199861666671
2023-02-27 20:00:00,9.291769333333356,44.87779528333337
2023-02-27 21:00:00,0.0,35.037023183333375
2023-02-27 22:00:00,0.0,14.557941666666684
2023-02-27 23:00:00,0.0,3.686744833333336
2023-02-28 00:00:00,0.0,2.420112783333334
2023-02-28 01:00:00,0.0,6.342595716666673
2023-02-28 02:00:00,0.0,8.612580583333344
2023-02-28 03:00:00,0.0,9.67007498333334
2023-02-28 04:00:00,0.0,11.86071233333334
2023-02-28 05:00:00,0.4768480000000006,17.973302883333346
2023-02-28 06:00:00,11.900573000000033,30.18358630000005
2023-02-28 07:00:00,35.52761433333339,33.79112205000005
2023-02-28 08:00:00,42.31856033333337,39.877383283333344
2023-02-28 09:00:00,17.9282371666667,70.73324715
2023-02-28 10:00:00,13.803714666666696,78.04298503333331
2023-02-28 11:00:00,13.085937166666692,117.50732803333328
2023-02-28 12:00:00,0.0,151.0870046333333
2023-02-28 13:00:00,6.792414333333338,141.88708298333327
2023-02-28 14:00:00,10.535012333333338,133.54992809999996
2023-02-28 15:00:00,10.056886666666673,128.64318328333326
2023-02-28 16:00:00,20.943668666666696,86.79470893333333
2023-02-28 17:00:00,27.074760666666705,61.42766893333342
2023-02-28 18:00:00,2.0245570000000046,58.78070895000009
2023-02-28 19:00:00,12.131376666666693,48.03381833333338
2023-02-28 20:00:00,10.539353666666692,46.67025590000004
2023-02-28 21:00:00,0.0,35.641436650000045
2023-02-28 22:00:00,0.0,16.359872950000014
2023-02-28 23:00:00,0.0,5.587731800000002
2023-03-01 00:00:00,0.0,1.7376181666666657
2023-03-01 01:00:00,0.0,6.625093833333339
2023-03-01 02:00:00,0.0,9.067577550000006
2023-03-01 03:00:00,0.0,10.66006823333334
2023-03-01 04:00:00,0.0,11.699869516666672
2023-03-01 05:00:00,0.4082760000000004,18.31821853333335
2023-03-01 06:00:00,10.95501500000003,33.32112776666673
2023-03-01 07:00:00,39.152566000000064,31.96503710000005
2023-03-01 08:00:00,38.80747933333337,37.749199
2023-03-01 09:00:00,13.692412166666696,54.680175900000016
2023-03-01 10:00:00,16.882157000000035,70.03506461666667
2023-03-01 11:00:00,13.806469500000023,103.28050903333327
2023-03-01 12:00:00,0.0,142.06899748333325
2023-03-01 13:00:00,9.059862000000008,152.1821327999999
2023-03-01 14:00:00,9.118170333333335,156.3232455166666
2023-03-01 15:00:00,10.061429666666672,124.55969403333329
2023-03-01 16:00:00,31.19549266666669,94.22612658333333
2023-03-01 17:00:00,24.001450333333363,65.45185531666675
2023-03-01 18:00:00,2.0702890000000025,63.76645455000009
2023-03-01 19:00:00,12.548460666666692,49.99650838333337
2023-03-01 20:00:00,9.931385333333356,45.20857026666671
2023-03-01 21:00:00,0.0,33.53708288333338
2023-03-01 22:00:00,0.0,13.73483866666668
2023-03-01 23:00:00,0.0,4.639652100000001
2023-03-02 00:00:00,0.0,2.3026149333333352
2023-03-02 01:00:00,0.0,6.075097500000007
2023-03-02 02:00:00,0.0,8.640080400000006
2023-03-02 03:00:00,0.0,10.686067400000008
2023-03-02 04:00:00,0.0,11.633262716666673
2023-03-02 05:00:00,0.3930240000000009,17.781821933333347
2023-03-02 06:00:00,11.118159333333361,30.254281983333392
2023-03-02 07:00:00,32.8284903333334,33.89479661666672
2023-03-02 08:00:00,24.60080633333337,43.87385186666667
2023-03-02 09:00:00,18.07051050000004,64.43895208333332
2023-03-02 10:00:00,19.283651333333378,69.70398276666667
2023-03-02 11:00:00,13.341537333333356,113.56033188333332
2023-03-02 12:00:00,0.0,130.55524799999992
2023-03-02 13:00:00,5.303737,134.65281744999996
2023-03-02 14:00:00,6.9807446666666735,136.79375388333327
2023-03-02 15:00:00,10.41502733333334,144.7753434999999
2023-03-02 16:00:00,37.761154333333366,107.90399076666664
2023-03-02 17:00:00,34.06581100000003,60.23419688333343
2023-03-02 18:00:00,1.963644000000003,59.31546166666675
2023-03-02 19:00:00,11.539011666666692,48.88425073333338
2023-03-02 20:00:00,10.46606433333336,45.28727825000004
2023-03-02 21:00:00,0.0,34.79021816666671
2023-03-02 22:00:00,0.0,15.12326061666668
2023-03-02 23:00:00,0.0,4.520657350000001
2023-03-03 00:00:00,0.0,2.962611433333334
2023-03-03 01:00:00,0.0,8.032584450000005
2023-03-03 02:00:00,0.0,9.55757428333334
2023-03-03 03:00:00,0.0,10.16257108333334
2023-03-03 04:00:00,0.0,10.788508966666672
2023-03-03 05:00:00,0.4235280000000004,17.035700566666684
2023-03-03 06:00:00,12.530977000000032,32.22831650000006
2023-03-03 07:00:00,37.36740200000007,30.946409216666723
2023-03-03 08:00:00,28.550217000000035,39.19185953333335
2023-03-03 09:00:00,14.00006083333336,62.428223516666655
2023-03-03 10:00:00,16.922083333333372,87.96429009999997
2023-03-03 11:00:00,11.126247000000019,106.7045699833333
2023-03-03 12:00:00,0.0,138.36066323333327
2023-03-03 13:00:00,6.606277666666672,130.54592263333328
2023-03-03 14:00:00,11.259224666666672,145.19057543333332
2023-03-03 15:00:00,9.523286000000004,138.52803064999995
2023-03-03 16:00:00,37.9844706666667,85.4884862
2023-03-03 17:00:00,28.72481300000003,58.07162765000009
2023-03-03 18:00:00,2.0103920000000035,59.85563040000009
2023-03-03 19:00:00,11.797394666666692,48.84032205000004
2023-03-03 20:00:00,9.819785666666696,47.93069815000004
2023-03-03 21:00:00,0.0,36.04843933333338
2023-03-03 22:00:00,0.0,15.589484283333352
2023-03-03 23:00:00,0.0,5.183726800000004
2023-03-04 00:00:00,0.0,2.4226132000000016
2023-03-04 01:00:00,0.0,7.302589316666672
2023-03-04 02:00:00,0.0,8.242583050000004
2023-03-04 03:00:00,0.0,9.283577250000006
2023-03-04 04:00:00,0.0,9.939444416666673
2023-03-04 05:00:00,0.4764760000000012,17.02361933333335
2023-03-04 06:00:00,12.334598666666691,30.416414483333384
2023-03-04 07:00:00,48.24735433333339,30.44400256666672
2023-03-04 08:00:00,23.593130666666703,29.51692076666668
2023-03-04 09:00:00,15.957578500000023,55.309061533333335
2023-03-04 10:00:00,15.825383833333369,75.83404054999997
2023-03-04 11:00:00,14.454651500000029,102.94357044999998
2023-03-04 12:00:00,0.0,143.3512521166666
2023-03-04 13:00:00,6.30380166666667,166.35838879999991
2023-03-04 14:00:00,9.219997666666671,150.55715288333326
2023-03-04 15:00:00,8.798366000000001,140.1072666999999
2023-03-04 16:00:00,32.71896366666669,99.53024341666664
2023-03-04 17:00:00,26.53701033333337,55.972993516666754
2023-03-04 18:00:00,2.0208430000000033,61.80028363333342
2023-03-04 19:00:00,11.271957000000032,48.34694011666671
2023-03-04 20:00:00,10.142925000000028,44.77680268333337
2023-03-04 21:00:00,0.0,34.15468721666671
2023-03-04 22:00:00,0.0,14.211878600000016
2023-03-04 23:00:00,0.0,5.652393533333337
2023-03-05 00:00:00,0.0,0.0
2023-03-05 01:00:00,0.0,0.0
2023-03-05 02:00:00,0.0,0.0
2023-03-05 03:00:00,0.0,0.0
2023-03-05 04:00:00,0.0,0.262196433333333
2023-03-05 05:00:00,0.4898680000000009,5.637260650000008
2023-03-05 06:00:00,12.364720666666695,18.42959720000005
2023-03-05 07:00:00,37.28513466666673,15.13614478333338
2023-03-05 08:00:00,20.628169333333368,1.3870930333333311
2023-03-05 09:00:00,13.88870700000002,0.6086600666666636
2023-03-05 10:00:00,18.46273216666671,0.6237709999999966
2023-03-05 11:00:00,15.535046833333361,0.6020189499999966
2023-03-05 12:00:00,0.0,0.719511116666663
2023-03-05 13:00:00,5.313239000000003,0.7105161833333302
2023-03-05 14:00:00,8.378237333333335,0.7623449333333295
2023-03-05 15:00:00,10.586012333333338,0.7002650166666633
2023-03-05 16:00:00,38.65593933333336,2.990139933333332
2023-03-05 17:00:00,33.75132000000004,32.93205425000008
2023-03-05 18:00:00,2.354832000000002,45.48367880000008
2023-03-05 19:00:00,10.891907666666693,35.35904418333337
2023-03-05 20:00:00,10.605980333333363,32.84987118333337
2023-03-05 21:00:00,0.0,23.46751040000004
2023-03-05 22:00:00,0.0,6.302922616666677
2023-03-05 23:00:00,0.0,0.4887219499999995
2023-03-06 00:00:00,0.0,2.1951147166666662
2023-03-06 01:00:00,0.0,6.320095866666671
2023-03-06 02:00:00,0.0,8.000084666666671
2023-03-06 03:00:00,0.0,9.497075516666673
2023-03-06 04:00:00,0.0,11.323474066666671
2023-03-06 05:00:00,0.5066080000000003,16.382759916666682
2023-03-06 06:00:00,12.159779000000032,30.78010506666672
2023-03-06 07:00:00,45.37416266666672,31.524701500000045
2023-03-06 08:00:00,27.102650000000036,39.46627346666668
2023-03-06 09:00:00,15.250579000000023,63.60577136666666
2023-03-06 10:00:00,15.829653500000038,66.86580441666666
2023-03-06 11:00:00,13.748266666666696,110.38566209999996
2023-03-06 12:00:00,0.0,156.87041604999993
2023-03-06 13:00:00,7.347869333333334,147.8764919999999
2023-03-06 14:00:00,9.732228000000005,139.1827404166666
2023-03-06 15:00:00,9.71559033333334,128.33302834999998
2023-03-06 16:00:00,38.41372533333337,92.52139981666666
2023-03-06 17:00:00,17.368108666666696,63.63361348333342
2023-03-06 18:00:00,2.143543000000004,61.07758135000009
2023-03-06 19:00:00,11.566472333333358,49.18756551666672
2023-03-06 20:00:00,10.59931766666669,47.34143943333338
2023-03-06 21:00:00,0.0,35.09703850000005
2023-03-06 22:00:00,0.0,15.264896216666685
2023-03-06 23:00:00,0.0,4.898572666666669
2023-03-07 00:00:00,0.0,2.1626148500000006
2023-03-07 01:00:00,0.0,7.345089033333339
2023-03-07 02:00:00,0.0,8.697580016666674
2023-03-07 03:00:00,0.0,10.112570850000008
2023-03-07 04:00:00,0.0,10.877534283333338
2023-03-07 05:00:00,0.4396480000000008,17.139394216666684
2023-03-07 06:00:00,11.825641000000026,28.3636633833334
2023-03-07 07:00:00,50.6776063333334,28.69053828333338
2023-03-07 08:00:00,22.49817733333336,33.58230133333334
2023-03-07 09:00:00,15.461298833333364,56.48900793333334
2023-03-07 10:00:00,17.714881666666706,67.56378818333334
2023-03-07 11:00:00,12.885727833333357,103.18199856666664
2023-03-07 12:00:00,0.0,145.80223438333323
2023-03-07 13:00:00,8.079959000000002,152.12672526666657
2023-03-07 14:00:00,9.182646333333338,143.50450968333328
2023-03-07 15:00:00,11.523760666666677,139.60377279999994
2023-03-07 16:00:00,32.26932233333336,95.24987835
2023-03-07 17:00:00,22.65512000000003,65.41486203333343
2023-03-07 18:00:00,2.262606000000004,64.72726573333343
2023-03-07 19:00:00,11.699662666666702,50.63266845000004
2023-03-07 20:00:00,9.811457333333363,45.68588585000004
2023-03-07 21:00:00,0.0,34.1923104166667
2023-03-07 22:00:00,0.0,15.133420850000016
2023-03-07 23:00:00,0.0,5.6320659166666704
2023-03-08 00:00:00,0.0,2.972609283333333
2023-03-08 01:00:00,0.0,7.152590316666673
2023-03-08 02:00:00,0.0,8.840079066666672
2023-03-08 03:00:00,0.0,10.167571416666672
2023-03-08 04:00:00,0.0,11.164634900000005
2023-03-08 05:00:00,0.4152200000000007,17.277259516666682
2023-03-08 06:00:00,11.578690333333354,30.268070066666727
2023-03-08 07:00:00,30.396399333333402,31.05946451666672
2023-03-08 08:00:00,31.92411933333336,39.03389873333335
2023-03-08 09:00:00,14.436326333333364,61.03635141666664
2023-03-08 10:00:00,16.562848333333367,72.21063826666665
2023-03-08 11:00:00,12.845056666666691,95.37352374999996
2023-03-08 12:00:00,0.0,140.42568283333324
2023-03-08 13:00:00,8.599721333333335,150.6372366666666
2023-03-08 14:00:00,10.38854233333334,141.43265843333327
2023-03-08 15:00:00,9.646243000000004,155.60108413333327
2023-03-08 16:00:00,37.18518933333336,96.41694515
2023-03-08 17:00:00,32.331230333333366,56.600223700000086
2023-03-08 18:00:00,2.192771000000005,64.05982480000009
2023-03-08 19:00:00,12.007414000000033,49.80246786666671
2023-03-08 20:00:00,10.074632666666696,45.01512505000004
2023-03-08 21:00:00,0.0,33.60209818333338
2023-03-08 22:00:00,0.0,14.050435550000014
2023-03-08 23:00:00,0.0,4.919480283333336
2023-03-09 00:00:00,0.0,2.442613849999999
2023-03-09 01:00:00,0.0,6.115097233333338
2023-03-09 02:00:00,0.0,8.037584416666672
2023-03-09 03:00:00,0.0,9.295576433333336
2023-03-09 04:00:00,0.0,10.521689366666672
2023-03-09 05:00:00,0.466060000000001,16.832635166666684
2023-03-09 06:00:00,12.168871000000028,32.16661606666673
2023-03-09 07:00:00,29.546273000000056,30.033148833333385
2023-03-09 08:00:00,35.405094666666706,35.90058366666668
2023-03-09 09:00:00,15.356545166666692,57.34279961666667
2023-03-09 10:00:00,18.506724500000047,71.45403376666667
2023-03-09 11:00:00,14.901600166666695,116.33398294999996
2023-03-09 12:00:00,0.0,159.94906144999993
2023-03-09 13:00:00,5.410384666666665,153.2957252333333
2023-03-09 14:00:00,7.814316333333331,138.2249221833333
2023-03-09 15:00:00,8.214940000000002,123.9515379666666
2023-03-09 16:00:00,37.20002733333336,92.24453116666668
2023-03-09 17:00:00,29.05714600000003,62.460042633333416
2023-03-09 18:00:00,1.9281030000000008,60.25414580000009
2023-03-09 19:00:00,11.488200333333365,48.52960911666671
2023-03-09 20:00:00,11.478789666666689,44.31173936666672
2023-03-09 21:00:00,0.0,34.273648816666714
2023-03-09 22:00:00,0.0,14.117993883333348
2023-03-09 23:00:00,0.0,4.902485400000003
2023-03-10 00:00:00,0.0,2.420112666666668
2023-03-10 01:00:00,0.0,5.8600989333333375
2023-03-10 02:00:00,0.0,9.920071866666673
2023-03-10 03:00:00,0.0,11.458312466666673
2023-03-10 04:00:00,0.0,11.948540450000008
2023-03-10 05:00:00,0.4403920000000006,16.754848666666682
2023-03-10 06:00:00,11.699929333333362,30.394905150000064
2023-03-10 07:00:00,44.72323566666674,34.18747243333338
2023-03-10 08:00:00,41.234187000000034,35.13677493333334
2023-03-10 09:00:00,14.624881166666697,61.79128599999999
2023-03-10 10:00:00,15.215405666666697,81.00804176666664
2023-03-10 11:00:00,12.631802500000024,115.34106596666663
2023-03-10 12:00:00,0.0,156.7158971166666
2023-03-10 13:00:00,6.3491180000000025,163.40781214999993
2023-03-10 14:00:00,12.734304333333345,133.48299749999995
2023-03-10 15:00:00,11.363090000000009,132.04897928333327
2023-03-10 16:00:00,18.648318666666693,82.10512205
2023-03-10 17:00:00,22.64567733333336,62.31421953333342
2023-03-10 18:00:00,2.191714000000003,60.34778985000009
2023-03-10 19:00:00,11.267623666666694,48.19852108333337
2023-03-10 20:00:00,10.892475000000028,45.63909748333337
2023-03-10 21:00:00,0.0,33.589710333333386
2023-03-10 22:00:00,0.0,13.539232733333348
2023-03-10 23:00:00,0.0,4.599816433333335
2023-03-11 00:00:00,0.0,2.7076114000000007
2023-03-11 01:00:00,0.0,7.197590016666673
2023-03-11 02:00:00,0.0,9.920071866666673
2023-03-11 03:00:00,0.0,10.062571266666671
2023-03-11 04:00:00,0.0,11.372893016666673
2023-03-11 05:00:00,0.4717640000000014,16.521398100000017
2023-03-11 06:00:00,11.82615700000003,30.13793516666673
2023-03-11 07:00:00,49.22745900000006,28.866305933333383
2023-03-11 08:00:00,32.6075076666667,45.17711163333334
2023-03-11 09:00:00,14.114579000000024,69.9955552333333
2023-03-11 10:00:00,17.055491500000034,79.83521729999997
2023-03-11 11:00:00,13.47278100000002,114.4250891333333
2023-03-11 12:00:00,0.0,143.3027449333333
2023-03-11 13:00:00,9.567116333333336,140.94882561666662
2023-03-11 14:00:00,8.811219333333337,139.07858096666664
2023-03-11 15:00:00,9.735146333333349,121.50394419999996
2023-03-11 16:00:00,26.25260533333337,78.62687691666667
2023-03-11 17:00:00,20.467213000000022,58.81027671666675
2023-03-11 18:00:00,2.094587000000005,61.70024868333342
2023-03-11 19:00:00,12.079441666666698,49.62003470000005
2023-03-11 20:00:00,10.187898000000027,46.43023210000005
2023-03-11 21:00:00,0.0,35.03357931666671
2023-03-11 22:00:00,0.0,15.18011246666668
2023-03-11 23:00:00,0.0,3.912319150000001
2023-03-12 00:00:00,0.0,0.0
2023-03-12 01:00:00,0.0,0.0
2023-03-12 02:00:00,0.0,0.0
2023-03-12 03:00:00,0.0,0.0
2023-03-12 04:00:00,0.0,0.2498271166666664
2023-03-12 05:00:00,0.4209240000000006,4.483295300000009
2023-03-12 06:00:00,12.200814000000026,17.399892316666715
2023-03-12 07:00:00,39.1567143333334,15.760377400000046
2023-03-12 08:00:00,37.2993916666667,1.9960205499999997
2023-03-12 09:00:00,14.14787166666669,0.6543118999999968
2023-03-12 10:00:00,15.962893333333366,0.6575191499999959
2023-03-12 11:00:00,13.51556366666669,0.6481057666666619
2023-03-12 12:00:00,0.0,0.6609395999999963
2023-03-12 13:00:00,6.133801666666668,0.6455272166666631
2023-03-12 14:00:00,9.908741000000008,0.70693493333333
2023-03-12 15:00:00,11.703902333333344,0.7395962166666628
2023-03-12 16:00:00,25.422447666666702,3.695428433333331
2023-03-12 17:00:00,29.9443456666667,34.267855216666746
2023-03-12 18:00:00,2.0576770000000026,45.25194323333341
2023-03-12 19:00:00,12.470709000000031,35.6711775166667
2023-03-12 20:00:00,9.894740666666694,32.9102591666667
2023-03-12 21:00:00,0.0,22.61642251666671
2023-03-12 22:00:00,0.0,5.617142150000009
2023-03-12 23:00:00,0.0,0.3301337999999996
2023-03-13 00:00:00,0.0,1.9976184166666653
2023-03-13 01:00:00,0.0,5.8600989333333375
2023-03-13 02:00:00,0.0,9.447575016666676
2023-03-13 03:00:00,0.0,11.735061183333343
2023-03-13 04:00:00,0.0,11.89686933333334
2023-03-13 05:00:00,0.403068000000001,17.437478366666678
2023-03-13 06:00:00,11.713225333333359,29.501027583333403
2023-03-13 07:00:00,40.63035566666672,29.137412933333387
2023-03-13 08:00:00,39.99622466666671,43.54373650000001
2023-03-13 09:00:00,14.87908483333336,59.6533257
2023-03-13 10:00:00,17.280352000000036,70.63365086666664
2023-03-13 11:00:00,13.594915000000027,119.71146871666664
2023-03-13 12:00:00,0.0,148.46406953333326
2023-03-13 13:00:00,6.825395333333333,129.49374744999997
2023-03-13 14:00:00,8.683736333333336,136.59200888333328
2023-03-13 15:00:00,8.065084666666666,132.7587616833333
2023-03-13 16:00:00,25.845440333333368,101.70063774999998
2023-03-13 17:00:00,25.692018666666694,65.31307921666675
2023-03-13 18:00:00,2.129053000000003,62.818533750000086
2023-03-13 19:00:00,12.420447333333362,50.31929340000004
2023-03-13 20:00:00,9.89807200000003,47.28155526666672
2023-03-13 21:00:00,0.0,34.28177783333338
2023-03-13 22:00:00,0.0,14.905607216666684
2023-03-13 23:00:00,0.0,3.6781593833333353
2023-03-14 00:00:00,0.0,2.667612166666668
2023-03-14 01:00:00,0.0,6.907591950000007
2023-03-14 02:00:00,0.0,9.785072766666673
2023-03-14 03:00:00,0.0,11.25906423333334
2023-03-14 04:00:00,0.0,11.699031150000003
2023-03-14 05:00:00,0.4705240000000009,17.626430283333345
2023-03-14 06:00:00,11.199715333333357,32.69963038333339
2023-03-14 07:00:00,37.25535266666673,31.57075275000005
2023-03-14 08:00:00,36.801667000000045,41.59474415000001
2023-03-14 09:00:00,13.059683500000023,56.65651035
2023-03-14 10:00:00,17.363688833333374,74.31646766666665
2023-03-14 11:00:00,13.31361633333336,103.91189975
2023-03-14 12:00:00,0.0,150.00039766666663
2023-03-14 13:00:00,6.945864333333332,153.45241509999994
2023-03-14 14:00:00,11.273252666666677,147.41375978333323
2023-03-14 15:00:00,9.024342000000006,123.69287236666662
2023-03-14 16:00:00,34.127008666666704,98.33168484999996
2023-03-14 17:00:00,18.30416033333336,62.9137157000001
2023-03-14 18:00:00,2.0446390000000045,61.720104366666746
2023-03-14 19:00:00,12.284431666666691,47.80073611666671
2023-03-14 20:00:00,10.511037333333364,46.02166035000004
2023-03-14 21:00:00,0.0,32.599547700000045
2023-03-14 22:00:00,0.0,14.292534500000016
2023-03-14 23:00:00,0.0,5.27316001666667
2023-03-15 00:00:00,0.0,2.085116416666666
2023-03-15 01:00:00,0.0,5.262602916666671
2023-03-15 02:00:00,0.0,7.187590083333338
2023-03-15 03:00:00,0.0,9.145577366666672
2023-03-15 04:00:00,0.0,11.72087493333334
2023-03-15 05:00:00,0.4718880000000005,16.970297766666683
2023-03-15 06:00:00,12.385664333333363,30.005400366666727
2023-03-15 07:00:00,34.791741000000066,31.454676100000047
2023-03-15 08:00:00,26.4290206666667,32.58508025000002
2023-03-15 09:00:00,16.366176666666696,61.23060346666666
2023-03-15 10:00:00,18.21978833333337,69.25770523333334
2023-03-15 11:00:00,12.65805800000002,108.23057489999998
2023-03-15 12:00:00,0.0,135.65916681666658
2023-03-15 13:00:00,7.215186666666666,145.6048142333333
2023-03-15 14:00:00,7.665825333333337,160.82747958333331
2023-03-15 15:00:00,9.938127333333345,148.2508437833333
2023-03-15 16:00:00,38.99795433333337,94.42269258333334
2023-03-15 17:00:00,27.287913000000035,62.28973916666676
2023-03-15 18:00:00,2.2381310000000054,61.54598543333342
2023-03-15 19:00:00,12.127018333333357,49.98799655000004
2023-03-15 20:00:00,9.79480066666669,47.26645720000004
2023-03-15 21:00:00,0.0,35.113103366666714
2023-03-15 22:00:00,0.0,15.668894033333348
2023-03-15 23:00:00,0.0,5.295231050000002
2023-03-16 00:00:00,0.0,2.265115816666667
2023-03-16 01:00:00,0.0,6.617593883333339
2023-03-16 02:00:00,0.0,10.032571116666672
2023-03-16 03:00:00,0.0,11.667310500000008
2023-03-16 04:00:00,0.0,11.207847416666675
2023-03-16 05:00:00,0.4607280000000004,16.880623250000014
2023-03-16 06:00:00,11.5540906666667,31.5512682833334
2023-03-16 07:00:00,26.50466266666673,32.36183918333339
2023-03-16 08:00:00,29.03736966666669,41.30602133333336
2023-03-16 09:00:00,13.792909666666688,58.95897188333333
2023-03-16 10:00:00,15.910982166666704,80.35322539999997
2023-03-16 11:00:00,15.731910666666693,118.50056956666664
2023-03-16 12:00:00,0.0,140.16317094999994
2023-03-16 13:00:00,7.8301076666666685,142.0456597833333
2023-03-16 14:00:00,9.965407666666673,138.56665274999995
2023-03-16 15:00:00,9.43446766666667,129.6738493333333
2023-03-16 16:00:00,36.04400000000003,90.50024573333332
2023-03-16 17:00:00,37.48443466666672,59.41303965000009
2023-03-16 18:00:00,2.2455180000000032,58.709342233333416
2023-03-16 19:00:00,11.253598000000027,48.8515645666667
2023-03-16 20:00:00,11.635362333333358,43.97516810000005
2023-03-16 21:00:00,0.0,33.75687861666671
2023-03-16 22:00:00,0.0,14.758352650000017
2023-03-16 23:00:00,0.0,4.975814200000003
2023-03-17 00:00:00,0.0,2.2201147000000008
2023-03-17 01:00:00,0.0,6.195096700000007
2023-03-17 02:00:00,0.0,7.09759068333334
2023-03-17 03:00:00,0.0,9.149827566666673
2023-03-17 04:00:00,0.0,11.50131951666667
2023-03-17 05:00:00,0.4007120000000004,16.437631550000013
2023-03-17 06:00:00,11.509222333333366,31.912119916666725
2023-03-17 07:00:00,40.470799666666714,30.20904466666671
2023-03-17 08:00:00,28.319419666666704,39.61965866666668
2023-03-17 09:00:00,16.60418750000003,60.6689742
2023-03-17 10:00:00,16.772828166666702,76.46087851666665
2023-03-17 11:00:00,15.978403666666692,110.01541974999996
2023-03-17 12:00:00,0.0,144.59023476666664
2023-03-17 13:00:00,7.503495999999999,140.03715739999996
2023-03-17 14:00:00,7.663648666666667,148.50989736666662
2023-03-17 15:00:00,11.628076000000007,146.93024396666658
2023-03-17 16:00:00,22.32472933333336,98.59105338333332
2023-03-17 17:00:00,33.8307216666667,64.10481243333342
2023-03-17 18:00:00,2.186919000000003,60.38802470000008
2023-03-17 19:00:00,11.559239000000026,50.47279846666672
2023-03-17 20:00:00,10.316154333333357,45.41432385000005
2023-03-17 21:00:00,0.0,34.481514750000045
2023-03-17 22:00:00,0.0,13.425478816666685
2023-03-17 23:00:00,0.0,3.853573316666668
2023-03-18 00:00:00,0.0,2.5676128833333327
2023-03-18 01:00:00,0.0,6.557594283333338
2023-03-18 02:00:00,0.0,9.185076766666672
2023-03-18 03:00:00,0.0,11.267563366666671
2023-03-18 04:00:00,0.0,13.10195193333334
2023-03-18 05:00:00,0.4330760000000008,18.051817283333357
2023-03-18 06:00:00,11.609327000000029,30.61907001666673
2023-03-18 07:00:00,41.08657600000007,33.45150576666671
2023-03-18 08:00:00,37.46308633333337,41.66144333333335
2023-03-18 09:00:00,15.705481500000028,62.955674733333325
2023-03-18 10:00:00,16.58247850000004,83.7006908333333
2023-03-18 11:00:00,13.333937500000028,109.95280109999996
2023-03-18 12:00:00,0.0,134.05658098333325
2023-03-18 13:00:00,8.372743333333336,144.7974903833333
2023-03-18 14:00:00,10.545205000000005,154.5220123333333
2023-03-18 15:00:00,9.05098266666667,133.4705254166666
2023-03-18 16:00:00,28.43672033333337,87.31803746666668
2023-03-18 17:00:00,23.732449666666696,58.82331341666675
2023-03-18 18:00:00,2.2626710000000037,60.1563996500001
2023-03-18 19:00:00,11.440130333333368,48.33577460000004
2023-03-18 20:00:00,10.774212666666692,44.77745686666671
2023-03-18 21:00:00,0.0,34.45024000000005
2023-03-18 22:00:00,0.0,14.693779333333348
2023-03-18 23:00:00,0.0,5.592896116666671
2023-03-19 00:00:00,0.0,0.0
2023-03-19 01:00:00,0.0,0.0
2023-03-19 02:00:00,0.0,0.0
2023-03-19 03:00:00,0.0,0.0
2023-03-19 04:00:00,0.0,0.2554374166666664
2023-03-19 05:00:00,0.4984240000000003,4.988064383333341
2023-03-19 06:00:00,11.886262666666699,18.58521906666672
2023-03-19 07:00:00,43.6558143333334,14.704255000000046
2023-03-19 08:00:00,37.59983600000003,2.2702387333333336
2023-03-19 09:00:00,17.02126800000003,0.5036164333333304
2023-03-19 10:00:00,17.474347000000037,0.6002738166666639
2023-03-19 11:00:00,14.677449166666687,0.7009315333333295
2023-03-19 12:00:00,0.0,0.6923524499999962
2023-03-19 13:00:00,5.076240999999996,0.6938553166666631
2023-03-19 14:00:00,8.11579033333334,0.7155178499999967
2023-03-19 15:00:00,10.99447933333334,0.8032597499999958
2023-03-19 16:00:00,18.665640666666693,3.3089517166666647
2023-03-19 17:00:00,27.06382933333336,32.25862153333341
2023-03-19 18:00:00,2.156002000000003,44.68013188333341
2023-03-19 19:00:00,11.80251666666669,36.16087863333336
2023-03-19 20:00:00,10.2994976666667,33.327831116666694
2023-03-19 21:00:00,0.0,22.99345550000004
2023-03-19 22:00:00,0.0,6.153376933333342
2023-03-19 23:00:00,0.0,0.3745536499999996
2023-03-20 00:00:00,0.0,2.040116216666668
2023-03-20 01:00:00,0.0,5.3651022333333405
2023-03-20 02:00:00,0.0,7.895085366666675
2023-03-20 03:00:00,0.0,9.345076866666671
2023-03-20 04:00:00,0.0,10.73105773333334
2023-03-20 05:00:00,0.4452280000000003,16.701039200000015
2023-03-20 06:00:00,10.955034333333364,32.09665815000006
2023-03-20 07:00:00,29.839108333333403,34.059016933333375
2023-03-20 08:00:00,37.45572233333337,43.46494735000001
2023-03-20 09:00:00,12.846394500000022,65.05714766666664
2023-03-20 10:00:00,17.860490166666704,74.66930916666665
2023-03-20 11:00:00,14.521914166666697,96.6955872
2023-03-20 12:00:00,0.0,139.3455139499999
2023-03-20 13:00:00,6.169131999999998,153.60599848333325
2023-03-20 14:00:00,12.615649666666677,148.95616378333327
2023-03-20 15:00:00,10.697859666666677,131.67318041666664
2023-03-20 16:00:00,31.42112466666669,95.37074386666666
2023-03-20 17:00:00,28.31381400000003,61.58337833333342
2023-03-20 18:00:00,2.0348370000000044,60.72403928333341
2023-03-20 19:00:00,13.180743000000026,48.92740778333337
2023-03-20 20:00:00,9.936382333333365,47.04390438333338
2023-03-20 21:00:00,0.0,34.941722383333385
2023-03-20 22:00:00,0.0,14.25149856666668
2023-03-20 23:00:00,0.0,4.454239683333335
2023-03-21 00:00:00,0.0,2.1076166833333327
2023-03-21 01:00:00,0.0,4.960104933333335
2023-03-21 02:00:00,0.0,7.622587183333338
2023-03-21 03:00:00,0.0,9.595074700000009
2023-03-21 04:00:00,0.0,11.70491183333334
2023-03-21 05:00:00,0.528184000000001,18.766595533333348
2023-03-21 06:00:00,11.853161333333365,34.08981171666673
2023-03-21 07:00:00,32.8511113333334,26.866039350000044
2023-03-21 08:00:00,41.516890000000046,29.498832050000004
2023-03-21 09:00:00,15.949403166666697,57.61142486666667
2023-03-21 10:00:00,17.560346333333374,76.98563181666663
2023-03-21 11:00:00,12.538351500000024,110.64092451666664
2023-03-21 12:00:00,0.0,145.41999846666658
2023-03-21 13:00:00,6.133145000000001,153.28107513333325
2023-03-21 14:00:00,11.009820666666675,155.08541353333328
2023-03-21 15:00:00,8.94003266666667,131.00118299999997
2023-03-21 16:00:00,25.665234333333363,94.96654188333332
2023-03-21 17:00:00,25.91458866666669,60.60363285000008
2023-03-21 18:00:00,2.1980910000000042,59.30566071666675
2023-03-21 19:00:00,11.50576633333337,49.22502373333337
2023-03-21 20:00:00,10.864158666666691,44.62631863333337
2023-03-21 21:00:00,0.0,32.98763918333338
2023-03-21 22:00:00,0.0,14.06061198333335
2023-03-21 23:00:00,0.0,5.313567033333336
2023-03-22 00:00:00,0.0,2.680112099999999
2023-03-22 01:00:00,0.0,6.285096100000006
2023-03-22 02:00:00,0.0,9.080077466666676
2023-03-22 03:00:00,0.0,11.140064516666673
2023-03-22 04:00:00,0.0,12.35571238333334
2023-03-22 05:00:00,0.4690360000000005,19.183285016666684
2023-03-22 06:00:00,12.120486000000028,33.72757116666673
2023-03-22 07:00:00,26.95592933333339,31.902533300000048
2023-03-22 08:00:00,24.699520333333368,40.43118808333334
2023-03-22 09:00:00,14.908372333333364,64.20888670000001
2023-03-22 10:00:00,13.808755000000033,73.78441089999998
2023-03-22 11:00:00,13.834624500000025,102.16875561666664
2023-03-22 12:00:00,0.0,136.7834435499999
2023-03-22 13:00:00,6.699087000000004,135.4414220999999
2023-03-22 14:00:00,11.463224666666676,152.6169799833333
2023-03-22 15:00:00,9.018140333333337,139.51792204999992
2023-03-22 16:00:00,41.38031533333336,101.86273391666664
2023-03-22 17:00:00,37.38027233333337,58.94984076666676
2023-03-22 18:00:00,1.9939230000000048,61.42445786666675
2023-03-22 19:00:00,11.545989000000038,48.54523035000004
2023-03-22 20:00:00,10.356130333333368,45.84809700000004
2023-03-22 21:00:00,0.0,33.49372123333338
2023-03-22 22:00:00,0.0,13.92303818333335
2023-03-22 23:00:00,0.0,4.075993750000001
2023-03-23 00:00:00,0.0,2.22011605
2023-03-23 01:00:00,0.0,6.862592250000007
2023-03-23 02:00:00,0.0,9.637573750000008
2023-03-23 03:00:00,0.0,11.622312533333336
2023-03-23 04:00:00,0.0,13.239996150000003
2023-03-23 05:00:00,0.3919080000000007,19.45462253333335
2023-03-23 06:00:00,12.246118000000026,34.32311868333339
2023-03-23 07:00:00,45.3448013333334,30.98892456666671
2023-03-23 08:00:00,26.967094333333367,37.333148400000006
2023-03-23 09:00:00,16.582389000000028,48.92117483333334
2023-03-23 10:00:00,15.651896500000037,65.89170101666667
2023-03-23 11:00:00,12.488326166666688,124.60956184999996
2023-03-23 12:00:00,0.0,165.4267486666666
2023-03-23 13:00:00,6.856389333333333,144.6776807999999
2023-03-23 14:00:00,10.104914666666676,147.06218061666658
2023-03-23 15:00:00,10.26608633333334,138.00145246666662
2023-03-23 16:00:00,39.66273700000003,83.01848441666667
2023-03-23 17:00:00,23.678942666666693,52.188579800000085
2023-03-23 18:00:00,2.153924000000002,60.12261190000008
2023-03-23 19:00:00,11.8381376666667,49.36811293333337
2023-03-23 20:00:00,9.96136733333336,44.51817010000005
2023-03-23 21:00:00,0.0,34.49852781666672
2023-03-23 22:00:00,0.0,15.336227450000017
2023-03-23 23:00:00,0.0,4.29923795
2023-03-24 00:00:00,0.0,2.0601173499999987
2023-03-24 01:00:00,0.0,5.127603816666671
2023-03-24 02:00:00,0.0,8.220083200000008
2023-03-24 03:00:00,0.0,10.334819816666672
2023-03-24 04:00:00,0.0,11.572078133333342
2023-03-24 05:00:00,0.5031360000000012,18.58914335000002
2023-03-24 06:00:00,10.638980666666692,29.44128875000005
2023-03-24 07:00:00,39.11823933333339,38.04927275000006
2023-03-24 08:00:00,31.601913666666693,48.67454048333335
2023-03-24 09:00:00,16.681230666666696,61.982863300000005
2023-03-24 10:00:00,15.496957500000038,70.99863691666667
2023-03-24 11:00:00,12.969138000000028,95.592274
2023-03-24 12:00:00,0.0,137.64310641666663
2023-03-24 13:00:00,8.24757566666667,137.52466978333325
2023-03-24 14:00:00,13.483394000000011,136.68673278333327
2023-03-24 15:00:00,8.934159333333339,138.47240508333323
2023-03-24 16:00:00,24.23721133333336,100.26887508333331
2023-03-24 17:00:00,32.531224666666695,65.7670899833334
2023-03-24 18:00:00,1.9911420000000044,60.21431405000009
2023-03-24 19:00:00,12.266953000000031,48.90046776666672
2023-03-24 20:00:00,11.070701333333355,46.644527533333374
2023-03-24 21:00:00,0.0,35.87969065000005
2023-03-24 22:00:00,0.0,15.59565163333335
2023-03-24 23:00:00,0.0,5.64522736666667
2023-03-25 00:00:00,0.0,2.382614083333333
2023-03-25 01:00:00,0.0,5.067604216666671
2023-03-25 02:00:00,0.0,7.245089700000004
2023-03-25 03:00:00,0.0,9.369076466666671
2023-03-25 04:00:00,0.0,10.43371075000001
2023-03-25 05:00:00,0.388932,16.21841120000002
2023-03-25 06:00:00,12.299630333333361,31.5572539333334
2023-03-25 07:00:00,33.547612000000065,31.240547633333374
2023-03-25 08:00:00,31.627458666666698,37.19402991666668
2023-03-25 09:00:00,16.44587983333336,57.33712206666666
2023-03-25 10:00:00,14.968872833333368,72.98663116666664
2023-03-25 11:00:00,14.505143500000026,124.13666429999996
2023-03-25 12:00:00,0.0,142.5855074833333
2023-03-25 13:00:00,5.893503333333332,150.44649659999996
2023-03-25 14:00:00,10.302056333333336,140.6487398333333
2023-03-25 15:00:00,9.535414666666671,127.1523515666666
2023-03-25 16:00:00,36.71508933333337,100.11520651666665
2023-03-25 17:00:00,22.609433333333364,59.63683971666675
2023-03-25 18:00:00,2.1353120000000017,61.81950653333342
2023-03-25 19:00:00,11.2146386666667,50.53520735000004
2023-03-25 20:00:00,9.76648433333336,46.55773371666671
2023-03-25 21:00:00,0.0,35.570272233333384
2023-03-25 22:00:00,0.0,15.942145183333349
2023-03-25 23:00:00,0.0,4.970485800000003
2023-03-26 00:00:00,0.0,0.0
2023-03-26 01:00:00,0.0,0.0
2023-03-26 02:00:00,0.0,0.0
2023-03-26 03:00:00,0.0,0.0
2023-03-26 04:00:00,0.0,0.2076977999999997
2023-03-26 05:00:00,0.497432000000001,4.814458733333343
2023-03-26 06:00:00,11.90905300000002,19.592335583333387
2023-03-26 07:00:00,41.54709500000006,12.375195083333368
2023-03-26 08:00:00,38.989667333333365,1.5381682333333295
2023-03-26 09:00:00,14.169205666666691,0.6023427666666629
2023-03-26 10:00:00,16.12731133333337,0.6484371333333292
2023-03-26 11:00:00,13.060590833333352,0.6226892333333295
2023-03-26 12:00:00,0.0,0.6580187166666635
2023-03-26 13:00:00,7.458162666666667,0.7345969833333302
2023-03-26 14:00:00,7.326360333333335,0.7435150166666639
2023-03-26 15:00:00,11.431090000000008,0.7031043666666627
2023-03-26 16:00:00,28.389690000000023,3.134213899999997
2023-03-26 17:00:00,28.39933500000004,32.66854226666675
2023-03-26 18:00:00,2.133505000000003,46.83521431666674
2023-03-26 19:00:00,11.442871666666699,36.404742833333366
2023-03-26 20:00:00,10.829179666666692,32.9151629666667
2023-03-26 21:00:00,0.0,23.432536716666707
2023-03-26 22:00:00,0.0,5.637543800000009
2023-03-26 23:00:00,0.0,0.3688058333333329
2023-03-27 00:00:00,0.0,2.0551164333333336
2023-03-27 01:00:00,0.0,5.830099133333341
2023-03-27 02:00:00,0.0,9.305075966666672
2023-03-27 03:00:00,0.0,10.27357023333334
2023-03-27 04:00:00,0.0,12.16176533333334
2023-03-27 05:00:00,0.4033160000000007,16.449045950000013
2023-03-27 06:00:00,11.68802166666669,29.822779166666727
2023-03-27 07:00:00,37.904164666666716,35.03228538333338
2023-03-27 08:00:00,23.44728133333336,29.62934211666668
2023-03-27 09:00:00,14.444048166666697,54.61790745
2023-03-27 10:00:00,18.037154166666706,85.04846743333333
2023-03-27 11:00:00,13.435787000000024,107.07574511666664
2023-03-27 12:00:00,0.0,134.58441888333329
2023-03-27 13:00:00,6.957059000000002,133.8949980166666
2023-03-27 14:00:00,9.92560233333334,145.07123029999994
2023-03-27 15:00:00,11.612095000000004,149.39016133333325
2023-03-27 16:00:00,32.92231033333336,96.25319145
2023-03-27 17:00:00,32.51120433333336,64.20874515000008
2023-03-27 18:00:00,2.326761000000003,61.35724570000008
2023-03-27 19:00:00,11.761223666666698,50.82305471666671
2023-03-27 20:00:00,10.326148333333364,46.612885683333374
2023-03-27 21:00:00,0.0,34.16044675000005
2023-03-27 22:00:00,0.0,14.21186756666668
2023-03-27 23:00:00,0.0,5.098395733333335
2023-03-28 00:00:00,0.0,1.910114983333334
2023-03-28 01:00:00,0.0,6.322595850000007
2023-03-28 02:00:00,0.0,8.877578816666674
2023-03-28 03:00:00,0.0,10.480068550000004
2023-03-28 04:00:00,0.0,12.622740350000004
2023-03-28 05:00:00,0.5136760000000005,18.241534183333343
2023-03-28 06:00:00,12.255817333333361,31.29572351666672
2023-03-28 07:00:00,42.33831300000005,30.541065133333383
2023-03-28 08:00:00,31.55549933333336,31.553043283333345
2023-03-28 09:00:00,13.383707333333364,47.821858066666685
2023-03-28 10:00:00,15.942450000000038,71.38773534999999
2023-03-28 11:00:00,14.34177100000002,116.60916341666662
2023-03-28 12:00:00,0.0,165.7147273166666
2023-03-28 13:00:00,10.123712000000005,154.36022189999994
2023-03-28 14:00:00,10.22989266666667,142.6231647666666
2023-03-28 15:00:00,9.817279000000006,125.49669234999996
2023-03-28 16:00:00,35.22165733333336,90.26251335
2023-03-28 17:00:00,24.64100000000004,60.65227251666676
2023-03-28 18:00:00,2.030975000000005,58.09337343333342
2023-03-28 19:00:00,12.292444666666691,48.30102671666671
2023-03-28 20:00:00,9.644890666666695,46.44039931666671
2023-03-28 21:00:00,0.0,35.696202450000044
2023-03-28 22:00:00,0.0,15.359712183333352
2023-03-28 23:00:00,0.0,5.214316683333334
2023-03-29 00:00:00,0.0,1.6726184833333313
2023-03-29 01:00:00,0.0,6.402595316666671
2023-03-29 02:00:00,0.0,8.030084466666674
2023-03-29 03:00:00,0.0,9.400076016666672
2023-03-29 04:00:00,0.0,11.946122200000003
2023-03-29 05:00:00,0.4846600000000002,18.70478991666668
2023-03-29 06:00:00,12.637651000000021,32.199279933333386
2023-03-29 07:00:00,41.546753333333406,30.835356583333382
2023-03-29 08:00:00,38.0296456666667,35.73225118333335
2023-03-29 09:00:00,14.641346000000024,64.15898951666667
2023-03-29 10:00:00,17.404685666666705,63.865993966666686
2023-03-29 11:00:00,13.788169166666691,116.00584143333327
2023-03-29 12:00:00,0.0,144.09526964999995
2023-03-29 13:00:00,6.292468333333335,146.13058373333322
2023-03-29 14:00:00,10.281515333333342,146.21273568333325
2023-03-29 15:00:00,8.602036666666669,141.13190631666663
2023-03-29 16:00:00,22.54331800000003,92.92766915
2023-03-29 17:00:00,29.66289333333336,60.21235403333342
2023-03-29 18:00:00,2.2521900000000024,60.87953275000009
2023-03-29 19:00:00,10.428407333333372,49.16759323333338
2023-03-29 20:00:00,10.579329666666696,46.93638483333337
2023-03-29 21:00:00,0.0,35.17815990000005
2023-03-29 22:00:00,0.0,14.660023233333352
2023-03-29 23:00:00,0.0,5.40981481666667
2023-03-30 00:00:00,0.0,1.9076165333333328
2023-03-30 01:00:00,0.0,5.495101366666673
2023-03-30 02:00:00,0.0,8.392582050000005
2023-03-30 03:00:00,0.0,9.570076200000008
2023-03-30 04:00:00,0.0,10.633642300000009
2023-03-30 05:00:00,0.4250160000000013,17.58341388333335
2023-03-30 06:00:00,12.143429000000033,30.671875216666727
2023-03-30 07:00:00,29.746250666666732,33.26889396666672
2023-03-30 08:00:00,30.060865333333368,37.33769283333334
2023-03-30 09:00:00,14.457403333333358,60.804836183333336
2023-03-30 10:00:00,17.074826833333375,81.17889669999998
2023-03-30 11:00:00,13.341420666666698,115.05915134999994
2023-03-30 12:00:00,0.0,136.79680304999994
2023-03-30 13:00:00,9.315139333333342,154.37639889999994
2023-03-30 14:00:00,9.884398666666677,151.95272698333326
2023-03-30 15:00:00,8.650203333333335,126.67143034999997
2023-03-30 16:00:00,31.38431966666669,88.86766398333333
2023-03-30 17:00:00,39.41508933333336,60.922135050000094
2023-03-30 18:00:00,2.039490000000003,61.63893428333342
2023-03-30 19:00:00,12.496620666666697,50.29382203333337
2023-03-30 20:00:00,9.52163133333336,46.76640493333338
2023-03-30 21:00:00,0.0,34.672133483333376
2023-03-30 22:00:00,0.0,13.905194083333347
2023-03-30 23:00:00,0.0,4.2512338166666686
2023-03-31 00:00:00,0.0,1.9701164666666655
2023-03-31 01:00:00,0.0,6.367595550000004
2023-03-31 02:00:00,0.0,8.840079066666673
2023-03-31 03:00:00,0.0,9.593324500000008
2023-03-31 04:00:00,0.0,10.916032350000004
2023-03-31 05:00:00,0.4312160000000008,17.124674733333347
2023-03-31 06:00:00,11.939448333333358,29.635737050000053
2023-03-31 07:00:00,41.31366800000006,33.850722483333385
2023-03-31 08:00:00,35.03076300000004,38.45874611666668
2023-03-31 09:00:00,18.65375483333336,67.35181264999997
2023-03-31 10:00:00,17.976405666666707,65.10996433333332
2023-03-31 11:00:00,12.096923333333356,113.34688116666663
2023-03-31 12:00:00,0.0,141.6592493999999
2023-03-31 13:00:00,7.529168666666671,146.3187479666666
2023-03-31 14:00:00,9.321980666666668,135.69167734999996
2023-03-31 15:00:00,8.924173333333336,136.7498541333333
2023-03-31 16:00:00,35.37794466666669,103.3827477
2023-03-31 17:00:00,15.617681000000031,61.55459083333342
2023-03-31 18:00:00,2.172004000000004,61.90353140000009
2023-03-31 19:00:00,11.814515666666699,48.45390363333337
2023-03-31 20:00:00,10.152919000000027,45.07797611666671
2023-03-31 21:00:00,0.0,33.65965593333337
2023-03-31 22:00:00,0.0,14.331159300000014
2023-03-31 23:00:00,0.0,5.052153433333334
2023-04-01 00:00:00,0.0,2.560113600000001
2023-04-01 01:00:00,0.0,6.627593816666672
2023-04-01 02:00:00,0.0,8.540081066666671
2023-04-01 03:00:00,0.0,9.657574050000008
2023-04-01 04:00:00,0.0,11.486431966666672
2023-04-01 05:00:00,0.4375400000000008,16.913406600000016
2023-04-01 06:00:00,12.181844666666693,31.9668342333334
2023-04-01 07:00:00,30.804594666666727,27.717362133333385
2023-04-01 08:00:00,31.834224666666696,33.16611383333334
2023-04-01 09:00:00,13.87873650000002,63.27737409999998
2023-04-01 10:00:00,17.93720983333337,80.6661293333333
2023-04-01 11:00:00,13.916312666666693,118.27548703333328
2023-04-01 12:00:00,0.0,145.3084976166666
2023-04-01 13:00:00,9.34065633333334,151.71007988333326
2023-04-01 14:00:00,9.348137333333336,141.72974589999995
2023-04-01 15:00:00,6.017150999999998,126.75127626666662
2023-04-01 16:00:00,31.70675666666669,93.21591275
2023-04-01 17:00:00,38.83999800000003,59.93712125000008
2023-04-01 18:00:00,2.2135140000000026,59.30142913333341
2023-04-01 19:00:00,11.817247666666697,47.12400580000004
2023-04-01 20:00:00,10.635962333333367,43.83584828333338
2023-04-01 21:00:00,0.0,35.01801235000004
2023-04-01 22:00:00,0.0,14.600434516666684
2023-04-01 23:00:00,0.0,4.096073800000001
2023-04-02 00:00:00,0.0,0.0
2023-04-02 01:00:00,0.0,0.0
2023-04-02 02:00:00,0.0,0.0
2023-04-02 03:00:00,0.0,0.0
2023-04-02 04:00:00,0.0,0.2417186833333331
2023-04-02 05:00:00,0.4298520000000008,4.917572083333342
2023-04-02 06:00:00,11.795557000000032,19.47372056666672
2023-04-02 07:00:00,31.403042333333396,14.27887045000004
2023-04-02 08:00:00,35.975987333333364,1.554376199999998
2023-04-02 09:00:00,13.254927500000022,0.667700049999997
2023-04-02 10:00:00,14.765009333333369,0.730514016666663
2023-04-02 11:00:00,14.600572833333356,0.671771066666663
2023-04-02 12:00:00,0.0,0.51994703333333
2023-04-02 13:00:00,8.923845000000005,0.53936258333333
2023-04-02 14:00:00,8.987681333333336,0.6355231333333304
2023-04-02 15:00:00,12.081531000000007,0.6491886499999967
2023-04-02 16:00:00,34.246781000000034,3.697402666666662
2023-04-02 17:00:00,26.030935666666693,32.64520535000008
2023-04-02 18:00:00,2.090814000000003,44.88090301666675
2023-04-02 19:00:00,12.016552666666698,34.63906545000003
2023-04-02 20:00:00,10.104614666666691,31.432529266666695
2023-04-02 21:00:00,0.0,22.36461185000004
2023-04-02 22:00:00,0.0,5.227712333333341
2023-04-02 23:00:00,0.0,0.4383834833333329
2023-04-03 00:00:00,0.0,1.8501154
2023-04-03 01:00:00,0.0,5.432601783333338
2023-04-03 02:00:00,0.0,7.047591016666674
2023-04-03 03:00:00,0.0,8.980078450000006
2023-04-03 04:00:00,0.0,11.100018950000004
2023-04-03 05:00:00,0.4539080000000007,17.34376328333335
2023-04-03 06:00:00,11.176261666666692,30.93245843333339
2023-04-03 07:00:00,35.40773366666672,38.01747081666672
2023-04-03 08:00:00,28.58651200000003,38.16720320000001
2023-04-03 09:00:00,15.08880733333336,62.13966276666667
2023-04-03 10:00:00,18.23692500000004,82.72838476666662
2023-04-03 11:00:00,12.109838666666686,102.82966929999998
2023-04-03 12:00:00,0.0,135.2947500166666
2023-04-03 13:00:00,7.55999,142.6126596666666
2023-04-03 14:00:00,7.306043000000007,145.49732693333326
2023-04-03 15:00:00,9.63561733333334,138.53268381666663
2023-04-03 16:00:00,35.82341633333337,91.39871841666664
2023-04-03 17:00:00,32.82965700000004,57.872356650000086
2023-04-03 18:00:00,1.9419440000000032,58.64293163333341
2023-04-03 19:00:00,12.237621333333362,48.60307201666671
2023-04-03 20:00:00,10.534356666666694,44.24816666666671
2023-04-03 21:00:00,0.0,34.21948053333338
2023-04-03 22:00:00,0.0,15.32620616666668
2023-04-03 23:00:00,0.0,4.507322133333335
2023-04-04 00:00:00,0.0,2.447611350000001
2023-04-04 01:00:00,0.0,6.295096033333341
2023-04-04 02:00:00,0.0,7.307589283333341
2023-04-04 03:00:00,0.0,8.597581216666674
2023-04-04 04:00:00,0.0,11.51351723333334
2023-04-04 05:00:00,0.462588000000001,17.736682533333354
2023-04-04 06:00:00,11.468003333333366,30.88961041666672
2023-04-04 07:00:00,32.873612000000065,32.738607533333386
2023-04-04 08:00:00,24.21340933333337,36.45564978333335
2023-04-04 09:00:00,13.48671783333336,59.1709592
2023-04-04 10:00:00,14.87918133333337,73.23703531666665
2023-04-04 11:00:00,14.581654833333356,112.26574619999997
2023-04-04 12:00:00,0.0,137.24058743333327
2023-04-04 13:00:00,6.355942333333334,147.9609902666666
2023-04-04 14:00:00,9.25194266666667,144.3827549166666
2023-04-04 15:00:00,13.096713333333348,138.40835659999993
2023-04-04 16:00:00,35.36353900000003,97.65662946666664
2023-04-04 17:00:00,38.727955666666695,61.96512668333342
2023-04-04 18:00:00,2.1193690000000034,61.08669938333343
2023-04-04 19:00:00,11.53391633333336,48.033503500000045
2023-04-04 20:00:00,11.182301000000024,44.87450501666671
2023-04-04 21:00:00,0.0,34.035217983333375
2023-04-04 22:00:00,0.0,13.752968500000014
2023-04-04 23:00:00,0.0,5.227567883333337
2023-04-05 00:00:00,0.0,2.0926176000000005
2023-04-05 01:00:00,0.0,6.002597983333341
2023-04-05 02:00:00,0.0,9.272576183333342
2023-04-05 03:00:00,0.0,10.410570166666677
2023-04-05 04:00:00,0.0,12.053565550000007
2023-04-05 05:00:00,0.4868920000000005,19.31474998333335
2023-04-05 06:00:00,12.02579533333336,32.34983560000006
2023-04-05 07:00:00,49.14492100000007,29.93258166666672
2023-04-05 08:00:00,32.94552500000003,33.40541378333334
2023-04-05 09:00:00,18.23179583333336,49.25116125
2023-04-05 10:00:00,16.832145333333372,73.65297431666664
2023-04-05 11:00:00,9.806618333333352,107.36815406666666
2023-04-05 12:00:00,0.0,151.33290358333323
2023-04-05 13:00:00,7.335845333333334,152.44216253333326
2023-04-05 14:00:00,9.29563433333334,146.9535918
2023-04-05 15:00:00,10.476548333333342,123.6775402166666
2023-04-05 16:00:00,29.67352800000004,94.46789321666668
2023-04-05 17:00:00,19.37706633333336,62.92426238333342
2023-04-05 18:00:00,2.210922000000002,61.12237095000009
2023-04-05 19:00:00,10.343640666666692,47.45438521666672
2023-04-05 20:00:00,10.642625000000027,41.985767950000046
2023-04-05 21:00:00,0.0,33.12856528333337
2023-04-05 22:00:00,0.0,14.871198550000017
2023-04-05 23:00:00,0.0,4.284069650000001
2023-04-06 00:00:00,0.0,1.7076187999999994
2023-04-06 01:00:00,0.0,5.580100800000007
2023-04-06 02:00:00,0.0,8.820079200000011
2023-04-06 03:00:00,0.0,10.97206555000001
2023-04-06 04:00:00,0.0,12.122519633333342
2023-04-06 05:00:00,0.4359280000000007,17.226398966666682
2023-04-06 06:00:00,11.320961333333369,31.204595233333382
2023-04-06 07:00:00,45.08224600000006,32.335083583333386
2023-04-06 08:00:00,30.41062133333337,47.186343150000006
2023-04-06 09:00:00,13.650753166666693,60.8227315
2023-04-06 10:00:00,17.10253700000004,61.86788476666668
2023-04-06 11:00:00,12.132842333333352,105.15225541666663
2023-04-06 12:00:00,0.0,143.56691508333327
2023-04-06 13:00:00,6.513762666666666,162.16972319999988
2023-04-06 14:00:00,11.678385333333337,140.1017471499999
2023-04-06 15:00:00,9.626288,124.05609128333327
2023-04-06 16:00:00,31.644220666666705,98.29033256666663
2023-04-06 17:00:00,26.515035666666687,60.98745661666676
2023-04-06 18:00:00,2.1511600000000044,60.67467103333342
2023-04-06 19:00:00,11.239301000000026,47.18148126666672
2023-04-06 20:00:00,10.600983333333364,42.99842221666671
2023-04-06 21:00:00,0.0,31.92684441666671
2023-04-06 22:00:00,0.0,14.390808700000012
2023-04-06 23:00:00,0.0,3.561580850000001
2023-04-07 00:00:00,0.0,1.982615949999999
2023-04-07 01:00:00,0.0,5.762599583333337
2023-04-07 02:00:00,0.0,8.75507963333334
2023-04-07 03:00:00,0.0,10.052571983333342
2023-04-07 04:00:00,0.0,11.53715298333334
2023-04-07 05:00:00,0.4725080000000008,18.37270810000001
2023-04-07 06:00:00,12.058225000000032,31.314121616666725
2023-04-07 07:00:00,40.97703533333338,32.28225875000005
2023-04-07 08:00:00,29.9525606666667,46.60083348333335
2023-04-07 09:00:00,18.059915833333367,71.26860211666664
2023-04-07 10:00:00,16.40385650000004,76.47223211666665
2023-04-07 11:00:00,13.243940833333351,99.78699511666665
2023-04-07 12:00:00,0.0,135.65515849999994
2023-04-07 13:00:00,6.733743666666667,141.55482393333324
2023-04-07 14:00:00,10.086239000000008,129.47725743333328
2023-04-07 15:00:00,8.577383000000001,130.92294098333326
2023-04-07 16:00:00,28.969452666666708,106.93468328333329
2023-04-07 17:00:00,28.43931300000003,64.96361500000009
2023-04-07 18:00:00,2.0275980000000033,61.46538981666675
2023-04-07 19:00:00,11.52352633333336,46.93205965000004
2023-04-07 20:00:00,10.467730000000028,45.78962486666671
2023-04-07 21:00:00,0.0,35.11361615000005
2023-04-07 22:00:00,0.0,14.662069316666685
2023-04-07 23:00:00,0.0,3.7403278333333327
2023-04-08 00:00:00,0.0,2.0551167833333346
2023-04-08 01:00:00,0.0,6.077597483333338
2023-04-08 02:00:00,0.0,9.292576050000008
2023-04-08 03:00:00,0.0,10.42506883333334
2023-04-08 04:00:00,0.0,11.715174200000009
2023-04-08 05:00:00,0.4348120000000013,16.602511383333344
2023-04-08 06:00:00,11.986685333333364,31.425383766666723
2023-04-08 07:00:00,35.990967333333394,30.98479471666672
2023-04-08 08:00:00,21.144344666666697,44.507484116666674
2023-04-08 09:00:00,12.79078583333336,69.52632753333332
2023-04-08 10:00:00,16.386401666666703,75.0533816
2023-04-08 11:00:00,14.934185000000024,104.08049588333331
2023-04-08 12:00:00,0.0,141.69983078333323
2023-04-08 13:00:00,7.0393643333333324,151.03522773333324
2023-04-08 14:00:00,12.37899700000001,139.70883056666662
2023-04-08 15:00:00,8.705384000000002,133.87660689999993
2023-04-08 16:00:00,40.2380796666667,86.38032865
2023-04-08 17:00:00,32.3956686666667,61.58028666666675
2023-04-08 18:00:00,2.1517510000000026,59.99442288333341
2023-04-08 19:00:00,11.593607000000032,49.25174265000004
2023-04-08 20:00:00,10.272847000000027,44.61527586666671
2023-04-08 21:00:00,0.0,33.09346803333337
2023-04-08 22:00:00,0.0,14.119886433333344
2023-04-08 23:00:00,0.0,4.391070883333334
2023-04-09 00:00:00,0.0,0.0
2023-04-09 01:00:00,0.0,0.0
2023-04-09 02:00:00,0.0,0.0
2023-04-09 03:00:00,0.0,0.0
2023-04-09 04:00:00,0.0,0.2101271833333332
2023-04-09 05:00:00,0.4655640000000008,4.85804710000001
2023-04-09 06:00:00,11.6113116666667,18.107819500000048
2023-04-09 07:00:00,46.83478900000007,15.23061605000004
2023-04-09 08:00:00,38.015786000000034,2.190000283333332
2023-04-09 09:00:00,14.741267166666688,0.6594087499999958
2023-04-09 10:00:00,15.583523666666704,0.5892766499999965
2023-04-09 11:00:00,12.694332166666689,0.6181073833333305
2023-04-09 12:00:00,0.0,0.6481051166666637
2023-04-09 13:00:00,5.702200999999999,0.5615279333333307
2023-04-09 14:00:00,8.087941,0.6376010999999975
2023-04-09 15:00:00,11.285293666666671,0.6642647833333305
2023-04-09 16:00:00,24.624951666666696,3.375948616666665
2023-04-09 17:00:00,32.155592666666706,32.22394851666675
2023-04-09 18:00:00,2.1687150000000037,43.06755671666674
2023-04-09 19:00:00,11.501704000000027,34.329622150000034
2023-04-09 20:00:00,10.424422666666697,32.01519933333336
2023-04-09 21:00:00,0.0,22.93302305000004
2023-04-09 22:00:00,0.0,5.298500100000008
2023-04-09 23:00:00,0.0,0.3143000666666663
2023-04-10 00:00:00,0.0,2.610113466666668
2023-04-10 01:00:00,0.0,7.412588583333339
2023-04-10 02:00:00,0.0,9.79257271666667
2023-04-10 03:00:00,0.0,10.161071150000003
2023-04-10 04:00:00,0.0,11.390149433333336
2023-04-10 05:00:00,0.4479560000000004,17.15766476666668
2023-04-10 06:00:00,12.468968666666699,31.891340583333395
2023-04-10 07:00:00,46.519614666666726,34.346153433333384
2023-04-10 08:00:00,30.064667666666704,45.56171073333334
2023-04-10 09:00:00,15.396997666666692,55.00042383333333
2023-04-10 10:00:00,16.30207966666671,76.49363578333333
2023-04-10 11:00:00,12.876782500000024,106.97699694999996
2023-04-10 12:00:00,0.0,141.2206671166666
2023-04-10 13:00:00,7.652488000000003,155.8334115166666
2023-04-10 14:00:00,10.976460333333335,157.24100783333324
2023-04-10 15:00:00,9.61213833333334,123.88043986666662
2023-04-10 16:00:00,27.233962666666702,91.65083561666668
2023-04-10 17:00:00,20.33466700000003,58.31634408333342
2023-04-10 18:00:00,2.076861000000006,59.51074078333343
2023-04-10 19:00:00,11.223305666666693,47.49137626666671
2023-04-10 20:00:00,10.354464666666695,45.47774858333337
2023-04-10 21:00:00,0.0,32.36912666666671
2023-04-10 22:00:00,0.0,12.945135600000016
2023-04-10 23:00:00,0.0,3.6365755833333337
2023-04-11 00:00:00,0.0,1.5401199666666652
2023-04-11 01:00:00,0.0,4.8276058166666695
2023-04-11 02:00:00,0.0,7.747586350000007
2023-04-11 03:00:00,0.0,9.240076650000006
2023-04-11 04:00:00,0.0,11.129570416666672
2023-04-11 05:00:00,0.4243960000000005,17.078608383333346
2023-04-11 06:00:00,12.27633200000003,29.684333183333383
2023-04-11 07:00:00,40.37116866666672,27.85980841666672
2023-04-11 08:00:00,33.947407666666706,29.249245650000013
2023-04-11 09:00:00,12.640571833333356,48.11684258333335
2023-04-11 10:00:00,17.597185666666707,73.07247183333331
2023-04-11 11:00:00,15.364958666666695,95.4025022
2023-04-11 12:00:00,0.0,136.73448834999994
2023-04-11 13:00:00,4.430982666666663,161.13412131666658
2023-04-11 14:00:00,9.723416666666676,159.31296073333326
2023-04-11 15:00:00,11.88487333333334,148.40991663333327
2023-04-11 16:00:00,29.632280666666706,99.04479381666664
2023-04-11 17:00:00,24.327168666666704,62.78367571666675
2023-04-11 18:00:00,2.224922000000003,61.36919863333341
2023-04-11 19:00:00,11.208549666666695,49.54820733333337
2023-04-11 20:00:00,10.196226333333366,45.35804318333337
2023-04-11 21:00:00,0.0,34.02953611666671
2023-04-11 22:00:00,0.0,14.769069150000014
2023-04-11 23:00:00,0.0,4.322399833333336
2023-04-12 00:00:00,0.0,2.017615966666665
2023-04-12 01:00:00,0.0,5.78759941666667
2023-04-12 02:00:00,0.0,8.787579416666675
2023-04-12 03:00:00,0.0,10.24507008333334
2023-04-12 04:00:00,0.0,11.99175943333334
2023-04-12 05:00:00,0.4813120000000004,18.11382428333335
2023-04-12 06:00:00,11.746697333333367,32.12385075000006
2023-04-12 07:00:00,35.707511666666726,31.664002716666715
2023-04-12 08:00:00,37.29930400000004,37.70014588333334
2023-04-12 09:00:00,14.996764000000027,65.79056689999999
2023-04-12 10:00:00,18.164836666666712,77.68946209999997
2023-04-12 11:00:00,14.061742000000025,111.5654037833333
2023-04-12 12:00:00,0.0,129.7927483666666
2023-04-12 13:00:00,5.1232500000000005,143.82032759999993
2023-04-12 14:00:00,11.12629866666667,149.0328217333333
2023-04-12 15:00:00,10.625022333333336,134.47235123333328
2023-04-12 16:00:00,22.56669800000002,90.81922715
2023-04-12 17:00:00,24.93105533333336,62.61775685000009
2023-04-12 18:00:00,2.138902000000002,59.83521168333342
2023-04-12 19:00:00,11.370778666666691,47.07070553333337
2023-04-12 20:00:00,10.306160333333352,42.66503368333338
2023-04-12 21:00:00,0.0,32.849214733333376
2023-04-12 22:00:00,0.0,14.43811275000001
2023-04-12 23:00:00,0.0,5.095644266666668
2023-04-13 00:00:00,0.0,2.200115233333334
2023-04-13 01:00:00,0.0,5.812599250000004
2023-04-13 02:00:00,0.0,9.06507756666667
2023-04-13 03:00:00,0.0,10.345070316666671
2023-04-13 04:00:00,0.0,12.02417023333334
2023-04-13 05:00:00,0.4458480000000007,17.16338458333335
2023-04-13 06:00:00,12.197308666666695,30.74595195000006
2023-04-13 07:00:00,43.986297000000064,30.89288408333338
2023-04-13 08:00:00,25.137064333333367,44.122805383333336
2023-04-13 09:00:00,14.875536500000024,49.58970843333334
2023-04-13 10:00:00,15.319405000000039,60.08664968333335
2023-04-13 11:00:00,13.352585833333361,107.94573594999996
2023-04-13 12:00:00,0.0,148.5670638833333
2023-04-13 13:00:00,7.958454000000001,152.2942277166666
2023-04-13 14:00:00,10.284037333333336,144.63176059999992
2023-04-13 15:00:00,10.81102033333334,132.84879109999991
2023-04-13 16:00:00,31.731797666666704,98.67809049999998
2023-04-13 17:00:00,35.9513396666667,62.557493766666745
2023-04-13 18:00:00,2.217252000000003,63.01276390000009
2023-04-13 19:00:00,12.091585666666692,48.31941970000004
2023-04-13 20:00:00,9.34673633333336,44.37165681666672
2023-04-13 21:00:00,0.0,33.599242283333375
2023-04-13 22:00:00,0.0,14.918299816666682
2023-04-13 23:00:00,0.0,5.541402283333337
2023-04-14 00:00:00,0.0,2.4701139
2023-04-14 01:00:00,0.0,6.892592050000005
2023-04-14 02:00:00,0.0,9.09257738333334
2023-04-14 03:00:00,0.0,10.571818700000009
2023-04-14 04:00:00,0.0,12.462662350000008
2023-04-14 05:00:00,0.444112000000001,17.259671633333348
2023-04-14 06:00:00,11.426358666666696,31.23413370000006
2023-04-14 07:00:00,45.2287743333334,33.64251553333339
2023-04-14 08:00:00,24.70824900000004,35.508994983333345
2023-04-14 09:00:00,16.716612000000023,51.93587660000001
2023-04-14 10:00:00,16.785899500000042,74.29147918333331
2023-04-14 11:00:00,14.489878833333364,107.22166843333332
2023-04-14 12:00:00,0.0,131.5104218333333
2023-04-14 13:00:00,6.281290666666666,151.23173169999993
2023-04-14 14:00:00,9.39096566666667,147.85666619999992
2023-04-14 15:00:00,9.929732000000008,136.38853266666655
2023-04-14 16:00:00,22.92851933333336,98.32719569999998
2023-04-14 17:00:00,27.22575333333336,64.17545280000009
2023-04-14 18:00:00,2.3581680000000036,61.59387448333342
2023-04-14 19:00:00,11.54843900000003,49.20961613333337
2023-04-14 20:00:00,10.599317666666696,45.12843696666671
2023-04-14 21:00:00,0.0,33.16527801666671
2023-04-14 22:00:00,0.0,14.526332133333351
2023-04-14 23:00:00,0.0,4.760150350000002
2023-04-15 00:00:00,0.0,2.0076151333333354
2023-04-15 01:00:00,0.0,6.14509703333334
2023-04-15 02:00:00,0.0,9.012577916666672
2023-04-15 03:00:00,0.0,10.12682213333334
2023-04-15 04:00:00,0.0,12.266567350000008
2023-04-15 05:00:00,0.4604800000000014,18.51287656666668
2023-04-15 06:00:00,10.743471333333362,32.30487033333339
2023-04-15 07:00:00,37.20924000000006,32.008244983333384
2023-04-15 08:00:00,32.303483000000035,37.081462283333344
2023-04-15 09:00:00,14.285346166666688,69.95420678333329
2023-04-15 10:00:00,15.086797500000037,80.1793958833333
2023-04-15 11:00:00,13.24736966666669,100.87682728333333
2023-04-15 12:00:00,0.0,129.0210248166666
2023-04-15 13:00:00,8.280435000000006,140.47416724999994
2023-04-15 14:00:00,8.68605166666667,152.32083014999995
2023-04-15 15:00:00,9.96843066666667,141.84600453333326
2023-04-15 16:00:00,32.65385633333336,87.25631879999999
2023-04-15 17:00:00,31.208109666666697,61.27489805000009
2023-04-15 18:00:00,2.1522880000000044,61.272016916666765
2023-04-15 19:00:00,11.49017500000003,46.78240775000004
2023-04-15 20:00:00,10.757556000000028,42.95444313333338
2023-04-15 21:00:00,0.0,33.52049980000004
2023-04-15 22:00:00,0.0,14.302259566666685
2023-04-15 23:00:00,0.0,4.735649650000003
2023-04-16 00:00:00,0.0,0.0
2023-04-16 01:00:00,0.0,0.0
2023-04-16 02:00:00,0.0,0.0
2023-04-16 03:00:00,0.0,0.0
2023-04-16 04:00:00,0.0,0.3091928999999997
2023-04-16 05:00:00,0.4015800000000009,5.205516700000008
2023-04-16 06:00:00,11.643975333333366,18.83326271666672
2023-04-16 07:00:00,40.0799973333334,14.007332650000048
2023-04-16 08:00:00,28.5905626666667,1.921915766666664
2023-04-16 09:00:00,15.865296500000028,0.7767962666666621
2023-04-16 10:00:00,15.299921500000032,0.6211901833333296
2023-04-16 11:00:00,12.803138833333357,0.5135345666666636
2023-04-16 12:00:00,0.0,0.4667049333333308
2023-04-16 13:00:00,5.748001333333331,0.5233624499999976
2023-04-16 14:00:00,9.769440666666672,0.5661897999999976
2023-04-16 15:00:00,8.552089666666674,0.5716094999999972
2023-04-16 16:00:00,36.41989400000003,3.415981366666664
2023-04-16 17:00:00,29.48262333333337,33.21333636666675
2023-04-16 18:00:00,1.9937050000000027,43.811281333333405
2023-04-16 19:00:00,12.354192000000024,34.867208100000035
2023-04-16 20:00:00,9.956370333333364,32.043358433333374
2023-04-16 21:00:00,0.0,22.765092400000043
2023-04-16 22:00:00,0.0,5.357639800000007
2023-04-16 23:00:00,0.0,0.349719683333333
2023-04-17 00:00:00,0.0,1.892616683333333
2023-04-17 01:00:00,0.0,5.727599816666673
2023-04-17 02:00:00,0.0,8.452581650000006
2023-04-17 03:00:00,0.0,10.407569466666676
2023-04-17 04:00:00,0.0,10.50703553333334
2023-04-17 05:00:00,0.4062920000000004,16.040162300000016
2023-04-17 06:00:00,11.564722333333366,28.52903545000006
2023-04-17 07:00:00,51.54402300000005,32.596011600000054
2023-04-17 08:00:00,31.377656000000037,37.44837121666668
2023-04-17 09:00:00,13.16216400000002,72.41955491666664
2023-04-17 10:00:00,12.802706166666695,85.8375584833333
2023-04-17 11:00:00,12.864198833333361,103.19709706666669
2023-04-17 12:00:00,0.0,133.1749214833333
2023-04-17 13:00:00,7.466991000000004,139.69057088333324
2023-04-17 14:00:00,10.687321666666676,141.3579170999999
2023-04-17 15:00:00,10.679028333333338,139.5083388833333
2023-04-17 16:00:00,31.11072233333337,97.20390486666666
2023-04-17 17:00:00,24.41999800000003,59.09050896666676
2023-04-17 18:00:00,2.135070000000004,61.23531350000008
2023-04-17 19:00:00,11.479597000000025,48.81853008333338
2023-04-17 20:00:00,9.93305100000003,45.35775740000004
2023-04-17 21:00:00,0.0,35.45052023333338
2023-04-17 22:00:00,0.0,16.685065166666682
2023-04-17 23:00:00,0.0,6.211726083333336
2023-04-18 00:00:00,0.0,2.640112383333335
2023-04-18 01:00:00,0.0,7.127590483333341
2023-04-18 02:00:00,0.0,8.375082166666674
2023-04-18 03:00:00,0.0,9.871573066666672
2023-04-18 04:00:00,0.0,11.26361923333334
2023-04-18 05:00:00,0.4841640000000003,17.808164050000013
2023-04-18 06:00:00,11.329383000000032,31.95479311666673
2023-04-18 07:00:00,39.85278300000005,30.94424265000005
2023-04-18 08:00:00,27.31712900000004,30.706398033333347
2023-04-18 09:00:00,15.780563000000033,55.32431348333334
2023-04-18 10:00:00,15.891364833333368,78.51129809999998
2023-04-18 11:00:00,12.668495333333354,117.34891421666664
2023-04-18 12:00:00,0.0,151.34359264999995
2023-04-18 13:00:00,5.898651999999999,154.02441891666658
2023-04-18 14:00:00,10.873319666666674,136.70624253333324
2023-04-18 15:00:00,10.394882666666676,131.40826119999994
2023-04-18 16:00:00,27.56261133333337,96.0785558
2023-04-18 17:00:00,32.901388000000026,56.29362750000009
2023-04-18 18:00:00,2.0778530000000046,60.05373056666675
2023-04-18 19:00:00,12.27007733333336,47.7419724166667
2023-04-18 20:00:00,10.800863333333362,44.30297310000004
2023-04-18 21:00:00,0.0,32.59143043333337
2023-04-18 22:00:00,0.0,13.766230650000017
2023-04-18 23:00:00,0.0,5.077561100000002
2023-04-19 00:00:00,0.0,2.920110766666667
2023-04-19 01:00:00,0.0,7.1050906333333375
2023-04-19 02:00:00,0.0,8.56758088333334
2023-04-19 03:00:00,0.0,9.03507815000001
2023-04-19 04:00:00,0.0,9.988259700000006
2023-04-19 05:00:00,0.4727560000000009,16.139131350000014
2023-04-19 06:00:00,11.852461666666699,31.687588100000063
2023-04-19 07:00:00,37.21733466666673,27.68562971666672
2023-04-19 08:00:00,37.3573976666667,35.60607265000001
2023-04-19 09:00:00,17.701579000000027,63.58189739999999
2023-04-19 10:00:00,18.527039166666704,89.55371339999995
2023-04-19 11:00:00,12.207745166666689,107.13658544999996
2023-04-19 12:00:00,0.0,130.36509354999995
2023-04-19 13:00:00,4.105339,148.04690758333328
2023-04-19 14:00:00,11.203455333333345,156.09840423333327
2023-04-19 15:00:00,9.44034100000001,129.94634508333328
2023-04-19 16:00:00,25.182349666666692,92.88789711666664
2023-04-19 17:00:00,30.380509333333368,57.85678298333341
2023-04-19 18:00:00,2.033786000000004,61.36085575000009
2023-04-19 19:00:00,11.483347333333365,48.66203145000004
2023-04-19 20:00:00,9.799797666666691,43.83388186666671
2023-04-19 21:00:00,0.0,32.82694030000005
2023-04-19 22:00:00,0.0,14.864638583333344
2023-04-19 23:00:00,0.0,5.550642500000004
2023-04-20 00:00:00,0.0,2.5276105666666653
2023-04-20 01:00:00,0.0,6.397595350000004
2023-04-20 02:00:00,0.0,8.290082733333337
2023-04-20 03:00:00,0.0,10.48256918333334
2023-04-20 04:00:00,0.0,12.256742516666671
2023-04-20 05:00:00,0.4971840000000002,19.13568228333335
2023-04-20 06:00:00,12.012815000000025,32.474885616666725
2023-04-20 07:00:00,39.54352966666672,30.38756168333338
2023-04-20 08:00:00,29.03233433333337,34.819534600000004
2023-04-20 09:00:00,14.419422666666692,53.138981750000006
2023-04-20 10:00:00,16.961267166666705,86.57387489999999
2023-04-20 11:00:00,13.696539000000024,115.9675785
2023-04-20 12:00:00,0.0,155.6597369666666
2023-04-20 13:00:00,5.247226,143.72866044999995
2023-04-20 14:00:00,10.826845666666674,136.31908993333326
2023-04-20 15:00:00,10.095896666666675,126.31849423333328
2023-04-20 16:00:00,32.61759633333336,94.08163486666665
2023-04-20 17:00:00,29.85822933333336,59.09122115000009
2023-04-20 18:00:00,2.1043830000000057,59.08633511666677
2023-04-20 19:00:00,11.233384666666698,47.91961013333337
2023-04-20 20:00:00,10.102949000000036,43.005268266666704
2023-04-20 21:00:00,0.0,32.26238481666671
2023-04-20 22:00:00,0.0,13.88654201666668
2023-04-20 23:00:00,0.0,3.485744366666668
2023-04-21 00:00:00,0.0,3.020110966666667
2023-04-21 01:00:00,0.0,7.985084766666674
2023-04-21 02:00:00,0.0,10.377568816666672
2023-04-21 03:00:00,0.0,11.215063900000008
2023-04-21 04:00:00,0.0,11.45846448333334
2023-04-21 05:00:00,0.4360520000000003,16.98193930000001
2023-04-21 06:00:00,11.614848666666697,29.93030101666673
2023-04-21 07:00:00,35.11911700000007,34.18048796666672
2023-04-21 08:00:00,40.98142733333337,40.78486778333334
2023-04-21 09:00:00,13.84124183333335,59.00418493333333
2023-04-21 10:00:00,14.808073500000036,69.15281124999998
2023-04-21 11:00:00,12.424769666666691,105.07891159999998
2023-04-21 12:00:00,0.0,147.73556194999992
2023-04-21 13:00:00,6.162791666666664,137.4789049166666
2023-04-21 14:00:00,7.713819333333336,139.8430083166666
2023-04-21 15:00:00,9.12264533333334,122.69369543333332
2023-04-21 16:00:00,24.935657666666703,101.72155406666668
2023-04-21 17:00:00,34.994843666666696,67.98489208333342
2023-04-21 18:00:00,2.030072000000004,59.24569095000008
2023-04-21 19:00:00,11.663143333333363,48.72632015000003
2023-04-21 20:00:00,10.377784000000032,44.34384583333337
2023-04-21 21:00:00,0.0,32.71578976666671
2023-04-21 22:00:00,0.0,14.543384133333346
2023-04-21 23:00:00,0.0,5.413730150000003
2023-04-22 00:00:00,0.0,1.932617633333332
2023-04-22 01:00:00,0.0,6.065097566666673
2023-04-22 02:00:00,0.0,8.197583350000004
2023-04-22 03:00:00,0.0,10.110071700000008
2023-04-22 04:00:00,0.0,12.493110516666672
2023-04-22 05:00:00,0.4482040000000005,19.52614360000002
2023-04-22 06:00:00,11.380484333333362,30.903681600000063
2023-04-22 07:00:00,39.31938700000006,35.44611346666672
2023-04-22 08:00:00,38.56590833333337,46.15974903333334
2023-04-22 09:00:00,17.9720051666667,64.32319195
2023-04-22 10:00:00,15.349441666666706,74.91396951666665
2023-04-22 11:00:00,13.521769833333355,105.45607974999996
2023-04-22 12:00:00,0.0,145.73375353333327
2023-04-22 13:00:00,6.4041260000000015,156.57656864999993
2023-04-22 14:00:00,6.902206666666668,138.5475036666666
2023-04-22 15:00:00,11.318274666666673,126.90826319999996
2023-04-22 16:00:00,25.18357266666669,88.44397993333334
2023-04-22 17:00:00,30.04279300000003,62.10820530000009
2023-04-22 18:00:00,2.0337980000000035,59.95320891666675
2023-04-22 19:00:00,11.790487666666694,48.78427880000003
2023-04-22 20:00:00,10.161247333333366,43.33275763333338
2023-04-22 21:00:00,0.0,33.11368818333338
2023-04-22 22:00:00,0.0,14.40845356666668
2023-04-22 23:00:00,0.0,4.706400733333336
2023-04-23 00:00:00,0.0,0.0
2023-04-23 01:00:00,0.0,0.0
2023-04-23 02:00:00,0.0,0.0
2023-04-23 03:00:00,0.0,0.0
2023-04-23 04:00:00,0.0,0.281929883333333
2023-04-23 05:00:00,0.4459720000000003,5.510409833333341
2023-04-23 06:00:00,10.951126666666697,18.27294026666672
2023-04-23 07:00:00,40.738388333333404,13.530339233333375
2023-04-23 08:00:00,36.17683700000004,2.1858458
2023-04-23 09:00:00,14.989605000000024,0.6363038166666634
2023-04-23 10:00:00,17.54939400000004,0.5266161333333301
2023-04-23 11:00:00,12.757345000000022,0.4776173833333305
2023-04-23 12:00:00,0.0,0.5010314499999967
2023-04-23 13:00:00,8.033952000000005,0.6964300666666631
2023-04-23 14:00:00,9.615749999999998,0.7300128166666626
2023-04-23 15:00:00,8.13610766666667,0.7133497166666621
2023-04-23 16:00:00,28.213030666666704,3.098536816666662
2023-04-23 17:00:00,30.78741000000004,34.805621050000084
2023-04-23 18:00:00,2.199833000000005,44.613317033333416
2023-04-23 19:00:00,11.385854333333363,33.81117670000003
2023-04-23 20:00:00,10.69592633333336,32.0597391666667
2023-04-23 21:00:00,0.0,22.86452748333337
2023-04-23 22:00:00,0.0,5.300037166666673
2023-04-23 23:00:00,0.0,0.3862997999999996
2023-04-24 00:00:00,0.0,1.412619033333332
2023-04-24 01:00:00,0.0,5.63010046666667
2023-04-24 02:00:00,0.0,8.312582583333338
2023-04-24 03:00:00,0.0,9.337576150000004
2023-04-24 04:00:00,0.0,10.946784600000004
2023-04-24 05:00:00,0.482180000000001,18.009785883333347
2023-04-24 06:00:00,11.65287900000003,34.05326176666673
2023-04-24 07:00:00,43.77023700000005,34.550066200000046
2023-04-24 08:00:00,28.87113333333337,36.096163900000015
2023-04-24 09:00:00,18.48708650000003,60.64726393333331
2023-04-24 10:00:00,17.37892883333337,70.11695651666663
2023-04-24 11:00:00,12.809335166666692,99.69455913333334
2023-04-24 12:00:00,0.0,144.6690817499999
2023-04-24 13:00:00,6.638256666666668,154.39273684999995
2023-04-24 14:00:00,6.304475333333335,154.47458666666662
2023-04-24 15:00:00,12.72366166666668,135.29877606666665
2023-04-24 16:00:00,33.90837133333336,86.53397021666667
2023-04-24 17:00:00,22.25437533333337,60.2455202500001
2023-04-24 18:00:00,2.1118050000000044,58.01967060000008
2023-04-24 19:00:00,11.517736666666696,48.93705673333338
2023-04-24 20:00:00,9.423357000000028,45.207909483333374
2023-04-24 21:00:00,0.0,33.21169371666672
2023-04-24 22:00:00,0.0,13.808500983333348
2023-04-24 23:00:00,0.0,4.860404466666672
2023-04-25 00:00:00,0.0,2.0701157166666677
2023-04-25 01:00:00,0.0,5.387602083333339
2023-04-25 02:00:00,0.0,7.432588450000003
2023-04-25 03:00:00,0.0,8.562581350000004
2023-04-25 04:00:00,0.0,9.662729783333338
2023-04-25 05:00:00,0.4953240000000008,16.341476283333353
2023-04-25 06:00:00,11.27595133333336,28.01512971666672
2023-04-25 07:00:00,42.27609333333339,32.98712845000005
2023-04-25 08:00:00,32.49046800000004,39.65761621666668
2023-04-25 09:00:00,16.109529000000023,49.68157960000001
2023-04-25 10:00:00,15.961052500000037,67.73145303333332
2023-04-25 11:00:00,14.7324191666667,100.07649029999996
2023-04-25 12:00:00,0.0,138.99868014999996
2023-04-25 13:00:00,6.995205666666666,152.20008581666656
2023-04-25 14:00:00,9.198143333333336,151.05525664999993
2023-04-25 15:00:00,7.666309333333336,135.81134284999996
2023-04-25 16:00:00,24.49242833333337,98.10815595
2023-04-25 17:00:00,31.924062333333364,64.8357213000001
2023-04-25 18:00:00,2.0058270000000036,58.90642643333342
2023-04-25 19:00:00,11.574134333333364,48.30034075000003
2023-04-25 20:00:00,10.664278666666696,44.83781085000005
2023-04-25 21:00:00,0.0,33.22655035000004
2023-04-25 22:00:00,0.0,14.729690400000012
2023-04-25 23:00:00,0.0,5.064648633333336
2023-04-26 00:00:00,0.0,1.9576175833333325
2023-04-26 01:00:00,0.0,5.867598883333337
2023-04-26 02:00:00,0.0,8.725079833333337
2023-04-26 03:00:00,0.0,9.320826216666672
2023-04-26 04:00:00,0.0,11.30012118333334
2023-04-26 05:00:00,0.4441120000000006,17.700128233333345
2023-04-26 06:00:00,12.041053000000028,29.6836248333334
2023-04-26 07:00:00,48.22631066666672,28.63600455000004
2023-04-26 08:00:00,31.37223833333336,40.17817480000001
2023-04-26 09:00:00,15.475609333333356,73.10818991666665
2023-04-26 10:00:00,16.985958500000038,71.53154426666666
2023-04-26 11:00:00,14.46931816666669,107.55806623333328
2023-04-26 12:00:00,0.0,140.23383901666656
2023-04-26 13:00:00,8.516275333333342,157.19933574999988
2023-04-26 14:00:00,9.074841000000008,139.74334214999996
2023-04-26 15:00:00,9.199473666666668,127.62184809999997
2023-04-26 16:00:00,25.41113566666669,88.15974545
2023-04-26 17:00:00,22.21246200000004,59.994857850000095
2023-04-26 18:00:00,2.189559000000002,59.51028491666675
2023-04-26 19:00:00,11.43844133333336,51.04528985000004
2023-04-26 20:00:00,10.147922000000037,45.013083100000046
2023-04-26 21:00:00,0.0,32.50274951666672
2023-04-26 22:00:00,0.0,13.967695866666684
2023-04-26 23:00:00,0.0,5.572727800000005
2023-04-27 00:00:00,0.0,1.6826186499999982
2023-04-27 01:00:00,0.0,6.282596116666673
2023-04-27 02:00:00,0.0,9.170076866666676
2023-04-27 03:00:00,0.0,10.30757033333334
2023-04-27 04:00:00,0.0,10.868787966666677
2023-04-27 05:00:00,0.5234720000000013,16.605149866666682
2023-04-27 06:00:00,12.90942400000003,30.76445966666672
2023-04-27 07:00:00,49.42777666666673,31.703514850000047
2023-04-27 08:00:00,19.5425196666667,39.76062395000002
2023-04-27 09:00:00,15.358317666666691,59.2221041
2023-04-27 10:00:00,15.4296761666667,76.77597758333333
2023-04-27 11:00:00,13.259253666666691,105.5070036833333
2023-04-27 12:00:00,0.0,131.31751968333327
2023-04-27 13:00:00,5.822514333333336,137.70258894999995
2023-04-27 14:00:00,11.267291666666672,143.17008998333327
2023-04-27 15:00:00,11.162492333333342,137.54693563333325
2023-04-27 16:00:00,27.455951666666696,105.1831320833333
2023-04-27 17:00:00,36.53717866666669,61.54745805000009
2023-04-27 18:00:00,2.2642830000000025,61.25050625000009
2023-04-27 19:00:00,10.98024100000003,49.05279465000004
2023-04-27 20:00:00,9.83810800000003,45.25392271666671
2023-04-27 21:00:00,0.0,35.111846833333374
2023-04-27 22:00:00,0.0,15.492874150000016
2023-04-27 23:00:00,0.0,5.1989899833333375
2023-04-28 00:00:00,0.0,2.587614399999999
2023-04-28 01:00:00,0.0,5.697600016666671
2023-04-28 02:00:00,0.0,7.402588650000006
2023-04-28 03:00:00,0.0,9.70607393333334
2023-04-28 04:00:00,0.0,10.697039316666675
2023-04-28 05:00:00,0.426504000000001,17.56933201666668
2023-04-28 06:00:00,11.707344666666705,33.156397566666726
2023-04-28 07:00:00,39.77217100000006,34.20096611666671
2023-04-28 08:00:00,28.323299666666703,38.54514960000001
2023-04-28 09:00:00,12.75179916666669,63.26325343333334
2023-04-28 10:00:00,18.618398166666715,81.16714388333331
2023-04-28 11:00:00,15.92971283333336,98.10475023333332
2023-04-28 12:00:00,0.0,148.83750078333324
2023-04-28 13:00:00,6.779266666666667,145.0272543166666
2023-04-28 14:00:00,11.022328666666672,140.36399666666665
2023-04-28 15:00:00,9.60360433333334,132.16534916666663
2023-04-28 16:00:00,33.47040733333336,95.68957644999998
2023-04-28 17:00:00,25.08156933333336,59.26931543333342
2023-04-28 18:00:00,2.311013000000002,57.19020943333341
2023-04-28 19:00:00,11.850660666666695,47.91211136666671
2023-04-28 20:00:00,10.262853000000028,44.19123476666671
2023-04-28 21:00:00,0.0,34.239022083333374
2023-04-28 22:00:00,0.0,14.438748950000017
2023-04-28 23:00:00,0.0,5.630976666666671
2023-04-29 00:00:00,0.0,2.5226121833333344
2023-04-29 01:00:00,0.0,6.482594783333339
2023-04-29 02:00:00,0.0,8.292582716666672
2023-04-29 03:00:00,0.0,9.445076450000004
2023-04-29 04:00:00,0.0,11.03037148333334
2023-04-29 05:00:00,0.4049280000000008,17.070208050000016
2023-04-29 06:00:00,11.82487333333336,29.50868025000006
2023-04-29 07:00:00,47.41525266666673,32.208355833333385
2023-04-29 08:00:00,38.282422333333365,39.745642650000015
2023-04-29 09:00:00,13.963298000000025,60.07761678333332
2023-04-29 10:00:00,16.90546350000004,69.38654061666668
2023-04-29 11:00:00,13.500312000000024,110.45832455
2023-04-29 12:00:00,0.0,144.24784073333325
2023-04-29 13:00:00,7.86167066666667,148.8478195666666
2023-04-29 14:00:00,9.160342000000004,143.91357299999996
2023-04-29 15:00:00,12.350663666666676,127.13844448333327
2023-04-29 16:00:00,19.612870666666705,93.42942078333331
2023-04-29 17:00:00,23.478926666666705,60.92982751666676
2023-04-29 18:00:00,2.1115160000000026,58.69153146666676
2023-04-29 19:00:00,11.433547000000027,48.117896050000034
2023-04-29 20:00:00,10.847502000000024,43.90547473333337
2023-04-29 21:00:00,0.0,34.108414033333375
2023-04-29 22:00:00,0.0,16.185482900000014
2023-04-29 23:00:00,0.0,5.2780631833333365
2023-04-30 00:00:00,0.0,0.0
2023-04-30 01:00:00,0.0,0.0
2023-04-30 02:00:00,0.0,0.0
2023-04-30 03:00:00,0.0,0.0
2023-04-30 04:00:00,0.0,0.2706640166666664
2023-04-30 05:00:00,0.4464680000000001,5.42218105000001
2023-04-30 06:00:00,11.076167333333363,18.45529373333339
2023-04-30 07:00:00,43.32716633333338,13.097260350000042
2023-04-30 08:00:00,27.855407666666704,2.677471766666667
2023-04-30 09:00:00,15.718474333333363,0.7693998666666636
2023-04-30 10:00:00,17.93943133333337,0.7753449833333301
2023-04-30 11:00:00,13.309266833333355,0.6960167166666635
2023-04-30 12:00:00,0.0,0.6241896499999968
2023-04-30 13:00:00,8.039307333333339,0.6984313833333298
2023-04-30 14:00:00,10.292693000000009,0.5928594666666633
2023-04-30 15:00:00,7.189012999999999,0.6106109333333297
2023-04-30 16:00:00,30.630096333333366,3.589033416666665
2023-04-30 17:00:00,27.360470333333367,32.66013421666675
2023-04-30 18:00:00,2.185071000000004,45.71754555000007
2023-04-30 19:00:00,11.67533400000003,33.33090005000003
2023-04-30 20:00:00,10.27617833333336,31.622359583333367
2023-04-30 21:00:00,0.0,22.620200516666703
2023-04-30 22:00:00,0.0,5.334477416666674
2023-04-30 23:00:00,0.0,0.3362951666666663
2023-05-01 00:00:00,0.0,2.585112966666668
2023-05-01 01:00:00,0.0,6.78259278333334
2023-05-01 02:00:00,0.0,10.06757088333334
2023-05-01 03:00:00,0.0,10.01357143333334
2023-05-01 04:00:00,0.0,10.211575316666677
2023-05-01 05:00:00,0.4840400000000009,17.098855900000014
2023-05-01 06:00:00,11.211581666666703,31.66236866666673
2023-05-01 07:00:00,49.567481000000065,30.715660533333384
2023-05-01 08:00:00,30.0604666666667,30.64175778333335
2023-05-01 09:00:00,14.202895666666688,47.613228316666685
2023-05-01 10:00:00,16.93314833333337,68.02105966666667
2023-05-01 11:00:00,17.14018600000003,110.13875289999996
2023-05-01 12:00:00,0.0,141.24884098333328
2023-05-01 13:00:00,7.794638666666671,138.67681106666663
2023-05-01 14:00:00,7.322006999999998,138.35590861666662
2023-05-01 15:00:00,7.076370333333332,155.1938394999999
2023-05-01 16:00:00,28.8612076666667,99.6930423
2023-05-01 17:00:00,26.455506666666697,61.70304810000009
2023-05-01 18:00:00,2.0255840000000047,60.45593021666675
2023-05-01 19:00:00,12.473039333333364,49.28819860000003
2023-05-01 20:00:00,9.98635233333336,45.57774110000004
2023-05-01 21:00:00,0.0,34.09426385000005
2023-05-01 22:00:00,0.0,14.068968783333345
2023-05-01 23:00:00,0.0,4.216241966666669
2023-05-02 00:00:00,0.0,2.227613733333333
2023-05-02 01:00:00,0.0,6.762592916666671
2023-05-02 02:00:00,0.0,9.53507443333334
2023-05-02 03:00:00,0.0,11.159065616666672
2023-05-02 04:00:00,0.0,12.453470950000003
2023-05-02 05:00:00,0.495448,17.522331683333345
2023-05-02 06:00:00,11.97833033333336,30.180208033333383
2023-05-02 07:00:00,32.89217633333339,32.217952133333384
2023-05-02 08:00:00,25.11628966666669,39.911864816666686
2023-05-02 09:00:00,13.935106666666693,59.3981087
2023-05-02 10:00:00,17.36396583333337,79.17570534999999
2023-05-02 11:00:00,14.268423166666695,119.76915634999996
2023-05-02 12:00:00,0.0,145.7422509999999
2023-05-02 13:00:00,6.105986333333333,143.9640093
2023-05-02 14:00:00,9.402299000000006,145.1516007833333
2023-05-02 15:00:00,9.483947666666674,135.5087144166666
2023-05-02 16:00:00,42.53244333333337,74.99531445000001
2023-05-02 17:00:00,31.49009433333337,53.09228195000008
2023-05-02 18:00:00,2.0318080000000043,63.406915366666766
2023-05-02 19:00:00,12.172089000000028,51.386662400000034
2023-05-02 20:00:00,9.866424333333365,46.22737475000004
2023-05-02 21:00:00,0.0,34.65788431666672
2023-05-02 22:00:00,0.0,14.852881516666685
2023-05-02 23:00:00,0.0,5.741891966666669
2023-05-03 00:00:00,0.0,2.737610300000002
2023-05-03 01:00:00,0.0,7.047591016666676
2023-05-03 02:00:00,0.0,9.770072866666675
2023-05-03 03:00:00,0.0,9.780073250000012
2023-05-03 04:00:00,0.0,11.18085153333334
2023-05-03 05:00:00,0.4792040000000002,16.548765050000018
2023-05-03 06:00:00,11.58228900000003,28.13311655000006
2023-05-03 07:00:00,46.3714463333334,28.62156180000005
2023-05-03 08:00:00,38.92557433333336,34.616086316666674
2023-05-03 09:00:00,15.367405166666687,43.45514691666668
2023-05-03 10:00:00,20.924166500000048,79.85922211666663
2023-05-03 11:00:00,14.57504916666669,118.39175983333328
2023-05-03 12:00:00,0.0,154.89324218333323
2023-05-03 13:00:00,5.539716000000001,145.84039208333328
2023-05-03 14:00:00,7.634675666666669,147.10113699999994
2023-05-03 15:00:00,7.224360333333331,136.08041259999996
2023-05-03 16:00:00,18.892576000000023,93.58800268333331
2023-05-03 17:00:00,24.91686133333336,59.13918356666675
2023-05-03 18:00:00,2.037701000000004,61.18669416666676
2023-05-03 19:00:00,12.159247333333361,49.54338050000004
2023-05-03 20:00:00,10.277844000000028,46.72157138333337
2023-05-03 21:00:00,0.0,33.26779761666671
2023-05-03 22:00:00,0.0,14.218408933333349
2023-05-03 23:00:00,0.0,5.148401566666669
2023-05-04 00:00:00,0.0,2.885109833333335
2023-05-04 01:00:00,0.0,6.560094266666675
2023-05-04 02:00:00,0.0,9.507574616666677
2023-05-04 03:00:00,0.0,10.844065783333344
2023-05-04 04:00:00,0.0,11.357637816666676
2023-05-04 05:00:00,0.3960000000000002,17.897897783333345
2023-05-04 06:00:00,11.738672666666698,31.20384843333339
2023-05-04 07:00:00,44.365790000000075,31.872631816666715
2023-05-04 08:00:00,30.081505000000043,45.58568721666667
2023-05-04 09:00:00,17.558449000000028,67.2198581333333
2023-05-04 10:00:00,16.63841383333337,81.37744949999998
2023-05-04 11:00:00,9.604628333333356,114.5881441166666
2023-05-04 12:00:00,0.0,137.21249316666658
2023-05-04 13:00:00,6.925374333333331,134.35360086666662
2023-05-04 14:00:00,8.186640666666676,136.7584299166666
2023-05-04 15:00:00,9.013821000000002,135.60653388333327
2023-05-04 16:00:00,35.903465000000025,100.50621223333331
2023-05-04 17:00:00,23.4029156666667,57.38877201666675
2023-05-04 18:00:00,2.208135000000004,60.21780536666676
2023-05-04 19:00:00,11.848086666666694,50.71194525000004
2023-05-04 20:00:00,10.526028333333365,45.38300030000004
2023-05-04 21:00:00,0.0,33.90243293333338
2023-05-04 22:00:00,0.0,13.453228450000015
2023-05-04 23:00:00,0.0,4.718400316666669
2023-05-05 00:00:00,0.0,2.6526128833333327
2023-05-05 01:00:00,0.0,5.940098400000005
2023-05-05 02:00:00,0.0,7.952584983333339
2023-05-05 03:00:00,0.0,10.062822616666672
2023-05-05 04:00:00,0.0,11.570577400000008
2023-05-05 05:00:00,0.4413840000000017,18.08653760000001
2023-05-05 06:00:00,11.835626000000032,29.63633396666672
2023-05-05 07:00:00,36.576852666666724,29.168721850000043
2023-05-05 08:00:00,33.83263166666671,47.96644851666668
2023-05-05 09:00:00,14.125976166666693,62.99544796666666
2023-05-05 10:00:00,17.391878666666706,75.9079576833333
2023-05-05 11:00:00,13.063581333333353,104.94707609999996
2023-05-05 12:00:00,0.0,129.35901128333325
2023-05-05 13:00:00,10.412366666666673,147.5779104666666
2023-05-05 14:00:00,12.43096500000001,156.18608388333328
2023-05-05 15:00:00,8.95819033333334,135.21110028333328
2023-05-05 16:00:00,29.48721166666669,98.87411995
2023-05-05 17:00:00,30.045459666666694,60.65811131666676
2023-05-05 18:00:00,2.3622900000000016,63.716344716666754
2023-05-05 19:00:00,11.1529436666667,49.631674383333376
2023-05-05 20:00:00,10.782541000000023,44.77984905000004
2023-05-05 21:00:00,0.0,35.32091333333337
2023-05-05 22:00:00,0.0,14.58252473333335
2023-05-05 23:00:00,0.0,4.711902983333337
2023-05-06 00:00:00,0.0,2.8676098500000005
2023-05-06 01:00:00,0.0,6.905091966666674
2023-05-06 02:00:00,0.0,8.247583016666672
2023-05-06 03:00:00,0.0,9.36507613333334
2023-05-06 04:00:00,0.0,11.56308525000001
2023-05-06 05:00:00,0.4547760000000004,17.488390233333355
2023-05-06 06:00:00,12.933367666666687,29.583772000000053
2023-05-06 07:00:00,38.45640533333339,33.01020015000005
2023-05-06 08:00:00,42.493413666666704,34.92178820000001
2023-05-06 09:00:00,16.4229171666667,64.53862711666666
2023-05-06 10:00:00,18.284551166666706,84.91870721666663
2023-05-06 11:00:00,14.777926500000026,96.65092106666668
2023-05-06 12:00:00,0.0,129.63018954999995
2023-05-06 13:00:00,9.637120333333334,141.08600593333324
2023-05-06 14:00:00,8.936664333333335,141.61615999999992
2023-05-06 15:00:00,8.910680333333335,149.94558448333325
2023-05-06 16:00:00,20.39947800000003,100.51401236666666
2023-05-06 17:00:00,20.610526333333365,63.88117416666675
2023-05-06 18:00:00,2.029322000000004,63.85513853333342
2023-05-06 19:00:00,10.66448400000003,49.11078660000004
2023-05-06 20:00:00,10.191229333333364,45.85671648333337
2023-05-06 21:00:00,0.0,33.49411928333338
2023-05-06 22:00:00,0.0,13.829292350000014
2023-05-06 23:00:00,0.0,4.751488066666671
2023-05-07 00:00:00,0.0,0.0
2023-05-07 01:00:00,0.0,0.0
2023-05-07 02:00:00,0.0,0.0
2023-05-07 03:00:00,0.0,0.0
2023-05-07 04:00:00,0.0,0.2424842166666664
2023-05-07 05:00:00,0.444732,5.386101400000007
2023-05-07 06:00:00,12.64828900000003,18.103504250000054
2023-05-07 07:00:00,53.07015400000006,14.589309250000044
2023-05-07 08:00:00,27.035186666666693,1.8747506999999992
2023-05-07 09:00:00,14.24439750000002,0.6387239499999957
2023-05-07 10:00:00,18.780969000000038,0.6840167833333292
2023-05-07 11:00:00,13.865344500000024,0.6870996666666629
2023-05-07 12:00:00,0.0,0.7136799999999965
2023-05-07 13:00:00,7.614981000000005,0.6533497833333296
2023-05-07 14:00:00,9.183631333333338,0.5315343333333297
2023-05-07 15:00:00,6.814424333333337,0.5840317833333294
2023-05-07 16:00:00,32.1710596666667,3.335426599999995
2023-05-07 17:00:00,18.74368633333337,32.86143770000008
2023-05-07 18:00:00,2.0256080000000023,45.236355833333405
2023-05-07 19:00:00,11.042680666666689,35.9046704166667
2023-05-07 20:00:00,9.348402000000029,32.88337945000003
2023-05-07 21:00:00,0.0,22.887915616666703
2023-05-07 22:00:00,0.0,5.488438350000008
2023-05-07 23:00:00,0.0,0.3770479666666662
2023-05-08 00:00:00,0.0,2.205114016666665
2023-05-08 01:00:00,0.0,6.435095100000005
2023-05-08 02:00:00,0.0,8.617580550000007
2023-05-08 03:00:00,0.0,9.532575516666672
2023-05-08 04:00:00,0.0,10.955456066666672
2023-05-08 05:00:00,0.4266280000000013,17.93529220000001
2023-05-08 06:00:00,11.314518333333364,31.433387133333397
2023-05-08 07:00:00,40.66908166666673,29.25069935000005
2023-05-08 08:00:00,41.33147000000004,31.791119050000017
2023-05-08 09:00:00,14.971074666666691,50.29051416666668
2023-05-08 10:00:00,17.913409333333377,73.5186430333333
2023-05-08 11:00:00,14.321229000000029,107.63316651666663
2023-05-08 12:00:00,0.0,148.71373111666654
2023-05-08 13:00:00,6.376121000000003,154.1410522833333
2023-05-08 14:00:00,9.382811000000002,158.84482508333326
2023-05-08 15:00:00,8.021461000000004,128.8870094333333
2023-05-08 16:00:00,20.12862400000004,101.89996161666664
2023-05-08 17:00:00,33.58890000000003,61.36474378333342
2023-05-08 18:00:00,2.1379040000000042,60.55100670000009
2023-05-08 19:00:00,11.973314333333365,49.57215746666671
2023-05-08 20:00:00,9.75149333333336,45.56309198333337
2023-05-08 21:00:00,0.0,34.25481130000004
2023-05-08 22:00:00,0.0,15.162102750000011
2023-05-08 23:00:00,0.0,4.931981616666669
2023-05-09 00:00:00,0.0,3.017611800000002
2023-05-09 01:00:00,0.0,7.145090366666671
2023-05-09 02:00:00,0.0,9.057577616666672
2023-05-09 03:00:00,0.0,9.87157278333334
2023-05-09 04:00:00,0.0,11.39192868333334
2023-05-09 05:00:00,0.3600400000000004,17.444942416666684
2023-05-09 06:00:00,11.729175666666698,31.29471840000005
2023-05-09 07:00:00,48.214658333333404,35.68125690000005
2023-05-09 08:00:00,31.45396500000004,34.529444233333344
2023-05-09 09:00:00,13.895811000000023,59.98501433333333
2023-05-09 10:00:00,17.269424833333368,70.23372771666665
2023-05-09 11:00:00,13.385136333333357,97.48126093333332
2023-05-09 12:00:00,0.0,136.4623496833333
2023-05-09 13:00:00,7.982088666666673,152.1309937999999
2023-05-09 14:00:00,9.439650333333342,153.7374096166666
2023-05-09 15:00:00,8.456724333333334,137.41160801666658
2023-05-09 16:00:00,35.3456246666667,83.64113358333333
2023-05-09 17:00:00,18.24851600000004,60.48765683333343
2023-05-09 18:00:00,1.992630000000003,60.64203760000008
2023-05-09 19:00:00,12.183164333333362,50.56334120000004
2023-05-09 20:00:00,10.442745000000023,46.45192075000004
2023-05-09 21:00:00,0.0,34.88192745000005
2023-05-09 22:00:00,0.0,14.344645666666684
2023-05-09 23:00:00,0.0,4.131983733333336
2023-05-10 00:00:00,0.0,3.230107850000001
2023-05-10 01:00:00,0.0,7.21258991666667
2023-05-10 02:00:00,0.0,9.55757428333334
2023-05-10 03:00:00,0.0,10.322570283333338
2023-05-10 04:00:00,0.0,11.462560700000004
2023-05-10 05:00:00,0.4278680000000013,16.084765816666682
2023-05-10 06:00:00,12.458369000000028,29.753130383333392
2023-05-10 07:00:00,39.813536000000056,36.09608551666672
2023-05-10 08:00:00,29.79527700000003,40.050320000000006
2023-05-10 09:00:00,16.96934583333336,56.20546076666666
2023-05-10 10:00:00,16.01378100000003,78.86063321666663
2023-05-10 11:00:00,11.635296500000024,104.6393414333333
2023-05-10 12:00:00,0.0,138.4246756499999
2023-05-10 13:00:00,6.146638000000003,139.89516196666665
2023-05-10 14:00:00,10.358360666666671,137.11525651666662
2023-05-10 15:00:00,7.708463999999998,146.05693228333328
2023-05-10 16:00:00,32.643561666666706,98.7474647833333
2023-05-10 17:00:00,33.6789276666667,57.298825233333424
2023-05-10 18:00:00,2.1887970000000014,60.142067250000096
2023-05-10 19:00:00,11.6614836666667,49.9669276166667
2023-05-10 20:00:00,9.999677666666695,45.21562661666671
2023-05-10 21:00:00,0.0,34.33352283333338
2023-05-10 22:00:00,0.0,15.172417450000015
2023-05-10 23:00:00,0.0,5.445319300000005
2023-05-11 00:00:00,0.0,2.290113549999999
2023-05-11 01:00:00,0.0,5.645100366666672
2023-05-11 02:00:00,0.0,7.860085600000006
2023-05-11 03:00:00,0.0,9.34257673333334
2023-05-11 04:00:00,0.0,10.548788216666672
2023-05-11 05:00:00,0.4803200000000005,16.453953983333346
2023-05-11 06:00:00,12.288817666666693,29.657696600000055
2023-05-11 07:00:00,40.74556933333339,30.47489960000005
2023-05-11 08:00:00,38.15210033333337,49.37083271666667
2023-05-11 09:00:00,15.988978000000031,54.65509685
2023-05-11 10:00:00,15.675319166666705,75.06662524999999
2023-05-11 11:00:00,13.597737500000024,106.60881546666664
2023-05-11 12:00:00,0.0,137.4437389333333
2023-05-11 13:00:00,6.230825666666669,144.16254629999997
2023-05-11 14:00:00,7.978097666666667,147.6249965499999
2023-05-11 15:00:00,10.897800666666672,132.6387667166666
2023-05-11 16:00:00,20.694208333333368,104.00109848333332
2023-05-11 17:00:00,29.82889466666669,63.81747183333343
2023-05-11 18:00:00,2.182036000000003,61.88231580000009
2023-05-11 19:00:00,11.590185333333366,50.96564398333338
2023-05-11 20:00:00,9.971361333333364,46.541425533333374
2023-05-11 21:00:00,0.0,33.231424283333375
2023-05-11 22:00:00,0.0,15.54678308333335
2023-05-11 23:00:00,0.0,5.572733250000003
2023-05-12 00:00:00,0.0,2.1001154333333334
2023-05-12 01:00:00,0.0,6.832592450000008
2023-05-12 02:00:00,0.0,8.950078333333341
2023-05-12 03:00:00,0.0,10.532568400000008
2023-05-12 04:00:00,0.0,11.281904566666675
2023-05-12 05:00:00,0.3693400000000007,17.902409166666683
2023-05-12 06:00:00,11.564125333333358,31.79053836666673
2023-05-12 07:00:00,32.943516666666724,31.09254921666672
2023-05-12 08:00:00,42.52185166666671,34.81299003333334
2023-05-12 09:00:00,16.02126516666669,59.93607386666665
2023-05-12 10:00:00,15.3577066666667,66.78054871666666
2023-05-12 11:00:00,12.608909000000024,119.44413604999995
2023-05-12 12:00:00,0.0,158.14839333333327
2023-05-12 13:00:00,6.588604000000003,139.89732904999994
2023-05-12 14:00:00,7.181359333333333,140.7774141666666
2023-05-12 15:00:00,10.671323666666677,143.73201669999992
2023-05-12 16:00:00,19.21000733333336,94.75495436666664
2023-05-12 17:00:00,36.37729733333337,54.22177315000009
2023-05-12 18:00:00,2.265334000000005,59.872686983333416
2023-05-12 19:00:00,12.263560333333363,48.90197668333337
2023-05-12 20:00:00,9.9347166666667,44.78851086666671
2023-05-12 21:00:00,0.0,33.559535983333376
2023-05-12 22:00:00,0.0,13.775139283333347
2023-05-12 23:00:00,0.0,4.748244550000002
2023-05-13 00:00:00,0.0,3.187607416666668
2023-05-13 01:00:00,0.0,7.335089100000007
2023-05-13 02:00:00,0.0,9.18257678333334
2023-05-13 03:00:00,0.0,10.112571200000009
2023-05-13 04:00:00,0.0,10.709132616666672
2023-05-13 05:00:00,0.4498160000000002,15.943004200000011
2023-05-13 06:00:00,11.394879000000032,30.836649466666728
2023-05-13 07:00:00,39.524173000000076,34.864514283333385
2023-05-13 08:00:00,40.11078566666671,38.19663463333334
2023-05-13 09:00:00,14.549528500000022,64.68542158333331
2023-05-13 10:00:00,16.882551666666703,92.49669298333332
2023-05-13 11:00:00,15.116108500000022,101.51816146666664
2023-05-13 12:00:00,0.0,125.99599926666662
2023-05-13 13:00:00,7.256667666666664,144.03966105
2023-05-13 14:00:00,10.113932666666676,141.4180068833333
2023-05-13 15:00:00,6.249467333333332,150.22143363333325
2023-05-13 16:00:00,18.056157333333363,87.57036744999999
2023-05-13 17:00:00,30.190986333333367,62.11508433333342
2023-05-13 18:00:00,2.188443000000002,59.69458333333343
2023-05-13 19:00:00,12.335411000000017,50.80221143333337
2023-05-13 20:00:00,10.645956333333364,46.72649773333337
2023-05-13 21:00:00,0.0,34.976706833333374
2023-05-13 22:00:00,0.0,16.01716961666668
2023-05-13 23:00:00,0.0,4.910320616666668
2023-05-14 00:00:00,0.0,0.0
2023-05-14 01:00:00,0.0,0.0
2023-05-14 02:00:00,0.0,0.0
2023-05-14 03:00:00,0.0,0.0
2023-05-14 04:00:00,0.0,0.1951289333333331
2023-05-14 05:00:00,0.4245200000000007,5.282132633333343
2023-05-14 06:00:00,10.890401000000033,16.804760600000048
2023-05-14 07:00:00,28.03651933333339,13.539597133333372
2023-05-14 08:00:00,30.99651833333337,1.7707261333333304
2023-05-14 09:00:00,14.723908500000023,0.7459171999999964
2023-05-14 10:00:00,15.496521000000037,0.6976845833333302
2023-05-14 11:00:00,11.627470666666689,0.6507712666666627
2023-05-14 12:00:00,0.0,0.5960290499999961
2023-05-14 13:00:00,7.841475000000005,0.6586082666666628
2023-05-14 14:00:00,8.804828,0.6367778499999969
2023-05-14 15:00:00,10.580535333333335,0.6141082999999967
2023-05-14 16:00:00,40.497845000000034,4.218912233333333
2023-05-14 17:00:00,31.45561600000003,32.877154100000084
2023-05-14 18:00:00,2.1272930000000043,47.69339700000008
2023-05-14 19:00:00,12.722697000000021,35.4875427166667
2023-05-14 20:00:00,10.114608666666696,32.84868828333337
2023-05-14 21:00:00,0.0,22.710343016666705
2023-05-14 22:00:00,0.0,5.600054566666674
2023-05-14 23:00:00,0.0,0.347631133333333
2023-05-15 00:00:00,0.0,1.9626167333333333
2023-05-15 01:00:00,0.0,5.180103466666669
2023-05-15 02:00:00,0.0,8.315082566666671
2023-05-15 03:00:00,0.0,9.99757208333334
2023-05-15 04:00:00,0.0,11.45364428333334
2023-05-15 05:00:00,0.4505600000000008,17.887883616666688
2023-05-15 06:00:00,11.751691333333362,29.468578066666726
2023-05-15 07:00:00,33.43090366666673,34.86237516666672
2023-05-15 08:00:00,24.14963733333336,37.35769823333335
2023-05-15 09:00:00,12.99353766666669,56.61438370000001
2023-05-15 10:00:00,16.52435833333337,72.62946698333333
2023-05-15 11:00:00,13.907823500000028,111.39948299999996
2023-05-15 12:00:00,0.0,147.12323954999994
2023-05-15 13:00:00,8.536213333333336,147.02506726666658
2023-05-15 14:00:00,10.02390566666667,139.1414037833333
2023-05-15 15:00:00,12.125361333333345,144.5599161499999
2023-05-15 16:00:00,36.96472633333337,87.96904931666666
2023-05-15 17:00:00,32.855068333333364,62.111180900000086
2023-05-15 18:00:00,2.1635070000000027,59.61575110000008
2023-05-15 19:00:00,12.037285666666696,48.62900148333337
2023-05-15 20:00:00,10.66594433333336,46.67284815000004
2023-05-15 21:00:00,0.0,34.93485511666672
2023-05-15 22:00:00,0.0,14.500153283333349
2023-05-15 23:00:00,0.0,4.577238050000003
2023-05-16 00:00:00,0.0,1.6676191833333325
2023-05-16 01:00:00,0.0,5.3176025500000055
2023-05-16 02:00:00,0.0,8.460081600000008
2023-05-16 03:00:00,0.0,10.18257088333334
2023-05-16 04:00:00,0.0,11.845536200000003
2023-05-16 05:00:00,0.4532880000000012,16.743170966666682
2023-05-16 06:00:00,11.800226333333368,32.5567172833334
2023-05-16 07:00:00,36.71784600000007,29.44493545000005
2023-05-16 08:00:00,25.14805933333337,42.83893610000001
2023-05-16 09:00:00,11.305331333333354,62.42049846666666
2023-05-16 10:00:00,15.6953771666667,74.78527514999999
2023-05-16 11:00:00,14.07966916666669,122.26088013333327
2023-05-16 12:00:00,0.0,138.17373088333326
2023-05-16 13:00:00,8.025970000000004,135.83480696666663
2023-05-16 14:00:00,10.52865500000001,145.28713769999993
2023-05-16 15:00:00,10.479831666666673,133.8550123166666
2023-05-16 16:00:00,37.15998633333336,95.75111061666664
2023-05-16 17:00:00,33.64103300000002,57.88755876666675
2023-05-16 18:00:00,2.044072000000005,61.82438885000008
2023-05-16 19:00:00,11.302785666666692,50.20927358333337
2023-05-16 20:00:00,10.33281100000002,44.53993006666671
2023-05-16 21:00:00,0.0,31.28059230000004
2023-05-16 22:00:00,0.0,13.626667333333348
2023-05-16 23:00:00,0.0,4.89064536666667
2023-05-17 00:00:00,0.0,2.2951159666666654
2023-05-17 01:00:00,0.0,5.957598283333336
2023-05-17 02:00:00,0.0,8.770079533333341
2023-05-17 03:00:00,0.0,9.370076050000009
2023-05-17 04:00:00,0.0,11.480435566666674
2023-05-17 05:00:00,0.4770960000000011,17.45182323333335
2023-05-17 06:00:00,11.28977400000003,29.688211700000053
2023-05-17 07:00:00,40.637236000000065,27.28232215000005
2023-05-17 08:00:00,36.20394900000005,39.102476016666685
2023-05-17 09:00:00,14.422552000000024,55.2728858
2023-05-17 10:00:00,17.251851000000034,76.91130531666664
2023-05-17 11:00:00,12.131889166666689,108.3154213833333
2023-05-17 12:00:00,0.0,125.36034474999992
2023-05-17 13:00:00,6.922558000000002,145.3517283166666
2023-05-17 14:00:00,10.116058333333338,147.9752330166666
2023-05-17 15:00:00,10.289047333333343,143.77117069999997
2023-05-17 16:00:00,28.98949000000003,109.15224694999996
2023-05-17 17:00:00,21.46351000000003,63.90806636666675
2023-05-17 18:00:00,2.0659550000000033,63.29721756666675
2023-05-17 19:00:00,11.915968333333359,50.24654905000004
2023-05-17 20:00:00,9.789803666666694,46.909680383333374
2023-05-17 21:00:00,0.0,34.97774108333338
2023-05-17 22:00:00,0.0,15.348372000000014
2023-05-17 23:00:00,0.0,4.135981466666668
2023-05-18 00:00:00,0.0,2.5951114
2023-05-18 01:00:00,0.0,6.867592216666671
2023-05-18 02:00:00,0.0,9.360075600000004
2023-05-18 03:00:00,0.0,9.63007508333334
2023-05-18 04:00:00,0.0,10.144920833333336
2023-05-18 05:00:00,0.4702760000000008,16.812760800000014
2023-05-18 06:00:00,11.450884666666699,31.875434916666723
2023-05-18 07:00:00,42.517959333333394,36.33174236666672
2023-05-18 08:00:00,24.654329000000036,33.469326883333345
2023-05-18 09:00:00,16.656739500000032,61.86256109999999
2023-05-18 10:00:00,15.691362833333368,78.35995644999998
2023-05-18 11:00:00,15.801299333333365,96.31600336666668
2023-05-18 12:00:00,0.0,126.20893403333328
2023-05-18 13:00:00,6.524923333333331,158.71397689999995
2023-05-18 14:00:00,8.421566666666665,149.85549778333328
2023-05-18 15:00:00,9.09999566666667,138.7899447499999
2023-05-18 16:00:00,40.30306900000003,100.09760714999996
2023-05-18 17:00:00,22.848098666666697,56.35113081666675
2023-05-18 18:00:00,1.9996150000000052,59.40223940000008
2023-05-18 19:00:00,11.501704333333361,49.49187381666671
2023-05-18 20:00:00,10.32947966666669,44.70417520000005
2023-05-18 21:00:00,0.0,33.408810250000045
2023-05-18 22:00:00,0.0,14.667407016666685
2023-05-18 23:00:00,0.0,5.070647666666668
2023-05-19 00:00:00,0.0,1.8501177333333327
2023-05-19 01:00:00,0.0,6.047597683333336
2023-05-19 02:00:00,0.0,8.27008286666667
2023-05-19 03:00:00,0.0,9.532575466666673
2023-05-19 04:00:00,0.0,11.32816888333334
2023-05-19 05:00:00,0.4432440000000007,16.455165616666683
2023-05-19 06:00:00,11.93528033333337,32.248212200000054
2023-05-19 07:00:00,38.42260400000006,31.759879300000048
2023-05-19 08:00:00,31.37342033333336,39.86172075000002
2023-05-19 09:00:00,15.038932000000024,51.90651056666668
2023-05-19 10:00:00,15.837244333333368,71.09328103333333
2023-05-19 11:00:00,13.118259333333356,114.32681265
2023-05-19 12:00:00,0.0,151.2815702666666
2023-05-19 13:00:00,7.991624666666672,152.75148258333326
2023-05-19 14:00:00,7.585818333333335,145.76482518333324
2023-05-19 15:00:00,10.577305666666676,136.82701854999996
2023-05-19 16:00:00,33.1015106666667,86.60271695
2023-05-19 17:00:00,28.832460666666694,57.57700743333343
2023-05-19 18:00:00,2.213189000000005,61.352047333333424
2023-05-19 19:00:00,11.974256666666694,49.51685180000004
2023-05-19 20:00:00,10.204554666666692,46.90069866666671
2023-05-19 21:00:00,0.0,33.65842948333338
2023-05-19 22:00:00,0.0,13.248177983333346
2023-05-19 23:00:00,0.0,5.115564616666668
2023-05-20 00:00:00,0.0,1.4926204333333324
2023-05-20 01:00:00,0.0,6.012597916666671
2023-05-20 02:00:00,0.0,7.93758508333334
2023-05-20 03:00:00,0.0,10.47506908333334
2023-05-20 04:00:00,0.0,12.155033166666673
2023-05-20 05:00:00,0.4643240000000008,18.30412080000001
2023-05-20 06:00:00,11.914474000000027,29.32212393333339
2023-05-20 07:00:00,30.1712843333334,32.44594395000005
2023-05-20 08:00:00,41.67213400000004,41.16079195000001
2023-05-20 09:00:00,15.610889666666695,64.99146521666667
2023-05-20 10:00:00,15.846211000000036,86.57037584999998
2023-05-20 11:00:00,13.91206150000002,113.54991723333332
2023-05-20 12:00:00,0.0,128.61725433333328
2023-05-20 13:00:00,5.761010333333336,136.60815634999992
2023-05-20 14:00:00,9.935916666666667,152.2550551499999
2023-05-20 15:00:00,8.563389000000003,136.81926378333327
2023-05-20 16:00:00,29.029711333333367,90.37004980000002
2023-05-20 17:00:00,35.150139666666696,58.61580463333342
2023-05-20 18:00:00,1.8966900000000047,61.36816910000009
2023-05-20 19:00:00,11.5825146666667,49.63778810000004
2023-05-20 20:00:00,10.276178333333366,46.40988750000004
2023-05-20 21:00:00,0.0,34.60456933333337
2023-05-20 22:00:00,0.0,14.317128250000016
2023-05-20 23:00:00,0.0,5.1567317666666685
2023-05-21 00:00:00,0.0,0.0
2023-05-21 01:00:00,0.0,0.0
2023-05-21 02:00:00,0.0,0.0
2023-05-21 03:00:00,0.0,0.0
2023-05-21 04:00:00,0.0,0.272048783333333
2023-05-21 05:00:00,0.4196840000000001,5.5175760500000095
2023-05-21 06:00:00,12.09091900000003,19.054361783333388
2023-05-21 07:00:00,34.63185533333339,13.994700766666709
2023-05-21 08:00:00,16.0404796666667,2.366723283333332
2023-05-21 09:00:00,13.655068000000025,0.5455939999999977
2023-05-21 10:00:00,18.096790333333377,0.5546067666666642
2023-05-21 11:00:00,15.281514333333359,0.5770272999999967
2023-05-21 12:00:00,0.0,0.5648627166666641
2023-05-21 13:00:00,7.946826333333337,0.644439266666663
2023-05-21 14:00:00,12.30968366666668,0.7663507166666631
2023-05-21 15:00:00,10.00424500000001,0.7693491166666623
2023-05-21 16:00:00,37.66612000000004,3.062824749999997
2023-05-21 17:00:00,38.55975600000002,32.98836415000008
2023-05-21 18:00:00,2.110093000000005,45.852538583333406
2023-05-21 19:00:00,12.219317333333368,35.922098833333365
2023-05-21 20:00:00,10.632631000000028,32.31488978333337
2023-05-21 21:00:00,0.0,22.194173883333374
2023-05-21 22:00:00,0.0,5.8288606000000085
2023-05-21 23:00:00,0.0,0.3578060999999996
2023-05-22 00:00:00,0.0,2.947610733333333
2023-05-22 01:00:00,0.0,6.840092400000005
2023-05-22 02:00:00,0.0,9.127577150000008
2023-05-22 03:00:00,0.0,10.690067650000012
2023-05-22 04:00:00,0.0,12.074727566666676
2023-05-22 05:00:00,0.4467160000000004,18.22160925000001
2023-05-22 06:00:00,11.841581666666698,32.31808098333339
2023-05-22 07:00:00,42.23139300000008,30.60035995000005
2023-05-22 08:00:00,28.35278200000004,39.93481035000001
2023-05-22 09:00:00,16.975073833333365,67.99048759999997
2023-05-22 10:00:00,17.199630500000037,80.11579859999996
2023-05-22 11:00:00,13.403950166666691,98.80398693333332
2023-05-22 12:00:00,0.0,143.13991129999994
2023-05-22 13:00:00,7.308548000000004,144.34974711666658
2023-05-22 14:00:00,8.22309466666667,144.99384533333324
2023-05-22 15:00:00,7.746248333333331,136.20502553333327
2023-05-22 16:00:00,40.00434833333336,92.84774875
2023-05-22 17:00:00,21.21196300000004,57.55430075000008
2023-05-22 18:00:00,2.2274790000000015,61.394755183333416
2023-05-22 19:00:00,11.570337666666694,49.62709525000004
2023-05-22 20:00:00,10.461067333333364,46.646881233333374
2023-05-22 21:00:00,0.0,33.8146520666667
2023-05-22 22:00:00,0.0,14.838243600000016
2023-05-22 23:00:00,0.0,4.643401233333336
2023-05-23 00:00:00,0.0,1.7401191333333317
2023-05-23 01:00:00,0.0,5.677600150000003
2023-05-23 02:00:00,0.0,8.175083500000005
2023-05-23 03:00:00,0.0,10.826316216666672
2023-05-23 04:00:00,0.0,11.569406266666672
2023-05-23 05:00:00,0.4470880000000004,17.44664948333335
2023-05-23 06:00:00,11.314416666666691,31.952284050000056
2023-05-23 07:00:00,35.01620566666673,31.154301616666707
2023-05-23 08:00:00,33.049994333333366,38.23335250000001
2023-05-23 09:00:00,14.489020166666698,64.75901408333334
2023-05-23 10:00:00,18.17948850000004,66.2149831
2023-05-23 11:00:00,12.918724166666694,93.82984525
2023-05-23 12:00:00,0.0,152.22066713333325
2023-05-23 13:00:00,6.828729666666669,170.54205414999993
2023-05-23 14:00:00,9.805238000000005,137.42924463333327
2023-05-23 15:00:00,8.621057666666667,132.2743454833333
2023-05-23 16:00:00,24.54961500000003,95.6779251
2023-05-23 17:00:00,39.01294533333336,61.25425966666676
2023-05-23 18:00:00,2.1219730000000023,60.97637348333343
2023-05-23 19:00:00,11.652647666666699,47.5378606166667
2023-05-23 20:00:00,10.989083666666692,44.00580013333337
2023-05-23 21:00:00,0.0,33.877962766666705
2023-05-23 22:00:00,0.0,14.40547381666668
2023-05-23 23:00:00,0.0,5.076980983333334
2023-05-24 00:00:00,0.0,1.8076184833333324
2023-05-24 01:00:00,0.0,5.602600650000006
2023-05-24 02:00:00,0.0,7.865085566666672
2023-05-24 03:00:00,0.0,7.917586383333339
2023-05-24 04:00:00,0.0,8.90462838333334
2023-05-24 05:00:00,0.4284880000000008,15.459730283333348
2023-05-24 06:00:00,11.91988166666669,31.81644228333339
2023-05-24 07:00:00,32.84051433333339,30.71756856666672
2023-05-24 08:00:00,37.39368100000004,47.19129858333334
2023-05-24 09:00:00,15.35355650000003,55.68394586666668
2023-05-24 10:00:00,15.282946000000031,71.46464984999999
2023-05-24 11:00:00,14.185244666666694,99.2289997
2023-05-24 12:00:00,0.0,129.4111800166666
2023-05-24 13:00:00,5.658681999999997,144.0411505833333
2023-05-24 14:00:00,9.585775000000009,151.75897823333324
2023-05-24 15:00:00,8.69605466666667,139.0374962166666
2023-05-24 16:00:00,35.89853133333336,101.72115201666664
2023-05-24 17:00:00,27.36849033333337,63.39002021666676
2023-05-24 18:00:00,2.0795300000000028,64.11232873333341
2023-05-24 19:00:00,10.873566333333363,52.20078988333337
2023-05-24 20:00:00,10.742565000000027,47.75281721666671
2023-05-24 21:00:00,0.0,34.318658983333385
2023-05-24 22:00:00,0.0,15.33391111666668
2023-05-24 23:00:00,0.0,5.085234933333335
2023-05-25 00:00:00,0.0,1.6976179666666646
2023-05-25 01:00:00,0.0,6.337595750000003
2023-05-25 02:00:00,0.0,9.690073400000008
2023-05-25 03:00:00,0.0,11.282563866666676
2023-05-25 04:00:00,0.0,11.989482400000009
2023-05-25 05:00:00,0.4307200000000009,19.10664583333335
2023-05-25 06:00:00,12.145027333333358,34.01377896666672
2023-05-25 07:00:00,41.617734666666735,32.78622493333338
2023-05-25 08:00:00,37.47902900000002,40.17101091666668
2023-05-25 09:00:00,16.120022500000033,54.5032774
2023-05-25 10:00:00,14.924837000000036,71.36721271666666
2023-05-25 11:00:00,12.049436500000025,127.91391096666662
2023-05-25 12:00:00,0.0,143.2461668999999
2023-05-25 13:00:00,10.092562333333335,144.68990004999995
2023-05-25 14:00:00,8.093607666666669,131.63509393333328
2023-05-25 15:00:00,11.199291666666674,138.7324578666666
2023-05-25 16:00:00,26.80160433333337,93.98780511666668
2023-05-25 17:00:00,32.721008666666705,60.40221081666676
2023-05-25 18:00:00,2.1170900000000024,60.11844221666675
2023-05-25 19:00:00,11.731811000000032,50.11800380000004
2023-05-25 20:00:00,9.33674233333336,46.37719585000004
2023-05-25 21:00:00,0.0,33.892594466666715
2023-05-25 22:00:00,0.0,14.740032450000012
2023-05-25 23:00:00,0.0,5.27939406666667
2023-05-26 00:00:00,0.0,2.5851133833333364
2023-05-26 01:00:00,0.0,6.70759328333334
2023-05-26 02:00:00,0.0,9.710073266666674
2023-05-26 03:00:00,0.0,11.375063733333343
2023-05-26 04:00:00,0.0,11.368251133333342
2023-05-26 05:00:00,0.4687880000000011,16.95247785000002
2023-05-26 06:00:00,11.708841666666702,31.423026266666728
2023-05-26 07:00:00,44.95885300000006,37.89645408333339
2023-05-26 08:00:00,30.15644100000003,44.59371648333335
2023-05-26 09:00:00,15.602202666666695,55.54214385
2023-05-26 10:00:00,15.57995683333337,78.80680529999998
2023-05-26 11:00:00,13.460551666666689,112.33623566666664
2023-05-26 12:00:00,0.0,138.11625473333325
2023-05-26 13:00:00,9.27117033333334,144.49307951666657
2023-05-26 14:00:00,10.420382666666672,146.39334126666662
2023-05-26 15:00:00,8.083794333333346,135.1916776
2023-05-26 16:00:00,23.187477666666705,98.89313613333331
2023-05-26 17:00:00,33.80984400000003,57.603783100000086
2023-05-26 18:00:00,2.0741980000000044,60.09057541666675
2023-05-26 19:00:00,11.790448333333359,47.92059210000004
2023-05-26 20:00:00,10.339473666666692,45.53171155000004
2023-05-26 21:00:00,0.0,34.672220916666724
2023-05-26 22:00:00,0.0,14.502159233333348
2023-05-26 23:00:00,0.0,5.18648466666667
2023-05-27 00:00:00,0.0,3.225108216666668
2023-05-27 01:00:00,0.0,7.507587950000006
2023-05-27 02:00:00,0.0,10.755066300000005
2023-05-27 03:00:00,0.0,10.964065300000003
2023-05-27 04:00:00,0.0,10.910773066666671
2023-05-27 05:00:00,0.4372920000000012,17.395038483333344
2023-05-27 06:00:00,11.860890666666693,30.70376285000006
2023-05-27 07:00:00,40.81327933333339,30.417420950000043
2023-05-27 08:00:00,35.7652196666667,44.58133618333335
2023-05-27 09:00:00,15.71595550000003,67.31759339999998
2023-05-27 10:00:00,14.970375333333365,65.90813370000001
2023-05-27 11:00:00,14.740594666666695,108.28898871666664
2023-05-27 12:00:00,0.0,148.40101258333326
2023-05-27 13:00:00,5.140422666666665,140.64091789999995
2023-05-27 14:00:00,10.877862666666676,151.5407526666666
2023-05-27 15:00:00,10.714531333333344,135.81136784999995
2023-05-27 16:00:00,28.07688900000003,90.96670423333332
2023-05-27 17:00:00,25.69264433333337,61.140946550000095
2023-05-27 18:00:00,2.1023400000000017,61.10413700000008
2023-05-27 19:00:00,11.213019333333367,48.09107785000004
2023-05-27 20:00:00,10.409431666666691,45.385941833333376
2023-05-27 21:00:00,0.0,34.28896273333337
2023-05-27 22:00:00,0.0,14.082428433333346
2023-05-27 23:00:00,0.0,4.864904950000004
2023-05-28 00:00:00,0.0,0.0
2023-05-28 01:00:00,0.0,0.0
2023-05-28 02:00:00,0.0,0.0
2023-05-28 03:00:00,0.0,0.0
2023-05-28 04:00:00,0.0,0.1963084499999998
2023-05-28 05:00:00,0.4386560000000004,5.114760650000008
2023-05-28 06:00:00,10.990362333333362,18.849930850000053
2023-05-28 07:00:00,40.338654000000055,13.88510958333337
2023-05-28 08:00:00,31.68894300000004,2.0848596999999978
2023-05-28 09:00:00,16.708231000000026,0.6111572666666634
2023-05-28 10:00:00,14.941314000000036,0.6111074833333299
2023-05-28 11:00:00,13.046760500000024,0.6355997166666634
2023-05-28 12:00:00,0.0,0.6620960833333299
2023-05-28 13:00:00,4.425989666666665,0.6561013333333298
2023-05-28 14:00:00,10.325829666666676,0.6336066333333293
2023-05-28 15:00:00,12.15053300000001,0.5795298499999969
2023-05-28 16:00:00,29.033568666666703,3.4024022833333305
2023-05-28 17:00:00,30.393577333333365,32.01848731666674
2023-05-28 18:00:00,2.3886780000000045,46.177725416666746
2023-05-28 19:00:00,12.03567200000003,35.88902560000004
2023-05-28 20:00:00,9.87142133333336,33.25688155000003
2023-05-28 21:00:00,0.0,22.370944366666706
2023-05-28 22:00:00,0.0,5.170675366666677
2023-05-28 23:00:00,0.0,0.3091400499999995
2023-05-29 00:00:00,0.0,1.7176168333333328
2023-05-29 01:00:00,0.0,5.047604350000003
2023-05-29 02:00:00,0.0,7.590087400000005
2023-05-29 03:00:00,0.0,8.782580716666674
2023-05-29 04:00:00,0.0,10.240015566666672
2023-05-29 05:00:00,0.4763520000000009,16.251581200000018
2023-05-29 06:00:00,12.318579666666698,31.858447966666727
2023-05-29 07:00:00,32.91339633333339,31.28620616666671
2023-05-29 08:00:00,38.63111833333337,42.879338933333344
2023-05-29 09:00:00,15.047747666666694,58.810059716666665
2023-05-29 10:00:00,16.663322666666712,78.32279516666667
2023-05-29 11:00:00,14.906948833333356,106.7087562833333
2023-05-29 12:00:00,0.0,132.34117996666663
2023-05-29 13:00:00,8.287933000000002,143.13275176666656
2023-05-29 14:00:00,10.238893666666677,147.75374808333328
2023-05-29 15:00:00,10.175402666666672,139.76394494999994
2023-05-29 16:00:00,27.12846733333336,96.46525841666664
2023-05-29 17:00:00,22.36905633333336,62.46161591666676
2023-05-29 18:00:00,2.086527000000003,61.65801215000008
2023-05-29 19:00:00,11.013271666666693,51.29171858333337
2023-05-29 20:00:00,9.849767666666692,46.818700083333376
2023-05-29 21:00:00,0.0,36.698953033333375
2023-05-29 22:00:00,0.0,15.50783163333335
2023-05-29 23:00:00,0.0,4.999819833333337
2023-05-30 00:00:00,0.0,3.5026055000000027
2023-05-30 01:00:00,0.0,6.825092500000007
2023-05-30 02:00:00,0.0,9.17507683333334
2023-05-30 03:00:00,0.0,10.937566616666674
2023-05-30 04:00:00,0.0,12.069543700000008
2023-05-30 05:00:00,0.4856520000000008,18.468970350000017
2023-05-30 06:00:00,11.3120836666667,29.33378111666672
2023-05-30 07:00:00,28.855651666666727,32.83002703333338
2023-05-30 08:00:00,35.81979600000003,38.017083483333344
2023-05-30 09:00:00,16.425326666666695,65.35624346666665
2023-05-30 10:00:00,18.12017583333337,81.17330144999995
2023-05-30 11:00:00,12.92226550000002,102.0547453333333
2023-05-30 12:00:00,0.0,142.07433519999995
2023-05-30 13:00:00,7.9376356666666705,138.7031709333333
2023-05-30 14:00:00,9.04118633333334,135.11091691666658
2023-05-30 15:00:00,10.614829666666672,133.23492989999997
2023-05-30 16:00:00,33.39172700000003,92.0123631
2023-05-30 17:00:00,28.94565933333336,66.96180873333343
2023-05-30 18:00:00,2.0936420000000027,60.07586280000009
2023-05-30 19:00:00,12.080277666666689,49.3859648166667
2023-05-30 20:00:00,10.049647666666695,45.788254383333374
2023-05-30 21:00:00,0.0,34.224504500000045
2023-05-30 22:00:00,0.0,15.013565350000013
2023-05-30 23:00:00,0.0,5.105400933333336
2023-05-31 00:00:00,0.0,2.400113016666668
2023-05-31 01:00:00,0.0,6.165096900000004
2023-05-31 02:00:00,0.0,8.67258018333334
2023-05-31 03:00:00,0.0,10.330070366666677
2023-05-31 04:00:00,0.0,11.40950343333334
2023-05-31 05:00:00,0.4363000000000008,17.17174440000002
2023-05-31 06:00:00,12.060029000000027,29.052668283333396
2023-05-31 07:00:00,27.497222666666723,33.65984748333338
2023-05-31 08:00:00,43.54572200000004,50.705571033333335
2023-05-31 09:00:00,13.834182000000022,48.332663433333344
2023-05-31 10:00:00,15.329179166666707,62.59330843333334
2023-05-31 11:00:00,15.372929000000024,97.79093011666664
2023-05-31 12:00:00,0.0,154.3882507999999
2023-05-31 13:00:00,7.496119666666667,148.91082883333328
2023-05-31 14:00:00,10.950131000000008,144.77717259999994
2023-05-31 15:00:00,10.639879666666676,128.3826799666666
2023-05-31 16:00:00,31.136068333333363,103.99831018333332
2023-05-31 17:00:00,23.71585000000004,66.00945203333342
2023-05-31 18:00:00,2.2563350000000026,59.82651076666675
2023-05-31 19:00:00,11.273471666666701,51.01931100000003
2023-05-31 20:00:00,10.436082333333369,47.05551935000005
2023-05-31 21:00:00,0.0,35.113099883333376
2023-05-31 22:00:00,0.0,15.017878233333343
2023-05-31 23:00:00,0.0,4.822985866666666
2023-06-01 00:00:00,0.0,2.235115766666667
2023-06-01 01:00:00,0.0,7.210089933333339
2023-06-01 02:00:00,0.0,9.60257398333334
2023-06-01 03:00:00,0.0,11.215063550000009
2023-06-01 04:00:00,0.0,11.12424668333334
2023-06-01 05:00:00,0.5108240000000001,17.13034203333335
2023-06-01 06:00:00,11.771023666666698,32.024271016666724
2023-06-01 07:00:00,48.423137000000054,30.051760266666715
2023-06-01 08:00:00,29.28521900000004,40.75835313333334
2023-06-01 09:00:00,15.457197500000028,48.85254833333334
2023-06-01 10:00:00,15.0929001666667,54.56530211666667
2023-06-01 11:00:00,13.374288500000024,115.02600801666662
2023-06-01 12:00:00,0.0,149.0542580999999
2023-06-01 13:00:00,8.570541666666667,142.5083130333333
2023-06-01 14:00:00,8.837565666666674,142.33490764999996
2023-06-01 15:00:00,9.472008666666676,145.89460969999996
2023-06-01 16:00:00,22.200386666666688,98.92871773333331
2023-06-01 17:00:00,28.1360546666667,59.392011116666765
2023-06-01 18:00:00,2.1837720000000034,60.191862666666765
2023-06-01 19:00:00,11.173036666666698,47.89887965000003
2023-06-01 20:00:00,9.833111000000036,44.53477548333338
2023-06-01 21:00:00,0.0,32.76090641666671
2023-06-01 22:00:00,0.0,14.403369450000012
2023-06-01 23:00:00,0.0,4.83515416666667
2023-06-02 00:00:00,0.0,2.2976153500000027
2023-06-02 01:00:00,0.0,6.40009533333334
2023-06-02 02:00:00,0.0,8.525081166666673
2023-06-02 03:00:00,0.0,9.49732596666667
2023-06-02 04:00:00,0.0,10.112430066666672
2023-06-02 05:00:00,0.4774680000000008,15.90830096666668
2023-06-02 06:00:00,12.494286000000024,31.58914026666673
2023-06-02 07:00:00,40.41919066666673,34.308812250000045
2023-06-02 08:00:00,33.7086266666667,40.31908356666669
2023-06-02 09:00:00,14.23456033333336,73.25576141666663
2023-06-02 10:00:00,15.303089333333368,75.75414836666663
2023-06-02 11:00:00,15.73568600000003,94.47699138333334
2023-06-02 12:00:00,0.0,124.82049011666663
2023-06-02 13:00:00,9.551135333333336,151.00805051666663
2023-06-02 14:00:00,6.791395333333334,154.63355594999993
2023-06-02 15:00:00,7.178543000000001,132.72235748333327
2023-06-02 16:00:00,29.64140700000004,90.20929075
2023-06-02 17:00:00,28.61860733333337,55.92740118333342
2023-06-02 18:00:00,2.171750000000004,59.43313845000008
2023-06-02 19:00:00,11.055335333333364,48.83617573333336
2023-06-02 20:00:00,9.986352333333365,44.01752541666671
2023-06-02 21:00:00,0.0,34.03232835000005
2023-06-02 22:00:00,0.0,15.906608316666684
2023-06-02 23:00:00,0.0,5.033316333333339
2023-06-03 00:00:00,0.0,1.647620849999999
2023-06-03 01:00:00,0.0,5.840099066666669
2023-06-03 02:00:00,0.0,9.335075766666677
2023-06-03 03:00:00,0.0,9.869573066666677
2023-06-03 04:00:00,0.0,11.510432650000006
2023-06-03 05:00:00,0.4420040000000004,16.949663300000015
2023-06-03 06:00:00,11.3244806666667,30.5923997333334
2023-06-03 07:00:00,42.289720333333385,35.214233033333386
2023-06-03 08:00:00,35.22410500000004,47.79367833333335
2023-06-03 09:00:00,15.795175333333365,63.56479224999999
2023-06-03 10:00:00,14.885150000000031,77.23812716666666
2023-06-03 11:00:00,13.486925666666691,94.9574906
2023-06-03 12:00:00,0.0,143.4539950999999
2023-06-03 13:00:00,7.531294333333333,147.74307053333322
2023-06-03 14:00:00,9.625458666666676,144.23791648333324
2023-06-03 15:00:00,10.558836666666672,132.86252741666658
2023-06-03 16:00:00,19.3974936666667,92.07113793333332
2023-06-03 17:00:00,32.08366466666671,61.34951703333343
2023-06-03 18:00:00,2.2367020000000037,58.218743433333415
2023-06-03 19:00:00,12.23128400000003,46.93170856666671
2023-06-03 20:00:00,10.334476666666692,44.51377665000005
2023-06-03 21:00:00,0.0,34.05105496666671
2023-06-03 22:00:00,0.0,14.10989078333335
2023-06-03 23:00:00,0.0,5.193567200000002
2023-06-04 00:00:00,0.0,0.0
2023-06-04 01:00:00,0.0,0.0
2023-06-04 02:00:00,0.0,0.0
2023-06-04 03:00:00,0.0,0.0
2023-06-04 04:00:00,0.0,0.2634594666666665
2023-06-04 05:00:00,0.4668040000000012,5.069535550000007
2023-06-04 06:00:00,12.648516666666694,15.801045933333386
2023-06-04 07:00:00,29.85965900000005,16.589792150000044
2023-06-04 08:00:00,37.32852233333336,2.290321100000001
2023-06-04 09:00:00,15.32856933333336,0.6706739333333305
2023-06-04 10:00:00,17.365454500000038,0.6051105666666631
2023-06-04 11:00:00,13.204107500000024,0.5973599333333299
2023-06-04 12:00:00,0.0,0.5020340833333301
2023-06-04 13:00:00,8.525381000000005,0.6008582833333301
2023-06-04 14:00:00,9.596814000000007,0.5916900166666643
2023-06-04 15:00:00,10.787818666666675,0.6720139499999969
2023-06-04 16:00:00,27.27819133333336,3.754614849999999
2023-06-04 17:00:00,32.6048226666667,32.75656036666675
2023-06-04 18:00:00,1.9871980000000051,44.34917165000007
2023-06-04 19:00:00,12.578473666666694,34.215792766666695
2023-06-04 20:00:00,9.581595333333365,32.06742088333337
2023-06-04 21:00:00,0.0,23.082349150000034
2023-06-04 22:00:00,0.0,5.299689133333343
2023-06-04 23:00:00,0.0,0.3665537333333329
2023-06-05 00:00:00,0.0,1.8451183499999984
2023-06-05 01:00:00,0.0,6.042597716666672
2023-06-05 02:00:00,0.0,8.89007873333334
2023-06-05 03:00:00,0.0,10.03507213333334
2023-06-05 04:00:00,0.0,11.676919616666671
2023-06-05 05:00:00,0.4887520000000009,17.300321600000018
2023-06-05 06:00:00,11.740562000000033,30.71027466666673
2023-06-05 07:00:00,40.72462166666672,34.188336650000046
2023-06-05 08:00:00,34.450190333333374,38.90390518333334
2023-06-05 09:00:00,14.380304333333354,74.71168443333332
2023-06-05 10:00:00,14.6554001666667,72.67272138333333
2023-06-05 11:00:00,11.99988100000002,105.07058361666664
2023-06-05 12:00:00,0.0,141.76750193333328
2023-06-05 13:00:00,6.383930333333334,127.97325069999997
2023-06-05 14:00:00,9.534809000000008,147.6080709999999
2023-06-05 15:00:00,10.139727000000004,131.41568359999994
2023-06-05 16:00:00,33.58139000000003,89.83782883333335
2023-06-05 17:00:00,27.59194400000004,60.98322486666676
2023-06-05 18:00:00,2.1429170000000037,61.56923746666676
2023-06-05 19:00:00,11.720778000000026,48.5711928666667
2023-06-05 20:00:00,10.224542666666686,44.66774005000004
2023-06-05 21:00:00,0.0,34.42447708333337
2023-06-05 22:00:00,0.0,14.466163016666684
2023-06-05 23:00:00,0.0,4.037743783333335
2023-06-06 00:00:00,0.0,1.7326178166666653
2023-06-06 01:00:00,0.0,5.305102633333338
2023-06-06 02:00:00,0.0,7.182590116666673
2023-06-06 03:00:00,0.0,8.717580450000007
2023-06-06 04:00:00,0.0,10.091147150000008
2023-06-06 05:00:00,0.4658120000000005,16.177503416666685
2023-06-06 06:00:00,12.365684000000032,30.3326020333334
2023-06-06 07:00:00,28.471636000000053,32.84314720000005
2023-06-06 08:00:00,34.204608666666694,43.67550538333335
2023-06-06 09:00:00,16.738812166666694,61.08162645
2023-06-06 10:00:00,15.765631833333371,79.19363114999999
2023-06-06 11:00:00,14.589571666666696,118.43015111666664
2023-06-06 12:00:00,0.0,141.4702410166666
2023-06-06 13:00:00,7.106724666666668,139.03581176666663
2023-06-06 14:00:00,10.65765800000001,135.86416921666657
2023-06-06 15:00:00,7.713940999999998,133.59985764999993
2023-06-06 16:00:00,37.73085466666669,100.80691023333333
2023-06-06 17:00:00,29.563759666666705,55.954178350000085
2023-06-06 18:00:00,2.211790000000002,63.30075228333342
2023-06-06 19:00:00,11.607150333333363,48.807444283333375
2023-06-06 20:00:00,9.641559333333358,45.57087495000004
2023-06-06 21:00:00,0.0,32.47865950000004
2023-06-06 22:00:00,0.0,14.32139386666668
2023-06-06 23:00:00,0.0,5.458397966666669
2023-06-07 00:00:00,0.0,2.0401169833333346
2023-06-07 01:00:00,0.0,5.537601083333336
2023-06-07 02:00:00,0.0,8.287582750000006
2023-06-07 03:00:00,0.0,10.332569866666674
2023-06-07 04:00:00,0.0,12.081636216666675
2023-06-07 05:00:00,0.4694080000000006,19.318415800000015
2023-06-07 06:00:00,11.413841333333357,32.53897285000005
2023-06-07 07:00:00,37.04104200000005,31.603964783333392
2023-06-07 08:00:00,41.63426600000003,46.19468303333333
2023-06-07 09:00:00,15.308353500000033,69.36303276666666
2023-06-07 10:00:00,17.577444500000038,76.90438183333332
2023-06-07 11:00:00,14.345431500000027,98.70115644999996
2023-06-07 12:00:00,0.0,133.42291164999995
2023-06-07 13:00:00,5.583891666666668,151.2433310666666
2023-06-07 14:00:00,8.231404999999999,153.0259948499999
2023-06-07 15:00:00,9.129175333333336,136.03878056666662
2023-06-07 16:00:00,32.43143300000004,83.64274510000001
2023-06-07 17:00:00,20.62570466666671,55.35706806666675
2023-06-07 18:00:00,2.136747000000006,57.24225551666674
2023-06-07 19:00:00,12.20650800000003,47.74190523333336
2023-06-07 20:00:00,10.254524666666695,44.451323633333374
2023-06-07 21:00:00,0.0,33.81630095000004
2023-06-07 22:00:00,0.0,14.693903700000012
2023-06-07 23:00:00,0.0,4.711231366666672
2023-06-08 00:00:00,0.0,2.232613600000001
2023-06-08 01:00:00,0.0,6.675093500000005
2023-06-08 02:00:00,0.0,9.540074400000004
2023-06-08 03:00:00,0.0,12.064059050000004
2023-06-08 04:00:00,0.0,12.948390150000003
2023-06-08 05:00:00,0.4801960000000009,18.61584011666668
2023-06-08 06:00:00,11.999287000000031,32.54827856666672
2023-06-08 07:00:00,49.15488733333339,30.85942351666672
2023-06-08 08:00:00,36.45102800000004,45.28816303333336
2023-06-08 09:00:00,12.949084500000025,58.871138716666685
2023-06-08 10:00:00,18.22417083333337,66.79807485
2023-06-08 11:00:00,13.95520383333336,108.08774291666666
2023-06-08 12:00:00,0.0,137.74149056666658
2023-06-08 13:00:00,6.96737333333333,156.27798351666658
2023-06-08 14:00:00,12.46534433333334,143.8119086166666
2023-06-08 15:00:00,8.78001866666667,132.34911151666662
2023-06-08 16:00:00,25.6946256666667,93.20983
2023-06-08 17:00:00,17.5915426666667,57.03020470000009
2023-06-08 18:00:00,2.0511930000000027,61.23100348333341
2023-06-08 19:00:00,12.05385500000003,48.30336535000005
2023-06-08 20:00:00,10.304494666666695,43.409753100000046
2023-06-08 21:00:00,0.0,33.29622516666672
2023-06-08 22:00:00,0.0,14.310841800000013
2023-06-08 23:00:00,0.0,4.682065383333336
2023-06-09 00:00:00,0.0,2.4726150166666683
2023-06-09 01:00:00,0.0,6.787592750000004
2023-06-09 02:00:00,0.0,8.315082566666671
2023-06-09 03:00:00,0.0,9.50007513333334
2023-06-09 04:00:00,0.0,10.926441266666671
2023-06-09 05:00:00,0.4960680000000008,16.87903006666668
2023-06-09 06:00:00,11.616171666666684,33.16582181666673
2023-06-09 07:00:00,32.0404783333334,32.20789943333338
2023-06-09 08:00:00,38.08021333333336,33.926861466666686
2023-06-09 09:00:00,17.592904500000028,53.192189416666686
2023-06-09 10:00:00,16.374708166666704,73.87747281666663
2023-06-09 11:00:00,12.707642833333356,117.07940031666662
2023-06-09 12:00:00,0.0,138.19107939999992
2023-06-09 13:00:00,6.657761666666667,146.45340143333323
2023-06-09 14:00:00,11.930051000000008,140.59367069999993
2023-06-09 15:00:00,11.743430333333343,130.21768993333328
2023-06-09 16:00:00,25.31178066666669,96.8462576
2023-06-09 17:00:00,31.19157066666669,62.34235538333341
2023-06-09 18:00:00,2.1974000000000036,59.02802328333343
2023-06-09 19:00:00,11.575749333333361,48.30842431666671
2023-06-09 20:00:00,10.13626233333336,43.38429836666671
2023-06-09 21:00:00,0.0,33.08336778333338
2023-06-09 22:00:00,0.0,13.302290800000016
2023-06-09 23:00:00,0.0,5.224396883333338
2023-06-10 00:00:00,0.0,2.122616916666668
2023-06-10 01:00:00,0.0,6.722593183333337
2023-06-10 02:00:00,0.0,9.470074866666671
2023-06-10 03:00:00,0.0,9.505075466666677
2023-06-10 04:00:00,0.0,11.015870383333342
2023-06-10 05:00:00,0.4857760000000009,17.796812816666684
2023-06-10 06:00:00,11.63247100000003,33.64237215000006
2023-06-10 07:00:00,28.266571333333403,29.859863216666717
2023-06-10 08:00:00,38.12058633333337,44.42643725
2023-06-10 09:00:00,15.152149666666697,68.08208514999997
2023-06-10 10:00:00,17.43313300000004,76.34197558333332
2023-06-10 11:00:00,12.68623416666669,99.11283013333332
2023-06-10 12:00:00,0.0,126.78293301666662
2023-06-10 13:00:00,7.784808333333335,136.04683159999988
2023-06-10 14:00:00,10.807323666666678,138.6478924666666
2023-06-10 15:00:00,9.539456666666672,146.48850119999994
2023-06-10 16:00:00,24.78216933333336,101.69632925
2023-06-10 17:00:00,35.187703000000035,62.05908591666676
2023-06-10 18:00:00,2.149483000000003,61.46445273333342
2023-06-10 19:00:00,12.093234000000033,50.6076259666667
2023-06-10 20:00:00,10.82751400000003,44.09720576666671
2023-06-10 21:00:00,0.0,33.51488280000005
2023-06-10 22:00:00,0.0,13.982070166666684
2023-06-10 23:00:00,0.0,4.56489361666667
2023-06-11 00:00:00,0.0,0.0
2023-06-11 01:00:00,0.0,0.0
2023-06-11 02:00:00,0.0,0.0
2023-06-11 03:00:00,0.0,0.0
2023-06-11 04:00:00,0.0,0.278229333333333
2023-06-11 05:00:00,0.4019520000000004,4.968818216666674
2023-06-11 06:00:00,11.956056333333361,19.71120135000005
2023-06-11 07:00:00,39.26363266666674,14.849753516666713
2023-06-11 08:00:00,31.679557333333367,1.9434422499999984
2023-06-11 09:00:00,16.61254233333336,0.676685199999997
2023-06-11 10:00:00,17.364987000000035,0.7131758666666634
2023-06-11 11:00:00,15.093243666666696,0.5936042333333299
2023-06-11 12:00:00,0.0,0.6536838666666632
2023-06-11 13:00:00,4.037701333333329,0.5456084333333305
2023-06-11 14:00:00,9.656764000000004,0.5253592166666649
2023-06-11 15:00:00,10.743193000000014,0.5679377333333304
2023-06-11 16:00:00,28.83602200000002,4.095653583333336
2023-06-11 17:00:00,27.66761833333336,31.808008283333407
2023-06-11 18:00:00,2.1090890000000027,42.42984590000008
2023-06-11 19:00:00,11.77424833333336,35.09515425000003
2023-06-11 20:00:00,10.29116933333336,32.860831216666696
2023-06-11 21:00:00,0.0,22.011829966666703
2023-06-11 22:00:00,0.0,5.5263449000000096
2023-06-11 23:00:00,0.0,0.3216331666666664
2023-06-12 00:00:00,0.0,2.8026121
2023-06-12 01:00:00,0.0,5.622600516666672
2023-06-12 02:00:00,0.0,7.747586350000005
2023-06-12 03:00:00,0.0,10.69006858333334
2023-06-12 04:00:00,0.0,12.078535766666675
2023-06-12 05:00:00,0.4525440000000008,18.12293965000001
2023-06-12 06:00:00,11.406534666666692,31.846737533333386
2023-06-12 07:00:00,40.982512000000064,32.30608701666672
2023-06-12 08:00:00,40.5089726666667,34.77811113333334
2023-06-12 09:00:00,14.987964833333365,58.35288621666666
2023-06-12 10:00:00,17.177651833333368,85.59073149999995
2023-06-12 11:00:00,15.78892533333336,107.67201553333328
2023-06-12 12:00:00,0.0,139.67185301666655
2023-06-12 13:00:00,6.739271666666669,129.96599791666662
2023-06-12 14:00:00,9.793904666666672,146.71299768333327
2023-06-12 15:00:00,10.034721000000008,142.0226922333333
2023-06-12 16:00:00,22.47878433333337,98.1200646
2023-06-12 17:00:00,24.539969666666696,62.08835766666676
2023-06-12 18:00:00,2.1920030000000037,62.07090078333342
2023-06-12 19:00:00,12.14789800000003,48.79908365000005
2023-06-12 20:00:00,10.789203666666692,45.20818555000004
2023-06-12 21:00:00,0.0,33.71284215000005
2023-06-12 22:00:00,0.0,14.95416365000001
2023-06-12 23:00:00,0.0,5.245648166666669
2023-06-13 00:00:00,0.0,2.382612016666667
2023-06-13 01:00:00,0.0,6.397595350000006
2023-06-13 02:00:00,0.0,9.005077966666674
2023-06-13 03:00:00,0.0,9.747573150000008
2023-06-13 04:00:00,0.0,11.616305166666672
2023-06-13 05:00:00,0.5082200000000007,17.89737931666668
2023-06-13 06:00:00,11.990096333333367,31.83718981666672
2023-06-13 07:00:00,40.66008066666673,31.24787828333338
2023-06-13 08:00:00,31.735621333333363,35.62674760000001
2023-06-13 09:00:00,16.793051166666697,67.49568979999997
2023-06-13 10:00:00,17.133967666666706,84.09430678333328
2023-06-13 11:00:00,12.833070833333352,112.66193416666664
2023-06-13 12:00:00,0.0,136.27494803333326
2023-06-13 13:00:00,8.42973833333334,136.55208013333328
2023-06-13 14:00:00,11.10565300000001,147.26791048333325
2023-06-13 15:00:00,9.129503666666674,143.07966989999994
2023-06-13 16:00:00,30.96948700000004,95.30897216666666
2023-06-13 17:00:00,19.41708266666669,56.01531631666675
2023-06-13 18:00:00,2.1299030000000014,59.22650275000009
2023-06-13 19:00:00,11.246300000000023,48.36852513333337
2023-06-13 20:00:00,10.099617666666694,43.95545080000005
2023-06-13 21:00:00,0.0,34.59135026666671
2023-06-13 22:00:00,0.0,15.368408916666684
2023-06-13 23:00:00,0.0,4.562907283333335
2023-06-14 00:00:00,0.0,1.99511635
2023-06-14 01:00:00,0.0,6.7375930833333415
2023-06-14 02:00:00,0.0,8.695080033333339
2023-06-14 03:00:00,0.0,9.163077100000006
2023-06-14 04:00:00,0.0,10.71935273333334
2023-06-14 05:00:00,0.4552720000000002,17.12584763333335
2023-06-14 06:00:00,12.162616000000032,31.34960768333339
2023-06-14 07:00:00,50.94934233333338,31.642461883333382
2023-06-14 08:00:00,27.77127033333336,31.98831735000001
2023-06-14 09:00:00,15.309934500000027,54.977216350000006
2023-06-14 10:00:00,15.792030833333367,70.17596819999996
2023-06-14 11:00:00,13.29920333333336,110.93992341666664
2023-06-14 12:00:00,0.0,135.44269154999995
2023-06-14 13:00:00,8.173926000000002,148.9270649499999
2023-06-14 14:00:00,11.14844733333334,159.5645559
2023-06-14 15:00:00,10.24171000000001,138.2142595
2023-06-14 16:00:00,30.94835700000004,97.70894121666666
2023-06-14 17:00:00,17.026031666666704,60.38568040000008
2023-06-14 18:00:00,2.1828570000000016,61.46005688333343
2023-06-14 19:00:00,11.193906666666694,50.0279790166667
2023-06-14 20:00:00,10.10961166666669,43.82468315000004
2023-06-14 21:00:00,0.0,32.92288266666671
2023-06-14 22:00:00,0.0,14.928939983333349
2023-06-14 23:00:00,0.0,4.331822766666668
2023-06-15 00:00:00,0.0,2.107615299999998
2023-06-15 01:00:00,0.0,6.397595350000007
2023-06-15 02:00:00,0.0,8.10758395000001
2023-06-15 03:00:00,0.0,8.962578450000008
2023-06-15 04:00:00,0.0,10.470412633333344
2023-06-15 05:00:00,0.4488240000000009,16.27682633333335
2023-06-15 06:00:00,11.695754333333364,36.47782046666673
2023-06-15 07:00:00,49.0442453333334,30.95140560000005
2023-06-15 08:00:00,39.53293100000004,42.36126693333334
2023-06-15 09:00:00,14.920197666666692,62.46092916666665
2023-06-15 10:00:00,16.559104000000033,83.41360779999997
2023-06-15 11:00:00,13.171849000000025,111.99614973333333
2023-06-15 12:00:00,0.0,134.52967573333325
2023-06-15 13:00:00,7.673323333333337,146.7604204666666
2023-06-15 14:00:00,9.490288000000003,138.27575994999995
2023-06-15 15:00:00,9.20266933333334,126.49570123333324
2023-06-15 16:00:00,18.761430000000026,99.47929086666666
2023-06-15 17:00:00,18.334538333333363,54.828155766666754
2023-06-15 18:00:00,2.1599230000000027,60.93250098333342
2023-06-15 19:00:00,12.183810333333358,47.79640765000004
2023-06-15 20:00:00,10.2445306666667,45.21459866666671
2023-06-15 21:00:00,0.0,34.339662250000046
2023-06-15 22:00:00,0.0,13.448872450000012
2023-06-15 23:00:00,0.0,4.570810000000003
2023-06-16 00:00:00,0.0,2.060116133333332
2023-06-16 01:00:00,0.0,4.982604783333338
2023-06-16 02:00:00,0.0,8.04258438333334
2023-06-16 03:00:00,0.0,10.06257138333334
2023-06-16 04:00:00,0.0,11.43401433333334
2023-06-16 05:00:00,0.4679200000000011,17.12797761666668
2023-06-16 06:00:00,11.783871000000024,31.86412493333339
2023-06-16 07:00:00,41.92605466666673,32.009323050000056
2023-06-16 08:00:00,20.66166600000002,42.65757568333334
2023-06-16 09:00:00,15.28702500000002,67.13706486666666
2023-06-16 10:00:00,16.16745250000003,90.32086298333331
2023-06-16 11:00:00,12.524309166666688,112.10831415
2023-06-16 12:00:00,0.0,141.87457568333326
2023-06-16 13:00:00,7.805454000000001,139.2601668666666
2023-06-16 14:00:00,11.182982333333342,130.84117686666664
2023-06-16 15:00:00,9.700283000000004,127.07712186666664
2023-06-16 16:00:00,35.37035633333337,87.64430563333332
2023-06-16 17:00:00,33.404388333333365,58.71530538333342
2023-06-16 18:00:00,2.090259000000004,60.02840111666675
2023-06-16 19:00:00,11.992422000000023,48.4885293666667
2023-06-16 20:00:00,10.26118733333336,44.077851383333375
2023-06-16 21:00:00,0.0,34.113697600000044
2023-06-16 22:00:00,0.0,13.578024183333346
2023-06-16 23:00:00,0.0,3.7496554333333343
2023-06-17 00:00:00,0.0,2.4876132500000008
2023-06-17 01:00:00,0.0,6.320095866666673
2023-06-17 02:00:00,0.0,7.487588083333341
2023-06-17 03:00:00,0.0,7.76258648333334
2023-06-17 04:00:00,0.0,9.395639083333345
2023-06-17 05:00:00,0.4589920000000008,14.933613466666683
2023-06-17 06:00:00,11.97984600000003,33.292813516666726
2023-06-17 07:00:00,38.16633566666673,32.559889766666714
2023-06-17 08:00:00,32.8352926666667,40.06012671666668
2023-06-17 09:00:00,14.581090000000026,56.92493313333335
2023-06-17 10:00:00,19.86995066666671,79.50964398333332
2023-06-17 11:00:00,12.903756500000025,109.61257823333328
2023-06-17 12:00:00,0.0,133.1542409666666
2023-06-17 13:00:00,5.885348666666666,143.4102378166666
2023-06-17 14:00:00,10.03406433333334,140.35041109999997
2023-06-17 15:00:00,8.68568933333334,153.47658234999994
2023-06-17 16:00:00,25.42616533333336,89.85046291666666
2023-06-17 17:00:00,34.501032000000045,54.85479890000009
2023-06-17 18:00:00,2.0538920000000016,59.14741891666674
2023-06-17 19:00:00,11.823584000000029,48.96098938333337
2023-06-17 20:00:00,10.37611833333336,45.10152025000004
2023-06-17 21:00:00,0.0,34.3142402666667
2023-06-17 22:00:00,0.0,13.762619750000011
2023-06-17 23:00:00,0.0,3.992568716666668
2023-06-18 00:00:00,0.0,0.0
2023-06-18 01:00:00,0.0,0.0
2023-06-18 02:00:00,0.0,0.0
2023-06-18 03:00:00,0.0,0.0
2023-06-18 04:00:00,0.0,0.2059309333333331
2023-06-18 05:00:00,0.4467160000000001,4.979954533333342
2023-06-18 06:00:00,12.365091000000028,16.707129583333387
2023-06-18 07:00:00,46.427641000000065,14.861284116666711
2023-06-18 08:00:00,37.08403100000004,2.458418333333332
2023-06-18 09:00:00,14.10523333333336,0.5181163166666634
2023-06-18 10:00:00,14.584702333333365,0.4706996499999977
2023-06-18 11:00:00,12.84667850000002,0.6655132999999963
2023-06-18 12:00:00,0.0,0.6872676666666633
2023-06-18 13:00:00,5.867018333333337,0.6497700999999966
2023-06-18 14:00:00,9.780100333333344,0.5827722833333309
2023-06-18 15:00:00,10.732689000000006,0.6929328999999972
2023-06-18 16:00:00,29.88822200000003,3.542337999999998
2023-06-18 17:00:00,24.549316333333365,32.889632183333404
2023-06-18 18:00:00,2.1387660000000044,43.72594171666674
2023-06-18 19:00:00,11.26383033333336,34.22676068333337
2023-06-18 20:00:00,10.029659666666694,31.36863198333337
2023-06-18 21:00:00,0.0,22.319706033333368
2023-06-18 22:00:00,0.0,5.229811583333342
2023-06-18 23:00:00,0.0,0.4081383833333328
2023-06-19 00:00:00,0.0,1.472617449999999
2023-06-19 01:00:00,0.0,5.397602016666671
2023-06-19 02:00:00,0.0,8.305082633333338
2023-06-19 03:00:00,0.0,9.432575166666672
2023-06-19 04:00:00,0.0,10.863987933333336
2023-06-19 05:00:00,0.4851560000000011,17.82826876666668
2023-06-19 06:00:00,11.979910000000029,30.73068526666673
2023-06-19 07:00:00,39.39512966666672,34.12649988333338
2023-06-19 08:00:00,37.6841206666667,38.84211041666668
2023-06-19 09:00:00,16.09557283333336,60.90118531666666
2023-06-19 10:00:00,14.845798166666695,77.96045804999997
2023-06-19 11:00:00,12.592844500000025,109.86007824999996
2023-06-19 12:00:00,0.0,141.8923405166666
2023-06-19 13:00:00,8.898050666666673,152.62065308333328
2023-06-19 14:00:00,10.44553733333334,148.43555364999992
2023-06-19 15:00:00,11.122981333333335,126.54875884999996
2023-06-19 16:00:00,25.588397666666697,87.80708486666666
2023-06-19 17:00:00,25.688062333333363,58.98639618333342
2023-06-19 18:00:00,2.098502000000004,59.38700050000009
2023-06-19 19:00:00,11.844639666666694,48.46778116666671
2023-06-19 20:00:00,10.427754000000029,44.49768070000004
2023-06-19 21:00:00,0.0,32.24612413333339
2023-06-19 22:00:00,0.0,13.059231866666682
2023-06-19 23:00:00,0.0,4.2233252000000014
2023-06-20 00:00:00,0.0,2.460113116666668
2023-06-20 01:00:00,0.0,6.807592616666674
2023-06-20 02:00:00,0.0,9.31757588333334
2023-06-20 03:00:00,0.0,10.020072150000008
2023-06-20 04:00:00,0.0,11.70606828333334
2023-06-20 05:00:00,0.490736,17.138695216666683
2023-06-20 06:00:00,11.485215000000025,29.46171316666672
2023-06-20 07:00:00,43.12208266666672,33.22595643333339
2023-06-20 08:00:00,35.40488100000004,40.26870708333335
2023-06-20 09:00:00,13.986590166666694,64.11095105
2023-06-20 10:00:00,16.466101833333372,87.32496638333332
2023-06-20 11:00:00,14.571131000000024,120.9828958166666
2023-06-20 12:00:00,0.0,135.43483721666658
2023-06-20 13:00:00,6.686734666666665,149.10297898333332
2023-06-20 14:00:00,7.977406999999999,144.8967339666666
2023-06-20 15:00:00,10.264376666666674,132.88884958333324
2023-06-20 16:00:00,32.6772256666667,83.39500458333333
2023-06-20 17:00:00,22.7892246666667,59.44107391666676
2023-06-20 18:00:00,2.100852000000004,58.68198600000008
2023-06-20 19:00:00,12.577377000000025,47.73271206666671
2023-06-20 20:00:00,10.787538000000028,43.975044250000046
2023-06-20 21:00:00,0.0,33.57982675000005
2023-06-20 22:00:00,0.0,14.584446316666678
2023-06-20 23:00:00,0.0,4.262904200000001
2023-06-21 00:00:00,0.0,1.9776158833333328
2023-06-21 01:00:00,0.0,6.602593983333342
2023-06-21 02:00:00,0.0,8.49008140000001
2023-06-21 03:00:00,0.0,10.625067866666676
2023-06-21 04:00:00,0.0,11.167852900000009
2023-06-21 05:00:00,0.4903640000000003,16.716482483333355
2023-06-21 06:00:00,11.368368666666699,31.59244981666673
2023-06-21 07:00:00,38.64074633333339,34.62358258333338
2023-06-21 08:00:00,24.222638000000035,41.632002750000005
2023-06-21 09:00:00,14.201408833333357,51.65066206666668
2023-06-21 10:00:00,16.0314106666667,76.67181601666665
2023-06-21 11:00:00,16.029254666666695,99.09625223333332
2023-06-21 12:00:00,0.0,133.89973499999996
2023-06-21 13:00:00,6.456405333333333,151.0603044166666
2023-06-21 14:00:00,10.074232000000007,157.8219808499999
2023-06-21 15:00:00,8.198769333333342,146.4666816166666
2023-06-21 16:00:00,38.8232696666667,87.15260491666666
2023-06-21 17:00:00,30.0664186666667,57.98086975000008
2023-06-21 18:00:00,2.1713780000000025,57.37837831666675
2023-06-21 19:00:00,11.382428666666701,48.24174050000004
2023-06-21 20:00:00,10.292835000000029,44.43913966666671
2023-06-21 21:00:00,0.0,33.55589506666671
2023-06-21 22:00:00,0.0,14.40598341666668
2023-06-21 23:00:00,0.0,5.392647516666671
2023-06-22 00:00:00,0.0,2.375115116666666
2023-06-22 01:00:00,0.0,6.635093766666672
2023-06-22 02:00:00,0.0,8.672580183333343
2023-06-22 03:00:00,0.0,10.013572516666674
2023-06-22 04:00:00,0.0,12.248091816666673
2023-06-22 05:00:00,0.4767240000000007,17.622860800000016
2023-06-22 06:00:00,11.905061000000028,32.41701270000006
2023-06-22 07:00:00,42.07849100000005,29.87029361666672
2023-06-22 08:00:00,44.44549100000004,31.96339921666668
2023-06-22 09:00:00,14.55051033333336,58.09639615000001
2023-06-22 10:00:00,16.56820350000004,90.23303913333332
2023-06-22 11:00:00,15.23382383333336,123.03262356666664
2023-06-22 12:00:00,0.0,146.22266211666658
2023-06-22 13:00:00,6.264652999999998,138.2956765499999
2023-06-22 14:00:00,10.97749633333334,131.50800979999997
2023-06-22 15:00:00,8.54322733333334,131.6773466333333
2023-06-22 16:00:00,18.25547666666669,87.86744111666667
2023-06-22 17:00:00,21.705108666666696,54.559247766666765
2023-06-22 18:00:00,2.009630000000004,59.13625620000008
2023-06-22 19:00:00,11.527842333333362,50.11143306666671
2023-06-22 20:00:00,10.159581666666698,45.79963063333338
2023-06-22 21:00:00,0.0,34.04117040000005
2023-06-22 22:00:00,0.0,15.03758183333335
2023-06-22 23:00:00,0.0,5.422069033333338
2023-06-23 00:00:00,0.0,2.075113383333333
2023-06-23 01:00:00,0.0,6.365095566666671
2023-06-23 02:00:00,0.0,8.87507883333334
2023-06-23 03:00:00,0.0,10.432568716666676
2023-06-23 04:00:00,0.0,12.34814078333334
2023-06-23 05:00:00,0.4985480000000005,17.013832983333348
2023-06-23 06:00:00,11.618186000000032,31.3850347833334
2023-06-23 07:00:00,35.3007573333334,29.39147906666672
2023-06-23 08:00:00,35.557354000000046,42.18371000000001
2023-06-23 09:00:00,15.828958500000027,66.87931529999999
2023-06-23 10:00:00,16.044342666666704,71.22222829999998
2023-06-23 11:00:00,12.633542333333358,93.15610878333332
2023-06-23 12:00:00,0.0,133.20235386666658
2023-06-23 13:00:00,7.139360333333337,157.1502299166666
2023-06-23 14:00:00,8.854998666666667,149.22173463333326
2023-06-23 15:00:00,9.105662333333331,140.9882504666666
2023-06-23 16:00:00,28.219468666666703,92.06040604999995
2023-06-23 17:00:00,32.467719666666696,54.32232268333342
2023-06-23 18:00:00,2.260941000000004,60.22891798333342
2023-06-23 19:00:00,12.254242666666695,47.10070811666671
2023-06-23 20:00:00,10.28284100000003,45.17404496666671
2023-06-23 21:00:00,0.0,34.92501855000005
2023-06-23 22:00:00,0.0,15.65713708333335
2023-06-23 23:00:00,0.0,5.511222616666671
2023-06-24 00:00:00,0.0,1.9026171166666668
2023-06-24 01:00:00,0.0,5.9075986166666725
2023-06-24 02:00:00,0.0,9.830072466666673
2023-06-24 03:00:00,0.0,9.80507338333334
2023-06-24 04:00:00,0.0,11.387648800000006
2023-06-24 05:00:00,0.441136000000001,17.529637300000015
2023-06-24 06:00:00,11.107081333333364,29.93052443333339
2023-06-24 07:00:00,50.41997966666673,28.72687221666672
2023-06-24 08:00:00,16.44749000000003,25.71278210000001
2023-06-24 09:00:00,15.939353000000024,54.173106633333326
2023-06-24 10:00:00,15.468203000000036,76.65880438333332
2023-06-24 11:00:00,13.01716900000002,109.53323996666664
2023-06-24 12:00:00,0.0,143.42549941666658
2023-06-24 13:00:00,6.916217666666666,144.28650936666662
2023-06-24 14:00:00,11.25243433333334,145.81258344999995
2023-06-24 15:00:00,9.80808833333334,147.56509449999996
2023-06-24 16:00:00,36.31977766666669,90.82792061666666
2023-06-24 17:00:00,26.172618000000032,59.56365395000009
2023-06-24 18:00:00,2.1837250000000035,62.78130251666674
2023-06-24 19:00:00,11.957723666666691,49.59260108333338
2023-06-24 20:00:00,10.689263666666692,46.14767726666671
2023-06-24 21:00:00,0.0,35.03035863333338
2023-06-24 22:00:00,0.0,14.786824383333348
2023-06-24 23:00:00,0.0,4.905234466666669
2023-06-25 00:00:00,0.0,0.0
2023-06-25 01:00:00,0.0,0.0
2023-06-25 02:00:00,0.0,0.0
2023-06-25 03:00:00,0.0,0.0
2023-06-25 04:00:00,0.0,0.2412734166666664
2023-06-25 05:00:00,0.4877600000000006,5.2246776000000095
2023-06-25 06:00:00,12.054849000000024,19.237288683333382
2023-06-25 07:00:00,34.174578000000054,15.01177858333338
2023-06-25 08:00:00,19.06834866666669,2.291718766666667
2023-06-25 09:00:00,16.8441196666667,0.6692377499999964
2023-06-25 10:00:00,15.018455833333366,0.6791780166666632
2023-06-25 11:00:00,12.653175000000019,0.6367701833333304
2023-06-25 12:00:00,0.0,0.6211852333333305
2023-06-25 13:00:00,6.756738666666665,0.6103493333333306
2023-06-25 14:00:00,11.256581000000011,0.5475245833333306
2023-06-25 15:00:00,8.406086666666672,0.6061091166666629
2023-06-25 16:00:00,36.2887406666667,3.496971999999998
2023-06-25 17:00:00,32.99949133333337,31.11481926666673
2023-06-25 18:00:00,2.1123370000000015,43.73234688333341
2023-06-25 19:00:00,11.41098600000003,34.087125516666696
2023-06-25 20:00:00,10.94244500000003,31.695382133333368
2023-06-25 21:00:00,0.0,21.85091010000004
2023-06-25 22:00:00,0.0,5.344231900000006
2023-06-25 23:00:00,0.0,0.3812978999999996
2023-06-26 00:00:00,0.0,2.007616633333332
2023-06-26 01:00:00,0.0,5.807599283333337
2023-06-26 02:00:00,0.0,8.535081100000006
2023-06-26 03:00:00,0.0,9.54257558333334
2023-06-26 04:00:00,0.0,11.467459666666672
2023-06-26 05:00:00,0.438656000000001,17.516111200000015
2023-06-26 06:00:00,11.322748333333358,30.456714166666725
2023-06-26 07:00:00,35.55134700000005,36.49473146666672
2023-06-26 08:00:00,28.39372233333336,45.757804916666686
2023-06-26 09:00:00,16.542410500000027,51.63125978333333
2023-06-26 10:00:00,17.366615833333373,72.36207446666664
2023-06-26 11:00:00,12.97319983333336,106.44691516666664
2023-06-26 12:00:00,0.0,142.48716308333326
2023-06-26 13:00:00,8.367388000000002,153.13090469999992
2023-06-26 14:00:00,9.275990666666674,150.84974263333325
2023-06-26 15:00:00,12.89647800000001,136.95076703333328
2023-06-26 16:00:00,31.441458000000036,93.08284846666666
2023-06-26 17:00:00,31.31646200000003,58.33594730000008
2023-06-26 18:00:00,2.041858000000002,61.31303161666676
2023-06-26 19:00:00,11.483181666666693,47.950247783333374
2023-06-26 20:00:00,10.497712000000028,44.410189383333375
2023-06-26 21:00:00,0.0,33.63254525000004
2023-06-26 22:00:00,0.0,13.04367170000001
2023-06-26 23:00:00,0.0,5.02239741666667
2023-06-27 00:00:00,0.0,3.3601061500000005
2023-06-27 01:00:00,0.0,7.980084800000005
2023-06-27 02:00:00,0.0,10.567567550000009
2023-06-27 03:00:00,0.0,11.658061383333338
2023-06-27 04:00:00,0.0,12.442841616666676
2023-06-27 05:00:00,0.3951320000000004,17.232534200000018
2023-06-27 06:00:00,12.227616000000026,28.680510283333387
2023-06-27 07:00:00,43.38116666666673,32.59630743333338
2023-06-27 08:00:00,31.27539633333337,33.32579740000001
2023-06-27 09:00:00,16.22102300000003,63.56555543333332
2023-06-27 10:00:00,14.4485761666667,78.09844491666664
2023-06-27 11:00:00,13.75384683333336,116.52665068333329
2023-06-27 12:00:00,0.0,141.34932783333323
2023-06-27 13:00:00,7.458975000000002,142.70556274999993
2023-06-27 14:00:00,7.177869333333332,137.5528458166666
2023-06-27 15:00:00,8.831519666666669,132.86477366666662
2023-06-27 16:00:00,32.263693666666704,102.60787589999995
2023-06-27 17:00:00,25.94841600000004,59.93085026666676
2023-06-27 18:00:00,2.0297590000000025,59.37042863333343
2023-06-27 19:00:00,11.074113666666696,45.99709588333337
2023-06-27 20:00:00,10.31615433333336,45.08809508333338
2023-06-27 21:00:00,0.0,33.449268750000044
2023-06-27 22:00:00,0.0,13.438262066666685
2023-06-27 23:00:00,0.0,4.018403983333336
2023-06-28 00:00:00,0.0,3.070108766666668
2023-06-28 01:00:00,0.0,7.732586450000007
2023-06-28 02:00:00,0.0,10.18757008333334
2023-06-28 03:00:00,0.0,9.997572083333344
2023-06-28 04:00:00,0.0,10.389490900000007
2023-06-28 05:00:00,0.473128000000001,16.44881023333335
2023-06-28 06:00:00,11.769367000000027,30.210878416666727
2023-06-28 07:00:00,47.90582800000006,34.90789325000005
2023-06-28 08:00:00,41.56997933333336,36.89318510000001
2023-06-28 09:00:00,16.019295500000027,65.52854791666665
2023-06-28 10:00:00,17.69466933333337,80.64529634999998
2023-06-28 11:00:00,13.853793666666691,110.1844115333333
2023-06-28 12:00:00,0.0,142.40166714999992
2023-06-28 13:00:00,6.574576,148.41047906666657
2023-06-28 14:00:00,8.713210333333336,142.16832534999995
2023-06-28 15:00:00,9.715607333333336,126.32918479999996
2023-06-28 16:00:00,23.14221000000004,89.58149196666669
2023-06-28 17:00:00,21.674846333333367,60.29626828333341
2023-06-28 18:00:00,1.925836000000003,59.49553478333342
2023-06-28 19:00:00,11.701351666666696,48.266807583333375
2023-06-28 20:00:00,10.744230666666688,44.261019183333374
2023-06-28 21:00:00,0.0,33.70750775000005
2023-06-28 22:00:00,0.0,14.240789916666683
2023-06-28 23:00:00,0.0,4.988067650000002
2023-06-29 00:00:00,0.0,2.4901128333333347
2023-06-29 01:00:00,0.0,7.705086633333341
2023-06-29 02:00:00,0.0,9.955071633333343
2023-06-29 03:00:00,0.0,10.90006658333334
2023-06-29 04:00:00,0.0,12.42644593333334
2023-06-29 05:00:00,0.4800720000000008,17.22990703333335
2023-06-29 06:00:00,11.911252666666694,30.646223833333394
2023-06-29 07:00:00,45.035487000000046,31.213552133333383
2023-06-29 08:00:00,24.501556666666705,33.09584863333334
2023-06-29 09:00:00,14.262101166666689,62.53987479999999
2023-06-29 10:00:00,16.609278500000034,80.50907023333332
2023-06-29 11:00:00,12.189970833333357,115.1625720166666
2023-06-29 12:00:00,0.0,138.25650474999992
2023-06-29 13:00:00,6.088675000000002,142.6367437833333
2023-06-29 14:00:00,9.563626333333335,139.56266821666662
2023-06-29 15:00:00,10.77899033333334,137.76984954999992
2023-06-29 16:00:00,32.705322000000024,82.29675781666667
2023-06-29 17:00:00,28.98061833333337,62.47910828333343
2023-06-29 18:00:00,2.066811000000005,60.42412883333343
2023-06-29 19:00:00,11.904666000000029,47.90004125000004
2023-06-29 20:00:00,9.7748126666667,44.33276970000004
2023-06-29 21:00:00,0.0,33.24230788333338
2023-06-29 22:00:00,0.0,13.440472683333349
2023-06-29 23:00:00,0.0,4.469405866666668
2023-06-30 00:00:00,0.0,2.0876156499999987
2023-06-30 01:00:00,0.0,5.3851021000000046
2023-06-30 02:00:00,0.0,7.360088933333338
2023-06-30 03:00:00,0.0,9.909072450000004
2023-06-30 04:00:00,0.0,10.89590375000001
2023-06-30 05:00:00,0.4555200000000007,16.77817075000002
2023-06-30 06:00:00,11.5183326666667,31.9671124333334
2023-06-30 07:00:00,36.02100666666673,34.14119345000005
2023-06-30 08:00:00,36.1744916666667,44.09195178333335
2023-06-30 09:00:00,14.55857133333336,68.53113334999998
2023-06-30 10:00:00,17.549492500000035,65.83080290000001
2023-06-30 11:00:00,13.11548183333336,110.57773943333332
2023-06-30 12:00:00,0.0,146.46731648333324
2023-06-30 13:00:00,6.658228666666666,161.69230511666655
2023-06-30 14:00:00,8.849400000000008,134.29532674999996
2023-06-30 15:00:00,11.175450333333336,135.90627834999992
2023-06-30 16:00:00,25.881832666666693,93.76552311666666
2023-06-30 17:00:00,34.7763166666667,54.77525771666674
2023-06-30 18:00:00,2.1618890000000044,59.04291318333342
2023-06-30 19:00:00,11.83552366666669,48.72062336666671
2023-06-30 20:00:00,10.974092666666696,45.46426490000004
2023-06-30 21:00:00,0.0,34.26746868333338
2023-06-30 22:00:00,0.0,15.857096683333348
2023-06-30 23:00:00,0.0,5.215893516666667
2023-07-01 00:00:00,0.0,2.872609950000002
2023-07-01 01:00:00,0.0,6.525094500000006
2023-07-01 02:00:00,0.0,9.672573516666672
2023-07-01 03:00:00,0.0,11.765060916666677
2023-07-01 04:00:00,0.0,12.936028000000006
2023-07-01 05:00:00,0.4266279999999999,17.959776300000012
2023-07-01 06:00:00,12.205855333333362,31.35887601666672
2023-07-01 07:00:00,33.93025933333339,29.09246213333337
2023-07-01 08:00:00,36.88137500000005,40.04166733333335
2023-07-01 09:00:00,14.944985833333355,56.89062685000002
2023-07-01 10:00:00,16.699833166666707,72.49313674999998
2023-07-01 11:00:00,14.68899233333336,109.59722624999998
2023-07-01 12:00:00,0.0,134.67266483333324
2023-07-01 13:00:00,4.788259999999996,150.1728224166666
2023-07-01 14:00:00,8.961524666666671,144.8789167666666
2023-07-01 15:00:00,11.56290933333334,140.63152726666658
2023-07-01 16:00:00,29.69450200000003,100.28625376666665
2023-07-01 17:00:00,34.22676233333337,58.5644439500001
2023-07-01 18:00:00,1.936506000000002,61.478769866666745
2023-07-01 19:00:00,11.292902666666691,49.81611980000004
2023-07-01 20:00:00,10.291169333333366,43.89762153333338
2023-07-01 21:00:00,0.0,31.12413403333338
2023-07-01 22:00:00,0.0,13.380282033333348
2023-07-01 23:00:00,0.0,5.63497951666667
2023-07-02 00:00:00,0.0,0.0
2023-07-02 01:00:00,0.0,0.0
2023-07-02 02:00:00,0.0,0.0
2023-07-02 03:00:00,0.0,0.0
2023-07-02 04:00:00,0.0,0.232124533333333
2023-07-02 05:00:00,0.4460960000000011,5.687377983333343
2023-07-02 06:00:00,11.141127666666705,18.36384273333339
2023-07-02 07:00:00,32.94529866666672,14.847892700000044
2023-07-02 08:00:00,28.82078800000004,1.455845416666666
2023-07-02 09:00:00,16.07601900000003,0.7299303166666632
2023-07-02 10:00:00,17.277610666666703,0.6607657333333296
2023-07-02 11:00:00,11.752869333333352,0.5941060499999968
2023-07-02 12:00:00,0.0,0.5425280666666629
2023-07-02 13:00:00,7.614185666666673,0.5216977499999969
2023-07-02 14:00:00,10.556314666666667,0.6132804333333295
2023-07-02 15:00:00,10.110080333333336,0.750853966666663
2023-07-02 16:00:00,34.47199533333337,3.648947599999999
2023-07-02 17:00:00,32.30521933333337,30.09696280000008
2023-07-02 18:00:00,2.207881000000004,47.09713860000007
2023-07-02 19:00:00,11.830725666666694,35.6804334166667
2023-07-02 20:00:00,10.199557666666696,31.51688450000004
2023-07-02 21:00:00,0.0,22.6901434666667
2023-07-02 22:00:00,0.0,5.527499366666676
2023-07-02 23:00:00,0.0,0.3704605166666663
2023-07-03 00:00:00,0.0,1.7701182666666655
2023-07-03 01:00:00,0.0,6.297596016666674
2023-07-03 02:00:00,0.0,9.030077800000006
2023-07-03 03:00:00,0.0,10.432568450000009
2023-07-03 04:00:00,0.0,11.336364050000004
2023-07-03 05:00:00,0.4535360000000009,17.88744586666668
2023-07-03 06:00:00,11.803354333333367,29.74471163333339
2023-07-03 07:00:00,43.52993333333339,32.485916550000056
2023-07-03 08:00:00,28.013091333333367,52.330213150000006
2023-07-03 09:00:00,13.558745833333356,64.67225023333333
2023-07-03 10:00:00,14.917799333333365,62.73731086666667
2023-07-03 11:00:00,15.111069666666692,107.19543148333332
2023-07-03 12:00:00,0.0,148.00509349999993
2023-07-03 13:00:00,9.309852000000006,157.33538194999988
2023-07-03 14:00:00,7.490020000000007,137.62181776666662
2023-07-03 15:00:00,9.206677333333342,119.00178381666665
2023-07-03 16:00:00,29.48001000000004,93.58910945
2023-07-03 17:00:00,29.837269666666703,65.2100397833334
2023-07-03 18:00:00,2.296458000000002,65.10412425000008
2023-07-03 19:00:00,12.133240333333362,49.75686946666671
2023-07-03 20:00:00,9.89807200000003,45.17011691666671
2023-07-03 21:00:00,0.0,33.44865755000004
2023-07-03 22:00:00,0.0,13.745297600000017
2023-07-03 23:00:00,0.0,4.489163233333336
2023-07-04 00:00:00,0.0,1.642616983333332
2023-07-04 01:00:00,0.0,4.815105900000003
2023-07-04 02:00:00,0.0,8.170083533333338
2023-07-04 03:00:00,0.0,10.015072733333342
2023-07-04 04:00:00,0.0,11.571750166666671
2023-07-04 05:00:00,0.4759800000000008,17.093580800000016
2023-07-04 06:00:00,11.627867000000029,31.44610821666673
2023-07-04 07:00:00,40.58380900000006,28.80503233333338
2023-07-04 08:00:00,40.41317700000003,33.602854716666684
2023-07-04 09:00:00,15.615787333333364,66.97005825
2023-07-04 10:00:00,14.887858833333373,74.40038468333333
2023-07-04 11:00:00,12.00340750000002,105.82106491666664
2023-07-04 12:00:00,0.0,154.55447941666654
2023-07-04 13:00:00,7.584989000000001,149.39439698333325
2023-07-04 14:00:00,10.116214000000006,144.18147836666662
2023-07-04 15:00:00,10.87896933333334,135.96824339999995
2023-07-04 16:00:00,25.16940033333336,89.3395251
2023-07-04 17:00:00,23.37580600000004,57.90100798333342
2023-07-04 18:00:00,2.1010880000000043,57.65762273333343
2023-07-04 19:00:00,12.293603000000028,48.69815285000004
2023-07-04 20:00:00,10.031325333333363,44.49964680000004
2023-07-04 21:00:00,0.0,33.208641366666704
2023-07-04 22:00:00,0.0,14.628500233333348
2023-07-04 23:00:00,0.0,4.896316400000004
2023-07-05 00:00:00,0.0,3.30260786666667
2023-07-05 01:00:00,0.0,8.195083366666672
2023-07-05 02:00:00,0.0,9.022577850000008
2023-07-05 03:00:00,0.0,9.059078966666672
2023-07-05 04:00:00,0.0,10.59262188333334
2023-07-05 05:00:00,0.4640760000000001,18.27183558333335
2023-07-05 06:00:00,11.220009333333367,28.789015033333392
2023-07-05 07:00:00,33.31887566666672,29.790646450000047
2023-07-05 08:00:00,32.981298666666696,31.44233578333334
2023-07-05 09:00:00,16.098979000000025,56.81369431666667
2023-07-05 10:00:00,16.35999383333337,93.48829783333332
2023-07-05 11:00:00,13.986134500000027,113.20957569999996
2023-07-05 12:00:00,0.0,140.97257868333327
2023-07-05 13:00:00,6.477464333333336,142.3522456666666
2023-07-05 14:00:00,10.360364666666673,144.63473881666658
2023-07-05 15:00:00,10.153237000000004,137.24167356666658
2023-07-05 16:00:00,35.86378633333337,97.28548088333328
2023-07-05 17:00:00,31.95054133333337,56.15013603333343
2023-07-05 18:00:00,2.0111120000000047,63.08736611666675
2023-07-05 19:00:00,11.757317333333356,49.66072635000004
2023-07-05 20:00:00,10.577664000000023,45.51125776666672
2023-07-05 21:00:00,0.0,33.371072783333375
2023-07-05 22:00:00,0.0,12.99272271666668
2023-07-05 23:00:00,0.0,4.033821733333336
2023-07-06 00:00:00,0.0,2.4576130166666665
2023-07-06 01:00:00,0.0,6.420095200000004
2023-07-06 02:00:00,0.0,9.252576316666673
2023-07-06 03:00:00,0.0,10.549068566666673
2023-07-06 04:00:00,0.0,11.77778400000001
2023-07-06 05:00:00,0.4694080000000008,17.545290516666682
2023-07-06 06:00:00,12.128766666666698,32.76406665000005
2023-07-06 07:00:00,32.267711000000055,30.216884450000045
2023-07-06 08:00:00,29.8635486666667,41.37008606666667
2023-07-06 09:00:00,15.34784533333336,61.26618063333333
2023-07-06 10:00:00,14.605771000000033,68.76038494999999
2023-07-06 11:00:00,11.764891166666688,111.31183654999997
2023-07-06 12:00:00,0.0,139.97250428333328
2023-07-06 13:00:00,9.218166333333338,143.17722723333327
2023-07-06 14:00:00,10.488382666666675,141.06775338333327
2023-07-06 15:00:00,8.076763333333341,135.81461756666656
2023-07-06 16:00:00,41.57342600000004,93.53371446666668
2023-07-06 17:00:00,33.14741200000004,61.36893768333344
2023-07-06 18:00:00,2.0921780000000014,60.61809645000008
2023-07-06 19:00:00,11.037809666666702,49.67799221666671
2023-07-06 20:00:00,10.212883000000025,45.60096891666671
2023-07-06 21:00:00,0.0,35.19265803333338
2023-07-06 22:00:00,0.0,14.987084816666682
2023-07-06 23:00:00,0.0,4.825405100000004
2023-07-07 00:00:00,0.0,1.7951158166666663
2023-07-07 01:00:00,0.0,6.047597683333339
2023-07-07 02:00:00,0.0,9.00757795000001
2023-07-07 03:00:00,0.0,10.092571750000008
2023-07-07 04:00:00,0.0,11.915735416666672
2023-07-07 05:00:00,0.4741200000000009,18.863683700000017
2023-07-07 06:00:00,12.135212000000026,31.28836541666673
2023-07-07 07:00:00,29.487752666666722,32.77501713333338
2023-07-07 08:00:00,34.34603500000004,42.429528833333336
2023-07-07 09:00:00,15.221675500000025,69.06525786666663
2023-07-07 10:00:00,17.727589833333365,88.65836891666663
2023-07-07 11:00:00,15.882121333333355,106.65949039999998
2023-07-07 12:00:00,0.0,130.70434111666663
2023-07-07 13:00:00,5.460883666666671,141.1305778999999
2023-07-07 14:00:00,8.899157333333338,146.70949559999997
2023-07-07 15:00:00,8.074603666666667,139.38026179999991
2023-07-07 16:00:00,24.76964600000003,92.93880051666666
2023-07-07 17:00:00,37.02437200000004,57.93240266666676
2023-07-07 18:00:00,2.0433280000000034,58.35959793333343
2023-07-07 19:00:00,11.429772666666699,48.513521183333374
2023-07-07 20:00:00,9.5199656666667,43.90490038333338
2023-07-07 21:00:00,0.0,32.78152698333338
2023-07-07 22:00:00,0.0,13.714539366666685
2023-07-07 23:00:00,0.0,5.399400133333338
2023-07-08 00:00:00,0.0,2.225113550000001
2023-07-08 01:00:00,0.0,5.602600650000007
2023-07-08 02:00:00,0.0,8.34258238333334
2023-07-08 03:00:00,0.0,10.177570566666672
2023-07-08 04:00:00,0.0,11.409732033333336
2023-07-08 05:00:00,0.431216000000001,17.343640983333344
2023-07-08 06:00:00,12.04441700000003,31.763454683333396
2023-07-08 07:00:00,35.053333666666724,30.10351938333338
2023-07-08 08:00:00,36.46494400000003,40.24786148333334
2023-07-08 09:00:00,13.24829750000002,71.02902161666664
2023-07-08 10:00:00,16.79534250000004,85.28470516666664
2023-07-08 11:00:00,13.13948583333336,117.01331928333332
2023-07-08 12:00:00,0.0,122.09411189999996
2023-07-08 13:00:00,6.995706666666669,135.21749604999997
2023-07-08 14:00:00,10.170392666666674,133.3524282666666
2023-07-08 15:00:00,10.037899666666677,148.93917358333323
2023-07-08 16:00:00,35.16510600000003,98.08963018333333
2023-07-08 17:00:00,27.950394666666703,58.81517260000009
2023-07-08 18:00:00,1.9755950000000033,61.31883556666675
2023-07-08 19:00:00,10.925206333333366,49.57845146666671
2023-07-08 20:00:00,9.791469333333364,45.84675411666671
2023-07-08 21:00:00,0.0,34.34277301666671
2023-07-08 22:00:00,0.0,15.192403783333347
2023-07-08 23:00:00,0.0,5.5894013166666685
2023-07-09 00:00:00,0.0,0.0
2023-07-09 01:00:00,0.0,0.0
2023-07-09 02:00:00,0.0,0.0
2023-07-09 03:00:00,0.0,0.0
2023-07-09 04:00:00,0.0,0.2183547499999998
2023-07-09 05:00:00,0.5302920000000008,5.150782166666675
2023-07-09 06:00:00,12.112412333333362,18.27056501666672
2023-07-09 07:00:00,44.5412243333334,14.613478516666705
2023-07-09 08:00:00,32.5716526666667,1.8973403166666647
2023-07-09 09:00:00,14.305127500000024,0.7307646999999963
2023-07-09 10:00:00,17.5332646666667,0.66176413333333
2023-07-09 11:00:00,14.69182483333336,0.5883613666666637
2023-07-09 12:00:00,0.0,0.6264427166666635
2023-07-09 13:00:00,7.4078533333333345,0.6836831333333304
2023-07-09 14:00:00,11.062168000000012,0.8310926666666629
2023-07-09 15:00:00,9.56079300000001,0.8098452833333294
2023-07-09 16:00:00,18.517527666666695,3.2453884833333304
2023-07-09 17:00:00,33.989699666666695,32.19338258333341
2023-07-09 18:00:00,2.120928000000003,46.04632150000008
2023-07-09 19:00:00,11.08038966666669,35.3348176166667
2023-07-09 20:00:00,10.494380666666691,32.04231183333337
2023-07-09 21:00:00,0.0,22.23714703333337
2023-07-09 22:00:00,0.0,5.172755766666673
2023-07-09 23:00:00,0.0,0.3874688999999996
2023-07-10 00:00:00,0.0,2.1001152666666667
2023-07-10 01:00:00,0.0,6.505094633333341
2023-07-10 02:00:00,0.0,8.610080600000009
2023-07-10 03:00:00,0.0,10.417569100000009
2023-07-10 04:00:00,0.0,11.214982416666672
2023-07-10 05:00:00,0.4752360000000011,17.16149368333335
2023-07-10 06:00:00,12.021833333333365,29.79520368333339
2023-07-10 07:00:00,50.27352600000006,32.897394500000054
2023-07-10 08:00:00,23.21106133333337,43.16036666666668
2023-07-10 09:00:00,13.651208166666684,59.40033328333333
2023-07-10 10:00:00,16.7919806666667,72.32905604999998
2023-07-10 11:00:00,13.333984333333357,102.6506515833333
2023-07-10 12:00:00,0.0,147.2993370833332
2023-07-10 13:00:00,6.947902333333338,150.68441074999993
2023-07-10 14:00:00,11.219609000000007,145.3404254833333
2023-07-10 15:00:00,9.726267000000004,131.25612286666663
2023-07-10 16:00:00,33.82752433333337,95.41627646666667
2023-07-10 17:00:00,20.862673000000036,57.02853580000009
2023-07-10 18:00:00,2.1302810000000023,58.80805276666674
2023-07-10 19:00:00,11.465532333333362,48.912023600000055
2023-07-10 20:00:00,10.381115333333364,45.223980183333374
2023-07-10 21:00:00,0.0,34.365423183333384
2023-07-10 22:00:00,0.0,16.205371800000016
2023-07-10 23:00:00,0.0,5.475561933333337
2023-07-11 00:00:00,0.0,2.7501111000000003
2023-07-11 01:00:00,0.0,7.022591183333341
2023-07-11 02:00:00,0.0,9.585074100000009
2023-07-11 03:00:00,0.0,11.022565100000008
2023-07-11 04:00:00,0.0,11.736939050000007
2023-07-11 05:00:00,0.4057960000000002,17.75597898333335
2023-07-11 06:00:00,12.26084700000003,28.41350233333339
2023-07-11 07:00:00,34.90482966666673,31.64390375000005
2023-07-11 08:00:00,32.38640466666669,26.439397000000007
2023-07-11 09:00:00,13.100998000000024,44.32953111666667
2023-07-11 10:00:00,16.138193333333373,81.5308921333333
2023-07-11 11:00:00,14.070858333333366,120.7480897166666
2023-07-11 12:00:00,0.0,144.74660526666656
2023-07-11 13:00:00,7.357009000000001,142.8329087833333
2023-07-11 14:00:00,9.250301,148.2709102166666
2023-07-11 15:00:00,11.147773666666676,144.23416624999993
2023-07-11 16:00:00,36.78838833333336,92.35715026666666
2023-07-11 17:00:00,28.3179516666667,62.410062050000086
2023-07-11 18:00:00,2.1982030000000035,61.99009513333342
2023-07-11 19:00:00,11.743545666666694,50.47034050000004
2023-07-11 20:00:00,9.078564000000028,45.80588968333337
2023-07-11 21:00:00,0.0,33.03202356666671
2023-07-11 22:00:00,0.0,15.237976250000017
2023-07-11 23:00:00,0.0,5.1665681500000025
2023-07-12 00:00:00,0.0,3.2101077500000006
2023-07-12 01:00:00,0.0,7.210089933333338
2023-07-12 02:00:00,0.0,8.847579016666673
2023-07-12 03:00:00,0.0,11.080064600000007
2023-07-12 04:00:00,0.0,11.51401563333334
2023-07-12 05:00:00,0.4575040000000006,17.21727693333335
2023-07-12 06:00:00,12.150178333333367,30.23470518333339
2023-07-12 07:00:00,44.5186213333334,31.08454200000005
2023-07-12 08:00:00,20.85603066666669,36.33222623333335
2023-07-12 09:00:00,14.818584000000024,60.27894836666667
2023-07-12 10:00:00,15.459529833333372,73.80388929999998
2023-07-12 11:00:00,11.622647833333355,101.22330649999998
2023-07-12 12:00:00,0.0,142.46015723333323
2023-07-12 13:00:00,8.068436000000004,151.55039176666662
2023-07-12 14:00:00,10.152529333333336,146.96059646666657
2023-07-12 15:00:00,8.288728333333333,137.15329428333325
2023-07-12 16:00:00,31.6600446666667,92.0055446
2023-07-12 17:00:00,31.75431533333337,62.025988233333415
2023-07-12 18:00:00,2.064219000000003,62.63050651666676
2023-07-12 19:00:00,11.265216333333365,48.6154754666667
2023-07-12 20:00:00,10.09628633333336,44.61152630000005
2023-07-12 21:00:00,0.0,32.71768651666671
2023-07-12 22:00:00,0.0,14.262972800000014
2023-07-12 23:00:00,0.0,4.487234300000004
2023-07-13 00:00:00,0.0,2.410113766666668
2023-07-13 01:00:00,0.0,7.330089133333339
2023-07-13 02:00:00,0.0,9.43007513333334
2023-07-13 03:00:00,0.0,11.413562316666672
2023-07-13 04:00:00,0.0,12.145921150000005
2023-07-13 05:00:00,0.4938360000000014,17.46522653333335
2023-07-13 06:00:00,11.124649666666699,30.474164716666724
2023-07-13 07:00:00,34.06673533333339,33.214640583333384
2023-07-13 08:00:00,35.740159666666706,45.08501146666668
2023-07-13 09:00:00,20.310777666666706,74.47403688333328
2023-07-13 10:00:00,15.365628000000035,79.53861389999999
2023-07-13 11:00:00,10.852744333333353,103.23015889999998
2023-07-13 12:00:00,0.0,115.08944249999996
2023-07-13 13:00:00,7.647823333333342,146.37275048333328
2023-07-13 14:00:00,6.548591999999999,145.96166706666662
2023-07-13 15:00:00,7.742257333333333,143.13101468333323
2023-07-13 16:00:00,32.06469500000004,99.3061535
2023-07-13 17:00:00,36.009868333333365,55.80167586666676
2023-07-13 18:00:00,2.1480250000000036,58.96474978333341
2023-07-13 19:00:00,11.912197333333364,48.69218005000004
2023-07-13 20:00:00,10.697592000000022,42.81689171666671
2023-07-13 21:00:00,0.0,33.026198366666705
2023-07-13 22:00:00,0.0,14.718014466666682
2023-07-13 23:00:00,0.0,5.31681296666667
2023-07-14 00:00:00,0.0,2.800109683333334
2023-07-14 01:00:00,0.0,6.562594250000007
2023-07-14 02:00:00,0.0,8.792579383333337
2023-07-14 03:00:00,0.0,10.925066466666674
2023-07-14 04:00:00,0.0,11.997366466666673
2023-07-14 05:00:00,0.4411360000000008,17.15410881666668
2023-07-14 06:00:00,12.729515000000026,29.8721325333334
2023-07-14 07:00:00,45.12314800000006,33.345940150000054
2023-07-14 08:00:00,23.639753666666696,38.76945406666668
2023-07-14 09:00:00,15.710344833333362,55.71384898333333
2023-07-14 10:00:00,16.462895500000037,67.25148333333331
2023-07-14 11:00:00,14.687357666666696,100.56342774999996
2023-07-14 12:00:00,0.0,133.1363473833333
2023-07-14 13:00:00,10.026255000000004,149.85916483333327
2023-07-14 14:00:00,9.241835000000007,139.72834853333327
2023-07-14 15:00:00,10.477032333333336,143.3344313666666
2023-07-14 16:00:00,29.2491736666667,113.75114666666664
2023-07-14 17:00:00,22.854312000000032,65.28314696666676
2023-07-14 18:00:00,2.247732000000003,61.91395815000008
2023-07-14 19:00:00,11.271881000000022,49.886275883333376
2023-07-14 20:00:00,9.889743666666696,45.47215981666671
2023-07-14 21:00:00,0.0,33.92928478333338
2023-07-14 22:00:00,0.0,12.38249336666668
2023-07-14 23:00:00,0.0,3.621491550000001
2023-07-15 00:00:00,0.0,2.9376101500000007
2023-07-15 01:00:00,0.0,7.995084700000008
2023-07-15 02:00:00,0.0,9.015077900000009
2023-07-15 03:00:00,0.0,10.865065983333336
2023-07-15 04:00:00,0.0,12.209851916666672
2023-07-15 05:00:00,0.4665560000000009,18.18435866666668
2023-07-15 06:00:00,11.385735333333367,30.235613916666725
2023-07-15 07:00:00,50.792483666666726,33.384610716666714
2023-07-15 08:00:00,22.580960333333373,40.46593221666668
2023-07-15 09:00:00,15.70569800000003,54.77692228333334
2023-07-15 10:00:00,15.39530633333337,71.18888906666668
2023-07-15 11:00:00,13.249956833333355,113.09516463333333
2023-07-15 12:00:00,0.0,138.55259643333326
2023-07-15 13:00:00,4.420634333333331,144.0219883666666
2023-07-15 14:00:00,8.919542666666672,148.66108594999992
2023-07-15 15:00:00,10.584353666666678,133.55660713333324
2023-07-15 16:00:00,36.79796100000004,87.1350788
2023-07-15 17:00:00,27.20453733333337,65.25747958333342
2023-07-15 18:00:00,2.331083000000004,60.279781733333415
2023-07-15 19:00:00,11.899405666666691,49.04066560000005
2023-07-15 20:00:00,9.731505333333365,43.82601540000004
2023-07-15 21:00:00,0.0,33.87357480000004
2023-07-15 22:00:00,0.0,13.30227156666668
2023-07-15 23:00:00,0.0,3.717737650000002
2023-07-16 00:00:00,0.0,0.0
2023-07-16 01:00:00,0.0,0.0
2023-07-16 02:00:00,0.0,0.0
2023-07-16 03:00:00,0.0,0.0
2023-07-16 04:00:00,0.0,0.2462629666666663
2023-07-16 05:00:00,0.4759800000000004,5.060959433333341
2023-07-16 06:00:00,11.469815333333365,16.394064750000044
2023-07-16 07:00:00,40.38383300000006,17.363862466666717
2023-07-16 08:00:00,42.770833000000025,2.2184703666666663
2023-07-16 09:00:00,16.16199533333336,0.5962089833333306
2023-07-16 10:00:00,15.559833000000042,0.6852640333333305
2023-07-16 11:00:00,15.68572133333336,0.6882630166666636
2023-07-16 12:00:00,0.0,0.6005195166666631
2023-07-16 13:00:00,6.450133000000001,0.5906027333333306
2023-07-16 14:00:00,9.185652333333335,0.5813575833333295
2023-07-16 15:00:00,8.186762333333336,0.5973641666666631
2023-07-16 16:00:00,18.73990900000004,2.81923218333333
2023-07-16 17:00:00,29.139875666666697,31.676072166666746
2023-07-16 18:00:00,2.1613750000000054,46.19763400000008
2023-07-16 19:00:00,11.672469333333362,34.99848585000004
2023-07-16 20:00:00,10.50104333333336,32.140647116666706
2023-07-16 21:00:00,0.0,21.76114218333337
2023-07-16 22:00:00,0.0,5.1602283666666775
2023-07-16 23:00:00,0.0,0.4187192333333328
2023-07-17 00:00:00,0.0,2.382612716666665
2023-07-17 01:00:00,0.0,6.125097166666673
2023-07-17 02:00:00,0.0,9.037577750000008
2023-07-17 03:00:00,0.0,11.187564983333338
2023-07-17 04:00:00,0.0,11.52440858333334
2023-07-17 05:00:00,0.481188000000001,18.11605953333335
2023-07-17 06:00:00,10.775467000000031,31.64846186666672
2023-07-17 07:00:00,32.45127600000006,32.79997315000004
2023-07-17 08:00:00,40.714639333333366,42.66122641666667
2023-07-17 09:00:00,15.52859300000003,60.6385767
2023-07-17 10:00:00,12.745544666666701,69.53465313333331
2023-07-17 11:00:00,13.808626666666692,109.52533189999995
2023-07-17 12:00:00,0.0,141.75451429999993
2023-07-17 13:00:00,6.015509333333335,155.78798984999992
2023-07-17 14:00:00,11.659692666666672,147.1689947666666
2023-07-17 15:00:00,9.417122333333335,135.15760534999993
2023-07-17 16:00:00,31.39314733333336,88.99875583333333
2023-07-17 17:00:00,26.56194533333337,57.86826460000009
2023-07-17 18:00:00,2.2339860000000025,62.15820353333342
2023-07-17 19:00:00,12.430573666666696,47.77980336666671
2023-07-17 20:00:00,11.212283000000022,43.85221180000004
2023-07-17 21:00:00,0.0,33.79863580000004
2023-07-17 22:00:00,0.0,15.740756000000015
2023-07-17 23:00:00,0.0,4.665401033333335
2023-07-18 00:00:00,0.0,3.132609366666668
2023-07-18 01:00:00,0.0,7.240089733333336
2023-07-18 02:00:00,0.0,8.68258011666667
2023-07-18 03:00:00,0.0,10.90506703333334
2023-07-18 04:00:00,0.0,12.14624958333334
2023-07-18 05:00:00,0.4443600000000007,16.634637583333348
2023-07-18 06:00:00,11.23298133333336,33.81528621666673
2023-07-18 07:00:00,27.77188866666673,31.33937393333338
2023-07-18 08:00:00,33.05692300000004,43.01708736666667
2023-07-18 09:00:00,17.118452166666692,59.60587015
2023-07-18 10:00:00,15.871884333333371,73.81547953333332
2023-07-18 11:00:00,13.748598500000025,109.81351399999998
2023-07-18 12:00:00,0.0,146.9471727666666
2023-07-18 13:00:00,6.088312666666667,146.87550279999994
2023-07-18 14:00:00,9.408967666666676,147.46847599999992
2023-07-18 15:00:00,11.78387533333334,133.72484024999991
2023-07-18 16:00:00,31.49315866666669,91.17686896666667
2023-07-18 17:00:00,35.00222800000003,57.75372256666675
2023-07-18 18:00:00,2.2978160000000036,59.52222345000009
2023-07-18 19:00:00,12.349046666666693,48.35195726666671
2023-07-18 20:00:00,10.406100333333356,45.94721820000005
2023-07-18 21:00:00,0.0,32.45475568333338
2023-07-18 22:00:00,0.0,14.328708566666684
2023-07-18 23:00:00,0.0,5.418151233333336
2023-07-19 00:00:00,0.0,2.127613716666668
2023-07-19 01:00:00,0.0,5.937598416666671
2023-07-19 02:00:00,0.0,9.22757648333334
2023-07-19 03:00:00,0.0,11.27506371666667
2023-07-19 04:00:00,0.0,12.372945466666671
2023-07-19 05:00:00,0.4324560000000011,17.21300673333335
2023-07-19 06:00:00,11.241662000000039,31.68210898333339
2023-07-19 07:00:00,36.546527666666734,33.320842550000044
2023-07-19 08:00:00,31.456792666666697,43.557949216666685
2023-07-19 09:00:00,16.41059733333336,75.9173510833333
2023-07-19 10:00:00,17.29058633333337,60.61598001666667
2023-07-19 11:00:00,11.751452166666683,99.22609248333332
2023-07-19 12:00:00,0.0,136.7584175666666
2023-07-19 13:00:00,7.248046000000007,155.31107318333324
2023-07-19 14:00:00,9.911073333333336,155.9018024666666
2023-07-19 15:00:00,9.011851000000004,134.4564272666666
2023-07-19 16:00:00,37.54409600000003,86.6906674
2023-07-19 17:00:00,27.675006666666704,58.26461505000009
2023-07-19 18:00:00,2.287949000000003,60.68050605000008
2023-07-19 19:00:00,12.499548000000026,49.44125116666671
2023-07-19 20:00:00,10.156250333333356,44.499816800000055
2023-07-19 21:00:00,0.0,32.18000171666671
2023-07-19 22:00:00,0.0,12.776772100000011
2023-07-19 23:00:00,0.0,3.428745900000001
2023-07-20 00:00:00,0.0,1.9001177333333328
2023-07-20 01:00:00,0.0,5.2276031500000055
2023-07-20 02:00:00,0.0,8.047584350000005
2023-07-20 03:00:00,0.0,9.202576766666672
2023-07-20 04:00:00,0.0,10.558423366666672
2023-07-20 05:00:00,0.4594880000000008,17.319294750000015
2023-07-20 06:00:00,12.34436133333336,31.566890116666727
2023-07-20 07:00:00,36.87151000000006,30.62045431666672
2023-07-20 08:00:00,34.31332433333338,39.97002078333335
2023-07-20 09:00:00,14.85200483333336,66.96084406666664
2023-07-20 10:00:00,17.103286833333375,84.79865299999996
2023-07-20 11:00:00,13.410260166666696,91.32042405
2023-07-20 12:00:00,0.0,135.8050049166666
2023-07-20 13:00:00,7.13421166666667,147.94706904999993
2023-07-20 14:00:00,9.768300000000009,151.46140571666658
2023-07-20 15:00:00,9.78305533333334,135.75526764999998
2023-07-20 16:00:00,28.76781033333336,88.2378023
2023-07-20 17:00:00,28.33581566666669,58.56182098333343
2023-07-20 18:00:00,2.196190000000002,61.729203966666745
2023-07-20 19:00:00,12.257002333333364,49.245035233333375
2023-07-20 20:00:00,9.776478333333364,45.2318868166667
2023-07-20 21:00:00,0.0,33.80728183333338
2023-07-20 22:00:00,0.0,14.502490383333352
2023-07-20 23:00:00,0.0,4.55348191666667
2023-07-21 00:00:00,0.0,2.515113383333333
2023-07-21 01:00:00,0.0,6.900092000000007
2023-07-21 02:00:00,0.0,8.200083333333337
2023-07-21 03:00:00,0.0,8.247584033333338
2023-07-21 04:00:00,0.0,10.10086296666667
2023-07-21 05:00:00,0.4775920000000009,17.272916366666678
2023-07-21 06:00:00,12.7990506666667,32.928387733333395
2023-07-21 07:00:00,42.97357000000006,34.15251790000004
2023-07-21 08:00:00,20.157658000000037,40.24116193333335
2023-07-21 09:00:00,14.02562533333336,64.76741503333334
2023-07-21 10:00:00,17.47334816666671,77.9642902333333
2023-07-21 11:00:00,15.631390000000028,103.81556238333329
2023-07-21 12:00:00,0.0,146.16234926666658
2023-07-21 13:00:00,6.100786666666665,147.07365888333325
2023-07-21 14:00:00,10.611373666666674,138.19374979999995
2023-07-21 15:00:00,8.802858000000006,139.31566184999994
2023-07-21 16:00:00,38.7413876666667,93.74412598333332
2023-07-21 17:00:00,30.01387766666669,61.13808551666676
2023-07-21 18:00:00,1.9400250000000063,59.65727250000008
2023-07-21 19:00:00,10.79105900000003,49.50388858333337
2023-07-21 20:00:00,10.307826000000029,45.0132044166667
2023-07-21 21:00:00,0.0,33.36488278333338
2023-07-21 22:00:00,0.0,14.641290783333348
2023-07-21 23:00:00,0.0,5.380983983333335
2023-07-22 00:00:00,0.0,2.3976107333333347
2023-07-22 01:00:00,0.0,6.285096100000005
2023-07-22 02:00:00,0.0,8.540081066666673
2023-07-22 03:00:00,0.0,9.780074350000008
2023-07-22 04:00:00,0.0,10.172545516666672
2023-07-22 05:00:00,0.3625199999999999,15.556803466666684
2023-07-22 06:00:00,12.28802100000003,32.24404556666673
2023-07-22 07:00:00,40.8535573333334,31.776538250000048
2023-07-22 08:00:00,35.36361800000003,41.15780828333334
2023-07-22 09:00:00,17.61768600000003,68.55520184999997
2023-07-22 10:00:00,14.41207350000003,74.67455034999998
2023-07-22 11:00:00,12.194135000000024,99.52966681666663
2023-07-22 12:00:00,0.0,137.28708234999996
2023-07-22 13:00:00,9.233819000000004,140.11714373333328
2023-07-22 14:00:00,9.222814,142.2986530666666
2023-07-22 15:00:00,7.726966999999997,146.12643688333327
2023-07-22 16:00:00,19.677835000000023,94.27049005
2023-07-22 17:00:00,35.74933533333336,61.33730755000009
2023-07-22 18:00:00,2.180619000000001,59.66208683333342
2023-07-22 19:00:00,11.929137333333362,49.51998915000004
2023-07-22 20:00:00,9.763153000000028,43.69217163333337
2023-07-22 21:00:00,0.0,34.50790051666671
2023-07-22 22:00:00,0.0,15.38084771666668
2023-07-22 23:00:00,0.0,4.948062433333335
2023-07-23 00:00:00,0.0,0.0
2023-07-23 01:00:00,0.0,0.0
2023-07-23 02:00:00,0.0,0.0
2023-07-23 03:00:00,0.0,0.0
2023-07-23 04:00:00,0.0,0.2704996833333331
2023-07-23 05:00:00,0.4856520000000007,5.39572300000001
2023-07-23 06:00:00,11.780080666666695,19.07741981666672
2023-07-23 07:00:00,36.496309666666725,13.283825116666709
2023-07-23 08:00:00,28.64133800000004,1.649379666666664
2023-07-23 09:00:00,15.45418133333336,0.7417637999999966
2023-07-23 10:00:00,17.19354400000004,0.6758488333333293
2023-07-23 11:00:00,12.859254666666692,0.6541853666666632
2023-07-23 12:00:00,0.0,0.6362715999999964
2023-07-23 13:00:00,5.664504333333333,0.6149403499999969
2023-07-23 14:00:00,11.329591000000011,0.5931917666666637
2023-07-23 15:00:00,12.508345333333342,0.5986910333333294
2023-07-23 16:00:00,26.18604900000004,3.5158486166666645
2023-07-23 17:00:00,37.14738766666669,31.34332740000008
2023-07-23 18:00:00,2.1298560000000024,45.82201541666674
2023-07-23 19:00:00,11.135799666666697,35.68942045000004
2023-07-23 20:00:00,10.72757400000003,32.38098358333336
2023-07-23 21:00:00,0.0,22.71814198333337
2023-07-23 22:00:00,0.0,5.050321250000008
2023-07-23 23:00:00,0.0,0.3081338833333329
2023-07-24 00:00:00,0.0,2.312614116666666
2023-07-24 01:00:00,0.0,5.395102033333337
2023-07-24 02:00:00,0.0,7.372588850000006
2023-07-24 03:00:00,0.0,10.24756983333334
2023-07-24 04:00:00,0.0,12.02024213333334
2023-07-24 05:00:00,0.4890000000000001,17.843183116666683
2023-07-24 06:00:00,11.7027326666667,34.705731800000066
2023-07-24 07:00:00,50.2605343333334,32.70679293333338
2023-07-24 08:00:00,33.05466866666671,32.84613791666668
2023-07-24 09:00:00,13.197004666666688,54.76469898333333
2023-07-24 10:00:00,17.056492333333367,80.6403050333333
2023-07-24 11:00:00,13.315621333333356,122.12132506666664
2023-07-24 12:00:00,0.0,156.7264088999999
2023-07-24 13:00:00,6.465440333333331,154.70463363333326
2023-07-24 14:00:00,8.99020333333334,127.88799753333328
2023-07-24 15:00:00,12.337032000000008,139.6914441833333
2023-07-24 16:00:00,30.019974000000023,92.29907743333332
2023-07-24 17:00:00,18.711084666666707,57.29840691666676
2023-07-24 18:00:00,2.1663000000000037,58.87250525000008
2023-07-24 19:00:00,11.358654666666697,47.18183863333337
2023-07-24 20:00:00,10.08296100000003,43.52446673333337
2023-07-24 21:00:00,0.0,32.53268423333338
2023-07-24 22:00:00,0.0,13.85507166666668
2023-07-24 23:00:00,0.0,4.935479350000003
2023-07-25 00:00:00,0.0,2.182617166666665
2023-07-25 01:00:00,0.0,5.800099333333337
2023-07-25 02:00:00,0.0,8.727579816666676
2023-07-25 03:00:00,0.0,10.265071566666675
2023-07-25 04:00:00,0.0,12.174585950000008
2023-07-25 05:00:00,0.4520480000000011,16.766582216666684
2023-07-25 06:00:00,11.172528000000032,28.497765066666727
2023-07-25 07:00:00,32.82796933333339,32.31321455000005
2023-07-25 08:00:00,30.29494966666669,41.69837521666668
2023-07-25 09:00:00,15.57551600000003,53.35590188333333
2023-07-25 10:00:00,17.36853016666671,82.91812849999997
2023-07-25 11:00:00,12.897538000000024,114.54650289999992
2023-07-25 12:00:00,0.0,142.23333856666662
2023-07-25 13:00:00,10.263219000000008,148.55664551666658
2023-07-25 14:00:00,10.67001033333334,139.96024173333328
2023-07-25 15:00:00,6.84486633333333,127.54985204999996
2023-07-25 16:00:00,36.0544936666667,90.8961092
2023-07-25 17:00:00,29.67126600000003,62.20257598333343
2023-07-25 18:00:00,2.0857180000000044,65.18695873333343
2023-07-25 19:00:00,12.002790000000031,49.992112833333366
2023-07-25 20:00:00,10.787538000000024,45.34395695000004
2023-07-25 21:00:00,0.0,34.05548298333337
2023-07-25 22:00:00,0.0,14.22924076666668
2023-07-25 23:00:00,0.0,5.118483433333334
2023-07-26 00:00:00,0.0,2.1701153833333326
2023-07-26 01:00:00,0.0,5.557600950000004
2023-07-26 02:00:00,0.0,8.022584516666674
2023-07-26 03:00:00,0.0,9.745074616666672
2023-07-26 04:00:00,0.0,11.608568416666673
2023-07-26 05:00:00,0.4500640000000008,17.599324033333346
2023-07-26 06:00:00,11.392055666666693,29.89749325000005
2023-07-26 07:00:00,48.65714066666673,31.586620233333377
2023-07-26 08:00:00,25.40615133333337,36.63589650000001
2023-07-26 09:00:00,14.97418333333336,62.86208808333333
2023-07-26 10:00:00,16.62297400000004,76.51830744999998
2023-07-26 11:00:00,15.030240000000024,103.75665465
2023-07-26 12:00:00,0.0,137.8619931499999
2023-07-26 13:00:00,8.98868333333334,155.3961522166666
2023-07-26 14:00:00,8.983829000000002,148.46490323333327
2023-07-26 15:00:00,8.436251333333333,138.39810706666665
2023-07-26 16:00:00,27.6319006666667,102.68300516666665
2023-07-26 17:00:00,27.005592333333368,62.65809368333343
2023-07-26 18:00:00,2.269621000000005,60.87039333333341
2023-07-26 19:00:00,11.369758333333358,48.45004320000004
2023-07-26 20:00:00,10.620971333333364,44.08242603333337
2023-07-26 21:00:00,0.0,32.905495700000046
2023-07-26 22:00:00,0.0,14.401226333333348
2023-07-26 23:00:00,0.0,5.062814550000002
2023-07-27 00:00:00,0.0,2.8626108833333337
2023-07-27 01:00:00,0.0,7.560087600000004
2023-07-27 02:00:00,0.0,8.782579450000005
2023-07-27 03:00:00,0.0,9.227576783333337
2023-07-27 04:00:00,0.0,9.782063533333336
2023-07-27 05:00:00,0.4783360000000005,16.83024948333335
2023-07-27 06:00:00,12.138078666666695,29.5699259833334
2023-07-27 07:00:00,36.29993166666672,30.187008800000044
2023-07-27 08:00:00,37.105621333333374,38.21141078333334
2023-07-27 09:00:00,17.227293333333364,69.46264763333333
2023-07-27 10:00:00,17.321422166666704,74.56387954999998
2023-07-27 11:00:00,12.585427333333358,94.31593883333332
2023-07-27 12:00:00,0.0,133.2945194833333
2023-07-27 13:00:00,7.673479000000003,145.40032693333325
2023-07-27 14:00:00,10.14402933333334,145.55464853333325
2023-07-27 15:00:00,9.234164333333338,129.54799456666666
2023-07-27 16:00:00,34.9614996666667,105.819493
2023-07-27 17:00:00,21.93717166666669,64.28316525000008
2023-07-27 18:00:00,2.110890000000004,63.16563756666676
2023-07-27 19:00:00,12.401660666666695,49.50834958333337
2023-07-27 20:00:00,9.390043666666688,45.747000900000046
2023-07-27 21:00:00,0.0,34.02432775000004
2023-07-27 22:00:00,0.0,13.592036100000014
2023-07-27 23:00:00,0.0,4.815397283333336
2023-07-28 00:00:00,0.0,1.9976161166666664
2023-07-28 01:00:00,0.0,6.235096433333337
2023-07-28 02:00:00,0.0,8.725079833333337
2023-07-28 03:00:00,0.0,10.300069750000006
2023-07-28 04:00:00,0.0,12.578912850000004
2023-07-28 05:00:00,0.4768480000000004,18.055310533333348
2023-07-28 06:00:00,12.300651666666695,30.43498043333339
2023-07-28 07:00:00,36.16267833333339,32.32702096666672
2023-07-28 08:00:00,33.20823433333337,41.34484746666668
2023-07-28 09:00:00,17.647235000000034,60.1569485
2023-07-28 10:00:00,17.543258166666707,71.45872838333332
2023-07-28 11:00:00,12.895961500000022,99.76224646666664
2023-07-28 12:00:00,0.0,129.22642736666657
2023-07-28 13:00:00,6.887227666666667,143.75057671666664
2023-07-28 14:00:00,9.805082333333337,147.94099738333327
2023-07-28 15:00:00,9.058619333333336,148.09891166666662
2023-07-28 16:00:00,30.08736166666669,98.75814603333332
2023-07-28 17:00:00,34.11318133333337,62.16513810000008
2023-07-28 18:00:00,2.0076750000000056,61.90389291666676
2023-07-28 19:00:00,11.055992666666699,48.968861283333375
2023-07-28 20:00:00,10.239533666666697,44.11358803333338
2023-07-28 21:00:00,0.0,33.15297816666671
2023-07-28 22:00:00,0.0,14.745158350000017
2023-07-28 23:00:00,0.0,4.756651133333336
2023-07-29 00:00:00,0.0,2.347613066666668
2023-07-29 01:00:00,0.0,5.792599383333337
2023-07-29 02:00:00,0.0,7.882585450000004
2023-07-29 03:00:00,0.0,9.58007468333334
2023-07-29 04:00:00,0.0,11.761297100000004
2023-07-29 05:00:00,0.4816840000000007,17.580048950000013
2023-07-29 06:00:00,12.894690333333358,31.133165933333387
2023-07-29 07:00:00,44.67012533333339,31.307974600000048
2023-07-29 08:00:00,31.184475666666703,45.22241540000001
2023-07-29 09:00:00,16.560439166666697,61.37827673333334
2023-07-29 10:00:00,15.939853333333378,71.84215336666665
2023-07-29 11:00:00,13.03709133333336,110.73241696666666
2023-07-29 12:00:00,0.0,127.00009496666664
2023-07-29 13:00:00,6.911380333333333,133.18149424999993
2023-07-29 14:00:00,7.974797333333335,158.2083262499999
2023-07-29 15:00:00,9.037317000000003,142.2925051666666
2023-07-29 16:00:00,24.3742346666667,92.22619543333332
2023-07-29 17:00:00,32.41765700000004,56.18533361666675
2023-07-29 18:00:00,1.9361280000000018,62.41188828333342
2023-07-29 19:00:00,11.389047333333362,49.90226273333338
2023-07-29 20:00:00,9.8497676666667,45.96662491666671
2023-07-29 21:00:00,0.0,33.587168066666706
2023-07-29 22:00:00,0.0,13.323869666666678
2023-07-29 23:00:00,0.0,4.599067850000004
2023-07-30 00:00:00,0.0,0.0
2023-07-30 01:00:00,0.0,0.0
2023-07-30 02:00:00,0.0,0.0
2023-07-30 03:00:00,0.0,0.0
2023-07-30 04:00:00,0.0,0.3222397499999996
2023-07-30 05:00:00,0.4095160000000012,4.476138550000008
2023-07-30 06:00:00,11.741826000000025,19.885130683333387
2023-07-30 07:00:00,44.715015666666716,11.911781450000037
2023-07-30 08:00:00,19.98559600000004,2.179340566666666
2023-07-30 09:00:00,15.816430000000024,0.6853834666666632
2023-07-30 10:00:00,16.375589833333372,0.7290901333333296
2023-07-30 11:00:00,12.905927666666692,0.59135113333333
2023-07-30 12:00:00,0.0,0.6110158666666632
2023-07-30 13:00:00,7.09720566666667,0.6267668333333298
2023-07-30 14:00:00,8.98851066666667,0.5919399333333295
2023-07-30 15:00:00,8.92450166666667,0.7053525999999961
2023-07-30 16:00:00,29.653743333333363,2.991157199999996
2023-07-30 17:00:00,38.1828226666667,33.168761433333415
2023-07-30 18:00:00,2.0475200000000022,47.222013466666745
2023-07-30 19:00:00,11.725470666666698,34.714859916666704
2023-07-30 20:00:00,10.456070333333368,31.84953490000003
2023-07-30 21:00:00,0.0,23.149126216666705
2023-07-30 22:00:00,0.0,5.602622283333342
2023-07-30 23:00:00,0.0,0.4407159333333328
2023-07-31 00:00:00,0.0,3.215107533333335
2023-07-31 01:00:00,0.0,9.26007626666667
2023-07-31 02:00:00,0.0,10.755066300000006
2023-07-31 03:00:00,0.0,11.39206328333334
2023-07-31 04:00:00,0.0,12.915673950000006
2023-07-31 05:00:00,0.4831720000000002,19.169025950000016
2023-07-31 06:00:00,12.495505666666693,31.466348800000056
2023-07-31 07:00:00,38.12090966666672,29.86693245000005
2023-07-31 08:00:00,38.65063333333337,34.533097433333346
2023-07-31 09:00:00,16.94218800000003,64.30395923333332
2023-07-31 10:00:00,17.999726666666703,74.80314583333333
2023-07-31 11:00:00,14.819257000000029,110.1851755833333
2023-07-31 12:00:00,0.0,134.17976894999995
2023-07-31 13:00:00,8.177433000000006,140.40649036666662
2023-07-31 14:00:00,8.027093666666667,144.87507534999992
2023-07-31 15:00:00,9.075860000000004,144.92759313333323
2023-07-31 16:00:00,23.805200333333364,98.83346793333332
2023-07-31 17:00:00,22.13985533333336,60.986751200000086
2023-07-31 18:00:00,2.077552000000004,59.63961273333342
2023-07-31 19:00:00,11.70934400000003,48.52543976666671
2023-07-31 20:00:00,10.037988000000032,43.60136313333338
2023-07-31 21:00:00,0.0,32.53433226666671
2023-07-31 22:00:00,0.0,15.43019698333335
2023-07-31 23:00:00,0.0,5.253401950000003
2023-08-01 00:00:00,0.0,2.330115483333332
2023-08-01 01:00:00,0.0,6.49009473333334
2023-08-01 02:00:00,0.0,9.270076200000007
2023-08-01 03:00:00,0.0,10.810066166666676
2023-08-01 04:00:00,0.0,11.760178183333345
2023-08-01 05:00:00,0.4768480000000012,16.656690133333345
2023-08-01 06:00:00,12.346829333333362,32.15802340000006
2023-08-01 07:00:00,47.73549966666672,33.11730358333339
2023-08-01 08:00:00,37.64107333333336,36.66721948333334
2023-08-01 09:00:00,16.25927383333336,54.349454400000006
2023-08-01 10:00:00,15.61985933333337,67.71755756666667
2023-08-01 11:00:00,17.723940333333363,94.48224671666668
2023-08-01 12:00:00,0.0,131.0592616499999
2023-08-01 13:00:00,5.445559333333334,149.48765608333323
2023-08-01 14:00:00,7.486858333333333,159.35382466666658
2023-08-01 15:00:00,9.809764000000005,137.1956828666666
2023-08-01 16:00:00,27.503700333333363,105.67085615
2023-08-01 17:00:00,21.05481633333337,64.52132696666676
2023-08-01 18:00:00,2.0617150000000044,61.40980490000008
2023-08-01 19:00:00,11.614888000000025,49.85202298333336
2023-08-01 20:00:00,10.384446666666696,45.672169283333375
2023-08-01 21:00:00,0.0,32.69660600000004
2023-08-01 22:00:00,0.0,12.890604933333348
2023-08-01 23:00:00,0.0,3.572582116666668
2023-08-02 00:00:00,0.0,2.3301141666666663
2023-08-02 01:00:00,0.0,7.05259098333334
2023-08-02 02:00:00,0.0,8.560080933333339
2023-08-02 03:00:00,0.0,10.742567016666673
2023-08-02 04:00:00,0.0,12.348662183333335
2023-08-02 05:00:00,0.4040600000000004,17.998294416666678
2023-08-02 06:00:00,11.916435333333366,29.667814750000048
2023-08-02 07:00:00,36.77432766666672,31.354408683333386
2023-08-02 08:00:00,39.69269600000003,47.12145300000001
2023-08-02 09:00:00,14.281092833333354,77.70431056666663
2023-08-02 10:00:00,17.57827950000004,84.50177955
2023-08-02 11:00:00,14.679505666666698,94.70742253333336
2023-08-02 12:00:00,0.0,133.36658883333328
2023-08-02 13:00:00,7.129201666666667,136.72598669999996
2023-08-02 14:00:00,9.491134333333337,135.8500947833333
2023-08-02 15:00:00,9.156818000000005,134.07910316666658
2023-08-02 16:00:00,27.4828946666667,96.81207736666664
2023-08-02 17:00:00,28.424099000000027,62.146195866666766
2023-08-02 18:00:00,2.2118020000000023,62.565189300000085
2023-08-02 19:00:00,11.549014666666693,47.12911113333337
2023-08-02 20:00:00,10.452739000000031,43.69089685000005
2023-08-02 21:00:00,0.0,34.92911378333338
2023-08-02 22:00:00,0.0,15.008347150000017
2023-08-02 23:00:00,0.0,4.476738150000001
2023-08-03 00:00:00,0.0,1.6476170833333326
2023-08-03 01:00:00,0.0,5.775099500000006
2023-08-03 02:00:00,0.0,8.800079333333342
2023-08-03 03:00:00,0.0,10.787566516666672
2023-08-03 04:00:00,0.0,11.395506050000003
2023-08-03 05:00:00,0.4400200000000007,17.368632250000015
2023-08-03 06:00:00,12.154822000000024,30.345696616666725
2023-08-03 07:00:00,30.806137000000064,32.00399141666672
2023-08-03 08:00:00,32.10475333333336,50.94697008333333
2023-08-03 09:00:00,15.705667500000033,84.65430216666661
2023-08-03 10:00:00,15.06745633333337,85.11645848333329
2023-08-03 11:00:00,13.924702666666692,102.66816241666666
2023-08-03 12:00:00,0.0,133.67993043333328
2023-08-03 13:00:00,6.720734666666664,131.62875329999994
2023-08-03 14:00:00,11.264113000000007,140.94393433333326
2023-08-03 15:00:00,9.848117333333342,127.0362771333333
2023-08-03 16:00:00,42.07531633333336,80.08691001666666
2023-08-03 17:00:00,22.464208000000035,59.17860773333343
2023-08-03 18:00:00,1.9944070000000047,58.45654780000009
2023-08-03 19:00:00,11.845924333333357,48.82369863333338
2023-08-03 20:00:00,10.021331333333368,46.4389588666667
2023-08-03 21:00:00,0.0,35.33609740000004
2023-08-03 22:00:00,0.0,15.17546228333335
2023-08-03 23:00:00,0.0,5.834060250000004
2023-08-04 00:00:00,0.0,3.255107766666666
2023-08-04 01:00:00,0.0,6.580094133333341
2023-08-04 02:00:00,0.0,8.407581950000006
2023-08-04 03:00:00,0.0,9.242577250000004
2023-08-04 04:00:00,0.0,11.64361073333334
2023-08-04 05:00:00,0.4586200000000003,16.49879851666668
2023-08-04 06:00:00,12.568614333333354,29.81462821666672
2023-08-04 07:00:00,32.04057366666673,36.11774833333339
2023-08-04 08:00:00,32.30075433333337,37.60014683333334
2023-08-04 09:00:00,14.34438083333336,68.82220781666666
2023-08-04 10:00:00,17.821609500000037,85.60670851666667
2023-08-04 11:00:00,13.48323850000002,109.70839809999995
2023-08-04 12:00:00,0.0,147.77239748333324
2023-08-04 13:00:00,9.368488666666668,143.47380968333326
2023-08-04 14:00:00,9.145864000000005,126.64966954999991
2023-08-04 15:00:00,8.046080666666668,129.47350171666662
2023-08-04 16:00:00,33.30682033333336,96.85775003333332
2023-08-04 17:00:00,33.0755806666667,59.18330333333344
2023-08-04 18:00:00,2.1109020000000025,60.17209576666675
2023-08-04 19:00:00,11.637984666666698,48.20376620000004
2023-08-04 20:00:00,9.718180000000036,44.76676621666672
2023-08-04 21:00:00,0.0,33.59369595000004
2023-08-04 22:00:00,0.0,14.805395200000014
2023-08-04 23:00:00,0.0,4.382569233333335
2023-08-05 00:00:00,0.0,2.227614983333333
2023-08-05 01:00:00,0.0,6.897592016666675
2023-08-05 02:00:00,0.0,8.660080266666675
2023-08-05 03:00:00,0.0,9.79507298333334
2023-08-05 04:00:00,0.0,11.58226488333334
2023-08-05 05:00:00,0.4067880000000012,17.867511116666684
2023-08-05 06:00:00,12.385425666666697,31.53446626666673
2023-08-05 07:00:00,26.704897000000052,34.28617148333338
2023-08-05 08:00:00,32.48352433333338,36.41417010000001
2023-08-05 09:00:00,15.205800333333356,58.233537166666665
2023-08-05 10:00:00,14.710177166666698,72.27938881666664
2023-08-05 11:00:00,14.949211166666691,93.14590211666666
2023-08-05 12:00:00,0.0,142.90172063333327
2023-08-05 13:00:00,6.805406333333333,160.4745484499999
2023-08-05 14:00:00,9.474100333333336,156.55823203333327
2023-08-05 15:00:00,8.432243333333336,145.23065619999994
2023-08-05 16:00:00,40.32452866666669,89.08840159999998
2023-08-05 17:00:00,35.81870800000004,58.01112271666676
2023-08-05 18:00:00,2.0714880000000035,58.10832510000008
2023-08-05 19:00:00,12.060498666666698,46.48866756666671
2023-08-05 20:00:00,8.928654000000034,42.59310471666672
2023-08-05 21:00:00,0.0,32.77642151666671
2023-08-05 22:00:00,0.0,13.234056800000012
2023-08-05 23:00:00,0.0,3.936579283333336
2023-08-06 00:00:00,0.0,0.0
2023-08-06 01:00:00,0.0,0.0
2023-08-06 02:00:00,0.0,0.0
2023-08-06 03:00:00,0.0,0.0
2023-08-06 04:00:00,0.0,0.2746760499999997
2023-08-06 05:00:00,0.4354320000000008,5.465848166666676
2023-08-06 06:00:00,11.404943666666693,20.55340220000006
2023-08-06 07:00:00,40.011736333333396,14.093935466666702
2023-08-06 08:00:00,40.32156700000003,1.6391078666666634
2023-08-06 09:00:00,15.220211666666687,0.592706299999997
2023-08-06 10:00:00,15.823551500000033,0.4673646833333306
2023-08-06 11:00:00,14.86694000000003,0.5332784833333297
2023-08-06 12:00:00,0.0,0.5525282166666633
2023-08-06 13:00:00,6.725277666666667,0.5877710666666631
2023-08-06 14:00:00,9.750436666666673,0.6733507666666633
2023-08-06 15:00:00,10.07208933333334,0.6833509833333304
2023-08-06 16:00:00,28.62581233333336,3.667413566666666
2023-08-06 17:00:00,29.7397006666667,30.86125576666674
2023-08-06 18:00:00,2.063174000000003,45.56421298333342
2023-08-06 19:00:00,12.557581333333365,34.488013416666696
2023-08-06 20:00:00,10.439413666666702,31.39860600000004
2023-08-06 21:00:00,0.0,22.24454493333337
2023-08-06 22:00:00,0.0,5.527984083333341
2023-08-06 23:00:00,0.0,0.3913087999999995
2023-08-07 00:00:00,0.0,1.9451164166666663
2023-08-07 01:00:00,0.0,6.270096200000006
2023-08-07 02:00:00,0.0,8.865078900000007
2023-08-07 03:00:00,0.0,9.247576983333342
2023-08-07 04:00:00,0.0,10.686437166666671
2023-08-07 05:00:00,0.4906120000000011,16.363865616666683
2023-08-07 06:00:00,11.736649333333364,28.382174583333384
2023-08-07 07:00:00,41.257409333333385,30.935387450000054
2023-08-07 08:00:00,45.60867066666671,34.74344053333335
2023-08-07 09:00:00,13.687462500000024,51.34086231666668
2023-08-07 10:00:00,16.359814000000043,64.78989979999999
2023-08-07 11:00:00,13.966335166666692,111.17931008333328
2023-08-07 12:00:00,0.0,142.2705005499999
2023-08-07 13:00:00,4.741095333333331,143.7377310166666
2023-08-07 14:00:00,11.262143000000007,154.4358762166666
2023-08-07 15:00:00,11.27745033333334,126.63817491666664
2023-08-07 16:00:00,22.22503033333336,108.96083675
2023-08-07 17:00:00,23.852570666666697,63.422549050000086
2023-08-07 18:00:00,2.055415000000001,59.59191335000009
2023-08-07 19:00:00,11.017672333333364,48.56786285000004
2023-08-07 20:00:00,11.005740333333357,43.74353263333338
2023-08-07 21:00:00,0.0,34.970062783333375
2023-08-07 22:00:00,0.0,15.434784733333348
2023-08-07 23:00:00,0.0,4.7730706166666685
2023-08-08 00:00:00,0.0,2.022616433333332
2023-08-08 01:00:00,0.0,6.022597850000008
2023-08-08 02:00:00,0.0,9.072577516666676
2023-08-08 03:00:00,0.0,11.25756408333334
2023-08-08 04:00:00,0.0,12.68577918333334
2023-08-08 05:00:00,0.4473360000000008,17.516821250000014
2023-08-08 06:00:00,11.101999333333369,29.5569155833334
2023-08-08 07:00:00,45.37256800000006,31.80477153333338
2023-08-08 08:00:00,38.56627100000004,50.21783903333336
2023-08-08 09:00:00,15.495764500000025,87.8603851833333
2023-08-08 10:00:00,16.771475166666708,71.76405691666665
2023-08-08 11:00:00,12.52069333333336,114.7877276333333
2023-08-08 12:00:00,0.0,136.08833209999997
2023-08-08 13:00:00,6.970880333333334,136.47741253333328
2023-08-08 14:00:00,12.31351900000001,138.5792429333333
2023-08-08 15:00:00,8.894337,127.14029033333324
2023-08-08 16:00:00,24.01996633333336,92.22223935
2023-08-08 17:00:00,22.131266666666704,59.31625038333342
2023-08-08 18:00:00,2.1134290000000044,59.81555081666675
2023-08-08 19:00:00,11.872132333333358,48.49503661666671
2023-08-08 20:00:00,10.847502000000024,44.12587581666671
2023-08-08 21:00:00,0.0,33.794615583333375
2023-08-08 22:00:00,0.0,13.613503300000012
2023-08-08 23:00:00,0.0,4.142158016666667
2023-08-09 00:00:00,0.0,1.9251155166666667
2023-08-09 01:00:00,0.0,7.070090866666674
2023-08-09 02:00:00,0.0,8.142583716666671
2023-08-09 03:00:00,0.0,9.067578966666671
2023-08-09 04:00:00,0.0,11.59676958333334
2023-08-09 05:00:00,0.4317120000000012,16.866472900000016
2023-08-09 06:00:00,11.254230333333362,31.22063145000006
2023-08-09 07:00:00,34.19542100000007,30.41636350000005
2023-08-09 08:00:00,27.42228100000004,47.21335536666667
2023-08-09 09:00:00,13.074611666666684,69.268138
2023-08-09 10:00:00,15.64989900000003,80.87287358333329
2023-08-09 11:00:00,14.201526333333357,102.44190836666664
2023-08-09 12:00:00,0.0,142.0486617999999
2023-08-09 13:00:00,8.394269333333341,140.69806681666662
2023-08-09 14:00:00,10.652871666666677,130.9400902666666
2023-08-09 15:00:00,10.14686266666667,134.52910149999997
2023-08-09 16:00:00,37.20349100000002,93.68577136666664
2023-08-09 17:00:00,31.737457000000035,59.64092170000009
2023-08-09 18:00:00,2.077487000000005,63.583842783333424
2023-08-09 19:00:00,12.482129333333365,48.50859686666671
2023-08-09 20:00:00,10.39610633333336,43.62774371666671
2023-08-09 21:00:00,0.0,33.061269500000044
2023-08-09 22:00:00,0.0,14.64392966666668
2023-08-09 23:00:00,0.0,5.081900616666669
2023-08-10 00:00:00,0.0,2.0926168333333344
2023-08-10 01:00:00,0.0,5.875098833333338
2023-08-10 02:00:00,0.0,8.225083166666675
2023-08-10 03:00:00,0.0,10.31782033333334
2023-08-10 04:00:00,0.0,12.741740933333338
2023-08-10 05:00:00,0.4329520000000011,19.02968456666668
2023-08-10 06:00:00,11.601760333333361,35.03118230000006
2023-08-10 07:00:00,41.003473000000064,34.85431808333338
2023-08-10 08:00:00,38.68612100000003,39.37679811666668
2023-08-10 09:00:00,18.010625833333364,51.53449605000001
2023-08-10 10:00:00,16.530310500000038,63.84822356666667
2023-08-10 11:00:00,15.36103483333336,107.36392214999996
2023-08-10 12:00:00,0.0,142.65016956666656
2023-08-10 13:00:00,7.938309333333339,151.1818265666666
2023-08-10 14:00:00,6.325622000000001,151.0652412333333
2023-08-10 15:00:00,10.229202000000008,133.61019954999995
2023-08-10 16:00:00,23.384384666666698,90.16034376666666
2023-08-10 17:00:00,24.934787666666708,60.90814658333342
2023-08-10 18:00:00,2.1174680000000023,59.50058191666674
2023-08-10 19:00:00,11.480929000000026,48.58698878333336
2023-08-10 20:00:00,10.35613033333336,45.22270096666671
2023-08-10 21:00:00,0.0,33.823084833333375
2023-08-10 22:00:00,0.0,13.954231016666684
2023-08-10 23:00:00,0.0,4.587995983333336
2023-08-11 00:00:00,0.0,2.525112200000001
2023-08-11 01:00:00,0.0,6.537594416666672
2023-08-11 02:00:00,0.0,7.867585550000005
2023-08-11 03:00:00,0.0,9.897573416666672
2023-08-11 04:00:00,0.0,12.19226450000001
2023-08-11 05:00:00,0.4720120000000004,18.058861800000013
2023-08-11 06:00:00,12.499731000000029,31.587592333333387
2023-08-11 07:00:00,44.70303666666672,31.12134791666672
2023-08-11 08:00:00,28.94235433333337,34.38070153333335
2023-08-11 09:00:00,17.52828133333336,57.09356446666667
2023-08-11 10:00:00,15.154571666666701,76.75556381666667
2023-08-11 11:00:00,12.61036633333336,120.84532913333332
2023-08-11 12:00:00,0.0,150.39590948333327
2023-08-11 13:00:00,7.939639666666671,141.07689599999992
2023-08-11 14:00:00,8.46306466666667,135.5625827666666
2023-08-11 15:00:00,8.780709333333336,134.38220376666658
2023-08-11 16:00:00,36.2791236666667,97.28509434999998
2023-08-11 17:00:00,25.186470666666697,65.05430241666676
2023-08-11 18:00:00,2.042076000000005,60.24969378333341
2023-08-11 19:00:00,10.128966333333366,47.82074196666671
2023-08-11 20:00:00,10.562673000000029,43.79526206666672
2023-08-11 21:00:00,0.0,33.79300545000004
2023-08-11 22:00:00,0.0,14.482670516666683
2023-08-11 23:00:00,0.0,4.870236450000002
2023-08-12 00:00:00,0.0,2.1401169333333327
2023-08-12 01:00:00,0.0,6.355095633333339
2023-08-12 02:00:00,0.0,8.167583550000005
2023-08-12 03:00:00,0.0,9.33757651666667
2023-08-12 04:00:00,0.0,12.275413266666677
2023-08-12 05:00:00,0.4551480000000011,17.59584283333335
2023-08-12 06:00:00,10.997267000000035,32.141247866666724
2023-08-12 07:00:00,33.01208066666672,29.44643288333338
2023-08-12 08:00:00,30.732448666666706,36.64841915000002
2023-08-12 09:00:00,15.118290166666696,62.16964966666666
2023-08-12 10:00:00,16.576590500000037,76.43980604999997
2023-08-12 11:00:00,14.650762166666688,103.20184184999998
2023-08-12 12:00:00,0.0,140.55160034999994
2023-08-12 13:00:00,5.688345666666664,158.32832553333324
2023-08-12 14:00:00,10.021918666666672,141.12750943333327
2023-08-12 15:00:00,8.654573666666675,139.44641073333327
2023-08-12 16:00:00,29.95207300000004,99.13325511666665
2023-08-12 17:00:00,33.31049533333337,59.95577526666676
2023-08-12 18:00:00,2.0639530000000024,60.55783341666676
2023-08-12 19:00:00,11.68176133333336,47.53549953333338
2023-08-12 20:00:00,10.77088133333336,43.36451408333337
2023-08-12 21:00:00,0.0,32.67845075000004
2023-08-12 22:00:00,0.0,13.366267216666682
2023-08-12 23:00:00,0.0,4.1171582833333344
2023-08-13 00:00:00,0.0,0.0
2023-08-13 01:00:00,0.0,0.0
2023-08-13 02:00:00,0.0,0.0
2023-08-13 03:00:00,0.0,0.0
2023-08-13 04:00:00,0.0,0.2377623666666664
2023-08-13 05:00:00,0.4702760000000013,5.303455616666678
2023-08-13 06:00:00,12.173192333333358,19.78703171666672
2023-08-13 07:00:00,29.233003000000068,13.969238066666708
2023-08-13 08:00:00,23.36785800000004,1.6892290166666637
2023-08-13 09:00:00,14.789692333333356,0.6123924999999976
2023-08-13 10:00:00,20.982126000000044,0.6168519833333306
2023-08-13 11:00:00,16.142288666666698,0.5987697499999975
2023-08-13 12:00:00,0.0,0.6213521666666636
2023-08-13 13:00:00,6.592094000000001,0.6542632666666632
2023-08-13 14:00:00,7.739319333333335,0.5675216833333305
2023-08-13 15:00:00,6.903726666666668,0.6078510999999966
2023-08-13 16:00:00,39.4954166666667,3.1943239833333315
2023-08-13 17:00:00,33.904216333333366,31.666733833333407
2023-08-13 18:00:00,2.0126470000000047,45.32754655000007
2023-08-13 19:00:00,11.907820666666693,34.1150091666667
2023-08-13 20:00:00,10.284506666666692,31.78880790000004
2023-08-13 21:00:00,0.0,22.29688975000004
2023-08-13 22:00:00,0.0,5.588019216666675
2023-08-13 23:00:00,0.0,0.4390440166666662
2023-08-14 00:00:00,0.0,1.6376192333333328
2023-08-14 01:00:00,0.0,5.530101133333339
2023-08-14 02:00:00,0.0,8.460081600000006
2023-08-14 03:00:00,0.0,10.457569300000005
2023-08-14 04:00:00,0.0,11.816362766666671
2023-08-14 05:00:00,0.4299760000000006,18.91431808333335
2023-08-14 06:00:00,12.352928666666703,29.57339340000005
2023-08-14 07:00:00,46.27040266666674,29.974498383333383
2023-08-14 08:00:00,17.753748666666695,32.12593475000001
2023-08-14 09:00:00,13.6869641666667,66.00473811666667
2023-08-14 10:00:00,14.334847500000027,94.58412904999996
2023-08-14 11:00:00,13.476830000000025,111.65674841666664
2023-08-14 12:00:00,0.0,141.4501065333332
2023-08-14 13:00:00,7.532485999999999,148.5336593166666
2023-08-14 14:00:00,10.574472333333336,138.7883205333333
2023-08-14 15:00:00,11.894582000000009,135.5305146666666
2023-08-14 16:00:00,33.70539333333337,92.4686885333333
2023-08-14 17:00:00,32.02001200000003,53.72463868333342
2023-08-14 18:00:00,2.111451000000003,64.21685085000009
2023-08-14 19:00:00,11.949874000000028,47.63018540000004
2023-08-14 20:00:00,10.264518666666696,44.98690270000005
2023-08-14 21:00:00,0.0,32.93403410000005
2023-08-14 22:00:00,0.0,14.995471166666684
2023-08-14 23:00:00,0.0,4.566150516666668
2023-08-15 00:00:00,0.0,2.1826169666666657
2023-08-15 01:00:00,0.0,6.010097933333336
2023-08-15 02:00:00,0.0,9.237576416666672
2023-08-15 03:00:00,0.0,10.427569050000008
2023-08-15 04:00:00,0.0,11.300835500000009
2023-08-15 05:00:00,0.487264000000001,16.679938466666684
2023-08-15 06:00:00,12.339830666666693,30.802255766666725
2023-08-15 07:00:00,48.62906566666672,31.19757686666672
2023-08-15 08:00:00,18.5209456666667,39.36014756666668
2023-08-15 09:00:00,15.71693433333336,59.73388584999997
2023-08-15 10:00:00,14.707853833333372,88.05661826666665
2023-08-15 11:00:00,14.880865833333356,117.96939181666664
2023-08-15 12:00:00,0.0,138.29324849999992
2023-08-15 13:00:00,6.498282666666669,136.07991574999994
2023-08-15 14:00:00,8.698214333333336,143.15999483333331
2023-08-15 15:00:00,11.092765666666672,131.54900496666664
2023-08-15 16:00:00,33.09355500000002,91.99350836666666
2023-08-15 17:00:00,29.72878233333337,55.78442776666676
2023-08-15 18:00:00,2.043954000000002,61.73982563333343
2023-08-15 19:00:00,11.583159000000027,49.414219733333375
2023-08-15 20:00:00,9.145190666666698,45.99727438333338
2023-08-15 21:00:00,0.0,33.82551033333338
2023-08-15 22:00:00,0.0,14.105275550000016
2023-08-15 23:00:00,0.0,4.245990866666667
2023-08-16 00:00:00,0.0,1.867616566666668
2023-08-16 01:00:00,0.0,6.600094000000007
2023-08-16 02:00:00,0.0,9.195076700000005
2023-08-16 03:00:00,0.0,9.322577150000008
2023-08-16 04:00:00,0.0,10.688263800000009
2023-08-16 05:00:00,0.4675480000000011,16.600344166666684
2023-08-16 06:00:00,11.974194666666698,29.685917566666728
2023-08-16 07:00:00,35.60551800000006,34.50205258333339
2023-08-16 08:00:00,30.693126666666704,49.25493351666667
2023-08-16 09:00:00,16.10939233333336,71.04463208333331
2023-08-16 10:00:00,14.634555666666696,76.39054509999997
2023-08-16 11:00:00,12.850308333333354,117.18189866666664
2023-08-16 12:00:00,0.0,133.96200226666662
2023-08-16 13:00:00,9.524288000000004,132.67716481666662
2023-08-16 14:00:00,10.950148000000004,137.1506636333333
2023-08-16 15:00:00,10.940006333333343,132.0928634833333
2023-08-16 16:00:00,35.99665166666669,101.89928411666664
2023-08-16 17:00:00,24.33329033333337,61.36732891666675
2023-08-16 18:00:00,2.238751000000005,60.25378840000008
2023-08-16 19:00:00,12.028908666666691,48.96761115000003
2023-08-16 20:00:00,10.286172333333369,44.42265556666671
2023-08-16 21:00:00,0.0,34.465577500000045
2023-08-16 22:00:00,0.0,15.210522200000014
2023-08-16 23:00:00,0.0,4.408240933333336
2023-08-17 00:00:00,0.0,2.797611616666667
2023-08-17 01:00:00,0.0,6.507594616666673
2023-08-17 02:00:00,0.0,9.032577783333345
2023-08-17 03:00:00,0.0,10.671068633333345
2023-08-17 04:00:00,0.0,11.377749900000008
2023-08-17 05:00:00,0.4944560000000002,18.13052101666668
2023-08-17 06:00:00,12.066291000000026,31.28684506666672
2023-08-17 07:00:00,32.077379333333404,31.69271720000005
2023-08-17 08:00:00,25.010716333333363,41.50251246666667
2023-08-17 09:00:00,14.524287333333364,60.1991906
2023-08-17 10:00:00,15.507957500000035,68.62071738333333
2023-08-17 11:00:00,14.018429500000025,106.31132863333332
2023-08-17 12:00:00,0.0,130.5525062666666
2023-08-17 13:00:00,11.07994633333334,153.55816489999998
2023-08-17 14:00:00,8.967001666666668,145.53391638333326
2023-08-17 15:00:00,6.79837533333333,135.26877033333326
2023-08-17 16:00:00,40.90993733333336,95.78735039999997
2023-08-17 17:00:00,35.717017333333374,58.33267145000009
2023-08-17 18:00:00,2.187108000000004,61.35947283333342
2023-08-17 19:00:00,11.045668333333362,46.66477530000004
2023-08-17 20:00:00,10.62596833333336,44.05767715000004
2023-08-17 21:00:00,0.0,34.30576196666671
2023-08-17 22:00:00,0.0,16.144516150000015
2023-08-17 23:00:00,0.0,5.001401800000004
2023-08-18 00:00:00,0.0,2.4551142833333337
2023-08-18 01:00:00,0.0,6.047597683333339
2023-08-18 02:00:00,0.0,8.882578783333338
2023-08-18 03:00:00,0.0,11.032564966666676
2023-08-18 04:00:00,0.0,11.606996766666674
2023-08-18 05:00:00,0.5296720000000005,16.911112516666684
2023-08-18 06:00:00,12.062303000000032,32.956852216666725
2023-08-18 07:00:00,42.21542100000006,30.959101650000047
2023-08-18 08:00:00,32.601445333333366,35.72632483333334
2023-08-18 09:00:00,15.444638666666693,71.04310109999999
2023-08-18 10:00:00,15.734673833333368,76.27780229999996
2023-08-18 11:00:00,14.342204333333358,108.45906976666664
2023-08-18 12:00:00,0.0,143.38480473333323
2023-08-18 13:00:00,7.857991000000006,141.88872853333322
2023-08-18 14:00:00,9.352335000000004,137.49091853333329
2023-08-18 15:00:00,12.519678666666676,140.15910213333328
2023-08-18 16:00:00,33.43363766666669,89.39098693333335
2023-08-18 17:00:00,22.018150000000027,63.08650881666675
2023-08-18 18:00:00,2.1772770000000037,60.63074325000009
2023-08-18 19:00:00,11.856833666666695,48.53805208333337
2023-08-18 20:00:00,10.077964000000032,44.79749346666671
2023-08-18 21:00:00,0.0,33.54461866666672
2023-08-18 22:00:00,0.0,13.936965950000015
2023-08-18 23:00:00,0.0,4.427159516666669
2023-08-19 00:00:00,0.0,2.6626103000000003
2023-08-19 01:00:00,0.0,6.357595616666671
2023-08-19 02:00:00,0.0,7.445088366666672
2023-08-19 03:00:00,0.0,9.57257428333334
2023-08-19 04:00:00,0.0,11.257768333333336
2023-08-19 05:00:00,0.4587440000000002,18.334531283333348
2023-08-19 06:00:00,11.991667333333364,33.092926833333394
2023-08-19 07:00:00,35.69384000000006,31.918955633333383
2023-08-19 08:00:00,32.087061666666706,42.50044766666668
2023-08-19 09:00:00,14.95032150000002,55.74752003333335
2023-08-19 10:00:00,16.196338166666703,74.05289048333329
2023-08-19 11:00:00,12.583668333333353,103.71766576666664
2023-08-19 12:00:00,0.0,145.7733301666666
2023-08-19 13:00:00,6.168837666666671,138.96697989999993
2023-08-19 14:00:00,10.779664000000006,145.7424878666666
2023-08-19 15:00:00,10.286214000000006,137.3635974333333
2023-08-19 16:00:00,40.62323533333336,97.14368871666667
2023-08-19 17:00:00,22.031359333333363,59.42040570000008
2023-08-19 18:00:00,2.2905000000000024,61.54437140000008
2023-08-19 19:00:00,11.447230666666695,48.805260150000045
2023-08-19 20:00:00,10.371121333333363,44.45117910000004
2023-08-19 21:00:00,0.0,34.84138461666671
2023-08-19 22:00:00,0.0,14.573976300000016
2023-08-19 23:00:00,0.0,3.6023287
2023-08-20 00:00:00,0.0,0.0
2023-08-20 01:00:00,0.0,0.0
2023-08-20 02:00:00,0.0,0.0
2023-08-20 03:00:00,0.0,0.0
2023-08-20 04:00:00,0.0,0.2593201666666664
2023-08-20 05:00:00,0.4288600000000009,5.12531763333334
2023-08-20 06:00:00,11.511407333333372,19.51307796666672
2023-08-20 07:00:00,40.85084633333339,13.837233833333377
2023-08-20 08:00:00,19.56348800000004,1.587394133333332
2023-08-20 09:00:00,16.36473066666669,0.5681925833333307
2023-08-20 10:00:00,15.794525000000034,0.5627775999999965
2023-08-20 11:00:00,13.92732816666669,0.6762679499999958
2023-08-20 12:00:00,0.0,0.7825940499999958
2023-08-20 13:00:00,6.266277666666664,0.7246838833333291
2023-08-20 14:00:00,8.66253866666667,0.5714431499999966
2023-08-20 15:00:00,8.336255333333334,0.6384392499999968
2023-08-20 16:00:00,39.79631933333337,4.175539650000001
2023-08-20 17:00:00,33.47223133333337,30.28277406666673
2023-08-20 18:00:00,2.116954000000004,47.76844936666675
2023-08-20 19:00:00,11.739975666666703,33.8086644166667
2023-08-20 20:00:00,10.11627433333336,31.50502145000004
2023-08-20 21:00:00,0.0,21.74152603333337
2023-08-20 22:00:00,0.0,5.330489183333343
2023-08-20 23:00:00,0.0,0.4272136166666662
2023-08-21 00:00:00,0.0,2.4751145166666664
2023-08-21 01:00:00,0.0,5.912598583333338
2023-08-21 02:00:00,0.0,8.830079133333342
2023-08-21 03:00:00,0.0,11.105063966666672
2023-08-21 04:00:00,0.0,11.738899450000009
2023-08-21 05:00:00,0.5160320000000005,17.438273283333352
2023-08-21 06:00:00,12.121384666666698,31.219396316666725
2023-08-21 07:00:00,38.045816000000066,30.06260790000005
2023-08-21 08:00:00,40.13360000000005,36.67313023333335
2023-08-21 09:00:00,16.270047500000025,62.24903933333332
2023-08-21 10:00:00,18.245600833333366,66.71845559999998
2023-08-21 11:00:00,12.533337333333357,96.5252314
2023-08-21 12:00:00,0.0,137.80566174999993
2023-08-21 13:00:00,6.772252666666668,158.6269946833333
2023-08-21 14:00:00,12.372501000000003,146.13765268333327
2023-08-21 15:00:00,8.858868000000008,134.65835151666658
2023-08-21 16:00:00,36.17758000000002,101.87315325
2023-08-21 17:00:00,15.786253666666695,60.778803150000094
2023-08-21 18:00:00,2.1511660000000026,60.97159365000008
2023-08-21 19:00:00,11.88003333333336,48.82756425000004
2023-08-21 20:00:00,10.677604000000027,44.58471961666671
2023-08-21 21:00:00,0.0,34.44041180000004
2023-08-21 22:00:00,0.0,14.091972600000014
2023-08-21 23:00:00,0.0,4.29140856666667
2023-08-22 00:00:00,0.0,2.020114916666668
2023-08-22 01:00:00,0.0,5.977598150000007
2023-08-22 02:00:00,0.0,8.420081866666674
2023-08-22 03:00:00,0.0,10.425068966666675
2023-08-22 04:00:00,0.0,12.443381333333342
2023-08-22 05:00:00,0.4531640000000011,19.90882801666668
2023-08-22 06:00:00,11.352566666666702,32.67400646666672
2023-08-22 07:00:00,49.33931100000005,29.54828411666672
2023-08-22 08:00:00,28.550939333333368,38.23859488333334
2023-08-22 09:00:00,11.26141400000002,61.81248908333331
2023-08-22 10:00:00,17.255600666666705,79.12220253333328
2023-08-22 11:00:00,14.555202333333353,106.39932385
2023-08-22 12:00:00,0.0,144.38899314999992
2023-08-22 13:00:00,8.333628666666671,149.50674498333325
2023-08-22 14:00:00,8.939220333333342,135.75376146666662
2023-08-22 15:00:00,11.795415333333343,137.14045368333328
2023-08-22 16:00:00,19.997541333333366,91.4671095333333
2023-08-22 17:00:00,27.683929333333367,62.568364850000094
2023-08-22 18:00:00,2.1490580000000037,60.81807378333341
2023-08-22 19:00:00,12.06457433333336,49.037446666666696
2023-08-22 20:00:00,10.407766000000024,44.123974183333374
2023-08-22 21:00:00,0.0,33.82965026666672
2023-08-22 22:00:00,0.0,14.25434521666668
2023-08-22 23:00:00,0.0,4.732401100000002
2023-08-23 00:00:00,0.0,2.1451158499999994
2023-08-23 01:00:00,0.0,7.35258898333334
2023-08-23 02:00:00,0.0,9.755072966666674
2023-08-23 03:00:00,0.0,10.38756928333334
2023-08-23 04:00:00,0.0,11.440053416666672
2023-08-23 05:00:00,0.3847160000000004,17.604186950000017
2023-08-23 06:00:00,12.065590666666699,28.83010411666673
2023-08-23 07:00:00,41.3029213333334,33.98821855000005
2023-08-23 08:00:00,35.368770333333366,40.31739286666669
2023-08-23 09:00:00,14.276774500000023,62.61335495
2023-08-23 10:00:00,18.383075333333384,64.54530388333333
2023-08-23 11:00:00,13.943751833333357,89.9381578
2023-08-23 12:00:00,0.0,136.81198753333328
2023-08-23 13:00:00,7.017060000000002,149.30181524999992
2023-08-23 14:00:00,10.97846433333334,151.20891356666658
2023-08-23 15:00:00,7.158709666666667,143.35451383333327
2023-08-23 16:00:00,26.591094333333366,104.54904546666664
2023-08-23 17:00:00,34.195384333333365,62.95943091666676
2023-08-23 18:00:00,2.1379990000000006,60.74067428333342
2023-08-23 19:00:00,11.36791500000003,48.79809296666671
2023-08-23 20:00:00,10.607646000000024,43.98710951666671
2023-08-23 21:00:00,0.0,33.20087871666671
2023-08-23 22:00:00,0.0,15.710820066666678
2023-08-23 23:00:00,0.0,5.303737783333336
2023-08-24 00:00:00,0.0,2.007615916666665
2023-08-24 01:00:00,0.0,6.285096100000004
2023-08-24 02:00:00,0.0,8.872578850000009
2023-08-24 03:00:00,0.0,10.199571116666672
2023-08-24 04:00:00,0.0,11.75617073333334
2023-08-24 05:00:00,0.4840400000000004,18.779179733333343
2023-08-24 06:00:00,11.415247333333365,31.91338591666672
2023-08-24 07:00:00,33.80673633333339,28.668136483333377
2023-08-24 08:00:00,37.8848596666667,36.62581365
2023-08-24 09:00:00,15.472813833333364,59.87795678333332
2023-08-24 10:00:00,14.318541166666705,73.81780203333331
2023-08-24 11:00:00,14.677477000000023,111.80024734999996
2023-08-24 12:00:00,0.0,133.56493453333326
2023-08-24 13:00:00,6.289790666666664,136.73958489999993
2023-08-24 14:00:00,8.984814000000002,153.92432031666658
2023-08-24 15:00:00,11.635919333333344,139.5235991166666
2023-08-24 16:00:00,29.25466933333336,86.94329796666666
2023-08-24 17:00:00,29.255252000000024,60.87104450000009
2023-08-24 18:00:00,2.267920000000005,61.08532273333342
2023-08-24 19:00:00,11.215311000000032,50.94256588333337
2023-08-24 20:00:00,10.834176666666693,44.292678000000045
2023-08-24 21:00:00,0.0,33.14927601666671
2023-08-24 22:00:00,0.0,13.916982900000011
2023-08-24 23:00:00,0.0,5.277401066666669
2023-08-25 00:00:00,0.0,2.0601169
2023-08-25 01:00:00,0.0,5.892598716666673
2023-08-25 02:00:00,0.0,7.747586350000006
2023-08-25 03:00:00,0.0,9.505075100000004
2023-08-25 04:00:00,0.0,12.543596566666672
2023-08-25 05:00:00,0.4524200000000013,19.26608441666668
2023-08-25 06:00:00,11.66521666666669,32.3104630833334
2023-08-25 07:00:00,32.334251666666724,34.121146366666714
2023-08-25 08:00:00,42.95421800000004,36.97416223333335
2023-08-25 09:00:00,16.01998883333336,61.0522163833333
2023-08-25 10:00:00,17.302719500000038,73.59955715
2023-08-25 11:00:00,14.401269500000028,101.12224219999996
2023-08-25 12:00:00,0.0,137.00850416666665
2023-08-25 13:00:00,5.612847666666663,152.4963311499999
2023-08-25 14:00:00,9.791951666666671,144.48018318333325
2023-08-25 15:00:00,9.139679333333335,139.5841944833333
2023-08-25 16:00:00,33.93375566666669,88.52655788333334
2023-08-25 17:00:00,23.75615333333337,66.27955938333342
2023-08-25 18:00:00,2.1535280000000045,62.66186775000008
2023-08-25 19:00:00,11.60899433333336,47.380372233333375
2023-08-25 20:00:00,11.08569233333336,45.04381903333338
2023-08-25 21:00:00,0.0,35.25846391666671
2023-08-25 22:00:00,0.0,13.97899713333335
2023-08-25 23:00:00,0.0,5.138817200000003
2023-08-26 00:00:00,0.0,2.7251121833333336
2023-08-26 01:00:00,0.0,5.780099466666671
2023-08-26 02:00:00,0.0,8.710079933333338
2023-08-26 03:00:00,0.0,9.72507425000001
2023-08-26 04:00:00,0.0,11.265840466666672
2023-08-26 05:00:00,0.4465920000000009,16.529155666666682
2023-08-26 06:00:00,11.913048333333359,30.646213350000064
2023-08-26 07:00:00,50.17773333333341,29.220885883333384
2023-08-26 08:00:00,39.1973356666667,45.60496423333334
2023-08-26 09:00:00,15.850805166666694,55.6562901
2023-08-26 10:00:00,17.47422950000004,70.58487134999997
2023-08-26 11:00:00,12.318396666666688,97.7764244833333
2023-08-26 12:00:00,0.0,131.3911033833333
2023-08-26 13:00:00,6.027499333333334,137.30334691666664
2023-08-26 14:00:00,8.980166333333338,150.87699654999992
2023-08-26 15:00:00,9.022977666666668,147.9439256999999
2023-08-26 16:00:00,29.91941666666669,103.31679201666664
2023-08-26 17:00:00,16.26781700000003,62.44371746666676
2023-08-26 18:00:00,2.1437380000000035,61.63667670000007
2023-08-26 19:00:00,11.819228000000026,48.701185133333375
2023-08-26 20:00:00,10.234536666666694,45.20726143333338
2023-08-26 21:00:00,0.0,34.58774038333338
2023-08-26 22:00:00,0.0,12.925062466666684
2023-08-26 23:00:00,0.0,4.417157516666669
2023-08-27 00:00:00,0.0,0.0
2023-08-27 01:00:00,0.0,0.0
2023-08-27 02:00:00,0.0,0.0
2023-08-27 03:00:00,0.0,0.0
2023-08-27 04:00:00,0.0,0.2736788999999996
2023-08-27 05:00:00,0.4422520000000008,4.777988183333341
2023-08-27 06:00:00,12.38535100000003,18.301902600000048
2023-08-27 07:00:00,39.51385666666673,11.94268186666671
2023-08-27 08:00:00,33.7205306666667,2.2088598000000013
2023-08-27 09:00:00,12.136641833333352,0.67798673333333
2023-08-27 10:00:00,16.56625416666671,0.5941032166666633
2023-08-27 11:00:00,14.766490666666689,0.6091801833333301
2023-08-27 12:00:00,0.0,0.6668434333333302
2023-08-27 13:00:00,6.664033999999998,0.5376135499999977
2023-08-27 14:00:00,10.075044333333336,0.6152738999999963
2023-08-27 15:00:00,8.835527666666673,0.5496968833333303
2023-08-27 16:00:00,23.592094333333364,3.3229033999999977
2023-08-27 17:00:00,36.570955333333366,33.74407926666674
2023-08-27 18:00:00,2.2931690000000042,47.39938438333341
2023-08-27 19:00:00,11.312347333333358,34.46799766666669
2023-08-27 20:00:00,9.958036000000028,31.33264638333337
2023-08-27 21:00:00,0.0,22.0388998166667
2023-08-27 22:00:00,0.0,5.474113600000009
2023-08-27 23:00:00,0.0,0.4324717833333329
2023-08-28 00:00:00,0.0,2.5626133166666683
2023-08-28 01:00:00,0.0,6.315095900000005
2023-08-28 02:00:00,0.0,9.202576650000006
2023-08-28 03:00:00,0.0,10.885066916666672
2023-08-28 04:00:00,0.0,11.446354516666672
2023-08-28 05:00:00,0.4594880000000007,17.575619250000013
2023-08-28 06:00:00,11.734182666666703,31.409901283333383
2023-08-28 07:00:00,26.93252266666672,37.01538095000005
2023-08-28 08:00:00,34.067674666666704,35.832302233333344
2023-08-28 09:00:00,15.400335666666692,52.114713233333326
2023-08-28 10:00:00,14.9065211666667,69.66972836666665
2023-08-28 11:00:00,12.913506666666688,100.42283766666664
2023-08-28 12:00:00,0.0,135.8693376666666
2023-08-28 13:00:00,5.993810666666664,151.1043370666666
2023-08-28 14:00:00,11.274065000000007,148.82959658333328
2023-08-28 15:00:00,9.091841000000004,140.21984674999993
2023-08-28 16:00:00,36.18041433333338,102.38730913333332
2023-08-28 17:00:00,32.111294666666694,58.16509846666676
2023-08-28 18:00:00,2.0215100000000037,58.58118016666676
2023-08-28 19:00:00,11.698068333333357,47.75373001666672
2023-08-28 20:00:00,10.779209666666691,44.74932616666671
2023-08-28 21:00:00,0.0,33.48479725000004
2023-08-28 22:00:00,0.0,15.542145250000017
2023-08-28 23:00:00,0.0,5.122479916666669
2023-08-29 00:00:00,0.0,2.587612033333335
2023-08-29 01:00:00,0.0,5.985098100000004
2023-08-29 02:00:00,0.0,7.935085100000005
2023-08-29 03:00:00,0.0,10.53506778333334
2023-08-29 04:00:00,0.0,11.276466866666672
2023-08-29 05:00:00,0.4154680000000009,16.919747216666682
2023-08-29 06:00:00,10.662444333333363,31.299019166666724
2023-08-29 07:00:00,35.84485600000006,30.020756566666723
2023-08-29 08:00:00,42.1709606666667,40.86198793333335
2023-08-29 09:00:00,16.040001500000024,64.40500531666666
2023-08-29 10:00:00,18.331724833333368,64.29539274999999
2023-08-29 11:00:00,14.696237333333356,100.95090309999998
2023-08-29 12:00:00,0.0,131.41757868333323
2023-08-29 13:00:00,7.194541000000003,158.5997339833333
2023-08-29 14:00:00,10.668162000000006,164.56515558333328
2023-08-29 15:00:00,7.325013000000004,131.99767939999992
2023-08-29 16:00:00,26.5655026666667,89.13138573333335
2023-08-29 17:00:00,22.074575000000024,59.954749700000086
2023-08-29 18:00:00,2.023618000000004,60.04107116666675
2023-08-29 19:00:00,12.412008333333358,49.33339140000004
2023-08-29 20:00:00,10.194560666666696,44.90760921666671
2023-08-29 21:00:00,0.0,32.70494001666671
2023-08-29 22:00:00,0.0,13.97651531666668
2023-08-29 23:00:00,0.0,4.46048431666667
2023-08-30 00:00:00,0.0,1.7826168499999997
2023-08-30 01:00:00,0.0,6.000098000000005
2023-08-30 02:00:00,0.0,8.25508296666667
2023-08-30 03:00:00,0.0,10.02557236666667
2023-08-30 04:00:00,0.0,12.645557600000007
2023-08-30 05:00:00,0.4496920000000009,18.239868133333356
2023-08-30 06:00:00,10.965884666666694,31.58071710000007
2023-08-30 07:00:00,41.49511400000006,31.250053616666715
2023-08-30 08:00:00,22.61280433333336,44.6602248
2023-08-30 09:00:00,17.20437100000003,71.89968186666665
2023-08-30 10:00:00,15.2530641666667,76.80088899999996
2023-08-30 11:00:00,13.121528833333352,118.45966441666664
2023-08-30 12:00:00,0.0,148.14298349999996
2023-08-30 13:00:00,6.598935333333333,139.52681009999995
2023-08-30 14:00:00,9.831100333333335,128.52591404999995
2023-08-30 15:00:00,8.077955000000003,117.04928131666662
2023-08-30 16:00:00,30.3508656666667,92.74699473333332
2023-08-30 17:00:00,36.73532066666671,60.47088225000009
2023-08-30 18:00:00,2.154957000000003,59.52133138333342
2023-08-30 19:00:00,12.318756000000025,47.54719190000004
2023-08-30 20:00:00,10.622637000000031,43.77529718333337
2023-08-30 21:00:00,0.0,33.753864333333375
2023-08-30 22:00:00,0.0,14.659318133333349
2023-08-30 23:00:00,0.0,4.882315966666669
2023-08-31 00:00:00,0.0,1.5201177166666662
2023-08-31 01:00:00,0.0,6.425095166666671
2023-08-31 02:00:00,0.0,8.495081366666673
2023-08-31 03:00:00,0.0,10.230071033333337
2023-08-31 04:00:00,0.0,11.626791583333342
2023-08-31 05:00:00,0.4840400000000006,16.67951675000001
2023-08-31 06:00:00,11.586295333333355,31.997868083333387
2023-08-31 07:00:00,36.09179033333339,31.390142950000044
2023-08-31 08:00:00,23.45101800000004,33.05844543333335
2023-08-31 09:00:00,16.25925750000003,48.93032005000002
2023-08-31 10:00:00,14.499836333333372,67.80340471666666
2023-08-31 11:00:00,15.132261833333365,102.2558317833333
2023-08-31 12:00:00,0.0,134.60251318333323
2023-08-31 13:00:00,8.68022933333334,155.9943171833333
2023-08-31 14:00:00,9.393003666666676,155.7668201166666
2023-08-31 15:00:00,10.015388666666672,151.38473969999995
2023-08-31 16:00:00,25.43191700000003,98.72733096666666
2023-08-31 17:00:00,34.78732100000003,61.73814591666676
2023-08-31 18:00:00,2.1016550000000027,60.83158191666676
2023-08-31 19:00:00,11.789884666666696,48.57942725000004
2023-08-31 20:00:00,10.422757000000033,46.29959458333337
2023-08-31 21:00:00,0.0,34.17929200000004
2023-08-31 22:00:00,0.0,14.753330033333349
2023-08-31 23:00:00,0.0,5.04498311666667
2023-09-01 00:00:00,0.0,1.750117266666667
2023-09-01 01:00:00,0.0,5.662600250000003
2023-09-01 02:00:00,0.0,7.220089866666672
2023-09-01 03:00:00,0.0,9.057578766666673
2023-09-01 04:00:00,0.0,11.337306316666671
2023-09-01 05:00:00,0.4395240000000008,18.33430996666668
2023-09-01 06:00:00,11.67503733333337,29.59147755000005
2023-09-01 07:00:00,43.96192600000006,30.62918250000005
2023-09-01 08:00:00,23.421308333333364,40.70944483333335
2023-09-01 09:00:00,15.853631166666696,70.25323809999995
2023-09-01 10:00:00,16.63482500000004,76.94903724999998
2023-09-01 11:00:00,13.849631833333358,109.6160793666666
2023-09-01 12:00:00,0.0,126.5717775666666
2023-09-01 13:00:00,6.777902333333333,140.6324145166666
2023-09-01 14:00:00,9.709923666666672,133.2315724333333
2023-09-01 15:00:00,9.239865000000004,144.32092211666662
2023-09-01 16:00:00,40.12291100000004,98.05480616666668
2023-09-01 17:00:00,23.43284733333337,58.47509388333342
2023-09-01 18:00:00,2.2125990000000035,62.233386400000086
2023-09-01 19:00:00,12.408921666666693,49.41970648333337
2023-09-01 20:00:00,9.659881666666692,44.85726826666671
2023-09-01 21:00:00,0.0,32.93931255000004
2023-09-01 22:00:00,0.0,14.366309983333348
2023-09-01 23:00:00,0.0,4.9392388500000015
2023-09-02 00:00:00,0.0,3.112609233333336
2023-09-02 01:00:00,0.0,7.12009053333334
2023-09-02 02:00:00,0.0,9.12507716666667
2023-09-02 03:00:00,0.0,10.857566016666672
2023-09-02 04:00:00,0.0,11.83079781666667
2023-09-02 05:00:00,0.4565120000000008,17.350911150000016
2023-09-02 06:00:00,12.591462666666699,30.766827216666723
2023-09-02 07:00:00,33.912359666666724,31.34248665000005
2023-09-02 08:00:00,40.37805500000004,40.658714900000014
2023-09-02 09:00:00,17.705685166666697,65.57139073333333
2023-09-02 10:00:00,16.847259500000035,74.3773001
2023-09-02 11:00:00,12.445046333333355,99.6168313
2023-09-02 12:00:00,0.0,129.84167653333327
2023-09-02 13:00:00,6.818432333333333,150.33133148333326
2023-09-02 14:00:00,9.720773000000008,151.6465846666666
2023-09-02 15:00:00,8.657339,137.29069161666658
2023-09-02 16:00:00,30.5030956666667,101.58981016666664
2023-09-02 17:00:00,28.17411633333337,62.82001106666675
2023-09-02 18:00:00,2.162155000000004,60.480782266666765
2023-09-02 19:00:00,11.16054100000003,48.679289566666704
2023-09-02 20:00:00,9.689863666666692,44.20701976666671
2023-09-02 21:00:00,0.0,33.543874816666715
2023-09-02 22:00:00,0.0,14.121242483333344
2023-09-02 23:00:00,0.0,4.232076766666667
2023-09-03 00:00:00,0.0,0.0
2023-09-03 01:00:00,0.0,0.0
2023-09-03 02:00:00,0.0,0.0
2023-09-03 03:00:00,0.0,0.0
2023-09-03 04:00:00,0.0,0.2421463666666664
2023-09-03 05:00:00,0.4157160000000005,5.006462216666675
2023-09-03 06:00:00,10.785910666666695,16.366997716666717
2023-09-03 07:00:00,38.72418300000006,14.86071858333338
2023-09-03 08:00:00,39.42760533333337,2.4424363666666657
2023-09-03 09:00:00,14.888348000000022,0.6886011833333294
2023-09-03 10:00:00,15.602317500000034,0.6312667666666631
2023-09-03 11:00:00,13.661571166666693,0.6614338833333298
2023-09-03 12:00:00,0.0,0.6429388166666631
2023-09-03 13:00:00,8.597717333333334,0.7194345499999961
2023-09-03 14:00:00,8.953871000000007,0.7103516499999961
2023-09-03 15:00:00,8.473897000000004,0.7091793833333296
2023-09-03 16:00:00,32.94212466666669,3.097717266666662
2023-09-03 17:00:00,18.2046066666667,32.05607691666675
2023-09-03 18:00:00,2.222070000000004,46.78475485000008
2023-09-03 19:00:00,11.779140666666695,35.2299568166667
2023-09-03 20:00:00,11.075698333333357,32.37615038333337
2023-09-03 21:00:00,0.0,22.643471616666705
2023-09-03 22:00:00,0.0,5.509036850000006
2023-09-03 23:00:00,0.0,0.3494674166666662
2023-09-04 00:00:00,0.0,2.005115366666665
2023-09-04 01:00:00,0.0,5.5076012833333365
2023-09-04 02:00:00,0.0,9.260076266666672
2023-09-04 03:00:00,0.0,11.070065083333338
2023-09-04 04:00:00,0.0,11.967812916666675
2023-09-04 05:00:00,0.4272480000000005,19.223317666666684
2023-09-04 06:00:00,12.328053666666698,33.68715510000006
2023-09-04 07:00:00,39.442238333333385,31.571876833333384
2023-09-04 08:00:00,24.85677500000003,35.36972370000001
2023-09-04 09:00:00,15.94982850000003,58.761940383333325
2023-09-04 10:00:00,18.996056833333373,81.73345373333332
2023-09-04 11:00:00,12.405293833333351,113.18898824999997
2023-09-04 12:00:00,0.0,131.3035225166666
2023-09-04 13:00:00,7.418357333333335,146.98876279999996
2023-09-04 14:00:00,10.50351733333334,137.81575703333326
2023-09-04 15:00:00,9.091512666666675,136.43983221666662
2023-09-04 16:00:00,35.27112066666669,100.58934561666663
2023-09-04 17:00:00,24.61237533333336,62.76359211666676
2023-09-04 18:00:00,2.3471260000000025,58.62869901666674
2023-09-04 19:00:00,11.443845666666698,48.2687011666667
2023-09-04 20:00:00,9.958036000000028,45.720345450000046
2023-09-04 21:00:00,0.0,34.33093721666671
2023-09-04 22:00:00,0.0,13.939542950000014
2023-09-04 23:00:00,0.0,4.105496350000002
2023-09-05 00:00:00,0.0,2.605111016666668
2023-09-05 01:00:00,0.0,6.345095700000009
2023-09-05 02:00:00,0.0,8.795079366666675
2023-09-05 03:00:00,0.0,10.85256603333334
2023-09-05 04:00:00,0.0,11.523575216666671
2023-09-05 05:00:00,0.4191880000000006,17.608787400000015
2023-09-05 06:00:00,12.033931000000035,29.797337366666724
2023-09-05 07:00:00,36.07871200000006,28.53273936666671
2023-09-05 08:00:00,34.62527300000003,41.53798860000001
2023-09-05 09:00:00,17.888237000000032,72.38233491666665
2023-09-05 10:00:00,16.674206166666703,78.49997146666665
2023-09-05 11:00:00,11.829226333333352,108.99398114999998
2023-09-05 12:00:00,0.0,137.2381768499999
2023-09-05 13:00:00,5.902988333333335,144.8879952333333
2023-09-05 14:00:00,11.358097000000011,138.18373789999993
2023-09-05 15:00:00,8.658097666666675,129.79641544999996
2023-09-05 16:00:00,29.74975233333336,95.27403611666664
2023-09-05 17:00:00,30.157400666666696,57.24295746666676
2023-09-05 18:00:00,2.167044000000004,63.51034050000008
2023-09-05 19:00:00,11.617594666666692,48.6194312166667
2023-09-05 20:00:00,9.901403333333365,44.98394000000004
2023-09-05 21:00:00,0.0,33.00645953333338
2023-09-05 22:00:00,0.0,14.63319003333335
2023-09-05 23:00:00,0.0,5.413975583333337
2023-09-06 00:00:00,0.0,2.355114566666666
2023-09-06 01:00:00,0.0,7.257589616666674
2023-09-06 02:00:00,0.0,10.890065400000008
2023-09-06 03:00:00,0.0,11.725061016666674
2023-09-06 04:00:00,0.0,12.28174638333334
2023-09-06 05:00:00,0.4411360000000009,18.85352211666668
2023-09-06 06:00:00,11.156060666666692,30.64757171666672
2023-09-06 07:00:00,55.1248473333334,32.58372691666672
2023-09-06 08:00:00,37.016408333333366,41.08792996666668
2023-09-06 09:00:00,14.72142833333336,61.95575703333331
2023-09-06 10:00:00,19.68730683333337,73.09781311666664
2023-09-06 11:00:00,14.190883666666695,95.98491506666664
2023-09-06 12:00:00,0.0,136.62085419999994
2023-09-06 13:00:00,6.299102999999997,147.54441831666657
2023-09-06 14:00:00,8.217739333333336,142.4709938666666
2023-09-06 15:00:00,7.63846,143.47333119999993
2023-09-06 16:00:00,22.601342666666696,90.69525218333332
2023-09-06 17:00:00,16.11247200000003,61.33404186666676
2023-09-06 18:00:00,2.0554620000000035,60.26622005000009
2023-09-06 19:00:00,11.480036000000032,46.222147083333375
2023-09-06 20:00:00,10.764218666666698,44.059601933333376
2023-09-06 21:00:00,0.0,33.21981581666671
2023-09-06 22:00:00,0.0,14.953495483333349
2023-09-06 23:00:00,0.0,5.009311916666669
2023-09-07 00:00:00,0.0,2.460112516666666
2023-09-07 01:00:00,0.0,6.980091466666672
2023-09-07 02:00:00,0.0,9.66007360000001
2023-09-07 03:00:00,0.0,10.504068650000008
2023-09-07 04:00:00,0.0,12.527370416666672
2023-09-07 05:00:00,0.4611000000000008,17.36936993333335
2023-09-07 06:00:00,11.855513000000029,30.809017650000055
2023-09-07 07:00:00,38.92687666666672,31.900515833333387
2023-09-07 08:00:00,37.637277333333365,40.691995200000015
2023-09-07 09:00:00,16.82435883333336,53.61914791666667
2023-09-07 10:00:00,14.834064333333364,71.41528831666668
2023-09-07 11:00:00,13.51739266666669,109.86190404999998
2023-09-07 12:00:00,0.0,150.1334042999999
2023-09-07 13:00:00,6.244768666666667,154.57431666666662
2023-09-07 14:00:00,9.031010666666669,142.50040661666662
2023-09-07 15:00:00,11.169956333333335,136.9818344333333
2023-09-07 16:00:00,30.956648666666705,97.88722785
2023-09-07 17:00:00,23.89299133333337,56.63062793333342
2023-09-07 18:00:00,2.081803000000003,61.92018765000009
2023-09-07 19:00:00,11.361466666666692,49.30215686666671
2023-09-07 20:00:00,10.481055333333364,44.73546731666672
2023-09-07 21:00:00,0.0,32.87166770000004
2023-09-07 22:00:00,0.0,13.070003483333348
2023-09-07 23:00:00,0.0,4.099897950000002
2023-09-08 00:00:00,0.0,2.39761235
2023-09-08 01:00:00,0.0,7.32258918333334
2023-09-08 02:00:00,0.0,9.260076266666674
2023-09-08 03:00:00,0.0,10.657567400000008
2023-09-08 04:00:00,0.0,12.632441016666672
2023-09-08 05:00:00,0.5043760000000008,17.141251300000018
2023-09-08 06:00:00,11.780283666666694,33.10811525000006
2023-09-08 07:00:00,33.7894423333334,31.50297205000005
2023-09-08 08:00:00,36.69555633333336,44.78287566666668
2023-09-08 09:00:00,16.66824916666669,60.69651395
2023-09-08 10:00:00,16.49467700000004,77.9218753833333
2023-09-08 11:00:00,13.07002533333336,108.34348204999998
2023-09-08 12:00:00,0.0,141.79225698333323
2023-09-08 13:00:00,6.133317666666666,145.3729960666666
2023-09-08 14:00:00,7.568956999999998,131.7037663666666
2023-09-08 15:00:00,11.954532000000013,129.63086039999996
2023-09-08 16:00:00,23.19903633333337,96.95525463333333
2023-09-08 17:00:00,37.274967666666704,62.24465411666676
2023-09-08 18:00:00,2.0855350000000046,60.64850223333341
2023-09-08 19:00:00,11.87004700000003,48.818565333333375
2023-09-08 20:00:00,9.873087000000028,45.088617783333376
2023-09-08 21:00:00,0.0,33.04865773333338
2023-09-08 22:00:00,0.0,14.596622333333343
2023-09-08 23:00:00,0.0,4.893900666666668
2023-09-09 00:00:00,0.0,2.7901107
2023-09-09 01:00:00,0.0,7.51008793333334
2023-09-09 02:00:00,0.0,9.485074766666676
2023-09-09 03:00:00,0.0,10.307570466666672
2023-09-09 04:00:00,0.0,11.644578366666671
2023-09-09 05:00:00,0.5094599999999997,16.94558986666668
2023-09-09 06:00:00,11.88767200000003,30.04153155000005
2023-09-09 07:00:00,37.63628966666672,29.674986300000047
2023-09-09 08:00:00,36.87358400000003,44.08171298333334
2023-09-09 09:00:00,14.268757833333355,68.91164836666664
2023-09-09 10:00:00,16.3820341666667,70.74565366666667
2023-09-09 11:00:00,12.886910166666688,112.47492006666664
2023-09-09 12:00:00,0.0,127.35467099999994
2023-09-09 13:00:00,7.211023000000003,144.8995636666666
2023-09-09 14:00:00,7.837795333333337,148.04674533333326
2023-09-09 15:00:00,10.14857233333334,137.51461189999992
2023-09-09 16:00:00,26.42498433333337,96.65089241666664
2023-09-09 17:00:00,36.08570966666672,62.79241095000008
2023-09-09 18:00:00,2.0422770000000043,60.32446016666676
2023-09-09 19:00:00,11.240255000000031,49.88418735000003
2023-09-09 20:00:00,10.73423666666669,45.73529433333338
2023-09-09 21:00:00,0.0,34.99913648333338
2023-09-09 22:00:00,0.0,15.729330233333348
2023-09-09 23:00:00,0.0,4.409817800000001
2023-09-10 00:00:00,0.0,0.0
2023-09-10 01:00:00,0.0,0.0
2023-09-10 02:00:00,0.0,0.0
2023-09-10 03:00:00,0.0,0.0
2023-09-10 04:00:00,0.0,0.2529488833333331
2023-09-10 05:00:00,0.4761040000000002,5.301970266666676
2023-09-10 06:00:00,11.82146133333336,18.287861033333385
2023-09-10 07:00:00,39.95802366666673,14.206976733333375
2023-09-10 08:00:00,41.750892333333375,1.830693166666665
2023-09-10 09:00:00,15.756000666666695,0.6323565333333296
2023-09-10 10:00:00,15.276414000000036,0.6485229999999962
2023-09-10 11:00:00,12.133307333333356,0.6711024499999968
2023-09-10 12:00:00,0.0,0.6204372166666643
2023-09-10 13:00:00,9.222312999999998,0.4882814833333309
2023-09-10 14:00:00,8.720346000000001,0.6445201499999963
2023-09-10 15:00:00,9.68131300000001,0.6516055999999965
2023-09-10 16:00:00,25.4661416666667,3.736641483333332
2023-09-10 17:00:00,33.871416666666704,30.59191131666674
2023-09-10 18:00:00,2.1924230000000042,47.07124093333342
2023-09-10 19:00:00,11.004211333333364,34.556920333333366
2023-09-10 20:00:00,10.604314666666692,31.76665455000004
2023-09-10 21:00:00,0.0,22.699521466666702
2023-09-10 22:00:00,0.0,5.420056083333342
2023-09-10 23:00:00,0.0,0.3953041833333329
2023-09-11 00:00:00,0.0,2.565112666666668
2023-09-11 01:00:00,0.0,6.297596016666671
2023-09-11 02:00:00,0.0,8.942578383333341
2023-09-11 03:00:00,0.0,10.095070866666672
2023-09-11 04:00:00,0.0,11.384683466666672
2023-09-11 05:00:00,0.5207440000000013,17.982226850000014
2023-09-11 06:00:00,11.478331333333362,29.84817831666672
2023-09-11 07:00:00,28.91411400000006,32.178710800000054
2023-09-11 08:00:00,43.71442233333337,36.46064235000001
2023-09-11 09:00:00,13.781170500000025,64.67437648333333
2023-09-11 10:00:00,15.884146500000039,88.03387969999997
2023-09-11 11:00:00,15.096259000000028,119.66738883333328
2023-09-11 12:00:00,0.0,139.0527477166666
2023-09-11 13:00:00,7.660988000000005,141.8751462666666
2023-09-11 14:00:00,8.908693333333334,137.44818658333324
2023-09-11 15:00:00,9.433309999999995,129.41302524999992
2023-09-11 16:00:00,29.77792633333337,88.4616683
2023-09-11 17:00:00,28.5096186666667,58.93621651666676
2023-09-11 18:00:00,2.1435960000000023,60.082257450000085
2023-09-11 19:00:00,12.998305666666695,49.72678716666671
2023-09-11 20:00:00,10.352799000000028,45.45891456666671
2023-09-11 21:00:00,0.0,33.41995890000005
2023-09-11 22:00:00,0.0,15.351867933333349
2023-09-11 23:00:00,0.0,4.621317333333336
2023-09-12 00:00:00,0.0,2.095117566666666
2023-09-12 01:00:00,0.0,5.557600950000004
2023-09-12 02:00:00,0.0,8.66508023333334
2023-09-12 03:00:00,0.0,10.295070550000004
2023-09-12 04:00:00,0.0,10.31507993333334
2023-09-12 05:00:00,0.4614720000000007,17.02134771666668
2023-09-12 06:00:00,11.182224000000026,30.43077125000005
2023-09-12 07:00:00,40.088912000000064,38.60876990000005
2023-09-12 08:00:00,28.357397333333367,52.25537703333334
2023-09-12 09:00:00,16.593244000000027,74.89871886666663
2023-09-12 10:00:00,15.183465000000036,81.86255848333332
2023-09-12 11:00:00,13.121987000000026,114.13164744999996
2023-09-12 12:00:00,0.0,126.19932223333328
2023-09-12 13:00:00,8.192083666666665,134.8859737666666
2023-09-12 14:00:00,9.08351366666667,144.46007349999994
2023-09-12 15:00:00,10.808688000000004,127.3320339666666
2023-09-12 16:00:00,36.65986100000004,91.321562
2023-09-12 17:00:00,31.17091233333336,59.62524971666676
2023-09-12 18:00:00,2.1296140000000023,58.78686950000009
2023-09-12 19:00:00,12.261822000000025,47.056508700000045
2023-09-12 20:00:00,10.825848333333363,43.733142800000046
2023-09-12 21:00:00,0.0,33.21443036666671
2023-09-12 22:00:00,0.0,13.57605143333335
2023-09-12 23:00:00,0.0,4.0509087
2023-09-13 00:00:00,0.0,2.0426142
2023-09-13 01:00:00,0.0,6.705093300000008
2023-09-13 02:00:00,0.0,9.57257418333334
2023-09-13 03:00:00,0.0,11.060064650000008
2023-09-13 04:00:00,0.0,12.49106013333334
2023-09-13 05:00:00,0.4380360000000004,18.83437136666668
2023-09-13 06:00:00,11.992781333333356,32.78815498333339
2023-09-13 07:00:00,32.73082200000007,34.575347200000046
2023-09-13 08:00:00,27.995096000000025,36.44333211666668
2023-09-13 09:00:00,14.59865866666669,55.3381646
2023-09-13 10:00:00,16.356519833333373,62.80613561666667
2023-09-13 11:00:00,13.939384666666697,108.77332586666662
2023-09-13 12:00:00,0.0,140.45158049999992
2023-09-13 13:00:00,7.914796333333336,147.09300898333328
2023-09-13 14:00:00,9.484431666666667,149.45417093333327
2023-09-13 15:00:00,10.93098833333334,135.22369323333328
2023-09-13 16:00:00,30.867830666666705,98.65137869999997
2023-09-13 17:00:00,38.15986933333336,59.4393398000001
2023-09-13 18:00:00,2.0876960000000047,57.42123293333342
2023-09-13 19:00:00,11.749578666666695,48.72808598333337
2023-09-13 20:00:00,10.102949000000024,44.31657335000004
2023-09-13 21:00:00,0.0,34.813780350000044
2023-09-13 22:00:00,0.0,15.115564200000012
2023-09-13 23:00:00,0.0,4.418651233333335
2023-09-14 00:00:00,0.0,1.900117816666667
2023-09-14 01:00:00,0.0,5.445101700000003
2023-09-14 02:00:00,0.0,7.875085500000006
2023-09-14 03:00:00,0.0,9.740073700000009
2023-09-14 04:00:00,0.0,11.180581833333338
2023-09-14 05:00:00,0.522852,17.346501233333342
2023-09-14 06:00:00,11.461135666666694,30.621937583333384
2023-09-14 07:00:00,42.0592583333334,30.91999405000005
2023-09-14 08:00:00,35.7944316666667,37.956461900000015
2023-09-14 09:00:00,16.15528633333336,69.75699036666666
2023-09-14 10:00:00,17.90243400000004,78.48904723333334
2023-09-14 11:00:00,13.977579000000024,114.12332699999996
2023-09-14 12:00:00,0.0,143.81240851666658
2023-09-14 13:00:00,5.7130163333333295,151.6775446166666
2023-09-14 14:00:00,9.639936666666667,143.94215843333325
2023-09-14 15:00:00,12.280693666666677,137.99293604999997
2023-09-14 16:00:00,16.40325100000003,81.10718561666667
2023-09-14 17:00:00,36.1714956666667,56.750166000000085
2023-09-14 18:00:00,2.1113030000000035,60.388075133333416
2023-09-14 19:00:00,10.952423333333357,46.90075585000004
2023-09-14 20:00:00,10.217880000000028,42.95800633333337
2023-09-14 21:00:00,0.0,33.00142440000005
2023-09-14 22:00:00,0.0,14.89611241666668
2023-09-14 23:00:00,0.0,6.08780841666667
2023-09-15 00:00:00,0.0,2.632610816666669
2023-09-15 01:00:00,0.0,6.682593450000006
2023-09-15 02:00:00,0.0,9.010077933333337
2023-09-15 03:00:00,0.0,9.88507233333334
2023-09-15 04:00:00,0.0,10.744983116666672
2023-09-15 05:00:00,0.4057960000000006,16.657258233333348
2023-09-15 06:00:00,12.561637666666691,32.83277575000006
2023-09-15 07:00:00,50.16684966666672,31.141283300000048
2023-09-15 08:00:00,33.852006333333364,39.03289093333334
2023-09-15 09:00:00,15.159458000000027,66.03743678333332
2023-09-15 10:00:00,16.66320683333337,75.41163881666664
2023-09-15 11:00:00,14.162485666666692,113.94723775
2023-09-15 12:00:00,0.0,137.17849016666662
2023-09-15 13:00:00,6.301936333333331,148.0318120833333
2023-09-15 14:00:00,8.855015666666672,143.67831918333326
2023-09-15 15:00:00,12.390814333333344,141.11325523333326
2023-09-15 16:00:00,28.79173233333336,96.00983308333332
2023-09-15 17:00:00,15.038226333333377,57.691729150000086
2023-09-15 18:00:00,1.9833420000000026,58.91212066666675
2023-09-15 19:00:00,12.522733666666694,47.976251233333365
2023-09-15 20:00:00,9.313423000000023,42.74915620000005
2023-09-15 21:00:00,0.0,31.16319078333337
2023-09-15 22:00:00,0.0,13.74395983333335
2023-09-15 23:00:00,0.0,4.69873591666667
2023-09-16 00:00:00,0.0,2.012616633333334
2023-09-16 01:00:00,0.0,6.59509403333334
2023-09-16 02:00:00,0.0,8.56758088333334
2023-09-16 03:00:00,0.0,10.437569600000009
2023-09-16 04:00:00,0.0,11.48890498333334
2023-09-16 05:00:00,0.4867680000000008,17.999754366666682
2023-09-16 06:00:00,12.471954333333361,30.347590033333397
2023-09-16 07:00:00,37.39508866666674,29.66802973333338
2023-09-16 08:00:00,24.21825366666671,36.48624593333333
2023-09-16 09:00:00,15.618178666666696,56.21455948333333
2023-09-16 10:00:00,16.41993700000004,77.8254679333333
2023-09-16 11:00:00,12.41840400000002,120.35697474999996
2023-09-16 12:00:00,0.0,144.55016174999994
2023-09-16 13:00:00,9.095331000000003,147.46565323333328
2023-09-16 14:00:00,10.282690000000006,138.43825414999995
2023-09-16 15:00:00,8.146405,136.94877154999992
2023-09-16 16:00:00,31.910730000000022,89.98389856666665
2023-09-16 17:00:00,37.1355186666667,60.229110200000086
2023-09-16 18:00:00,2.1434960000000047,62.70332468333342
2023-09-16 19:00:00,11.275726666666703,48.275550883333366
2023-09-16 20:00:00,10.119605666666695,45.41232356666671
2023-09-16 21:00:00,0.0,33.812664883333376
2023-09-16 22:00:00,0.0,14.924627300000015
2023-09-16 23:00:00,0.0,4.340242750000003
2023-09-17 00:00:00,0.0,0.0
2023-09-17 01:00:00,0.0,0.0
2023-09-17 02:00:00,0.0,0.0
2023-09-17 03:00:00,0.0,0.0
2023-09-17 04:00:00,0.0,0.2894777999999997
2023-09-17 05:00:00,0.4747400000000011,5.076386300000007
2023-09-17 06:00:00,11.990940666666699,17.958936283333387
2023-09-17 07:00:00,38.11922900000005,13.352398833333377
2023-09-17 08:00:00,31.54954600000003,1.3793735666666629
2023-09-17 09:00:00,13.493486166666695,0.6918824999999963
2023-09-17 10:00:00,16.378248000000042,0.7008485999999965
2023-09-17 11:00:00,13.058298333333354,0.5915219833333304
2023-09-17 12:00:00,0.0,0.5564442833333308
2023-09-17 13:00:00,7.646476000000002,0.612856366666664
2023-09-17 14:00:00,10.972970333333338,0.7305107166666631
2023-09-17 15:00:00,10.537534333333335,0.7120951333333292
2023-09-17 16:00:00,25.162573000000027,4.112458416666665
2023-09-17 17:00:00,32.69968000000003,32.755425183333415
2023-09-17 18:00:00,2.1895880000000045,46.89399148333341
2023-09-17 19:00:00,12.38953300000003,34.55100218333337
2023-09-17 20:00:00,10.013003000000028,31.975948483333365
2023-09-17 21:00:00,0.0,21.83774943333337
2023-09-17 22:00:00,0.0,5.048410816666675
2023-09-17 23:00:00,0.0,0.3428827666666663
2023-09-18 00:00:00,0.0,2.5476131000000004
2023-09-18 01:00:00,0.0,6.802592650000003
2023-09-18 02:00:00,0.0,9.88757208333334
2023-09-18 03:00:00,0.0,11.253313816666672
2023-09-18 04:00:00,0.0,12.56414640000001
2023-09-18 05:00:00,0.4930920000000003,17.07522276666668
2023-09-18 06:00:00,12.181344666666696,30.035273850000056
2023-09-18 07:00:00,46.89242466666672,29.13043956666672
2023-09-18 08:00:00,35.03429200000004,33.860365650000006
2023-09-18 09:00:00,14.116993833333355,61.201184133333314
2023-09-18 10:00:00,13.179339666666701,76.79762894999999
2023-09-18 11:00:00,16.344175000000032,104.89350449999998
2023-09-18 12:00:00,0.0,136.01392294999994
2023-09-18 13:00:00,8.468437000000005,148.33340929999994
2023-09-18 14:00:00,9.934620333333344,152.49857039999992
2023-09-18 15:00:00,7.007385333333334,132.8464322166666
2023-09-18 16:00:00,30.997105666666695,95.20591879999998
2023-09-18 17:00:00,17.42133066666669,59.29581661666676
2023-09-18 18:00:00,2.161588000000004,61.11825976666676
2023-09-18 19:00:00,11.865871666666699,47.23267060000004
2023-09-18 20:00:00,10.227874000000025,44.59679511666671
2023-09-18 21:00:00,0.0,34.028835950000044
2023-09-18 22:00:00,0.0,14.761919000000017
2023-09-18 23:00:00,0.0,5.366649733333336
2023-09-19 00:00:00,0.0,2.502614116666666
2023-09-19 01:00:00,0.0,5.980098133333337
2023-09-19 02:00:00,0.0,8.812579250000006
2023-09-19 03:00:00,0.0,9.757573216666673
2023-09-19 04:00:00,0.0,11.46638813333334
2023-09-19 05:00:00,0.4475840000000005,16.841607666666683
2023-09-19 06:00:00,11.424033666666695,32.11688228333339
2023-09-19 07:00:00,42.36889166666672,32.87961035000006
2023-09-19 08:00:00,28.945961666666697,44.72454108333334
2023-09-19 09:00:00,14.368673833333355,62.051752650000005
2023-09-19 10:00:00,15.363526000000034,68.68438736666666
2023-09-19 11:00:00,14.322885500000025,110.88234084999998
2023-09-19 12:00:00,0.0,144.38982268333325
2023-09-19 13:00:00,6.481299666666669,146.58764104999992
2023-09-19 14:00:00,10.936516333333342,144.81066403333327
2023-09-19 15:00:00,11.137632000000009,125.76126079999996
2023-09-19 16:00:00,32.931008000000034,93.46488073333332
2023-09-19 17:00:00,26.475970666666697,60.341845116666754
2023-09-19 18:00:00,2.1724940000000013,59.56772465000007
2023-09-19 19:00:00,11.59086766666669,49.12845240000004
2023-09-19 20:00:00,10.171241333333365,44.25098696666672
2023-09-19 21:00:00,0.0,31.373654300000048
2023-09-19 22:00:00,0.0,13.184660783333348
2023-09-19 23:00:00,0.0,4.316654183333334
2023-09-20 00:00:00,0.0,2.5026141
2023-09-20 01:00:00,0.0,6.375095500000005
2023-09-20 02:00:00,0.0,8.70257998333334
2023-09-20 03:00:00,0.0,10.022571716666672
2023-09-20 04:00:00,0.0,11.102758216666672
2023-09-20 05:00:00,0.4531640000000008,17.47115073333335
2023-09-20 06:00:00,11.55176900000003,28.583414566666725
2023-09-20 07:00:00,43.94025066666672,37.25755288333338
2023-09-20 08:00:00,24.58028400000003,40.86813588333335
2023-09-20 09:00:00,16.352781500000034,73.10458418333332
2023-09-20 10:00:00,15.4882026666667,66.99929463333334
2023-09-20 11:00:00,12.24352566666669,94.16242373333333
2023-09-20 12:00:00,0.0,142.62632503333327
2023-09-20 13:00:00,6.218957333333332,152.84515821666665
2023-09-20 14:00:00,10.901013333333344,144.24756696666657
2023-09-20 15:00:00,9.750592333333334,129.68860093333325
2023-09-20 16:00:00,35.0991816666667,92.45420716666666
2023-09-20 17:00:00,32.14532133333337,58.49146453333342
2023-09-20 18:00:00,2.059578000000003,59.44103761666676
2023-09-20 19:00:00,11.826169000000029,48.159993683333376
2023-09-20 20:00:00,11.050713333333364,46.53440418333338
2023-09-20 21:00:00,0.0,35.009752666666714
2023-09-20 22:00:00,0.0,15.388355133333349
2023-09-20 23:00:00,0.0,4.282816600000001
2023-09-21 00:00:00,0.0,2.285114833333334
2023-09-21 01:00:00,0.0,6.03259778333334
2023-09-21 02:00:00,0.0,7.792586050000007
2023-09-21 03:00:00,0.0,10.560068500000003
2023-09-21 04:00:00,0.0,10.980289616666672
2023-09-21 05:00:00,0.4887520000000008,16.919022550000015
2023-09-21 06:00:00,11.365103333333362,31.120944283333397
2023-09-21 07:00:00,36.03787166666671,33.74963210000005
2023-09-21 08:00:00,34.392931000000026,45.58138960000001
2023-09-21 09:00:00,15.228005333333364,60.10124255
2023-09-21 10:00:00,16.465431000000038,64.42265801666666
2023-09-21 11:00:00,13.443811333333356,111.80426271666664
2023-09-21 12:00:00,0.0,161.3717402666666
2023-09-21 13:00:00,7.450353333333335,151.88989718333326
2023-09-21 14:00:00,10.432372666666671,141.4890652166666
2023-09-21 15:00:00,10.526201000000007,125.78325644999994
2023-09-21 16:00:00,19.899672000000027,89.97301131666666
2023-09-21 17:00:00,33.09206833333337,59.94227541666676
2023-09-21 18:00:00,2.2754960000000044,61.86527975000008
2023-09-21 19:00:00,11.306886000000027,48.26177426666671
2023-09-21 20:00:00,10.124602666666696,44.3080128666667
2023-09-21 21:00:00,0.0,32.61664236666672
2023-09-21 22:00:00,0.0,14.056722716666684
2023-09-21 23:00:00,0.0,5.181481650000002
2023-09-22 00:00:00,0.0,2.475111316666668
2023-09-22 01:00:00,0.0,6.1675968833333386
2023-09-22 02:00:00,0.0,8.732579783333339
2023-09-22 03:00:00,0.0,10.972565416666672
2023-09-22 04:00:00,0.0,13.27100358333334
2023-09-22 05:00:00,0.4644480000000003,20.089441450000017
2023-09-22 06:00:00,11.208622333333365,31.49642025000006
2023-09-22 07:00:00,34.28542000000006,33.12830663333339
2023-09-22 08:00:00,33.74050900000003,47.62996286666668
2023-09-22 09:00:00,14.941746333333358,67.73410539999999
2023-09-22 10:00:00,16.234901833333367,77.08230428333329
2023-09-22 11:00:00,13.840919166666689,95.7985978
2023-09-22 12:00:00,0.0,132.14493679999995
2023-09-22 13:00:00,6.353955333333334,147.6282622666666
2023-09-22 14:00:00,7.872970000000006,141.32366238333327
2023-09-22 15:00:00,9.146537666666676,137.80251089999993
2023-09-22 16:00:00,33.71842333333337,89.8372931
2023-09-22 17:00:00,31.13581700000003,55.92462365000008
2023-09-22 18:00:00,2.011436000000005,64.56533823333342
2023-09-22 19:00:00,11.302833666666695,48.01906181666672
2023-09-22 20:00:00,11.007406000000024,44.4960043666667
2023-09-22 21:00:00,0.0,33.707700850000045
2023-09-22 22:00:00,0.0,13.616691583333347
2023-09-22 23:00:00,0.0,4.660569716666668
2023-09-23 00:00:00,0.0,2.277614666666668
2023-09-23 01:00:00,0.0,6.080097466666673
2023-09-23 02:00:00,0.0,9.487574750000004
2023-09-23 03:00:00,0.0,9.867573166666672
2023-09-23 04:00:00,0.0,10.646519950000007
2023-09-23 05:00:00,0.4386560000000009,16.81471071666668
2023-09-23 06:00:00,12.410246666666696,32.484372016666725
2023-09-23 07:00:00,31.61199966666672,31.316220700000045
2023-09-23 08:00:00,38.50405500000004,46.838908650000015
2023-09-23 09:00:00,14.07579433333336,61.61923681666664
2023-09-23 10:00:00,15.436660833333363,59.23399011666668
2023-09-23 11:00:00,13.305879000000024,103.12958751666662
2023-09-23 12:00:00,0.0,143.3113340166666
2023-09-23 13:00:00,6.502307666666672,152.43815469999993
2023-09-23 14:00:00,7.061167666666666,160.9265785666666
2023-09-23 15:00:00,10.366877666666673,138.3688482999999
2023-09-23 16:00:00,30.389523333333365,87.33645971666665
2023-09-23 17:00:00,33.103568000000045,57.35671553333341
2023-09-23 18:00:00,1.921543000000003,62.17536263333342
2023-09-23 19:00:00,11.542923666666699,49.98089228333337
2023-09-23 20:00:00,10.134596666666694,45.906067016666704
2023-09-23 21:00:00,0.0,33.56009078333338
2023-09-23 22:00:00,0.0,14.336569200000016
2023-09-23 23:00:00,0.0,5.06848146666667
2023-09-24 00:00:00,0.0,0.0
2023-09-24 01:00:00,0.0,0.0
2023-09-24 02:00:00,0.0,0.0
2023-09-24 03:00:00,0.0,0.0
2023-09-24 04:00:00,0.0,0.2970645499999996
2023-09-24 05:00:00,0.4720120000000008,5.196582833333343
2023-09-24 06:00:00,11.768281333333364,19.17234470000005
2023-09-24 07:00:00,36.6412493333334,14.36704436666671
2023-09-24 08:00:00,32.44093400000004,1.7123689833333304
2023-09-24 09:00:00,13.64786850000002,0.6496378999999964
2023-09-24 10:00:00,16.372667666666704,0.6611835999999965
2023-09-24 11:00:00,14.064163500000028,0.6615982999999974
2023-09-24 12:00:00,0.0,0.6142724166666637
2023-09-24 13:00:00,7.299547000000004,0.7252607166666628
2023-09-24 14:00:00,8.99669933333334,0.6214368999999963
2023-09-24 15:00:00,8.106755333333338,0.6316920333333307
2023-09-24 16:00:00,37.27253900000002,3.142940366666665
2023-09-24 17:00:00,19.1791566666667,31.752984616666748
2023-09-24 18:00:00,2.005697000000006,46.11792220000008
2023-09-24 19:00:00,12.0650786666667,33.85380543333336
2023-09-24 20:00:00,10.077964000000025,31.42469810000003
2023-09-24 21:00:00,0.0,22.4935623666667
2023-09-24 22:00:00,0.0,5.22889003333334
2023-09-24 23:00:00,0.0,0.2968923666666662
2023-09-25 00:00:00,0.0,2.2976135666666653
2023-09-25 01:00:00,0.0,5.892598716666671
2023-09-25 02:00:00,0.0,7.817585883333342
2023-09-25 03:00:00,0.0,9.65557413333334
2023-09-25 04:00:00,0.0,9.734313550000008
2023-09-25 05:00:00,0.4230320000000009,16.292202750000015
2023-09-25 06:00:00,12.301136000000032,29.61440835000005
2023-09-25 07:00:00,39.427728666666724,30.80823065000005
2023-09-25 08:00:00,25.270477333333364,41.13999656666668
2023-09-25 09:00:00,15.973960000000032,63.24306888333333
2023-09-25 10:00:00,14.656272000000035,78.78863736666663
2023-09-25 11:00:00,13.270150333333353,105.74732618333329
2023-09-25 12:00:00,0.0,142.96816558333327
2023-09-25 13:00:00,7.896655666666669,147.82165494999992
2023-09-25 14:00:00,8.432036666666669,133.96966376666663
2023-09-25 15:00:00,12.140218666666676,123.93426731666663
2023-09-25 16:00:00,34.90034033333337,96.42207693333332
2023-09-25 17:00:00,28.924831000000022,68.49237525000008
2023-09-25 18:00:00,2.3229230000000007,62.390856550000095
2023-09-25 19:00:00,11.054626666666696,49.3180214666667
2023-09-25 20:00:00,10.544350666666691,46.112110483333375
2023-09-25 21:00:00,0.0,34.94200121666671
2023-09-25 22:00:00,0.0,14.945795300000016
2023-09-25 23:00:00,0.0,4.483316316666669
2023-09-26 00:00:00,0.0,2.7176119333333357
2023-09-26 01:00:00,0.0,6.827592483333339
2023-09-26 02:00:00,0.0,9.592574050000009
2023-09-26 03:00:00,0.0,10.91006568333334
2023-09-26 04:00:00,0.0,11.802814316666677
2023-09-26 05:00:00,0.4431200000000012,16.581495933333347
2023-09-26 06:00:00,12.14475600000003,29.657429516666728
2023-09-26 07:00:00,45.57197800000007,33.13127371666672
2023-09-26 08:00:00,34.52714133333336,45.04541766666668
2023-09-26 09:00:00,15.12655883333336,51.263100600000016
2023-09-26 10:00:00,14.408286333333365,70.67681131666666
2023-09-26 11:00:00,14.17037400000003,108.46575118333332
2023-09-26 12:00:00,0.0,150.15341809999995
2023-09-26 13:00:00,5.801161000000002,147.76691133333324
2023-09-26 14:00:00,13.175407000000012,141.3066520666666
2023-09-26 15:00:00,9.34796466666667,130.3705193166666
2023-09-26 16:00:00,24.83917433333336,95.71744386666664
2023-09-26 17:00:00,24.516744333333364,69.16165918333343
2023-09-26 18:00:00,2.0810890000000026,61.72048623333343
2023-09-26 19:00:00,11.206182666666692,47.42159205000005
2023-09-26 20:00:00,10.899137666666697,44.57738355000004
2023-09-26 21:00:00,0.0,32.199477133333374
2023-09-26 22:00:00,0.0,13.475964150000012
2023-09-26 23:00:00,0.0,4.669071650000002
2023-09-27 00:00:00,0.0,2.817612300000001
2023-09-27 01:00:00,0.0,6.657593616666674
2023-09-27 02:00:00,0.0,10.055070966666674
2023-09-27 03:00:00,0.0,11.537562116666676
2023-09-27 04:00:00,0.0,11.914003883333342
2023-09-27 05:00:00,0.4878840000000016,17.07249085000002
2023-09-27 06:00:00,11.175917000000027,29.768514533333395
2023-09-27 07:00:00,37.59358266666672,29.90745660000005
2023-09-27 08:00:00,41.68838533333338,42.11785366666668
2023-09-27 09:00:00,14.730014333333356,53.63178508333334
2023-09-27 10:00:00,13.917037500000028,61.97555635000001
2023-09-27 11:00:00,14.540781666666689,104.51407453333329
2023-09-27 12:00:00,0.0,148.15741211666662
2023-09-27 13:00:00,6.581762666666664,142.1724174333333
2023-09-27 14:00:00,10.36456233333334,151.9139810333333
2023-09-27 15:00:00,10.057215000000006,136.71043038333326
2023-09-27 16:00:00,29.688991666666706,86.59140376666667
2023-09-27 17:00:00,23.58997100000004,63.01966796666676
2023-09-27 18:00:00,2.1620190000000026,60.793569816666746
2023-09-27 19:00:00,12.716114000000028,49.37779930000004
2023-09-27 20:00:00,10.121271333333365,43.76037250000004
2023-09-27 21:00:00,0.0,35.07614831666671
2023-09-27 22:00:00,0.0,13.502080633333346
2023-09-27 23:00:00,0.0,4.5846543
2023-09-28 00:00:00,0.0,3.372607983333336
2023-09-28 01:00:00,0.0,7.32258918333334
2023-09-28 02:00:00,0.0,9.39757535000001
2023-09-28 03:00:00,0.0,10.322569566666676
2023-09-28 04:00:00,0.0,11.37558108333334
2023-09-28 05:00:00,0.4054240000000009,17.965722116666687
2023-09-28 06:00:00,11.574350333333365,34.0767665833334
2023-09-28 07:00:00,34.59823633333338,34.92800945000005
2023-09-28 08:00:00,28.795994666666704,44.91478868333335
2023-09-28 09:00:00,12.65103150000002,56.4601306
2023-09-28 10:00:00,17.530413833333377,76.9471960833333
2023-09-28 11:00:00,14.023655000000025,95.55224325
2023-09-28 12:00:00,0.0,123.71385314999998
2023-09-28 13:00:00,10.71268300000001,144.2663963666666
2023-09-28 14:00:00,10.752160000000009,161.58606266666658
2023-09-28 15:00:00,7.307217666666672,140.48518333333325
2023-09-28 16:00:00,36.93022700000003,98.85082391666664
2023-09-28 17:00:00,28.285670333333368,57.24629025000009
2023-09-28 18:00:00,2.231937000000003,59.47626945000009
2023-09-28 19:00:00,11.829193666666695,47.87059866666671
2023-09-28 20:00:00,10.459401666666697,43.01235278333338
2023-09-28 21:00:00,0.0,33.00253170000005
2023-09-28 22:00:00,0.0,14.42863930000002
2023-09-28 23:00:00,0.0,3.545077350000001
2023-09-29 00:00:00,0.0,2.5126141333333347
2023-09-29 01:00:00,0.0,5.412601916666673
2023-09-29 02:00:00,0.0,7.125090500000007
2023-09-29 03:00:00,0.0,9.000078600000007
2023-09-29 04:00:00,0.0,10.859920633333342
2023-09-29 05:00:00,0.4412600000000007,16.88192716666668
2023-09-29 06:00:00,10.923218333333358,31.04159640000006
2023-09-29 07:00:00,44.445466666666725,32.941859816666714
2023-09-29 08:00:00,32.67303800000004,42.725203983333344
2023-09-29 09:00:00,17.035991333333364,65.52011616666664
2023-09-29 10:00:00,17.0209361666667,76.03295544999997
2023-09-29 11:00:00,12.37874833333335,107.29033928333332
2023-09-29 12:00:00,0.0,131.55533294999995
2023-09-29 13:00:00,7.99546,150.7164732833333
2023-09-29 14:00:00,9.679292000000004,141.4909851999999
2023-09-29 15:00:00,7.7988023333333345,135.9841818833333
2023-09-29 16:00:00,26.540914666666698,105.07921161666664
2023-09-29 17:00:00,25.13677300000004,61.93341870000009
2023-09-29 18:00:00,2.2377650000000027,62.22791163333343
2023-09-29 19:00:00,11.784889000000028,48.28301610000004
2023-09-29 20:00:00,10.427754000000029,44.32517053333338
2023-09-29 21:00:00,0.0,34.18564298333338
2023-09-29 22:00:00,0.0,13.832610300000011
2023-09-29 23:00:00,0.0,4.151570616666668
2023-09-30 00:00:00,0.0,2.3501138166666675
2023-09-30 01:00:00,0.0,6.085097433333339
2023-09-30 02:00:00,0.0,8.12508383333334
2023-09-30 03:00:00,0.0,10.007571400000009
2023-09-30 04:00:00,0.0,10.91639288333334
2023-09-30 05:00:00,0.4950760000000004,17.315196816666685
2023-09-30 06:00:00,11.803536666666698,31.48842086666673
2023-09-30 07:00:00,47.385764666666724,36.65176781666672
2023-09-30 08:00:00,32.83185733333337,46.14034391666667
2023-09-30 09:00:00,16.205106666666694,59.98989931666667
2023-09-30 10:00:00,16.10569733333337,71.95963038333332
2023-09-30 11:00:00,15.492166666666689,107.27408441666662
2023-09-30 12:00:00,0.0,138.03709918333325
2023-09-30 13:00:00,8.911025666666673,142.6750924499999
2023-09-30 14:00:00,7.709483000000002,133.5582596166666
2023-09-30 15:00:00,7.077873333333329,149.69434419999993
2023-09-30 16:00:00,27.935415333333363,92.24484524999998
2023-09-30 17:00:00,30.025654333333367,55.464343483333415
2023-09-30 18:00:00,2.2634270000000036,59.74855593333341
2023-09-30 19:00:00,11.090958666666692,50.38754206666671
2023-09-30 20:00:00,10.619305666666692,46.442938783333375
2023-09-30 21:00:00,0.0,33.78089473333338
2023-09-30 22:00:00,0.0,15.382783016666684
2023-09-30 23:00:00,0.0,4.613236650000003
2023-10-01 00:00:00,0.0,0.0
2023-10-01 01:00:00,0.0,0.0
2023-10-01 02:00:00,0.0,0.0
2023-10-01 03:00:00,0.0,0.0
2023-10-01 04:00:00,0.0,0.2878959166666663
2023-10-01 05:00:00,0.4034400000000006,4.762032883333341
2023-10-01 06:00:00,12.165222000000027,18.330927133333383
2023-10-01 07:00:00,28.100828000000053,13.0994923166667
2023-10-01 08:00:00,25.64113000000004,1.437545116666664
2023-10-01 09:00:00,17.750415666666694,0.6321565666666638
2023-10-01 10:00:00,14.751231333333365,0.6115229666666633
2023-10-01 11:00:00,11.054672333333357,0.7224300333333293
2023-10-01 12:00:00,0.0,0.7752588333333296
2023-10-01 13:00:00,5.979643999999999,0.6445172333333296
2023-10-01 14:00:00,9.95441966666667,0.5392785166666628
2023-10-01 15:00:00,9.81660533333334,0.5940251666666623
2023-10-01 16:00:00,33.566562666666705,3.7858232333333337
2023-10-01 17:00:00,39.02252200000004,35.65437963333343
2023-10-01 18:00:00,2.044403000000003,44.45356655000008
2023-10-01 19:00:00,12.229394333333358,35.887045283333364
2023-10-01 20:00:00,10.09961766666669,32.68389090000004
2023-10-01 21:00:00,0.0,22.04227688333337
2023-10-01 22:00:00,0.0,5.3476644166666745
2023-10-01 23:00:00,0.0,0.4023812333333328
2023-10-02 00:00:00,0.0,2.482612116666667
2023-10-02 01:00:00,0.0,7.312589250000004
2023-10-02 02:00:00,0.0,8.450081666666673
2023-10-02 03:00:00,0.0,9.494076116666674
2023-10-02 04:00:00,0.0,11.925949150000005
2023-10-02 05:00:00,0.4478320000000009,17.77788905000002
2023-10-02 06:00:00,12.083765000000028,32.431878083333395
2023-10-02 07:00:00,33.217628000000055,32.95405598333339
2023-10-02 08:00:00,33.45991700000003,33.31107181666668
2023-10-02 09:00:00,15.424169500000025,59.6498499
2023-10-02 10:00:00,16.79348850000004,70.60289246666666
2023-10-02 11:00:00,14.054131166666687,102.34774691666664
2023-10-02 12:00:00,0.0,152.14292188333326
2023-10-02 13:00:00,5.981164000000001,141.74866186666657
2023-10-02 14:00:00,8.445442000000005,149.3946490833333
2023-10-02 15:00:00,13.017827333333344,141.62452794999996
2023-10-02 16:00:00,32.13121133333336,93.38121083333333
2023-10-02 17:00:00,27.81947066666669,59.75516820000008
2023-10-02 18:00:00,2.0464220000000033,59.92705193333342
2023-10-02 19:00:00,12.22167600000003,47.45077380000004
2023-10-02 20:00:00,10.664278666666693,44.34389700000004
2023-10-02 21:00:00,0.0,34.66199981666671
2023-10-02 22:00:00,0.0,14.98895476666668
2023-10-02 23:00:00,0.0,5.12906886666667
2023-10-03 00:00:00,0.0,2.585112816666668
2023-10-03 01:00:00,0.0,6.04759768333334
2023-10-03 02:00:00,0.0,8.735079766666676
2023-10-03 03:00:00,0.0,10.22507093333334
2023-10-03 04:00:00,0.0,11.787698466666672
2023-10-03 05:00:00,0.423156000000001,16.880422266666685
2023-10-03 06:00:00,11.527836333333358,29.139152733333397
2023-10-03 07:00:00,43.652896333333395,31.23671780000005
2023-10-03 08:00:00,27.225188666666693,34.01380755000001
2023-10-03 09:00:00,15.775792166666696,53.77258613333334
2023-10-03 10:00:00,14.894510666666704,78.17504116666666
2023-10-03 11:00:00,12.906740000000026,110.5073987833333
2023-10-03 12:00:00,0.0,146.2298275999999
2023-10-03 13:00:00,6.068824666666665,149.55456321666654
2023-10-03 14:00:00,9.647797000000002,131.6942590833333
2023-10-03 15:00:00,12.475347333333344,141.39127174999993
2023-10-03 16:00:00,23.610834000000036,88.34768918333333
2023-10-03 17:00:00,36.80271466666671,60.476099433333424
2023-10-03 18:00:00,2.2203930000000045,59.36225043333342
2023-10-03 19:00:00,12.292549666666694,48.67829948333337
2023-10-03 20:00:00,10.00134333333336,44.83758438333337
2023-10-03 21:00:00,0.0,34.28911126666671
2023-10-03 22:00:00,0.0,14.40155846666668
2023-10-03 23:00:00,0.0,5.337981283333336
2023-10-04 00:00:00,0.0,2.4976132666666677
2023-10-04 01:00:00,0.0,6.922591850000006
2023-10-04 02:00:00,0.0,8.625080500000008
2023-10-04 03:00:00,0.0,10.072571533333338
2023-10-04 04:00:00,0.0,10.533740300000009
2023-10-04 05:00:00,0.4231560000000004,16.09609698333335
2023-10-04 06:00:00,11.8681296666667,30.835133933333385
2023-10-04 07:00:00,47.74423300000006,29.760258300000046
2023-10-04 08:00:00,23.908253000000045,37.05977440000001
2023-10-04 09:00:00,15.850509333333362,56.027333483333344
2023-10-04 10:00:00,15.962564500000031,68.80295696666666
2023-10-04 11:00:00,14.277898333333361,106.97065279999995
2023-10-04 12:00:00,0.0,153.4695904999999
2023-10-04 13:00:00,7.246732666666671,144.2334221666666
2023-10-04 14:00:00,8.902854000000003,137.51390366666664
2023-10-04 15:00:00,8.071113666666673,142.55540588333326
2023-10-04 16:00:00,19.21200100000004,99.9071507
2023-10-04 17:00:00,36.91542433333337,61.45930161666675
2023-10-04 18:00:00,2.1877580000000028,60.90421206666675
2023-10-04 19:00:00,11.810264000000032,47.36821560000004
2023-10-04 20:00:00,10.551013333333357,45.47587698333337
2023-10-04 21:00:00,0.0,35.340908566666705
2023-10-04 22:00:00,0.0,14.42791216666668
2023-10-04 23:00:00,0.0,5.36380396666667
2023-10-05 00:00:00,0.0,2.26761445
2023-10-05 01:00:00,0.0,5.9950980333333375
2023-10-05 02:00:00,0.0,8.162583583333337
2023-10-05 03:00:00,0.0,10.30507083333334
2023-10-05 04:00:00,0.0,11.522552483333335
2023-10-05 05:00:00,0.4296040000000013,16.239374283333344
2023-10-05 06:00:00,10.97741033333336,30.28293475000006
2023-10-05 07:00:00,38.701945666666724,34.89996548333338
2023-10-05 08:00:00,26.420585000000028,39.01300036666668
2023-10-05 09:00:00,13.04241366666669,62.78786701666664
2023-10-05 10:00:00,17.812805833333375,82.0838759833333
2023-10-05 11:00:00,13.82656433333336,105.24858485
2023-10-05 12:00:00,0.0,132.08507781666663
2023-10-05 13:00:00,7.979807333333336,146.89721933333328
2023-10-05 14:00:00,10.214551333333342,139.79256271666665
2023-10-05 15:00:00,10.03157633333334,139.03568774999994
2023-10-05 16:00:00,28.227065666666707,97.8366419
2023-10-05 17:00:00,33.1796466666667,60.56345890000009
2023-10-05 18:00:00,2.1576790000000043,62.059437166666754
2023-10-05 19:00:00,11.713082666666699,48.56150703333337
2023-10-05 20:00:00,11.142325000000026,43.259529450000045
2023-10-05 21:00:00,0.0,32.70905540000004
2023-10-05 22:00:00,0.0,15.27268773333335
2023-10-05 23:00:00,0.0,4.831729466666669
2023-10-06 00:00:00,0.0,3.0076079333333348
2023-10-06 01:00:00,0.0,7.892585383333341
2023-10-06 02:00:00,0.0,10.08257078333334
2023-10-06 03:00:00,0.0,11.320063516666677
2023-10-06 04:00:00,0.0,11.459866250000006
2023-10-06 05:00:00,0.4799480000000009,16.250086866666685
2023-10-06 06:00:00,12.014161333333362,33.950077500000056
2023-10-06 07:00:00,36.68534733333339,32.03148668333338
2023-10-06 08:00:00,41.50566466666671,33.61744138333334
2023-10-06 09:00:00,14.38726933333336,51.15650485000001
2023-10-06 10:00:00,15.565617666666698,72.04071193333333
2023-10-06 11:00:00,13.83321633333336,111.01442933333333
2023-10-06 12:00:00,0.0,157.41976408333326
2023-10-06 13:00:00,7.445516000000004,154.89264838333327
2023-10-06 14:00:00,11.44893633333334,144.33400238333329
2023-10-06 15:00:00,11.00128666666667,128.4086855833333
2023-10-06 16:00:00,27.97728500000003,89.84117698333333
2023-10-06 17:00:00,24.404850333333368,62.29605678333343
2023-10-06 18:00:00,1.868389000000002,61.45543453333342
2023-10-06 19:00:00,11.704212000000034,49.76658776666671
2023-10-06 20:00:00,9.856430333333355,46.901313483333375
2023-10-06 21:00:00,0.0,33.793481016666725
2023-10-06 22:00:00,0.0,13.67383056666668
2023-10-06 23:00:00,0.0,4.470982933333334
2023-10-07 00:00:00,0.0,2.032616883333333
2023-10-07 01:00:00,0.0,5.60010066666667
2023-10-07 02:00:00,0.0,8.225083166666671
2023-10-07 03:00:00,0.0,10.17007078333334
2023-10-07 04:00:00,0.0,10.95239783333334
2023-10-07 05:00:00,0.4332000000000005,16.24941503333335
2023-10-07 06:00:00,11.457266333333362,31.9920957833334
2023-10-07 07:00:00,48.33204966666673,31.786981133333377
2023-10-07 08:00:00,16.48917466666671,42.79370715000001
2023-10-07 09:00:00,17.330182000000033,71.90781109999996
2023-10-07 10:00:00,17.80207050000004,77.57871928333333
2023-10-07 11:00:00,13.999270833333359,86.40276906666668
2023-10-07 12:00:00,0.0,130.95768148333326
2023-10-07 13:00:00,8.594054666666676,157.69831163333328
2023-10-07 14:00:00,8.902681333333337,153.80423339999993
2023-10-07 15:00:00,10.386677,132.8001755166666
2023-10-07 16:00:00,25.613222000000015,98.38718336666666
2023-10-07 17:00:00,35.82684200000002,59.14258448333342
2023-10-07 18:00:00,2.258874000000004,62.12528111666676
2023-10-07 19:00:00,11.822491666666691,49.91129233333338
2023-10-07 20:00:00,10.754224666666692,45.6667129166667
2023-10-07 21:00:00,0.0,33.56661941666671
2023-10-07 22:00:00,0.0,13.73587056666668
2023-10-07 23:00:00,0.0,4.349901000000002
2023-10-08 00:00:00,0.0,0.0
2023-10-08 01:00:00,0.0,0.0
2023-10-08 02:00:00,0.0,0.0
2023-10-08 03:00:00,0.0,0.0
2023-10-08 04:00:00,0.0,0.219242133333333
2023-10-08 05:00:00,0.4260080000000005,5.252682650000008
2023-10-08 06:00:00,11.856230666666692,17.36309535000005
2023-10-08 07:00:00,39.7091653333334,13.53684355000004
2023-10-08 08:00:00,40.45918066666671,2.218447583333332
2023-10-08 09:00:00,13.376454833333352,0.7069035833333301
2023-10-08 10:00:00,14.901580000000038,0.5556133833333312
2023-10-08 11:00:00,13.493949000000024,0.5771934666666636
2023-10-08 12:00:00,0.0,0.6781822999999959
2023-10-08 13:00:00,7.4309869999999965,0.6458531833333296
2023-10-08 14:00:00,8.079441000000001,0.6551012833333298
2023-10-08 15:00:00,9.16065333333334,0.6481867499999965
2023-10-08 16:00:00,29.27817433333336,3.6263162833333302
2023-10-08 17:00:00,28.652023666666697,31.786236650000077
2023-10-08 18:00:00,2.110022000000004,46.93928268333341
2023-10-08 19:00:00,11.854786333333356,36.41536185000003
2023-10-08 20:00:00,9.93638233333336,32.525998983333366
2023-10-08 21:00:00,0.0,21.90496345000004
2023-10-08 22:00:00,0.0,5.217837216666674
2023-10-08 23:00:00,0.0,0.440630933333333
2023-10-09 00:00:00,0.0,2.3576154666666658
2023-10-09 01:00:00,0.0,6.247596350000006
2023-10-09 02:00:00,0.0,7.957584950000005
2023-10-09 03:00:00,0.0,9.35257603333334
2023-10-09 04:00:00,0.0,10.935346466666669
2023-10-09 05:00:00,0.4679200000000005,17.38379978333335
2023-10-09 06:00:00,11.958712000000027,31.557027066666727
2023-10-09 07:00:00,37.585766000000056,33.28178830000005
2023-10-09 08:00:00,39.45899533333338,52.0037848
2023-10-09 09:00:00,17.108273500000028,61.40281301666665
2023-10-09 10:00:00,16.359129166666698,67.32555058333332
2023-10-09 11:00:00,12.586269500000022,102.12748115
2023-10-09 12:00:00,0.0,135.42741219999994
2023-10-09 13:00:00,9.362165333333335,142.47240631666662
2023-10-09 14:00:00,7.472139666666665,138.36615849999993
2023-10-09 15:00:00,7.723632666666663,140.70509418333327
2023-10-09 16:00:00,39.8196026666667,96.84563099999998
2023-10-09 17:00:00,17.517531666666706,59.90650200000009
2023-10-09 18:00:00,1.9930490000000032,62.83411625000008
2023-10-09 19:00:00,11.38066033333336,49.10347261666671
2023-10-09 20:00:00,10.61264300000002,44.30673971666671
2023-10-09 21:00:00,0.0,33.89267965000005
2023-10-09 22:00:00,0.0,13.834428900000017
2023-10-09 23:00:00,0.0,4.819820016666668
2023-10-10 00:00:00,0.0,2.4901122
2023-10-10 01:00:00,0.0,6.700093333333337
2023-10-10 02:00:00,0.0,8.255082966666672
2023-10-10 03:00:00,0.0,10.127571866666674
2023-10-10 04:00:00,0.0,11.07369108333334
2023-10-10 05:00:00,0.4743680000000004,16.33383781666668
2023-10-10 06:00:00,11.947103333333366,29.9853434333334
2023-10-10 07:00:00,32.2821033333334,35.02558958333338
2023-10-10 08:00:00,37.51130533333336,41.706869650000016
2023-10-10 09:00:00,13.353128000000028,62.887028233333325
2023-10-10 10:00:00,18.21131883333337,71.13489933333332
2023-10-10 11:00:00,15.503602166666697,109.58392669999996
2023-10-10 12:00:00,0.0,143.38068221666657
2023-10-10 13:00:00,9.864443666666672,162.6397074166666
2023-10-10 14:00:00,9.279152333333332,143.58513068333323
2023-10-10 15:00:00,7.569509000000003,123.34193069999996
2023-10-10 16:00:00,28.99864433333336,85.84336248333334
2023-10-10 17:00:00,29.34759300000004,62.71777323333342
2023-10-10 18:00:00,2.1410630000000017,59.688399500000095
2023-10-10 19:00:00,11.901005666666691,46.95336413333337
2023-10-10 20:00:00,9.599917666666691,44.52658816666671
2023-10-10 21:00:00,0.0,33.677044633333374
2023-10-10 22:00:00,0.0,14.208136550000017
2023-10-10 23:00:00,0.0,4.629491066666671
2023-10-11 00:00:00,0.0,2.025115516666665
2023-10-11 01:00:00,0.0,6.465094900000003
2023-10-11 02:00:00,0.0,7.972584850000004
2023-10-11 03:00:00,0.0,9.262577216666672
2023-10-11 04:00:00,0.0,11.038734650000006
2023-10-11 05:00:00,0.4774680000000004,17.575882283333346
2023-10-11 06:00:00,12.047093000000029,31.12398480000005
2023-10-11 07:00:00,40.8951593333334,31.12783578333338
2023-10-11 08:00:00,25.96240633333337,37.61422000000001
2023-10-11 09:00:00,17.920659166666695,55.54231141666668
2023-10-11 10:00:00,15.53039683333337,69.87705471666666
2023-10-11 11:00:00,13.193581000000023,106.58558349999998
2023-10-11 12:00:00,0.0,135.31140131666663
2023-10-11 13:00:00,5.705501333333332,152.45780164999994
2023-10-11 14:00:00,8.272263333333337,157.09397128333327
2023-10-11 15:00:00,9.07764033333334,135.06309841666655
2023-10-11 16:00:00,29.338058333333368,102.00143538333332
2023-10-11 17:00:00,30.74066700000003,59.753571550000096
2023-10-11 18:00:00,2.0278990000000032,61.63891226666674
2023-10-11 19:00:00,11.209520666666698,48.56889495000004
2023-10-11 20:00:00,10.52602833333336,43.87998301666671
2023-10-11 21:00:00,0.0,33.33457765000004
2023-10-11 22:00:00,0.0,14.124924066666676
2023-10-11 23:00:00,0.0,4.937987650000003
2023-10-12 00:00:00,0.0,1.3901202499999985
2023-10-12 01:00:00,0.0,5.380102133333337
2023-10-12 02:00:00,0.0,7.892585383333341
2023-10-12 03:00:00,0.0,11.505061816666675
2023-10-12 04:00:00,0.0,12.814924750000005
2023-10-12 05:00:00,0.4675480000000008,18.75441053333335
2023-10-12 06:00:00,11.625427666666694,29.70517408333339
2023-10-12 07:00:00,38.62059900000005,30.070983216666715
2023-10-12 08:00:00,34.47983733333336,43.27035466666668
2023-10-12 09:00:00,17.863156333333368,49.75678313333335
2023-10-12 10:00:00,16.621021333333374,67.5664707
2023-10-12 11:00:00,13.18190600000002,101.69841241666664
2023-10-12 12:00:00,0.0,145.7892483166666
2023-10-12 13:00:00,5.810179,168.17505301666662
2023-10-12 14:00:00,8.006742333333333,152.01291354999995
2023-10-12 15:00:00,8.737880999999998,125.57019624999994
2023-10-12 16:00:00,31.04063100000004,92.99069241666668
2023-10-12 17:00:00,27.60906866666671,64.1034677000001
2023-10-12 18:00:00,2.0213150000000057,61.64386281666676
2023-10-12 19:00:00,11.725040000000037,49.22080306666671
2023-10-12 20:00:00,10.77254700000003,44.994977683333374
2023-10-12 21:00:00,0.0,34.23463248333338
2023-10-12 22:00:00,0.0,15.22072208333335
2023-10-12 23:00:00,0.0,5.621475100000002
2023-10-13 00:00:00,0.0,2.5476123666666672
2023-10-13 01:00:00,0.0,6.792592716666674
2023-10-13 02:00:00,0.0,9.225076500000007
2023-10-13 03:00:00,0.0,10.558068900000006
2023-10-13 04:00:00,0.0,11.16026998333334
2023-10-13 05:00:00,0.4587440000000007,16.234852983333347
2023-10-13 06:00:00,12.083860333333368,30.369829833333387
2023-10-13 07:00:00,36.865085000000064,31.67603520000005
2023-10-13 08:00:00,34.243536000000034,37.17454318333334
2023-10-13 09:00:00,14.27971833333336,59.38319066666668
2023-10-13 10:00:00,16.353717000000035,67.73631083333333
2023-10-13 11:00:00,15.074772666666691,104.20590259999996
2023-10-13 12:00:00,0.0,151.69023831666658
2023-10-13 13:00:00,7.761329333333335,149.88506663333325
2023-10-13 14:00:00,8.959348000000004,158.4773944666666
2023-10-13 15:00:00,10.124230000000008,133.67744458333328
2023-10-13 16:00:00,31.0778176666667,90.49308433333331
2023-10-13 17:00:00,24.942642000000035,59.66066690000008
2023-10-13 18:00:00,2.058698000000003,62.00434550000009
2023-10-13 19:00:00,11.877963333333353,49.01782920000005
2023-10-13 20:00:00,10.48771800000003,44.95594821666672
2023-10-13 21:00:00,0.0,33.839186033333384
2023-10-13 22:00:00,0.0,14.815315966666684
2023-10-13 23:00:00,0.0,5.116319350000003
2023-10-14 00:00:00,0.0,2.012615016666665
2023-10-14 01:00:00,0.0,5.180103466666669
2023-10-14 02:00:00,0.0,7.52008786666667
2023-10-14 03:00:00,0.0,8.760081283333337
2023-10-14 04:00:00,0.0,11.411840983333342
2023-10-14 05:00:00,0.457752000000001,17.57881723333335
2023-10-14 06:00:00,11.905902000000024,30.72248215000005
2023-10-14 07:00:00,45.56856733333338,31.68282023333338
2023-10-14 08:00:00,29.93165300000004,36.42128833333335
2023-10-14 09:00:00,15.121513166666691,61.45268861666666
2023-10-14 10:00:00,15.974878833333365,77.35628999999996
2023-10-14 11:00:00,13.016728333333354,119.32274296666664
2023-10-14 12:00:00,0.0,155.0733290166666
2023-10-14 13:00:00,7.973501000000007,150.2549179499999
2023-10-14 14:00:00,7.440005000000002,131.96368158333323
2023-10-14 15:00:00,9.294977666666671,135.21368648333328
2023-10-14 16:00:00,41.89272266666672,85.82341741666666
2023-10-14 17:00:00,16.299640000000036,56.75319606666676
2023-10-14 18:00:00,2.1374670000000022,62.00352483333342
2023-10-14 19:00:00,11.599674666666695,48.43279401666671
2023-10-14 20:00:00,9.829779666666704,45.40100883333337
2023-10-14 21:00:00,0.0,34.49278490000004
2023-10-14 22:00:00,0.0,14.819863700000012
2023-10-14 23:00:00,0.0,5.638144666666671
2023-10-15 00:00:00,0.0,0.0
2023-10-15 01:00:00,0.0,0.0
2023-10-15 02:00:00,0.0,0.0
2023-10-15 03:00:00,0.0,0.0
2023-10-15 04:00:00,0.0,0.2265962999999997
2023-10-15 05:00:00,0.4841640000000007,5.506941200000012
2023-10-15 06:00:00,11.222717000000031,20.46068366666672
2023-10-15 07:00:00,34.77898033333339,12.515063333333377
2023-10-15 08:00:00,27.80186766666669,1.7554412166666638
2023-10-15 09:00:00,16.05515766666669,0.6237575499999966
2023-10-15 10:00:00,17.643464833333372,0.5812738833333295
2023-10-15 11:00:00,13.45897450000002,0.6549388666666629
2023-10-15 12:00:00,0.0,0.6381016833333304
2023-10-15 13:00:00,7.954100666666668,0.6319337666666629
2023-10-15 14:00:00,9.71762833333334,0.7121760666666629
2023-10-15 15:00:00,8.223768333333336,0.7384285833333303
2023-10-15 16:00:00,39.00970900000003,3.388202949999997
2023-10-15 17:00:00,29.2330106666667,33.28136466666675
2023-10-15 18:00:00,1.9757310000000032,45.21100935000008
2023-10-15 19:00:00,12.20692200000003,35.164673416666695
2023-10-15 20:00:00,10.329479666666696,30.978075650000036
2023-10-15 21:00:00,0.0,21.785032966666705
2023-10-15 22:00:00,0.0,5.143332050000007
2023-10-15 23:00:00,0.0,0.3830476666666664
2023-10-16 00:00:00,0.0,2.907610816666666
2023-10-16 01:00:00,0.0,6.687593416666672
2023-10-16 02:00:00,0.0,8.79257938333334
2023-10-16 03:00:00,0.0,10.625067716666674
2023-10-16 04:00:00,0.0,11.67947773333334
2023-10-16 05:00:00,0.4691600000000004,16.736961733333345
2023-10-16 06:00:00,12.504181000000031,30.522591550000048
2023-10-16 07:00:00,33.571941333333385,30.79170403333338
2023-10-16 08:00:00,38.690223666666704,35.814442583333346
2023-10-16 09:00:00,15.788951000000024,55.4076318
2023-10-16 10:00:00,14.700498500000032,63.06854991666667
2023-10-16 11:00:00,13.310618666666693,101.95840951666663
2023-10-16 12:00:00,0.0,148.9301586666666
2023-10-16 13:00:00,7.649343333333335,146.33805771666658
2023-10-16 14:00:00,10.735021333333345,148.9261593666666
2023-10-16 15:00:00,9.050170333333336,152.0977635166666
2023-10-16 16:00:00,20.843976000000023,98.63705573333333
2023-10-16 17:00:00,37.58033366666671,61.15757361666676
2023-10-16 18:00:00,2.0805220000000033,61.69848445000009
2023-10-16 19:00:00,10.80305100000003,49.95758166666671
2023-10-16 20:00:00,10.209551666666696,45.81951220000004
2023-10-16 21:00:00,0.0,34.01788273333337
2023-10-16 22:00:00,0.0,14.435504700000015
2023-10-16 23:00:00,0.0,4.6781499500000026
2023-10-17 00:00:00,0.0,1.5851187999999994
2023-10-17 01:00:00,0.0,5.660100266666669
2023-10-17 02:00:00,0.0,8.617580550000007
2023-10-17 03:00:00,0.0,10.148322133333345
2023-10-17 04:00:00,0.0,10.613795650000007
2023-10-17 05:00:00,0.4200560000000009,15.96663153333335
2023-10-17 06:00:00,12.162700666666698,29.336355083333387
2023-10-17 07:00:00,36.718435000000056,31.45025141666672
2023-10-17 08:00:00,34.45855600000003,40.24283848333333
2023-10-17 09:00:00,13.558782666666689,75.82835313333331
2023-10-17 10:00:00,14.230154166666695,65.1759821
2023-10-17 11:00:00,12.81788566666669,102.90347678333328
2023-10-17 12:00:00,0.0,145.3635652166666
2023-10-17 13:00:00,8.382919000000005,134.53332728333328
2023-10-17 14:00:00,12.092536000000008,136.74781268333325
2023-10-17 15:00:00,9.849275000000004,141.3125158833333
2023-10-17 16:00:00,25.642562000000027,103.40489948333332
2023-10-17 17:00:00,33.700375333333376,62.96360611666676
2023-10-17 18:00:00,2.0101910000000016,59.73700686666675
2023-10-17 19:00:00,11.563989333333362,49.06693213333338
2023-10-17 20:00:00,10.256190333333358,45.43391885000004
2023-10-17 21:00:00,0.0,34.20590443333338
2023-10-17 22:00:00,0.0,14.245990933333353
2023-10-17 23:00:00,0.0,3.9002428666666686
2023-10-18 00:00:00,0.0,1.8026170000000008
2023-10-18 01:00:00,0.0,5.940098400000005
2023-10-18 02:00:00,0.0,9.315075900000007
2023-10-18 03:00:00,0.0,11.778560166666672
2023-10-18 04:00:00,0.0,13.136095750000008
2023-10-18 05:00:00,0.4862720000000008,18.358045083333348
2023-10-18 06:00:00,12.12424766666669,27.47928295000005
2023-10-18 07:00:00,44.07944400000007,32.545238866666715
2023-10-18 08:00:00,21.8952126666667,43.14578525000001
2023-10-18 09:00:00,14.412788000000026,70.34651029999998
2023-10-18 10:00:00,15.397144500000037,68.0269699
2023-10-18 11:00:00,14.93224700000003,93.43901003333336
2023-10-18 12:00:00,0.0,134.28534863333329
2023-10-18 13:00:00,5.551689,136.23008793333327
2023-10-18 14:00:00,9.880770000000007,141.64166426666657
2023-10-18 15:00:00,8.540895000000003,153.2625931666666
2023-10-18 16:00:00,29.78052833333336,96.94074651666668
2023-10-18 17:00:00,37.82999900000003,64.17147301666675
2023-10-18 18:00:00,2.178387000000003,63.21500325000009
2023-10-18 19:00:00,11.487936000000031,48.50914568333337
2023-10-18 20:00:00,10.157916000000032,43.44976586666671
2023-10-18 21:00:00,0.0,32.91174696666672
2023-10-18 22:00:00,0.0,13.706290250000016
2023-10-18 23:00:00,0.0,3.5570702999999995
2023-10-19 00:00:00,0.0,1.8276185333333328
2023-10-19 01:00:00,0.0,5.060104266666672
2023-10-19 02:00:00,0.0,7.5475876833333375
2023-10-19 03:00:00,0.0,8.77508021666667
2023-10-19 04:00:00,0.0,11.187038533333338
2023-10-19 05:00:00,0.4385320000000016,17.468461800000014
2023-10-19 06:00:00,12.129054333333361,30.05228790000006
2023-10-19 07:00:00,39.551356000000055,32.11478008333338
2023-10-19 08:00:00,38.74200300000004,40.39112991666668
2023-10-19 09:00:00,14.337308833333358,59.55063710000001
2023-10-19 10:00:00,15.038746166666705,78.24247193333329
2023-10-19 11:00:00,13.126492166666688,118.21933584999996
2023-10-19 12:00:00,0.0,148.25567149999992
2023-10-19 13:00:00,6.296459333333334,148.64315794999996
2023-10-19 14:00:00,7.945099666666665,140.81317149999998
2023-10-19 15:00:00,10.289392666666672,126.90683449999996
2023-10-19 16:00:00,31.403931333333365,95.50261496666666
2023-10-19 17:00:00,21.96567433333336,57.85019451666675
2023-10-19 18:00:00,2.215392000000004,65.58386693333343
2023-10-19 19:00:00,10.92153900000003,48.00682761666671
2023-10-19 20:00:00,10.777544000000027,42.42668158333338
2023-10-19 21:00:00,0.0,33.849370700000044
2023-10-19 22:00:00,0.0,13.99382686666668
2023-10-19 23:00:00,0.0,3.899409200000002
2023-10-20 00:00:00,0.0,2.5551125833333344
2023-10-20 01:00:00,0.0,6.440095066666673
2023-10-20 02:00:00,0.0,9.635073766666672
2023-10-20 03:00:00,0.0,11.25756421666667
2023-10-20 04:00:00,0.0,11.865680816666671
2023-10-20 05:00:00,0.4396480000000005,17.97386321666668
2023-10-20 06:00:00,12.438720333333361,30.35711858333339
2023-10-20 07:00:00,42.60525833333342,32.95376873333338
2023-10-20 08:00:00,31.47173933333336,40.04077470000001
2023-10-20 09:00:00,13.313511500000022,65.55161203333333
2023-10-20 10:00:00,16.854168666666705,75.85457271666664
2023-10-20 11:00:00,13.717623000000023,103.2280061833333
2023-10-20 12:00:00,0.0,134.05660758333326
2023-10-20 13:00:00,5.464891666666666,143.30198936666662
2023-10-20 14:00:00,10.47385366666667,133.9443318833333
2023-10-20 15:00:00,10.501530333333344,136.4060174166666
2023-10-20 16:00:00,25.9988276666667,96.14596153333332
2023-10-20 17:00:00,30.85942633333337,59.04595156666676
2023-10-20 18:00:00,2.099482000000005,64.98043778333343
2023-10-20 19:00:00,11.851466333333368,48.18811180000005
2023-10-20 20:00:00,10.242865000000029,43.96498191666671
2023-10-20 21:00:00,0.0,33.324558000000046
2023-10-20 22:00:00,0.0,15.265012350000015
2023-10-20 23:00:00,0.0,6.226809583333338
2023-10-21 00:00:00,0.0,2.057615666666669
2023-10-21 01:00:00,0.0,5.44760168333334
2023-10-21 02:00:00,0.0,7.272589516666673
2023-10-21 03:00:00,0.0,9.222577450000006
2023-10-21 04:00:00,0.0,10.794369916666676
2023-10-21 05:00:00,0.4974320000000006,16.792674300000012
2023-10-21 06:00:00,11.286795666666693,31.42258618333339
2023-10-21 07:00:00,27.35718066666673,33.06695416666671
2023-10-21 08:00:00,34.98699800000004,34.592945516666674
2023-10-21 09:00:00,16.934832166666695,66.05920928333332
2023-10-21 10:00:00,16.93347500000004,77.26706323333332
2023-10-21 11:00:00,13.790947666666693,104.73516286666664
2023-10-21 12:00:00,0.0,129.6505885333333
2023-10-21 13:00:00,6.169961333333332,138.0518240333333
2023-10-21 14:00:00,8.884056666666671,140.7465663333333
2023-10-21 15:00:00,10.258537333333338,150.42082678333324
2023-10-21 16:00:00,34.43942533333336,104.44904839999997
2023-10-21 17:00:00,38.21993433333337,63.47741073333341
2023-10-21 18:00:00,2.0923610000000017,62.42658606666675
2023-10-21 19:00:00,11.892289333333368,49.49522021666671
2023-10-21 20:00:00,11.009071666666694,45.004542866666704
2023-10-21 21:00:00,0.0,34.92289280000004
2023-10-21 22:00:00,0.0,14.80656955000002
2023-10-21 23:00:00,0.0,5.1070631333333365
2023-10-22 00:00:00,0.0,0.0
2023-10-22 01:00:00,0.0,0.0
2023-10-22 02:00:00,0.0,0.0
2023-10-22 03:00:00,0.0,0.0
2023-10-22 04:00:00,0.0,0.2675779666666664
2023-10-22 05:00:00,0.4762280000000005,4.210553533333339
2023-10-22 06:00:00,12.857498000000025,15.90993021666671
2023-10-22 07:00:00,35.353893666666735,16.422885800000042
2023-10-22 08:00:00,31.229922000000037,2.358137133333332
2023-10-22 09:00:00,14.895604666666696,0.6961479833333294
2023-10-22 10:00:00,17.834130166666704,0.6420140333333296
2023-10-22 11:00:00,15.532383166666692,0.5548576666666637
2023-10-22 12:00:00,0.0,0.6451036666666636
2023-10-22 13:00:00,7.961270333333335,0.5538644166666643
2023-10-22 14:00:00,7.357215666666672,0.687517499999997
2023-10-22 15:00:00,9.387838000000004,0.7824281833333296
2023-10-22 16:00:00,29.056479666666693,3.906637566666665
2023-10-22 17:00:00,32.005759333333366,33.795175533333406
2023-10-22 18:00:00,2.172411000000004,45.69351453333341
2023-10-22 19:00:00,11.395873333333363,34.9606873166667
2023-10-22 20:00:00,9.136862333333362,31.09509505000004
2023-10-22 21:00:00,0.0,21.985813766666706
2023-10-22 22:00:00,0.0,5.430156866666674
2023-10-22 23:00:00,0.0,0.3610469333333329
2023-10-23 00:00:00,0.0,2.095114733333333
2023-10-23 01:00:00,0.0,6.182596783333338
2023-10-23 02:00:00,0.0,9.200076666666671
2023-10-23 03:00:00,0.0,11.135064100000005
2023-10-23 04:00:00,0.0,12.948678066666671
2023-10-23 05:00:00,0.4366720000000004,18.47191721666668
2023-10-23 06:00:00,11.747969666666696,32.40483731666672
2023-10-23 07:00:00,39.25341433333339,32.459368466666724
2023-10-23 08:00:00,31.535041666666697,45.8754489
2023-10-23 09:00:00,16.489403833333366,65.19274018333331
2023-10-23 10:00:00,16.936749500000037,71.3772271833333
2023-10-23 11:00:00,13.247164333333355,107.62884271666664
2023-10-23 12:00:00,0.0,149.17584013333325
2023-10-23 13:00:00,7.347524000000002,147.45900189999995
2023-10-23 14:00:00,9.589299000000004,125.12768959999995
2023-10-23 15:00:00,8.453234333333338,128.96369975
2023-10-23 16:00:00,29.69097466666669,96.24990395
2023-10-23 17:00:00,30.2819616666667,61.177078866666754
2023-10-23 18:00:00,2.216384000000001,63.88997778333341
2023-10-23 19:00:00,11.901460333333361,48.45166523333338
2023-10-23 20:00:00,10.06130733333336,44.87601551666671
2023-10-23 21:00:00,0.0,33.922934650000045
2023-10-23 22:00:00,0.0,14.932849583333349
2023-10-23 23:00:00,0.0,4.335736666666668
2023-10-24 00:00:00,0.0,3.165109216666668
2023-10-24 01:00:00,0.0,7.710086600000005
2023-10-24 02:00:00,0.0,9.61007393333334
2023-10-24 03:00:00,0.0,10.557068250000006
2023-10-24 04:00:00,0.0,11.530037566666673
2023-10-24 05:00:00,0.4469640000000008,17.99138520000001
2023-10-24 06:00:00,12.340532000000024,30.3651708833334
2023-10-24 07:00:00,41.49723466666672,27.91114155000005
2023-10-24 08:00:00,29.92993300000004,42.515765783333336
2023-10-24 09:00:00,16.933875333333358,65.72934079999999
2023-10-24 10:00:00,14.4668046666667,74.17612894999996
2023-10-24 11:00:00,14.650058000000028,107.53317849999998
2023-10-24 12:00:00,0.0,146.06891618333327
2023-10-24 13:00:00,7.265391333333341,154.33523013333328
2023-10-24 14:00:00,9.216318000000008,140.47802014999994
2023-10-24 15:00:00,9.35231800000001,126.7155239333333
2023-10-24 16:00:00,37.27221033333336,81.24908238333333
2023-10-24 17:00:00,20.087681666666697,62.70076106666676
2023-10-24 18:00:00,2.012966000000006,62.78560025000008
2023-10-24 19:00:00,10.876252000000028,49.0411793166667
2023-10-24 20:00:00,10.201223333333369,45.67489085000003
2023-10-24 21:00:00,0.0,34.688557600000046
2023-10-24 22:00:00,0.0,15.31631893333335
2023-10-24 23:00:00,0.0,4.622314566666668
2023-10-25 00:00:00,0.0,2.7801116999999995
2023-10-25 01:00:00,0.0,5.9150985666666696
2023-10-25 02:00:00,0.0,10.267569550000008
2023-10-25 03:00:00,0.0,10.49256881666667
2023-10-25 04:00:00,0.0,11.768765300000004
2023-10-25 05:00:00,0.4742440000000005,17.911691033333348
2023-10-25 06:00:00,11.6452316666667,32.654490516666726
2023-10-25 07:00:00,28.655953000000054,30.52069073333338
2023-10-25 08:00:00,33.60636633333337,33.40219550000001
2023-10-25 09:00:00,14.778440000000026,56.73982426666668
2023-10-25 10:00:00,17.78506383333337,74.36272253333331
2023-10-25 11:00:00,15.209667166666694,104.88264919999996
2023-10-25 12:00:00,0.0,130.2085824499999
2023-10-25 13:00:00,7.709483000000005,145.58599766666657
2023-10-25 14:00:00,10.01056833333334,159.38633138333324
2023-10-25 15:00:00,9.470783000000004,143.0610140166666
2023-10-25 16:00:00,28.29479600000003,96.34331204999998
2023-10-25 17:00:00,35.73956000000003,57.66900205000008
2023-10-25 18:00:00,2.169642000000005,60.26109313333342
2023-10-25 19:00:00,11.806979000000032,48.82687208333337
2023-10-25 20:00:00,9.713183000000026,44.51308380000005
2023-10-25 21:00:00,0.0,33.22949308333338
2023-10-25 22:00:00,0.0,14.73091938333335
2023-10-25 23:00:00,0.0,4.263235183333336
2023-10-26 00:00:00,0.0,2.3251139000000003
2023-10-26 01:00:00,0.0,6.512594583333339
2023-10-26 02:00:00,0.0,9.365075566666674
2023-10-26 03:00:00,0.0,11.256563900000003
2023-10-26 04:00:00,0.0,11.609150916666676
2023-10-26 05:00:00,0.495324,16.363700100000017
2023-10-26 06:00:00,11.569377666666703,29.642423833333392
2023-10-26 07:00:00,35.00427133333339,30.832598750000045
2023-10-26 08:00:00,36.28155200000004,34.10383400000001
2023-10-26 09:00:00,14.677214666666693,51.785967916666685
2023-10-26 10:00:00,16.76337383333337,67.98671678333334
2023-10-26 11:00:00,13.68507216666669,107.55683033333332
2023-10-26 12:00:00,0.0,126.4541625666666
2023-10-26 13:00:00,4.749923666666665,149.37156308333326
2023-10-26 14:00:00,10.128705000000004,155.83897956666658
2023-10-26 15:00:00,9.27918633333334,152.62667044999995
2023-10-26 16:00:00,32.921489333333376,99.14737634999996
2023-10-26 17:00:00,29.27785700000004,65.75477561666676
2023-10-26 18:00:00,2.1174680000000032,62.30115870000009
2023-10-26 19:00:00,11.33985700000003,48.88230110000004
2023-10-26 20:00:00,10.73590233333336,45.52425716666672
2023-10-26 21:00:00,0.0,33.83131103333338
2023-10-26 22:00:00,0.0,13.93344756666668
2023-10-26 23:00:00,0.0,4.31482695
2023-10-27 00:00:00,0.0,2.5676134333333325
2023-10-27 01:00:00,0.0,5.620100533333337
2023-10-27 02:00:00,0.0,7.935085100000005
2023-10-27 03:00:00,0.0,9.795072900000005
2023-10-27 04:00:00,0.0,10.51622213333334
2023-10-27 05:00:00,0.4270000000000011,15.68548713333335
2023-10-27 06:00:00,11.728777333333362,29.5750650833334
2023-10-27 07:00:00,51.28773166666672,32.76996660000005
2023-10-27 08:00:00,36.56151533333337,40.66347513333335
2023-10-27 09:00:00,16.257025166666697,64.37607463333332
2023-10-27 10:00:00,16.12616133333337,78.25104198333331
2023-10-27 11:00:00,16.73511050000003,125.07313778333328
2023-10-27 12:00:00,0.0,142.32457823333328
2023-10-27 13:00:00,6.178789666666664,138.04133844999993
2023-10-27 14:00:00,9.45233100000001,128.97041464999995
2023-10-27 15:00:00,7.545011000000003,136.29234131666664
2023-10-27 16:00:00,21.698817333333363,100.83335104999998
2023-10-27 17:00:00,20.166939000000028,59.00024473333342
2023-10-27 18:00:00,2.1412400000000016,62.00681888333342
2023-10-27 19:00:00,12.06365900000003,47.57662723333337
2023-10-27 20:00:00,10.199557666666696,44.1310968666667
2023-10-27 21:00:00,0.0,33.54593263333337
2023-10-27 22:00:00,0.0,13.796589216666682
2023-10-27 23:00:00,0.0,3.986572316666668
2023-10-28 00:00:00,0.0,2.345113850000001
2023-10-28 01:00:00,0.0,5.690100066666672
2023-10-28 02:00:00,0.0,8.047584350000005
2023-10-28 03:00:00,0.0,9.645073700000005
2023-10-28 04:00:00,0.0,12.523943416666674
2023-10-28 05:00:00,0.4350600000000003,17.74042126666668
2023-10-28 06:00:00,11.809064000000031,30.709709983333397
2023-10-28 07:00:00,33.65993633333339,38.68057481666672
2023-10-28 08:00:00,29.633941666666704,47.147560616666674
2023-10-28 09:00:00,13.27011483333336,74.71141248333333
2023-10-28 10:00:00,16.654884333333374,90.2318685833333
2023-10-28 11:00:00,15.194261166666696,115.72940031666664
2023-10-28 12:00:00,0.0,140.40375158333325
2023-10-28 13:00:00,8.806330999999998,137.59565633333327
2023-10-28 14:00:00,11.81122366666668,127.0169049666666
2023-10-28 15:00:00,8.084433999999998,122.07818739999992
2023-10-28 16:00:00,35.80776400000003,101.74834271666664
2023-10-28 17:00:00,32.8633046666667,60.36298255000009
2023-10-28 18:00:00,2.243333000000003,59.77933143333342
2023-10-28 19:00:00,11.766394000000034,49.67140733333337
2023-10-28 20:00:00,10.632631000000028,44.18609271666671
2023-10-28 21:00:00,0.0,33.09190568333337
2023-10-28 22:00:00,0.0,13.735964550000014
2023-10-28 23:00:00,0.0,4.444241416666666
2023-10-29 00:00:00,0.0,0.0
2023-10-29 01:00:00,0.0,0.0
2023-10-29 02:00:00,0.0,0.0
2023-10-29 03:00:00,0.0,0.0
2023-10-29 04:00:00,0.0,0.2352566499999996
2023-10-29 05:00:00,0.4784600000000007,5.133894800000007
2023-10-29 06:00:00,11.483606666666699,18.512483266666727
2023-10-29 07:00:00,36.4693563333334,13.27699380000004
2023-10-29 08:00:00,26.49920333333336,2.4629786499999984
2023-10-29 09:00:00,15.371845000000029,0.6151259166666629
2023-10-29 10:00:00,18.87498583333337,0.5893623499999964
2023-10-29 11:00:00,12.506196000000026,0.6916838999999967
2023-10-29 12:00:00,0.0,0.6877691833333303
2023-10-29 13:00:00,8.02096,0.6454364666666639
2023-10-29 14:00:00,13.11742700000001,0.6991798499999967
2023-10-29 15:00:00,7.649136666666668,0.7856742166666628
2023-10-29 16:00:00,27.468520000000023,3.795074583333333
2023-10-29 17:00:00,32.06976733333337,32.947852116666745
2023-10-29 18:00:00,2.1210580000000014,46.47507986666674
2023-10-29 19:00:00,11.788089333333362,34.92167073333337
2023-10-29 20:00:00,10.097952000000028,31.818619116666703
2023-10-29 21:00:00,0.0,21.9307875666667
2023-10-29 22:00:00,0.0,5.71142263333334
2023-10-29 23:00:00,0.0,0.3498771666666663
2023-10-30 00:00:00,0.0,2.075116916666668
2023-10-30 01:00:00,0.0,6.46759488333334
2023-10-30 02:00:00,0.0,8.712579916666673
2023-10-30 03:00:00,0.0,10.65006770000001
2023-10-30 04:00:00,0.0,12.023908350000008
2023-10-30 05:00:00,0.4902400000000009,17.662850083333346
2023-10-30 06:00:00,12.004848333333362,31.109724266666724
2023-10-30 07:00:00,40.887182333333385,30.55926356666672
2023-10-30 08:00:00,39.09855300000003,31.372048083333343
2023-10-30 09:00:00,15.88787400000003,66.75446338333332
2023-10-30 10:00:00,16.853475000000042,81.27838108333333
2023-10-30 11:00:00,14.454266333333356,111.58698439999996
2023-10-30 12:00:00,0.0,140.1900837999999
2023-10-30 13:00:00,6.7105760000000005,153.47956141666657
2023-10-30 14:00:00,7.852963999999997,142.7614769833333
2023-10-30 15:00:00,10.774654000000009,124.1860106166666
2023-10-30 16:00:00,29.574297000000037,99.06273861666668
2023-10-30 17:00:00,24.02896100000003,59.64654183333343
2023-10-30 18:00:00,2.1985280000000027,61.440842916666746
2023-10-30 19:00:00,11.181057333333365,47.797036300000045
2023-10-30 20:00:00,10.209551666666696,45.41123191666671
2023-10-30 21:00:00,0.0,33.79866931666671
2023-10-30 22:00:00,0.0,13.342691983333344
2023-10-30 23:00:00,0.0,4.253642650000001
2023-10-31 00:00:00,0.0,2.3601138500000003
2023-10-31 01:00:00,0.0,6.345095700000004
2023-10-31 02:00:00,0.0,9.670073533333335
2023-10-31 03:00:00,0.0,10.86256685000001
2023-10-31 04:00:00,0.0,11.603454283333338
2023-10-31 05:00:00,0.4620920000000011,18.53462425000001
2023-10-31 06:00:00,11.563485666666699,30.97963150000005
2023-10-31 07:00:00,26.136010000000052,29.80214858333338
2023-10-31 08:00:00,36.19383033333336,35.184232283333344
2023-10-31 09:00:00,17.340206000000027,57.73733493333332
2023-10-31 10:00:00,15.373931333333372,72.73690081666663
2023-10-31 11:00:00,15.28305533333336,118.16125488333329
2023-10-31 12:00:00,0.0,124.54667588333332
2023-10-31 13:00:00,7.474005000000004,148.65581909999997
2023-10-31 14:00:00,10.62137666666667,157.2394233499999
2023-10-31 15:00:00,8.773177333333335,131.05570048333328
2023-10-31 16:00:00,21.04128000000003,92.8818031
2023-10-31 17:00:00,35.42143500000003,60.57324648333342
2023-10-31 18:00:00,2.113813000000005,61.095892900000095
2023-10-31 19:00:00,11.267857666666695,49.6300630166667
2023-10-31 20:00:00,11.092355000000024,44.99955270000005
2023-10-31 21:00:00,0.0,34.77470796666671
2023-10-31 22:00:00,0.0,15.019093700000012
2023-10-31 23:00:00,0.0,5.399400100000002
2023-11-01 00:00:00,0.0,2.2751145000000004
2023-11-01 01:00:00,0.0,6.990091400000005
2023-11-01 02:00:00,0.0,8.640080400000006
2023-11-01 03:00:00,0.0,11.262564550000006
2023-11-01 04:00:00,0.0,12.783791350000005
2023-11-01 05:00:00,0.4335720000000011,17.709781150000012
2023-11-01 06:00:00,12.350963333333352,32.46372156666673
2023-11-01 07:00:00,36.96185800000006,33.396999683333384
2023-11-01 08:00:00,19.66808466666669,47.41425538333334
2023-11-01 09:00:00,15.434949666666691,59.424458316666666
2023-11-01 10:00:00,16.444282166666703,69.16537918333336
2023-11-01 11:00:00,13.719506166666692,103.08632025
2023-11-01 12:00:00,0.0,132.6722506166666
2023-11-01 13:00:00,7.311347333333334,149.9629652166666
2023-11-01 14:00:00,9.144154333333336,143.73981053333327
2023-11-01 15:00:00,7.714977000000003,144.04686914999994
2023-11-01 16:00:00,41.36407666666671,97.95132006666668
2023-11-01 17:00:00,33.79512133333336,62.09915918333344
2023-11-01 18:00:00,1.9996920000000027,58.817219083333406
2023-11-01 19:00:00,11.35886000000003,47.54331803333337
2023-11-01 20:00:00,9.295100666666697,42.81571383333337
2023-11-01 21:00:00,0.0,32.756241966666714
2023-11-01 22:00:00,0.0,13.74816851666668
2023-11-01 23:00:00,0.0,4.121489583333334
2023-11-02 00:00:00,0.0,2.392614383333333
2023-11-02 01:00:00,0.0,6.8350924333333385
2023-11-02 02:00:00,0.0,8.967578216666672
2023-11-02 03:00:00,0.0,10.01532233333334
2023-11-02 04:00:00,0.0,11.67309963333334
2023-11-02 05:00:00,0.4583720000000005,17.771468216666683
2023-11-02 06:00:00,11.4985546666667,30.531696333333397
2023-11-02 07:00:00,35.86446500000005,33.58233173333338
2023-11-02 08:00:00,36.71968966666669,39.98130168333336
2023-11-02 09:00:00,16.54011350000003,70.75070576666666
2023-11-02 10:00:00,16.347453166666703,82.94229761666665
2023-11-02 11:00:00,13.627368666666692,110.8475708833333
2023-11-02 12:00:00,0.0,139.01784283333328
2023-11-02 13:00:00,7.839626666666668,144.03082734999995
2023-11-02 14:00:00,8.193448000000004,147.2444835166666
2023-11-02 15:00:00,10.605189000000008,130.94102274999997
2023-11-02 16:00:00,29.1750256666667,90.26549158333331
2023-11-02 17:00:00,24.602915333333367,59.10145975000009
2023-11-02 18:00:00,2.1936920000000018,61.43866675000008
2023-11-02 19:00:00,12.162816666666693,46.879921600000046
2023-11-02 20:00:00,10.171241333333356,44.29638895000004
2023-11-02 21:00:00,0.0,34.14443585000004
2023-11-02 22:00:00,0.0,15.588490550000015
2023-11-02 23:00:00,0.0,5.320812100000003
2023-11-03 00:00:00,0.0,1.477621033333332
2023-11-03 01:00:00,0.0,5.755099633333339
2023-11-03 02:00:00,0.0,7.530087800000006
2023-11-03 03:00:00,0.0,9.350075850000009
2023-11-03 04:00:00,0.0,11.483865850000006
2023-11-03 05:00:00,0.4048040000000013,16.944120000000012
2023-11-03 06:00:00,10.848868000000028,28.87891958333339
2023-11-03 07:00:00,30.837568666666726,34.65291546666672
2023-11-03 08:00:00,28.05398300000004,42.40765840000002
2023-11-03 09:00:00,15.576669166666695,62.79833678333333
2023-11-03 10:00:00,13.616015666666696,74.52287501666662
2023-11-03 11:00:00,12.756268000000025,111.97858633333328
2023-11-03 12:00:00,0.0,140.94383363333327
2023-11-03 13:00:00,9.055024666666672,160.88988669999998
2023-11-03 14:00:00,10.256706000000005,139.75465654999996
2023-11-03 15:00:00,11.793722666666676,122.87244153333327
2023-11-03 16:00:00,38.612829000000026,94.61768141666666
2023-11-03 17:00:00,31.31353166666669,61.85531341666676
2023-11-03 18:00:00,2.198841000000004,57.55373233333342
2023-11-03 19:00:00,11.83225266666669,48.75798155000004
2023-11-03 20:00:00,11.378849666666694,44.735485483333385
2023-11-03 21:00:00,0.0,33.98508005000005
2023-11-03 22:00:00,0.0,15.337657433333348
2023-11-03 23:00:00,0.0,4.720736766666671
2023-11-04 00:00:00,0.0,2.427614833333333
2023-11-04 01:00:00,0.0,6.517594550000007
2023-11-04 02:00:00,0.0,9.410075266666674
2023-11-04 03:00:00,0.0,11.295563400000006
2023-11-04 04:00:00,0.0,12.65239288333334
2023-11-04 05:00:00,0.458744000000001,18.079791433333348
2023-11-04 06:00:00,12.844953000000027,33.619389816666725
2023-11-04 07:00:00,35.191464333333386,32.560973283333375
2023-11-04 08:00:00,31.89524233333336,31.270063650000008
2023-11-04 09:00:00,14.046476166666691,57.65308621666667
2023-11-04 10:00:00,15.098033166666704,75.84605988333334
2023-11-04 11:00:00,12.523125166666688,106.36533766666663
2023-11-04 12:00:00,0.0,139.1821498333333
2023-11-04 13:00:00,7.211178666666669,155.40648224999993
2023-11-04 14:00:00,10.466372666666672,136.09475883333323
2023-11-04 15:00:00,12.140513000000013,141.9281180166666
2023-11-04 16:00:00,37.525031000000034,95.67947591666666
2023-11-04 17:00:00,25.45526800000003,58.8549280500001
2023-11-04 18:00:00,2.2113530000000052,62.40021540000008
2023-11-04 19:00:00,11.617971333333363,49.17356265000005
2023-11-04 20:00:00,9.898072000000026,44.31980040000005
2023-11-04 21:00:00,0.0,32.820471216666725
2023-11-04 22:00:00,0.0,13.591130050000016
2023-11-04 23:00:00,0.0,4.253907100000001
2023-11-05 00:00:00,0.0,0.0
2023-11-05 01:00:00,0.0,0.0
2023-11-05 02:00:00,0.0,0.0
2023-11-05 03:00:00,0.0,0.0
2023-11-05 04:00:00,0.0,0.2734299166666664
2023-11-05 05:00:00,0.5115680000000005,5.481644883333344
2023-11-05 06:00:00,12.059135000000023,19.03685353333339
2023-11-05 07:00:00,42.735214666666735,14.963599683333376
2023-11-05 08:00:00,33.19602433333336,2.602951133333333
2023-11-05 09:00:00,15.844931500000024,0.53771898333333
2023-11-05 10:00:00,16.707904666666703,0.62727548333333
2023-11-05 11:00:00,14.242845833333355,0.5632804166666641
2023-11-05 12:00:00,0.0,0.7150138166666633
2023-11-05 13:00:00,7.568317333333336,0.702596916666663
2023-11-05 14:00:00,11.156774666666676,0.7522586999999966
2023-11-05 15:00:00,6.368104999999996,0.6827660499999963
2023-11-05 16:00:00,30.296423000000036,3.13101458333333
2023-11-05 17:00:00,24.78032233333337,30.319950316666738
2023-11-05 18:00:00,2.0411490000000043,44.84849203333341
2023-11-05 19:00:00,12.437011666666695,34.98108020000004
2023-11-05 20:00:00,9.80646033333336,31.485181016666704
2023-11-05 21:00:00,0.0,21.8478402666667
2023-11-05 22:00:00,0.0,5.360095433333341
2023-11-05 23:00:00,0.0,0.3806367833333329
2023-11-06 00:00:00,0.0,2.4051144166666663
2023-11-06 01:00:00,0.0,5.642600383333338
2023-11-06 02:00:00,0.0,9.06257758333334
2023-11-06 03:00:00,0.0,10.192571000000004
2023-11-06 04:00:00,0.0,11.20795918333334
2023-11-06 05:00:00,0.4473360000000014,17.336239233333348
2023-11-06 06:00:00,11.198417666666693,28.76617778333339
2023-11-06 07:00:00,43.18497766666672,32.018305766666714
2023-11-06 08:00:00,27.94295633333337,38.05303943333334
2023-11-06 09:00:00,17.95829350000003,55.04919333333335
2023-11-06 10:00:00,17.27273550000004,82.84670886666665
2023-11-06 11:00:00,12.669055833333356,100.21359246666664
2023-11-06 12:00:00,0.0,141.19482554999993
2023-11-06 13:00:00,6.372285666666666,152.75863518333327
2023-11-06 14:00:00,6.192093000000001,143.71323279999993
2023-11-06 15:00:00,9.676286000000005,139.72509968333324
2023-11-06 16:00:00,40.37554200000003,85.39615401666667
2023-11-06 17:00:00,19.279932666666696,58.28250905000009
2023-11-06 18:00:00,2.1207270000000036,62.23289166666675
2023-11-06 19:00:00,12.221856000000034,47.66968288333337
2023-11-06 20:00:00,10.164578666666694,43.66092621666671
2023-11-06 21:00:00,0.0,32.764399533333375
2023-11-06 22:00:00,0.0,14.248305700000016
2023-11-06 23:00:00,0.0,5.114073233333334
2023-11-07 00:00:00,0.0,2.122617016666666
2023-11-07 01:00:00,0.0,5.582600783333338
2023-11-07 02:00:00,0.0,8.362582250000004
2023-11-07 03:00:00,0.0,9.987571700000007
2023-11-07 04:00:00,0.0,10.929984366666677
2023-11-07 05:00:00,0.4556440000000013,16.583004400000018
2023-11-07 06:00:00,12.361227666666695,30.8307334333334
2023-11-07 07:00:00,44.43987566666672,30.44874013333338
2023-11-07 08:00:00,40.27122800000004,35.65050571666667
2023-11-07 09:00:00,16.57554400000003,64.02067658333331
2023-11-07 10:00:00,14.79231300000003,80.20786488333331
2023-11-07 11:00:00,14.804486500000024,98.94358315
2023-11-07 12:00:00,0.0,140.70009073333327
2023-11-07 13:00:00,7.672839333333338,143.60025783333327
2023-11-07 14:00:00,10.209057333333336,147.12458101666658
2023-11-07 15:00:00,9.570951666666671,139.2286825166666
2023-11-07 16:00:00,18.247028666666694,85.96395525000001
2023-11-07 17:00:00,24.841217333333365,62.95565958333343
2023-11-07 18:00:00,2.0748890000000024,60.55996663333342
2023-11-07 19:00:00,11.409218333333358,50.7978163666667
2023-11-07 20:00:00,10.35779600000003,44.82934533333337
2023-11-07 21:00:00,0.0,34.46884681666671
2023-11-07 22:00:00,0.0,15.93528133333335
2023-11-07 23:00:00,0.0,5.450730366666671
2023-11-08 00:00:00,0.0,1.9751161666666663
2023-11-08 01:00:00,0.0,5.38260211666667
2023-11-08 02:00:00,0.0,7.820085866666673
2023-11-08 03:00:00,0.0,9.705074183333345
2023-11-08 04:00:00,0.0,11.611014750000006
2023-11-08 05:00:00,0.4415080000000008,16.648520900000015
2023-11-08 06:00:00,11.294673000000031,29.431841933333388
2023-11-08 07:00:00,48.811449000000074,32.874812033333384
2023-11-08 08:00:00,35.92750900000004,46.22630215000001
2023-11-08 09:00:00,16.098806166666694,64.40582459999999
2023-11-08 10:00:00,19.13919716666671,69.54411346666664
2023-11-08 11:00:00,13.17181216666669,100.76214949999998
2023-11-08 12:00:00,0.0,153.83673944999993
2023-11-08 13:00:00,5.724194000000001,151.22241078333326
2023-11-08 14:00:00,7.59466366666667,142.79908314999994
2023-11-08 15:00:00,10.32353133333334,134.8856910666666
2023-11-08 16:00:00,19.149539333333365,94.19456873333333
2023-11-08 17:00:00,22.694272666666706,55.81341173333343
2023-11-08 18:00:00,2.0000700000000027,60.99354170000009
2023-11-08 19:00:00,12.180215000000029,49.17203105000005
2023-11-08 20:00:00,10.944110666666694,43.88667480000004
2023-11-08 21:00:00,0.0,34.287277283333374
2023-11-08 22:00:00,0.0,14.00720326666668
2023-11-08 23:00:00,0.0,5.166816183333336
2023-11-09 00:00:00,0.0,2.0901151500000004
2023-11-09 01:00:00,0.0,5.787599416666673
2023-11-09 02:00:00,0.0,7.330089133333339
2023-11-09 03:00:00,0.0,9.92257260000001
2023-11-09 04:00:00,0.0,10.934318716666674
2023-11-09 05:00:00,0.4835440000000011,16.686811916666684
2023-11-09 06:00:00,11.903870666666695,28.3126630333334
2023-11-09 07:00:00,28.3895223333334,32.34965531666672
2023-11-09 08:00:00,36.44553133333337,41.002076500000015
2023-11-09 09:00:00,17.62867200000003,60.889710833333325
2023-11-09 10:00:00,17.671134833333372,85.88566599999999
2023-11-09 11:00:00,14.920267333333355,101.01032544999995
2023-11-09 12:00:00,0.0,131.27557618333324
2023-11-09 13:00:00,6.740585000000005,151.40321759999992
2023-11-09 14:00:00,7.214374333333334,147.77173109999995
2023-11-09 15:00:00,8.968176333333332,142.29173714999993
2023-11-09 16:00:00,37.41931166666669,90.67247743333336
2023-11-09 17:00:00,20.4138846666667,61.01301843333342
2023-11-09 18:00:00,2.1621490000000025,63.17441915000009
2023-11-09 19:00:00,11.556494333333363,47.929902483333365
2023-11-09 20:00:00,9.934716666666697,43.34908120000004
2023-11-09 21:00:00,0.0,33.43405771666671
2023-11-09 22:00:00,0.0,14.455341133333349
2023-11-09 23:00:00,0.0,4.690232850000002
2023-11-10 00:00:00,0.0,2.307615416666667
2023-11-10 01:00:00,0.0,6.555094300000006
2023-11-10 02:00:00,0.0,8.137583750000006
2023-11-10 03:00:00,0.0,9.982572150000006
2023-11-10 04:00:00,0.0,10.416661416666672
2023-11-10 05:00:00,0.5285560000000006,17.267168600000012
2023-11-10 06:00:00,12.174115333333365,31.966033200000066
2023-11-10 07:00:00,36.898471333333404,34.612548366666715
2023-11-10 08:00:00,36.01432266666671,41.97737866666668
2023-11-10 09:00:00,16.332596000000027,69.00450939999998
2023-11-10 10:00:00,17.392492166666703,76.84137723333332
2023-11-10 11:00:00,12.450025333333356,103.68690251666663
2023-11-10 12:00:00,0.0,133.7665155166666
2023-11-10 13:00:00,6.548263666666665,146.7173961666666
2023-11-10 14:00:00,9.245169333333342,138.45000654999993
2023-11-10 15:00:00,8.050606666666669,142.96743961666658
2023-11-10 16:00:00,21.199025000000024,98.57821266666664
2023-11-10 17:00:00,35.39682733333336,57.32883216666676
2023-11-10 18:00:00,2.008626000000003,58.54802658333342
2023-11-10 19:00:00,12.077898666666691,47.365975933333374
2023-11-10 20:00:00,10.359461666666688,43.4574286666667
2023-11-10 21:00:00,0.0,32.863994183333375
2023-11-10 22:00:00,0.0,14.520300633333347
2023-11-10 23:00:00,0.0,5.669807750000002
2023-11-11 00:00:00,0.0,2.157615333333333
2023-11-11 01:00:00,0.0,6.89509203333334
2023-11-11 02:00:00,0.0,8.992578050000008
2023-11-11 03:00:00,0.0,9.577574466666674
2023-11-11 04:00:00,0.0,12.226180566666676
2023-11-11 05:00:00,0.4738720000000005,18.24881310000001
2023-11-11 06:00:00,11.664992000000032,32.379316666666725
2023-11-11 07:00:00,48.41382333333338,35.43190043333339
2023-11-11 08:00:00,42.1253906666667,46.893578350000006
2023-11-11 09:00:00,13.43428800000002,65.4170207
2023-11-11 10:00:00,16.086748666666704,63.82622640000001
2023-11-11 11:00:00,15.694758166666693,103.8009325833333
2023-11-11 12:00:00,0.0,128.4570096166666
2023-11-11 13:00:00,8.55122633333334,157.9858892166666
2023-11-11 14:00:00,10.393535333333336,147.50158983333324
2023-11-11 15:00:00,7.230216666666669,136.7698734666666
2023-11-11 16:00:00,29.517448333333363,92.36402805
2023-11-11 17:00:00,16.264198666666704,58.82409733333342
2023-11-11 18:00:00,2.1981970000000057,60.84300565000009
2023-11-11 19:00:00,11.539593000000036,48.4962646666667
2023-11-11 20:00:00,9.400037666666698,45.00744968333338
2023-11-11 21:00:00,0.0,34.34527776666671
2023-11-11 22:00:00,0.0,15.410507200000016
2023-11-11 23:00:00,0.0,5.727148483333338
2023-11-12 00:00:00,0.0,0.0
2023-11-12 01:00:00,0.0,0.0
2023-11-12 02:00:00,0.0,0.0
2023-11-12 03:00:00,0.0,0.0
2023-11-12 04:00:00,0.0,0.2095780333333331
2023-11-12 05:00:00,0.4582479999999997,5.368270016666677
2023-11-12 06:00:00,12.236765333333357,22.925165833333388
2023-11-12 07:00:00,41.28414866666673,12.878508450000036
2023-11-12 08:00:00,32.1533886666667,2.0672990166666665
2023-11-12 09:00:00,15.917470833333365,0.714545349999997
2023-11-12 10:00:00,17.971617166666707,0.6726808833333308
2023-11-12 11:00:00,12.87855616666669,0.6498514666666638
2023-11-12 12:00:00,0.0,0.5826119666666635
2023-11-12 13:00:00,7.513292333333335,0.6246044666666632
2023-11-12 14:00:00,10.04658933333334,0.5846936999999967
2023-11-12 15:00:00,9.505802000000005,0.6822661999999963
2023-11-12 16:00:00,36.76104766666669,3.272191233333332
2023-11-12 17:00:00,21.52454966666669,30.74872020000008
2023-11-12 18:00:00,2.1868900000000018,43.66793448333341
2023-11-12 19:00:00,10.987195333333363,34.710095883333366
2023-11-12 20:00:00,10.186232333333365,31.54420838333337
2023-11-12 21:00:00,0.0,21.975820100000035
2023-11-12 22:00:00,0.0,5.3611300166666735
2023-11-12 23:00:00,0.0,0.3383058666666663
2023-11-13 00:00:00,0.0,2.225114550000001
2023-11-13 01:00:00,0.0,5.502601316666672
2023-11-13 02:00:00,0.0,7.455088300000005
2023-11-13 03:00:00,0.0,9.50207558333334
2023-11-13 04:00:00,0.0,11.724862416666673
2023-11-13 05:00:00,0.4612240000000007,17.19295776666668
2023-11-13 06:00:00,11.13633933333336,28.18041691666673
2023-11-13 07:00:00,34.338368333333406,30.105515650000044
2023-11-13 08:00:00,40.90234833333336,34.35765923333334
2023-11-13 09:00:00,17.19177333333336,63.240704
2023-11-13 10:00:00,17.848000500000037,78.53280113333332
2023-11-13 11:00:00,12.372870833333353,101.69598055
2023-11-13 12:00:00,0.0,138.47514439999992
2023-11-13 13:00:00,6.644597,147.73505216666663
2023-11-13 14:00:00,8.204402000000004,150.14941139999996
2023-11-13 15:00:00,9.169170333333335,139.2797691666666
2023-11-13 16:00:00,22.7138646666667,94.50604565
2023-11-13 17:00:00,35.20872500000003,62.35648178333342
2023-11-13 18:00:00,2.229439000000005,60.77421516666675
2023-11-13 19:00:00,12.629658666666693,51.07264685000004
2023-11-13 20:00:00,10.027994000000035,45.174541400000045
2023-11-13 21:00:00,0.0,33.22608810000004
2023-11-13 22:00:00,0.0,14.052090516666684
2023-11-13 23:00:00,0.0,4.694823116666668
2023-11-14 00:00:00,0.0,2.1326149833333337
2023-11-14 01:00:00,0.0,6.485094766666672
2023-11-14 02:00:00,0.0,8.892578716666675
2023-11-14 03:00:00,0.0,11.035064883333344
2023-11-14 04:00:00,0.0,12.31989788333334
2023-11-14 05:00:00,0.4790800000000006,18.21669046666668
2023-11-14 06:00:00,11.468809333333354,33.679268050000054
2023-11-14 07:00:00,38.94912500000008,35.47327756666672
2023-11-14 08:00:00,27.38098433333337,41.87744905000001
2023-11-14 09:00:00,14.92819416666669,75.49832444999998
2023-11-14 10:00:00,14.148450333333363,69.01131664999998
2023-11-14 11:00:00,12.403392166666693,98.6300781333333
2023-11-14 12:00:00,0.0,122.09743269999996
2023-11-14 13:00:00,7.729126666666669,150.29007648333328
2023-11-14 14:00:00,9.599647333333342,147.74406289999993
2023-11-14 15:00:00,11.279264666666675,136.42393768333326
2023-11-14 16:00:00,38.01296833333337,89.96823189999999
2023-11-14 17:00:00,26.655080333333363,62.21633860000009
2023-11-14 18:00:00,2.4676950000000044,59.34149153333342
2023-11-14 19:00:00,11.777807333333362,48.73566965000004
2023-11-14 20:00:00,10.767550000000025,44.20414835000004
2023-11-14 21:00:00,0.0,33.85478050000005
2023-11-14 22:00:00,0.0,14.795219500000016
2023-11-14 23:00:00,0.0,4.546986866666668
2023-11-15 00:00:00,0.0,2.03761685
2023-11-15 01:00:00,0.0,6.262596250000003
2023-11-15 02:00:00,0.0,8.910078600000006
2023-11-15 03:00:00,0.0,9.90507253333334
2023-11-15 04:00:00,0.0,12.07843006666667
2023-11-15 05:00:00,0.4215440000000006,18.306654816666683
2023-11-15 06:00:00,12.42480300000003,30.283628700000055
2023-11-15 07:00:00,28.440668333333385,30.67362580000005
2023-11-15 08:00:00,25.6801796666667,36.44630256666668
2023-11-15 09:00:00,15.54580066666669,55.65177308333333
2023-11-15 10:00:00,18.11484633333337,68.09605118333332
2023-11-15 11:00:00,13.86989833333336,118.20706184999996
2023-11-15 12:00:00,0.0,138.0924911166666
2023-11-15 13:00:00,5.2795673333333335,158.95923501666658
2023-11-15 14:00:00,11.676882333333342,143.5654090666666
2023-11-15 15:00:00,8.738866000000003,125.01435131666663
2023-11-15 16:00:00,40.469984000000025,86.61992776666668
2023-11-15 17:00:00,32.24068633333336,65.73887308333343
2023-11-15 18:00:00,2.079961000000005,61.019627966666754
2023-11-15 19:00:00,11.36820933333336,47.00872721666671
2023-11-15 20:00:00,9.83144533333336,43.718151000000034
2023-11-15 21:00:00,0.0,33.39717783333337
2023-11-15 22:00:00,0.0,13.820504300000016
2023-11-15 23:00:00,0.0,4.502654400000004
2023-11-16 00:00:00,0.0,2.065116749999999
2023-11-16 01:00:00,0.0,6.99509136666667
2023-11-16 02:00:00,0.0,8.780079466666672
2023-11-16 03:00:00,0.0,11.13006418333334
2023-11-16 04:00:00,0.0,12.192230616666675
2023-11-16 05:00:00,0.4928440000000007,18.76610120000002
2023-11-16 06:00:00,12.422588333333362,33.62960745000006
2023-11-16 07:00:00,31.02240833333339,31.28490600000005
2023-11-16 08:00:00,31.09453900000004,42.91346886666668
2023-11-16 09:00:00,15.737516333333366,64.93555826666663
2023-11-16 10:00:00,16.632006166666702,67.44714428333332
2023-11-16 11:00:00,13.628179500000023,105.6624910333333
2023-11-16 12:00:00,0.0,148.0627480166666
2023-11-16 13:00:00,10.127754000000008,152.22098159999993
2023-11-16 14:00:00,9.84157033333334,150.07440553333322
2023-11-16 15:00:00,9.504471666666674,129.8803491666666
2023-11-16 16:00:00,29.526518666666696,86.48973261666667
2023-11-16 17:00:00,30.15771166666669,55.82053733333342
2023-11-16 18:00:00,2.143047000000003,57.06985768333342
2023-11-16 19:00:00,12.43259366666669,45.376906350000034
2023-11-16 20:00:00,10.625968333333358,44.00459121666671
2023-11-16 21:00:00,0.0,33.91308706666671
2023-11-16 22:00:00,0.0,16.042038400000017
2023-11-16 23:00:00,0.0,5.910560466666669
2023-11-17 00:00:00,0.0,2.002616399999998
2023-11-17 01:00:00,0.0,6.280096133333338
2023-11-17 02:00:00,0.0,9.76007293333334
2023-11-17 03:00:00,0.0,10.102571966666677
2023-11-17 04:00:00,0.0,11.15841868333334
2023-11-17 05:00:00,0.4420040000000013,17.229527816666682
2023-11-17 06:00:00,11.710589333333363,30.18426660000006
2023-11-17 07:00:00,41.54455266666672,32.54041666666672
2023-11-17 08:00:00,37.941359000000034,35.29462170000001
2023-11-17 09:00:00,17.448490666666697,56.784779666666665
2023-11-17 10:00:00,18.21954600000004,81.15821044999998
2023-11-17 11:00:00,12.74492066666669,120.4555622333333
2023-11-17 12:00:00,0.0,149.9362513333332
2023-11-17 13:00:00,7.218036999999998,138.46823559999993
2023-11-17 14:00:00,9.88142666666667,134.15366424999996
2023-11-17 15:00:00,9.61960233333334,136.04375584999994
2023-11-17 16:00:00,23.29731400000003,102.0499976
2023-11-17 17:00:00,24.977679000000027,58.296988800000086
2023-11-17 18:00:00,1.9238400000000047,59.762597100000086
2023-11-17 19:00:00,12.354276000000022,47.79922645000004
2023-11-17 20:00:00,10.116274333333363,44.40080555000005
2023-11-17 21:00:00,0.0,32.961278433333376
2023-11-17 22:00:00,0.0,13.368871150000013
2023-11-17 23:00:00,0.0,4.156907216666669
2023-11-18 00:00:00,0.0,2.822610433333334
2023-11-18 01:00:00,0.0,7.512587916666676
2023-11-18 02:00:00,0.0,9.590074066666672
2023-11-18 03:00:00,0.0,11.49256323333334
2023-11-18 04:00:00,0.0,12.233704083333338
2023-11-18 05:00:00,0.4494440000000003,17.43727358333335
2023-11-18 06:00:00,11.247486000000027,30.958672133333398
2023-11-18 07:00:00,41.63091200000006,34.69990211666672
2023-11-18 08:00:00,32.455518666666705,42.70383808333335
2023-11-18 09:00:00,14.25370900000002,71.95285294999998
2023-11-18 10:00:00,15.818665000000033,81.80254859999998
2023-11-18 11:00:00,13.70425200000002,110.35023463333332
2023-11-18 12:00:00,0.0,138.2268163666666
2023-11-18 13:00:00,6.874235666666666,141.00881874999993
2023-11-18 14:00:00,8.895528666666666,131.35825136666656
2023-11-18 15:00:00,8.906550666666673,129.96477301666664
2023-11-18 16:00:00,32.888513666666704,97.99511691666667
2023-11-18 17:00:00,26.40221966666669,57.64897875000008
2023-11-18 18:00:00,2.0326940000000033,57.42014755000008
2023-11-18 19:00:00,11.797721000000031,46.99942070000003
2023-11-18 20:00:00,10.457736000000027,42.95641396666671
2023-11-18 21:00:00,0.0,32.04047546666672
2023-11-18 22:00:00,0.0,13.398536033333349
2023-11-18 23:00:00,0.0,5.087311066666673
2023-11-19 00:00:00,0.0,0.0
2023-11-19 01:00:00,0.0,0.0
2023-11-19 02:00:00,0.0,0.0
2023-11-19 03:00:00,0.0,0.0
2023-11-19 04:00:00,0.0,0.2281002666666664
2023-11-19 05:00:00,0.4356800000000007,5.384535050000008
2023-11-19 06:00:00,12.054190666666699,17.224082433333383
2023-11-19 07:00:00,39.9924163333334,13.487107183333372
2023-11-19 08:00:00,32.3588226666667,1.9826516499999989
2023-11-19 09:00:00,15.63001333333336,0.6339061833333299
2023-11-19 10:00:00,14.28721050000003,0.6561858999999967
2023-11-19 11:00:00,12.851047000000028,0.5953598666666639
2023-11-19 12:00:00,0.0,0.5771083666666639
2023-11-19 13:00:00,9.17767033333334,0.5560239999999969
2023-11-19 14:00:00,10.33854433333334,0.6071896833333305
2023-11-19 15:00:00,10.107903666666674,0.5802821999999972
2023-11-19 16:00:00,26.10350233333336,2.9494819499999947
2023-11-19 17:00:00,29.0937056666667,34.44093798333342
2023-11-19 18:00:00,2.1752750000000023,44.28511488333341
2023-11-19 19:00:00,11.10439400000003,34.7367760166667
2023-11-19 20:00:00,10.62596833333336,32.5226815666667
2023-11-19 21:00:00,0.0,22.45528110000004
2023-11-19 22:00:00,0.0,5.0622277166666745
2023-11-19 23:00:00,0.0,0.4183023666666661
2023-11-20 00:00:00,0.0,2.09511615
2023-11-20 01:00:00,0.0,5.757599616666673
2023-11-20 02:00:00,0.0,7.542587716666673
2023-11-20 03:00:00,0.0,8.995079416666675
2023-11-20 04:00:00,0.0,11.660921166666672
2023-11-20 05:00:00,0.4696560000000004,18.073848383333356
2023-11-20 06:00:00,12.745159666666693,34.19837831666673
2023-11-20 07:00:00,29.97878066666673,30.754992350000048
2023-11-20 08:00:00,40.86121033333337,35.071362133333345
2023-11-20 09:00:00,14.353995500000028,54.70756266666668
2023-11-20 10:00:00,17.32926700000004,73.12038513333333
2023-11-20 11:00:00,13.566895500000028,103.79564813333332
2023-11-20 12:00:00,0.0,123.00274904999992
2023-11-20 13:00:00,6.2309643333333335,150.15198753333328
2023-11-20 14:00:00,13.415238333333344,165.90672501666657
2023-11-20 15:00:00,9.371789000000003,151.05900546666658
2023-11-20 16:00:00,24.81667466666669,100.17994256666664
2023-11-20 17:00:00,30.47448133333336,63.4226664000001
2023-11-20 18:00:00,2.115472000000004,57.15082705000009
2023-11-20 19:00:00,11.198550000000038,47.812459850000046
2023-11-20 20:00:00,10.184566666666695,45.08207053333337
2023-11-20 21:00:00,0.0,34.57519920000004
2023-11-20 22:00:00,0.0,14.925925033333348
2023-11-20 23:00:00,0.0,5.277222216666669
2023-11-21 00:00:00,0.0,2.905110950000001
2023-11-21 01:00:00,0.0,7.280089466666669
2023-11-21 02:00:00,0.0,9.577574150000004
2023-11-21 03:00:00,0.0,10.87756588333334
2023-11-21 04:00:00,0.0,12.78091023333334
2023-11-21 05:00:00,0.4823040000000012,18.032527150000018
2023-11-21 06:00:00,12.134176666666693,31.15318568333339
2023-11-21 07:00:00,42.74041666666672,31.98543255000005
2023-11-21 08:00:00,33.16960133333337,32.80219540000001
2023-11-21 09:00:00,13.597986166666692,55.50675475
2023-11-21 10:00:00,14.6431376666667,73.68672066666664
2023-11-21 11:00:00,14.080918833333357,114.15208071666665
2023-11-21 12:00:00,0.0,144.8044209666666
2023-11-21 13:00:00,8.040759333333337,153.36839603333328
2023-11-21 14:00:00,9.52549666666667,146.36257051666658
2023-11-21 15:00:00,9.913872666666672,128.63634416666662
2023-11-21 16:00:00,42.81910266666669,91.9682162
2023-11-21 17:00:00,15.86446200000004,60.09492740000009
2023-11-21 18:00:00,2.071293000000003,59.096897800000086
2023-11-21 19:00:00,11.954642333333362,47.85520858333338
2023-11-21 20:00:00,9.533291000000036,43.39551326666671
2023-11-21 21:00:00,0.0,32.807300900000044
2023-11-21 22:00:00,0.0,14.33612178333335
2023-11-21 23:00:00,0.0,5.274980150000003
2023-11-22 00:00:00,0.0,2.812610700000001
2023-11-22 01:00:00,0.0,6.817592550000006
2023-11-22 02:00:00,0.0,8.285082766666674
2023-11-22 03:00:00,0.0,10.85756623333334
2023-11-22 04:00:00,0.0,11.751861516666676
2023-11-22 05:00:00,0.4143520000000003,17.675642000000014
2023-11-22 06:00:00,11.36294800000003,29.568877100000066
2023-11-22 07:00:00,49.5578153333334,33.33137850000004
2023-11-22 08:00:00,21.25888400000004,36.37079088333334
2023-11-22 09:00:00,15.07500783333336,62.80298496666664
2023-11-22 10:00:00,18.860756166666718,73.60340609999996
2023-11-22 11:00:00,14.425183333333361,94.29668558333331
2023-11-22 12:00:00,0.0,126.70900053333324
2023-11-22 13:00:00,5.432895666666668,147.76814639999992
2023-11-22 14:00:00,9.295634333333336,148.47681336666662
2023-11-22 15:00:00,8.905325000000001,144.49382584999995
2023-11-22 16:00:00,31.790947000000028,96.84810148333332
2023-11-22 17:00:00,32.61109033333337,64.5652831000001
2023-11-22 18:00:00,2.0146310000000023,60.83036220000009
2023-11-22 19:00:00,11.49887966666669,48.77095546666671
2023-11-22 20:00:00,10.43774800000003,44.0482443666667
2023-11-22 21:00:00,0.0,34.23109113333338
2023-11-22 22:00:00,0.0,13.816210533333344
2023-11-22 23:00:00,0.0,4.499730733333338
2023-11-23 00:00:00,0.0,2.29261365
2023-11-23 01:00:00,0.0,6.837592416666672
2023-11-23 02:00:00,0.0,9.76007293333334
2023-11-23 03:00:00,0.0,10.024072166666674
2023-11-23 04:00:00,0.0,10.734425066666672
2023-11-23 05:00:00,0.5186360000000008,16.51740835000001
2023-11-23 06:00:00,11.46138600000003,29.27236146666672
2023-11-23 07:00:00,40.23395100000007,35.560632250000054
2023-11-23 08:00:00,38.253451333333366,41.22366593333335
2023-11-23 09:00:00,18.39608083333336,62.260573183333314
2023-11-23 10:00:00,15.644316333333368,89.01244474999996
2023-11-23 11:00:00,15.37756300000003,110.47464579999996
2023-11-23 12:00:00,0.0,131.3719193166666
2023-11-23 13:00:00,7.420811333333335,147.6827212166666
2023-11-23 14:00:00,8.624029666666669,144.58515238333328
2023-11-23 15:00:00,7.017405333333338,126.71211123333332
2023-11-23 16:00:00,27.09120000000004,93.78861696666668
2023-11-23 17:00:00,22.46737600000004,57.24885003333343
2023-11-23 18:00:00,1.967860000000004,56.82598140000008
2023-11-23 19:00:00,11.175126333333361,50.09982755000004
2023-11-23 20:00:00,10.612643000000023,45.23357428333337
2023-11-23 21:00:00,0.0,33.654909833333384
2023-11-23 22:00:00,0.0,14.668855966666682
2023-11-23 23:00:00,0.0,4.709570966666671
2023-11-24 00:00:00,0.0,2.0551149166666667
2023-11-24 01:00:00,0.0,6.125097166666672
2023-11-24 02:00:00,0.0,9.095077366666672
2023-11-24 03:00:00,0.0,11.632560966666672
2023-11-24 04:00:00,0.0,13.357105716666672
2023-11-24 05:00:00,0.4779640000000008,17.77471266666668
2023-11-24 06:00:00,11.736168666666691,29.800275433333383
2023-11-24 07:00:00,36.17542466666673,33.36276078333338
2023-11-24 08:00:00,37.94222633333337,39.49322851666668
2023-11-24 09:00:00,12.989850000000024,61.02169031666664
2023-11-24 10:00:00,16.36790683333337,71.57939578333334
2023-11-24 11:00:00,13.371966333333356,104.80217706666666
2023-11-24 12:00:00,0.0,141.32366946666662
2023-11-24 13:00:00,6.545430333333335,154.81150066666655
2023-11-24 14:00:00,10.902499333333344,140.94033911666662
2023-11-24 15:00:00,9.155816000000009,141.9232898166666
2023-11-24 16:00:00,27.13063500000003,91.57214296666665
2023-11-24 17:00:00,30.584579000000023,59.51049410000009
2023-11-24 18:00:00,2.199124000000003,60.51352360000008
2023-11-24 19:00:00,12.181755333333358,49.22129436666671
2023-11-24 20:00:00,9.9597016666667,44.933640916666704
2023-11-24 21:00:00,0.0,33.08642206666671
2023-11-24 22:00:00,0.0,13.873203800000011
2023-11-24 23:00:00,0.0,4.200406733333333
2023-11-25 00:00:00,0.0,2.3151141333333327
2023-11-25 01:00:00,0.0,5.502601316666674
2023-11-25 02:00:00,0.0,8.152583650000008
2023-11-25 03:00:00,0.0,9.15507723333334
2023-11-25 04:00:00,0.0,9.96149778333334
2023-11-25 05:00:00,0.4999120000000009,15.509487150000016
2023-11-25 06:00:00,10.987323333333363,30.2241643333334
2023-11-25 07:00:00,34.67788166666673,30.95963461666671
2023-11-25 08:00:00,26.44995033333336,42.65046540000001
2023-11-25 09:00:00,15.119280666666697,66.03153406666664
2023-11-25 10:00:00,16.87252650000003,69.28520748333332
2023-11-25 11:00:00,14.672241500000029,96.04032391666664
2023-11-25 12:00:00,0.0,138.70642394999993
2023-11-25 13:00:00,6.711249666666669,145.0669734166666
2023-11-25 14:00:00,8.345584666666669,146.13190009999994
2023-11-25 15:00:00,9.161845000000003,140.04318044999997
2023-11-25 16:00:00,39.67095700000004,98.4988541
2023-11-25 17:00:00,25.73693133333337,62.21408505000009
2023-11-25 18:00:00,2.1840850000000023,59.35029051666676
2023-11-25 19:00:00,11.974073333333363,48.58212725000004
2023-11-25 20:00:00,11.18896366666669,45.31300266666671
2023-11-25 21:00:00,0.0,33.73959843333338
2023-11-25 22:00:00,0.0,14.771227450000016
2023-11-25 23:00:00,0.0,4.988651350000001
2023-11-26 00:00:00,0.0,0.0
2023-11-26 01:00:00,0.0,0.0
2023-11-26 02:00:00,0.0,0.0
2023-11-26 03:00:00,0.0,0.0
2023-11-26 04:00:00,0.0,0.2251943999999998
2023-11-26 05:00:00,0.4964400000000009,4.837815366666674
2023-11-26 06:00:00,11.599795000000027,16.94955455000005
2023-11-26 07:00:00,31.11228466666673,14.784028233333377
2023-11-26 08:00:00,32.8473586666667,1.5270263166666636
2023-11-26 09:00:00,14.022930500000024,0.6360604166666632
2023-11-26 10:00:00,17.268944666666712,0.6826006166666636
2023-11-26 11:00:00,14.27029383333336,0.6201026833333305
2023-11-26 12:00:00,0.0,0.6768470166666629
2023-11-26 13:00:00,7.663631666666669,0.71484253333333
2023-11-26 14:00:00,9.903074333333338,0.6377726499999964
2023-11-26 15:00:00,8.873000666666671,0.671938516666663
2023-11-26 16:00:00,40.056792666666695,3.1592369166666647
2023-11-26 17:00:00,23.067212000000037,33.432707500000085
2023-11-26 18:00:00,2.2238530000000036,46.24595730000008
2023-11-26 19:00:00,11.958925666666696,33.940673950000026
2023-11-26 20:00:00,10.236202333333363,31.30811325000004
2023-11-26 21:00:00,0.0,22.52801243333337
2023-11-26 22:00:00,0.0,5.731020516666677
2023-11-26 23:00:00,0.0,0.4454665999999995
2023-11-27 00:00:00,0.0,2.567612183333336
2023-11-27 01:00:00,0.0,6.917591883333339
2023-11-27 02:00:00,0.0,8.910078600000004
2023-11-27 03:00:00,0.0,10.325069600000006
2023-11-27 04:00:00,0.0,11.555746016666674
2023-11-27 05:00:00,0.4325800000000015,17.128982850000018
2023-11-27 06:00:00,12.397846666666691,31.03052121666673
2023-11-27 07:00:00,36.94910166666672,31.86675493333338
2023-11-27 08:00:00,25.87237533333337,35.91232713333334
2023-11-27 09:00:00,13.727626333333356,54.94362920000001
2023-11-27 10:00:00,16.525599500000038,68.980956
2023-11-27 11:00:00,13.307274333333355,111.87898468333331
2023-11-27 12:00:00,0.0,148.5052537499999
2023-11-27 13:00:00,8.911509666666669,150.40573948333326
2023-11-27 14:00:00,10.703181000000008,141.81198934999992
2023-11-27 15:00:00,10.036569333333336,139.4075054833333
2023-11-27 16:00:00,27.56427633333337,89.4463213
2023-11-27 17:00:00,37.5907446666667,59.61714520000009
2023-11-27 18:00:00,2.231311000000002,57.68269271666675
2023-11-27 19:00:00,11.691559333333368,48.60437481666671
2023-11-27 20:00:00,10.196226333333366,44.70402108333338
2023-11-27 21:00:00,0.0,33.90227623333338
2023-11-27 22:00:00,0.0,14.951409016666684
2023-11-27 23:00:00,0.0,4.410150200000002
2023-11-28 00:00:00,0.0,2.56010945
2023-11-28 01:00:00,0.0,6.650093666666672
2023-11-28 02:00:00,0.0,8.050084333333338
2023-11-28 03:00:00,0.0,10.497569400000003
2023-11-28 04:00:00,0.0,12.304409950000007
2023-11-28 05:00:00,0.4149720000000005,17.555281300000015
2023-11-28 06:00:00,12.526843333333359,32.5870659333334
2023-11-28 07:00:00,34.54406766666673,31.52659400000005
2023-11-28 08:00:00,24.80866333333336,39.03255608333335
2023-11-28 09:00:00,14.481570166666696,58.11318021666667
2023-11-28 10:00:00,17.17282433333337,80.42739148333331
2023-11-28 11:00:00,14.122286333333351,107.30223956666664
2023-11-28 12:00:00,0.0,136.1289974666666
2023-11-28 13:00:00,7.0680260000000015,144.09331673333324
2023-11-28 14:00:00,12.142517000000009,144.2988173166666
2023-11-28 15:00:00,9.740278000000004,148.4486635666666
2023-11-28 16:00:00,36.96300533333336,99.5172989
2023-11-28 17:00:00,28.55980100000004,59.57105663333342
2023-11-28 18:00:00,2.3418360000000047,60.21956491666676
2023-11-28 19:00:00,11.308292000000034,48.663425433333366
2023-11-28 20:00:00,10.142925000000028,44.964091983333375
2023-11-28 21:00:00,0.0,33.12950680000004
2023-11-28 22:00:00,0.0,14.334015850000014
2023-11-28 23:00:00,0.0,4.599233333333335
2023-11-29 00:00:00,0.0,2.112616116666667
2023-11-29 01:00:00,0.0,6.397595350000007
2023-11-29 02:00:00,0.0,7.532587783333341
2023-11-29 03:00:00,0.0,10.037571850000006
2023-11-29 04:00:00,0.0,11.544452600000009
2023-11-29 05:00:00,0.4250160000000013,16.90978568333335
2023-11-29 06:00:00,12.362042666666698,30.493992733333386
2023-11-29 07:00:00,32.01243333333339,35.35933710000005
2023-11-29 08:00:00,33.68774266666671,36.68320430000001
2023-11-29 09:00:00,14.57339633333336,57.2115155
2023-11-29 10:00:00,15.288010333333364,76.06990551666665
2023-11-29 11:00:00,12.758981833333356,115.49450319999995
2023-11-29 12:00:00,0.0,146.4409192499999
2023-11-29 13:00:00,5.988161,153.76475159999993
2023-11-29 14:00:00,8.550881000000006,137.88682278333332
2023-11-29 15:00:00,12.089063000000014,122.55103258333328
2023-11-29 16:00:00,33.5550826666667,77.41143421666668
2023-11-29 17:00:00,30.34350500000004,59.70152283333342
2023-11-29 18:00:00,2.097852000000006,59.736255200000095
2023-11-29 19:00:00,11.820740000000026,49.63361711666671
2023-11-29 20:00:00,9.450007666666693,46.67834543333337
2023-11-29 21:00:00,0.0,34.910329916666704
2023-11-29 22:00:00,0.0,14.400376733333347
2023-11-29 23:00:00,0.0,4.922399500000004
2023-11-30 00:00:00,0.0,2.647611433333333
2023-11-30 01:00:00,0.0,6.495094700000006
2023-11-30 02:00:00,0.0,9.24257638333334
2023-11-30 03:00:00,0.0,10.47756898333334
2023-11-30 04:00:00,0.0,12.066127750000003
2023-11-30 05:00:00,0.4508080000000006,17.04312261666668
2023-11-30 06:00:00,12.490006000000028,33.20308701666673
2023-11-30 07:00:00,43.2480503333334,34.59413133333338
2023-11-30 08:00:00,35.59975000000004,42.20208441666667
2023-11-30 09:00:00,13.328198333333352,61.38189824999999
2023-11-30 10:00:00,18.52217633333338,66.58546754999999
2023-11-30 11:00:00,17.434071166666698,100.22407816666666
2023-11-30 12:00:00,0.0,139.1895840833333
2023-11-30 13:00:00,5.9414973333333325,157.5165686666666
2023-11-30 14:00:00,8.647871000000004,154.09376191666658
2023-11-30 15:00:00,10.07635766666667,141.89644289999993
2023-11-30 16:00:00,22.53368766666669,89.18371158333332
2023-11-30 17:00:00,26.940190666666705,50.864086766666745
2023-11-30 18:00:00,2.0335620000000034,60.59546355000009
2023-11-30 19:00:00,11.328964666666696,49.41028160000004
2023-11-30 20:00:00,10.189563666666691,44.12381476666671
2023-11-30 21:00:00,0.0,31.966236883333373
2023-11-30 22:00:00,0.0,14.511205050000015
2023-11-30 23:00:00,0.0,5.052394983333335
2023-12-01 00:00:00,0.0,2.170114566666665
2023-12-01 01:00:00,0.0,6.335095766666672
2023-12-01 02:00:00,0.0,9.41507523333334
2023-12-01 03:00:00,0.0,10.720067566666671
2023-12-01 04:00:00,0.0,11.223654500000006
2023-12-01 05:00:00,0.4841640000000015,16.96820780000002
2023-12-01 06:00:00,12.554536000000029,28.654223550000054
2023-12-01 07:00:00,40.884005333333405,26.94949645000005
2023-12-01 08:00:00,29.16533300000004,37.40804016666668
2023-12-01 09:00:00,14.534177666666697,59.43931598333333
2023-12-01 10:00:00,17.2504516666667,80.04722563333334
2023-12-01 11:00:00,13.37966116666669,99.95283603333333
2023-12-01 12:00:00,0.0,139.91649569999993
2023-12-01 13:00:00,4.731782999999997,138.46366338333328
2023-12-01 14:00:00,8.389069666666668,147.8173430166666
2023-12-01 15:00:00,10.887659000000008,152.69875603333324
2023-12-01 16:00:00,24.37494500000004,97.21384445
2023-12-01 17:00:00,30.89541700000004,59.144322633333424
2023-12-01 18:00:00,1.840719000000004,64.50184020000009
2023-12-01 19:00:00,11.179239666666696,52.118480783333375
2023-12-01 20:00:00,10.274512666666697,46.01198255000005
2023-12-01 21:00:00,0.0,34.17510470000005
2023-12-01 22:00:00,0.0,14.024522433333347
2023-12-01 23:00:00,0.0,3.7135789166666666
2023-12-02 00:00:00,0.0,2.64511295
2023-12-02 01:00:00,0.0,6.422595183333336
2023-12-02 02:00:00,0.0,9.105077300000003
2023-12-02 03:00:00,0.0,10.145071200000006
2023-12-02 04:00:00,0.0,11.719809966666672
2023-12-02 05:00:00,0.4358040000000009,17.78978255000002
2023-12-02 06:00:00,11.468219000000035,29.32651441666672
2023-12-02 07:00:00,45.759524333333395,33.14276966666672
2023-12-02 08:00:00,35.94267400000003,37.32854913333335
2023-12-02 09:00:00,13.599493166666688,63.17536434999998
2023-12-02 10:00:00,15.23937083333337,87.9868768833333
2023-12-02 11:00:00,12.10732800000002,114.94032976666662
2023-12-02 12:00:00,0.0,132.7670988499999
2023-12-02 13:00:00,9.71427700000001,134.48589523333328
2023-12-02 14:00:00,10.788837666666671,144.88330748333328
2023-12-02 15:00:00,8.185916,138.69392784999994
2023-12-02 16:00:00,31.84884200000004,87.37882269999999
2023-12-02 17:00:00,26.99607800000003,60.55316981666676
2023-12-02 18:00:00,2.2183680000000017,62.11812543333342
2023-12-02 19:00:00,11.883888000000024,50.424481833333374
2023-12-02 20:00:00,10.18623233333336,45.24718068333338
2023-12-02 21:00:00,0.0,32.75559473333338
2023-12-02 22:00:00,0.0,13.553340200000015
2023-12-02 23:00:00,0.0,4.370904500000002
2023-12-03 00:00:00,0.0,0.0
2023-12-03 01:00:00,0.0,0.0
2023-12-03 02:00:00,0.0,0.0
2023-12-03 03:00:00,0.0,0.0
2023-12-03 04:00:00,0.0,0.2403355333333331
2023-12-03 05:00:00,0.4340680000000005,5.586306116666679
2023-12-03 06:00:00,12.005819000000024,18.78423426666672
2023-12-03 07:00:00,39.43137200000006,15.737279066666712
2023-12-03 08:00:00,38.19125100000002,2.011246716666665
2023-12-03 09:00:00,17.674469333333366,0.648588966666663
2023-12-03 10:00:00,17.591560166666703,0.4725328833333307
2023-12-03 11:00:00,13.566930333333357,0.5352809333333304
2023-12-03 12:00:00,0.0,0.6735991499999965
2023-12-03 13:00:00,8.854047666666673,0.6899335499999963
2023-12-03 14:00:00,10.959650000000009,0.57794663333333
2023-12-03 15:00:00,7.849958,0.6264436999999966
2023-12-03 16:00:00,27.518869000000038,3.852040099999999
2023-12-03 17:00:00,24.795033000000046,29.58220965000007
2023-12-03 18:00:00,2.063664000000003,45.34815006666675
2023-12-03 19:00:00,11.664269333333365,35.89711725000003
2023-12-03 20:00:00,10.289503666666697,32.76016290000003
2023-12-03 21:00:00,0.0,22.469321716666705
2023-12-03 22:00:00,0.0,5.608111233333341
2023-12-03 23:00:00,0.0,0.4394618833333329
2023-12-04 00:00:00,0.0,3.0051085666666686
2023-12-04 01:00:00,0.0,7.750086333333338
2023-12-04 02:00:00,0.0,10.027571150000009
2023-12-04 03:00:00,0.0,10.81256666666667
2023-12-04 04:00:00,0.0,11.100036266666672
2023-12-04 05:00:00,0.4346880000000007,16.85592958333335
2023-12-04 06:00:00,11.727860666666698,29.941683533333386
2023-12-04 07:00:00,31.458165000000054,32.323938416666714
2023-12-04 08:00:00,30.311320666666692,34.26138366666668
2023-12-04 09:00:00,17.456826500000023,62.05201506666666
2023-12-04 10:00:00,14.855295000000037,79.3097869833333
2023-12-04 11:00:00,13.224637000000023,111.42021181666664
2023-12-04 12:00:00,0.0,128.6352546166666
2023-12-04 13:00:00,7.243381333333336,147.8230579166666
2023-12-04 14:00:00,10.839164000000007,148.7838366166666
2023-12-04 15:00:00,10.460377666666671,137.87410344999998
2023-12-04 16:00:00,33.60156966666669,106.75097185
2023-12-04 17:00:00,35.260704000000025,58.334986133333416
2023-12-04 18:00:00,2.1017670000000033,61.65538823333342
2023-12-04 19:00:00,11.447448333333362,49.86019538333337
2023-12-04 20:00:00,10.191229333333364,45.60978170000004
2023-12-04 21:00:00,0.0,33.13741166666671
2023-12-04 22:00:00,0.0,15.72405973333335
2023-12-04 23:00:00,0.0,5.528732300000005
2023-12-05 00:00:00,0.0,2.457615000000001
2023-12-05 01:00:00,0.0,6.502594650000006
2023-12-05 02:00:00,0.0,8.730079800000006
2023-12-05 03:00:00,0.0,10.73831728333334
2023-12-05 04:00:00,0.0,12.106164466666671
2023-12-05 05:00:00,0.4153440000000005,17.296623033333343
2023-12-05 06:00:00,11.506820666666695,32.5929737833334
2023-12-05 07:00:00,36.03085466666673,33.16568583333338
2023-12-05 08:00:00,29.48947466666669,33.95621556666668
2023-12-05 09:00:00,15.413443833333362,67.71016906666665
2023-12-05 10:00:00,16.5043386666667,84.4387161833333
2023-12-05 11:00:00,14.216429333333359,114.11863564999996
2023-12-05 12:00:00,0.0,143.58999688333324
2023-12-05 13:00:00,7.237714666666668,149.8098135999999
2023-12-05 14:00:00,9.801091333333336,127.10190496666664
2023-12-05 15:00:00,8.288589666666667,143.22341994999994
2023-12-05 16:00:00,37.97929133333337,92.12479728333332
2023-12-05 17:00:00,24.67044366666669,62.18475641666676
2023-12-05 18:00:00,2.080038000000004,59.787101650000096
2023-12-05 19:00:00,11.691095333333358,48.10110083333337
2023-12-05 20:00:00,11.44714200000002,43.35094103333338
2023-12-05 21:00:00,0.0,32.35722945000005
2023-12-05 22:00:00,0.0,13.98804905000002
2023-12-05 23:00:00,0.0,4.321821900000002
2023-12-06 00:00:00,0.0,2.4026150500000005
2023-12-06 01:00:00,0.0,6.107597283333341
2023-12-06 02:00:00,0.0,8.232583116666673
2023-12-06 03:00:00,0.0,10.120071400000006
2023-12-06 04:00:00,0.0,10.91191035000001
2023-12-06 05:00:00,0.4669280000000009,17.026189166666683
2023-12-06 06:00:00,11.81792200000003,30.48570668333339
2023-12-06 07:00:00,43.08663500000005,32.28092705000005
2023-12-06 08:00:00,19.021038666666705,37.961627250000014
2023-12-06 09:00:00,14.44988333333336,62.35640933333334
2023-12-06 10:00:00,15.837552833333369,77.50462454999997
2023-12-06 11:00:00,13.84253916666669,111.20050694999996
2023-12-06 12:00:00,0.0,133.93810493333325
2023-12-06 13:00:00,7.647616666666665,146.26199159999996
2023-12-06 14:00:00,10.623519333333336,154.22215366666663
2023-12-06 15:00:00,9.24919433333334,136.0929297333333
2023-12-06 16:00:00,35.7272906666667,95.68218484999996
2023-12-06 17:00:00,31.455791666666705,56.49651048333342
2023-12-06 18:00:00,2.028200000000002,62.22505071666675
2023-12-06 19:00:00,11.987760000000028,49.858000033333376
2023-12-06 20:00:00,10.204554666666697,45.55236145000004
2023-12-06 21:00:00,0.0,34.317388933333376
2023-12-06 22:00:00,0.0,13.680435100000013
2023-12-06 23:00:00,0.0,4.075074616666669
2023-12-07 00:00:00,0.0,2.700112050000001
2023-12-07 01:00:00,0.0,6.287596083333337
2023-12-07 02:00:00,0.0,8.57508083333334
2023-12-07 03:00:00,0.0,10.242570766666676
2023-12-07 04:00:00,0.0,11.172647616666673
2023-12-07 05:00:00,0.4527920000000002,16.646854266666683
2023-12-07 06:00:00,11.476758000000025,28.00083798333339
2023-12-07 07:00:00,46.13393066666673,33.962994250000044
2023-12-07 08:00:00,21.59092433333337,41.97809491666669
2023-12-07 09:00:00,14.374948000000025,51.178056766666685
2023-12-07 10:00:00,14.776763000000036,73.64072433333332
2023-12-07 11:00:00,13.40450216666669,109.17141388333332
2023-12-07 12:00:00,0.0,133.5545061166666
2023-12-07 13:00:00,8.811375000000004,151.95604818333322
2023-12-07 14:00:00,8.663696333333338,151.42365089999996
2023-12-07 15:00:00,12.19702400000001,141.2205986166666
2023-12-07 16:00:00,25.261858333333365,96.71751561666667
2023-12-07 17:00:00,39.22207600000003,61.450261500000096
2023-12-07 18:00:00,2.067862000000005,61.86935651666676
2023-12-07 19:00:00,11.621221000000032,50.513252833333375
2023-12-07 20:00:00,10.402769000000028,45.21237280000004
2023-12-07 21:00:00,0.0,34.725039250000044
2023-12-07 22:00:00,0.0,14.849217700000017
2023-12-07 23:00:00,0.0,4.741901116666671
2023-12-08 00:00:00,0.0,2.5876127500000026
2023-12-08 01:00:00,0.0,6.817592550000006
2023-12-08 02:00:00,0.0,11.325062500000003
2023-12-08 03:00:00,0.0,12.190057050000004
2023-12-08 04:00:00,0.0,12.400562750000006
2023-12-08 05:00:00,0.4684160000000005,16.65056328333335
2023-12-08 06:00:00,11.513971000000028,31.53483271666672
2023-12-08 07:00:00,32.36195600000006,33.69458695000005
2023-12-08 08:00:00,25.905616333333366,37.25131436666668
2023-12-08 09:00:00,16.9971411666667,61.60689304999999
2023-12-08 10:00:00,16.52165050000004,74.46629596666666
2023-12-08 11:00:00,13.581186500000026,109.85198889999997
2023-12-08 12:00:00,0.0,131.62901541666662
2023-12-08 13:00:00,6.749552,143.97007841666658
2023-12-08 14:00:00,8.070907,149.31865848333325
2023-12-08 15:00:00,9.815241000000007,134.4685997666666
2023-12-08 16:00:00,30.333797000000025,99.21130658333333
2023-12-08 17:00:00,42.068530000000045,61.31964633333342
2023-12-08 18:00:00,2.0088560000000037,61.13144640000009
2023-12-08 19:00:00,11.696108333333362,49.9717352166667
2023-12-08 20:00:00,10.414428666666696,45.41617600000004
2023-12-08 21:00:00,0.0,33.09964966666671
2023-12-08 22:00:00,0.0,14.528208250000016
2023-12-08 23:00:00,0.0,5.279648833333338
2023-12-09 00:00:00,0.0,2.8626099166666674
2023-12-09 01:00:00,0.0,8.135083766666671
2023-12-09 02:00:00,0.0,9.88507210000001
2023-12-09 03:00:00,0.0,10.48256881666667
2023-12-09 04:00:00,0.0,11.352228566666676
2023-12-09 05:00:00,0.4413840000000009,18.08842131666669
2023-12-09 06:00:00,12.617277333333359,30.133916716666725
2023-12-09 07:00:00,37.58404766666673,33.57375455000005
2023-12-09 08:00:00,34.231095333333364,40.39637391666668
2023-12-09 09:00:00,17.744113166666697,71.04575783333333
2023-12-09 10:00:00,16.670361333333368,87.99345694999998
2023-12-09 11:00:00,11.277201166666687,124.4062394166666
2023-12-09 12:00:00,0.0,147.72909333333328
2023-12-09 13:00:00,7.090899333333337,126.45608974999996
2023-12-09 14:00:00,11.019322666666673,122.77735078333328
2023-12-09 15:00:00,9.438147333333337,131.42544028333327
2023-12-09 16:00:00,36.58961600000003,90.7783075833333
2023-12-09 17:00:00,20.45078566666669,54.62482565000009
2023-12-09 18:00:00,1.9988360000000034,61.42017028333342
2023-12-09 19:00:00,11.552978333333357,50.06919875000004
2023-12-09 20:00:00,10.009671666666698,44.39813246666672
2023-12-09 21:00:00,0.0,32.20143846666671
2023-12-09 22:00:00,0.0,14.75017433333335
2023-12-09 23:00:00,0.0,5.337891633333335
2023-12-10 00:00:00,0.0,0.0
2023-12-10 01:00:00,0.0,0.0
2023-12-10 02:00:00,0.0,0.0
2023-12-10 03:00:00,0.0,0.0
2023-12-10 04:00:00,0.0,0.2882070499999997
2023-12-10 05:00:00,0.4322080000000004,4.856551050000007
2023-12-10 06:00:00,12.139795333333362,18.44573988333338
2023-12-10 07:00:00,43.12539066666672,14.671574383333382
2023-12-10 08:00:00,30.220444000000025,1.673651199999999
2023-12-10 09:00:00,15.681774333333358,0.6919852833333298
2023-12-10 10:00:00,15.58980233333337,0.7603404833333297
2023-12-10 11:00:00,13.600009166666686,0.6269366333333305
2023-12-10 12:00:00,0.0,0.6042722166666636
2023-12-10 13:00:00,5.718838666666668,0.5749421166666638
2023-12-10 14:00:00,8.615702333333335,0.5437831999999967
2023-12-10 15:00:00,9.45746266666667,0.6687739166666629
2023-12-10 16:00:00,33.11224366666671,3.744211616666665
2023-12-10 17:00:00,29.23567200000004,32.98210441666674
2023-12-10 18:00:00,1.9998340000000039,46.32039681666673
2023-12-10 19:00:00,12.041303000000033,35.67135530000003
2023-12-10 20:00:00,9.86142733333336,32.2787703166667
2023-12-10 21:00:00,0.0,21.819314283333373
2023-12-10 22:00:00,0.0,5.459036866666675
2023-12-10 23:00:00,0.0,0.3889769833333328
2023-12-11 00:00:00,0.0,2.010114466666667
2023-12-11 01:00:00,0.0,5.39010206666667
2023-12-11 02:00:00,0.0,7.662586916666673
2023-12-11 03:00:00,0.0,10.275070016666676
2023-12-11 04:00:00,0.0,11.955929400000008
2023-12-11 05:00:00,0.4371680000000008,18.50360801666668
2023-12-11 06:00:00,11.13055633333336,30.02966275000005
2023-12-11 07:00:00,29.659743666666724,34.00206030000005
2023-12-11 08:00:00,21.53155933333337,44.154756550000016
2023-12-11 09:00:00,13.689432500000024,64.75347219999998
2023-12-11 10:00:00,19.967633666666703,73.63786619999999
2023-12-11 11:00:00,16.557169000000027,105.75083181666665
2023-12-11 12:00:00,0.0,152.1050906999999
2023-12-11 13:00:00,6.697584000000001,152.00322583333323
2023-12-11 14:00:00,9.702771000000004,138.9632607333333
2023-12-11 15:00:00,6.903899333333335,131.35711991666662
2023-12-11 16:00:00,35.39673866666669,85.3194749
2023-12-11 17:00:00,38.136875666666704,60.78302261666676
2023-12-11 18:00:00,1.9930790000000016,61.02887256666674
2023-12-11 19:00:00,12.285758666666691,49.34372288333337
2023-12-11 20:00:00,10.36779000000003,46.1050613166667
2023-12-11 21:00:00,0.0,34.28449123333338
2023-12-11 22:00:00,0.0,14.06428331666668
2023-12-11 23:00:00,0.0,5.5743918666666685
2023-12-12 00:00:00,0.0,2.567613250000001
2023-12-12 01:00:00,0.0,6.780092800000007
2023-12-12 02:00:00,0.0,9.747573016666674
2023-12-12 03:00:00,0.0,10.985065050000008
2023-12-12 04:00:00,0.0,12.114810766666674
2023-12-12 05:00:00,0.4146000000000004,17.51045311666668
2023-12-12 06:00:00,11.391170333333363,30.750620516666725
2023-12-12 07:00:00,44.24200433333339,35.596684200000055
2023-12-12 08:00:00,26.866879333333365,35.35629070000001
2023-12-12 09:00:00,14.860929833333357,66.38214946666666
2023-12-12 10:00:00,17.04346533333337,62.289141150000006
2023-12-12 11:00:00,14.70238316666669,97.18866653333332
2023-12-12 12:00:00,0.0,142.10682569999994
2023-12-12 13:00:00,7.469340333333335,147.94407189999995
2023-12-12 14:00:00,8.837894000000004,168.5570747499999
2023-12-12 15:00:00,9.696447666666677,145.09600833333323
2023-12-12 16:00:00,22.766370000000027,87.71316723333331
2023-12-12 17:00:00,30.729187666666697,53.80360225000008
2023-12-12 18:00:00,2.1464780000000028,61.89906785000008
2023-12-12 19:00:00,11.95092533333337,48.074897366666704
2023-12-12 20:00:00,9.91639433333336,44.75964240000004
2023-12-12 21:00:00,0.0,32.87484000000005
2023-12-12 22:00:00,0.0,14.348479016666683
2023-12-12 23:00:00,0.0,4.534487250000005
2023-12-13 00:00:00,0.0,2.2426134833333324
2023-12-13 01:00:00,0.0,6.660093600000005
2023-12-13 02:00:00,0.0,8.780079466666674
2023-12-13 03:00:00,0.0,10.637567616666672
2023-12-13 04:00:00,0.0,12.51130161666667
2023-12-13 05:00:00,0.4601080000000008,17.54672671666668
2023-12-13 06:00:00,11.56519700000003,29.25333365000006
2023-12-13 07:00:00,30.13885900000008,32.34264726666672
2023-12-13 08:00:00,37.12648766666671,40.7426911
2023-12-13 09:00:00,17.36246716666669,66.8655388
2023-12-13 10:00:00,14.604517333333368,65.59230439999999
2023-12-13 11:00:00,14.148379166666691,95.60625819999998
2023-12-13 12:00:00,0.0,150.53125189999992
2023-12-13 13:00:00,7.63633433333333,165.58747413333325
2023-12-13 14:00:00,8.257906999999996,146.06198661666662
2023-12-13 15:00:00,10.240051333333335,113.42534034999998
2023-12-13 16:00:00,39.21376266666669,105.08899616666666
2023-12-13 17:00:00,25.801501333333363,66.77790903333343
2023-12-13 18:00:00,2.081071000000004,62.65369538333342
2023-12-13 19:00:00,11.312023666666693,48.512089283333374
2023-12-13 20:00:00,10.439413666666692,43.741937900000046
2023-12-13 21:00:00,0.0,31.418617550000043
2023-12-13 22:00:00,0.0,12.248187183333346
2023-12-13 23:00:00,0.0,4.134405250000001
2023-12-14 00:00:00,0.0,1.7601192499999996
2023-12-14 01:00:00,0.0,6.272596183333341
2023-12-14 02:00:00,0.0,9.847572350000004
2023-12-14 03:00:00,0.0,10.66856755000001
2023-12-14 04:00:00,0.0,11.58546740000001
2023-12-14 05:00:00,0.4511800000000009,16.993473583333348
2023-12-14 06:00:00,11.621217666666702,31.6623376833334
2023-12-14 07:00:00,43.983560666666726,32.29751110000005
2023-12-14 08:00:00,31.612983333333368,38.57147130000001
2023-12-14 09:00:00,13.302866333333355,50.96015125000001
2023-12-14 10:00:00,14.803378833333365,60.79630325
2023-12-14 11:00:00,13.24678183333336,107.10492029999996
2023-12-14 12:00:00,0.0,149.71391043333324
2023-12-14 13:00:00,7.523190666666672,143.69974666666658
2023-12-14 14:00:00,11.040780666666675,145.81239823333328
2023-12-14 15:00:00,9.642113333333342,144.62157149999996
2023-12-14 16:00:00,27.555545333333363,109.92595889999996
2023-12-14 17:00:00,29.16656933333337,61.51458491666675
2023-12-14 18:00:00,2.197973000000003,58.84479398333342
2023-12-14 19:00:00,11.472534000000035,49.79674331666671
2023-12-14 20:00:00,10.629299666666688,46.48820681666671
2023-12-14 21:00:00,0.0,34.02184636666671
2023-12-14 22:00:00,0.0,14.328810716666675
2023-12-14 23:00:00,0.0,4.171658583333335
2023-12-15 00:00:00,0.0,2.8976107333333365
2023-12-15 01:00:00,0.0,7.11259058333334
2023-12-15 02:00:00,0.0,9.70757328333334
2023-12-15 03:00:00,0.0,9.60007448333334
2023-12-15 04:00:00,0.0,11.246023066666671
2023-12-15 05:00:00,0.4433680000000011,17.66128673333335
2023-12-15 06:00:00,10.595818666666698,32.848750283333395
2023-12-15 07:00:00,47.07536000000007,31.37125680000005
2023-12-15 08:00:00,35.09405700000003,47.71686241666667
2023-12-15 09:00:00,15.589793166666691,76.32427541666664
2023-12-15 10:00:00,16.054029000000035,80.58111979999995
2023-12-15 11:00:00,16.20244583333337,111.37489909999996
2023-12-15 12:00:00,0.0,135.29649966666662
2023-12-15 13:00:00,6.609733666666667,141.90473903333324
2023-12-15 14:00:00,8.527747333333343,140.3867527166666
2023-12-15 15:00:00,9.047682333333338,127.18986871666662
2023-12-15 16:00:00,28.262714666666696,86.35828230000001
2023-12-15 17:00:00,20.31059200000004,57.71372425000008
2023-12-15 18:00:00,2.2788560000000033,60.063476733333424
2023-12-15 19:00:00,12.113668333333358,50.10382606666671
2023-12-15 20:00:00,11.17563833333336,44.577534583333374
2023-12-15 21:00:00,0.0,33.09001208333338
2023-12-15 22:00:00,0.0,14.258432283333349
2023-12-15 23:00:00,0.0,4.176910500000001
2023-12-16 00:00:00,0.0,3.052609950000002
2023-12-16 01:00:00,0.0,7.237589750000007
2023-12-16 02:00:00,0.0,7.955084966666673
2023-12-16 03:00:00,0.0,9.507575866666672
2023-12-16 04:00:00,0.0,11.43238096666667
2023-12-16 05:00:00,0.4255120000000008,17.643343900000016
2023-12-16 06:00:00,11.977051000000031,30.26755628333339
2023-12-16 07:00:00,41.4056233333334,33.47808341666672
2023-12-16 08:00:00,27.805028333333365,34.021910466666675
2023-12-16 09:00:00,13.685710333333356,58.751678716666646
2023-12-16 10:00:00,18.86681333333338,89.34695673333331
2023-12-16 11:00:00,12.065942666666691,104.31642125
2023-12-16 12:00:00,0.0,135.84668476666664
2023-12-16 13:00:00,5.246223999999997,147.05481919999994
2023-12-16 14:00:00,9.170812000000003,148.50256763333329
2023-12-16 15:00:00,11.01847633333334,138.80753086666658
2023-12-16 16:00:00,30.509132000000022,103.24454373333332
2023-12-16 17:00:00,33.50178366666669,60.25539293333342
2023-12-16 18:00:00,2.308486000000002,60.33692151666676
2023-12-16 19:00:00,11.80084100000003,50.553544100000046
2023-12-16 20:00:00,9.698192000000024,45.99317371666671
2023-12-16 21:00:00,0.0,34.73949643333338
2023-12-16 22:00:00,0.0,14.940010766666685
2023-12-16 23:00:00,0.0,4.223828533333333
2023-12-17 00:00:00,0.0,0.0
2023-12-17 01:00:00,0.0,0.0
2023-12-17 02:00:00,0.0,0.0
2023-12-17 03:00:00,0.0,0.0
2023-12-17 04:00:00,0.0,0.2630309999999997
2023-12-17 05:00:00,0.4989200000000008,5.345152250000009
2023-12-17 06:00:00,11.134317000000033,17.281873050000048
2023-12-17 07:00:00,32.13072600000006,15.159735116666711
2023-12-17 08:00:00,40.33322933333336,1.75457153333333
2023-12-17 09:00:00,16.295903666666696,0.59496278333333
2023-12-17 10:00:00,15.821718833333367,0.5861945999999968
2023-12-17 11:00:00,12.070403166666688,0.6053565166666635
2023-12-17 12:00:00,0.0,0.6115246999999965
2023-12-17 13:00:00,6.601250666666671,0.6677708166666626
2023-12-17 14:00:00,8.517917000000013,0.7614294333333292
2023-12-17 15:00:00,9.500998666666677,0.7352646499999959
2023-12-17 16:00:00,29.38052433333336,3.090563183333331
2023-12-17 17:00:00,32.28719733333337,34.259601800000084
2023-12-17 18:00:00,1.9990070000000024,45.07522255000006
2023-12-17 19:00:00,12.302690000000021,35.575428000000045
2023-12-17 20:00:00,11.172307000000028,31.85655855000004
2023-12-17 21:00:00,0.0,22.5543124666667
2023-12-17 22:00:00,0.0,5.797552550000008
2023-12-17 23:00:00,0.0,0.4486360666666661
2023-12-18 00:00:00,0.0,1.4076221666666655
2023-12-18 01:00:00,0.0,5.5301011333333365
2023-12-18 02:00:00,0.0,7.887585416666673
2023-12-18 03:00:00,0.0,8.942079483333341
2023-12-18 04:00:00,0.0,11.19028663333334
2023-12-18 05:00:00,0.4287360000000005,17.459962216666682
2023-12-18 06:00:00,10.991741000000035,30.650081233333385
2023-12-18 07:00:00,43.61068666666672,32.98871760000006
2023-12-18 08:00:00,31.96486566666669,38.02336733333334
2023-12-18 09:00:00,15.896104166666692,66.69793051666664
2023-12-18 10:00:00,17.502403500000035,79.12747281666661
2023-12-18 11:00:00,14.375968166666691,116.25499999999997
2023-12-18 12:00:00,0.0,129.7612519666666
2023-12-18 13:00:00,7.087236666666672,131.10308498333328
2023-12-18 14:00:00,8.566049666666668,148.3358161499999
2023-12-18 15:00:00,7.475836333333334,135.7485957333333
2023-12-18 16:00:00,33.301157333333364,101.9235662
2023-12-18 17:00:00,28.0231366666667,70.82588726666675
2023-12-18 18:00:00,2.140703000000004,59.27761583333341
2023-12-18 19:00:00,12.278804333333364,49.120469433333376
2023-12-18 20:00:00,10.587658000000028,44.80576401666671
2023-12-18 21:00:00,0.0,33.337210316666706
2023-12-18 22:00:00,0.0,13.70931730000002
2023-12-18 23:00:00,0.0,4.504319183333337
2023-12-19 00:00:00,0.0,2.9726078666666678
2023-12-19 01:00:00,0.0,6.93259178333334
2023-12-19 02:00:00,0.0,9.24257638333334
2023-12-19 03:00:00,0.0,9.820073866666672
2023-12-19 04:00:00,0.0,10.34298931666667
2023-12-19 05:00:00,0.4069120000000013,16.44371098333335
2023-12-19 06:00:00,11.230464666666691,32.08609568333339
2023-12-19 07:00:00,48.375614333333395,39.60655413333338
2023-12-19 08:00:00,25.47196333333337,41.00921765000001
2023-12-19 09:00:00,14.95265533333336,54.19033805000001
2023-12-19 10:00:00,16.2542366666667,73.71529861666664
2023-12-19 11:00:00,14.04066216666669,107.87360011666662
2023-12-19 12:00:00,0.0,145.21185749999992
2023-12-19 13:00:00,6.096968333333332,150.69990781666658
2023-12-19 14:00:00,8.329898000000004,141.84906395
2023-12-19 15:00:00,10.207209000000006,137.06410574999992
2023-12-19 16:00:00,26.455376666666695,93.6318403
2023-12-19 17:00:00,23.65497000000003,61.38584218333342
2023-12-19 18:00:00,2.1944010000000014,58.96035796666675
2023-12-19 19:00:00,12.395071333333364,50.02662066666672
2023-12-19 20:00:00,10.332811000000031,44.49408346666671
2023-12-19 21:00:00,0.0,33.03218605000004
2023-12-19 22:00:00,0.0,15.46046901666668
2023-12-19 23:00:00,0.0,5.4143984333333375
2023-12-20 00:00:00,0.0,2.2901150500000003
2023-12-20 01:00:00,0.0,5.425101833333339
2023-12-20 02:00:00,0.0,7.935085100000006
2023-12-20 03:00:00,0.0,9.19757798333334
2023-12-20 04:00:00,0.0,11.371256950000006
2023-12-20 05:00:00,0.417080000000001,17.434349783333346
2023-12-20 06:00:00,11.634519333333367,31.27802415000006
2023-12-20 07:00:00,40.6950073333334,32.07591750000005
2023-12-20 08:00:00,25.32924333333337,40.68141535000001
2023-12-20 09:00:00,14.581192333333355,70.90463628333333
2023-12-20 10:00:00,16.382300833333368,92.77813881666664
2023-12-20 11:00:00,14.353601666666691,106.09916401666663
2023-12-20 12:00:00,0.0,127.18467314999997
2023-12-20 13:00:00,8.61654866666667,148.93782926666657
2023-12-20 14:00:00,13.429266333333349,150.36181701666663
2023-12-20 15:00:00,8.85701966666667,131.85284353333327
2023-12-20 16:00:00,35.573215000000026,86.02534151666667
2023-12-20 17:00:00,23.89735566666669,55.79882383333342
2023-12-20 18:00:00,2.1081150000000033,60.85924086666675
2023-12-20 19:00:00,11.780044666666694,47.76665768333337
2023-12-20 20:00:00,9.856430333333355,44.60090190000004
2023-12-20 21:00:00,0.0,33.98392486666671
2023-12-20 22:00:00,0.0,13.33307291666668
2023-12-20 23:00:00,0.0,4.439157400000002
2023-12-21 00:00:00,0.0,2.552613433333335
2023-12-21 01:00:00,0.0,5.902598650000004
2023-12-21 02:00:00,0.0,7.830085800000004
2023-12-21 03:00:00,0.0,9.900072650000006
2023-12-21 04:00:00,0.0,11.325570133333336
2023-12-21 05:00:00,0.4392760000000008,16.595565383333348
2023-12-21 06:00:00,10.807309666666693,31.8919605833334
2023-12-21 07:00:00,46.61989333333339,34.15486086666672
2023-12-21 08:00:00,34.27833500000004,39.67516581666669
2023-12-21 09:00:00,13.53599083333336,52.85812503333334
2023-12-21 10:00:00,20.008925166666703,80.68976718333329
2023-12-21 11:00:00,15.392229666666696,107.29473676666665
2023-12-21 12:00:00,0.0,148.0665064666666
2023-12-21 13:00:00,5.590336666666665,150.3257367833333
2023-12-21 14:00:00,7.494512000000004,138.0210040333333
2023-12-21 15:00:00,10.976338666666676,132.6845235666666
2023-12-21 16:00:00,20.27346200000002,103.78746226666664
2023-12-21 17:00:00,28.656260333333368,59.29298405000009
2023-12-21 18:00:00,2.0051360000000042,60.61072795000009
2023-12-21 19:00:00,12.496020666666695,48.87934386666672
2023-12-21 20:00:00,10.594320666666698,42.34805483333337
2023-12-21 21:00:00,0.0,32.23512280000004
2023-12-21 22:00:00,0.0,14.147237750000016
2023-12-21 23:00:00,0.0,4.726399250000003
2023-12-22 00:00:00,0.0,2.0726170833333324
2023-12-22 01:00:00,0.0,6.840092400000005
2023-12-22 02:00:00,0.0,8.55508096666667
2023-12-22 03:00:00,0.0,9.342576483333335
2023-12-22 04:00:00,0.0,10.185678800000003
2023-12-22 05:00:00,0.4552720000000002,16.31645101666668
2023-12-22 06:00:00,12.171307666666701,31.428513566666727
2023-12-22 07:00:00,36.94935166666673,29.33595685000005
2023-12-22 08:00:00,37.5821656666667,38.83105583333334
2023-12-22 09:00:00,15.148424166666691,60.071230150000005
2023-12-22 10:00:00,18.44650966666671,75.78296091666664
2023-12-22 11:00:00,15.53059250000003,107.56231868333332
2023-12-22 12:00:00,0.0,137.1705778666666
2023-12-22 13:00:00,5.869679000000003,153.81813769999997
2023-12-22 14:00:00,8.716043666666668,148.77724048333323
2023-12-22 15:00:00,11.353950333333342,135.85452289999992
2023-12-22 16:00:00,25.458957000000023,95.60237278333332
2023-12-22 17:00:00,18.88316100000003,62.96197463333343
2023-12-22 18:00:00,2.073070000000004,61.384081750000085
2023-12-22 19:00:00,10.836972000000022,47.99672996666671
2023-12-22 20:00:00,11.173972666666693,45.13782478333338
2023-12-22 21:00:00,0.0,35.29978408333338
2023-12-22 22:00:00,0.0,15.032295750000015
2023-12-22 23:00:00,0.0,5.456644483333335
2023-12-23 00:00:00,0.0,2.52261401666667
2023-12-23 01:00:00,0.0,6.137597083333341
2023-12-23 02:00:00,0.0,8.292582716666672
2023-12-23 03:00:00,0.0,9.36257735000001
2023-12-23 04:00:00,0.0,10.651407500000008
2023-12-23 05:00:00,0.4799480000000007,17.286045633333348
2023-12-23 06:00:00,11.75604000000003,28.25322968333339
2023-12-23 07:00:00,29.775810000000057,35.502143233333385
2023-12-23 08:00:00,31.10880900000003,53.00899191666667
2023-12-23 09:00:00,16.70524416666669,75.06334623333332
2023-12-23 10:00:00,15.012764666666701,73.66422098333332
2023-12-23 11:00:00,11.789799333333356,107.70916331666665
2023-12-23 12:00:00,0.0,132.81526046666662
2023-12-23 13:00:00,7.877790333333339,141.7569249166666
2023-12-23 14:00:00,12.023689666666677,128.87360189999995
2023-12-23 15:00:00,8.692236333333344,130.5076880333333
2023-12-23 16:00:00,46.23380800000004,96.57355074999998
2023-12-23 17:00:00,25.670830666666703,64.0254466000001
2023-12-23 18:00:00,2.1141670000000046,63.265628233333416
2023-12-23 19:00:00,11.218525000000032,51.28561891666671
2023-12-23 20:00:00,11.252259000000024,46.08395453333338
2023-12-23 21:00:00,0.0,33.73185958333338
2023-12-23 22:00:00,0.0,13.78330711666668
2023-12-23 23:00:00,0.0,4.820231566666669
2023-12-24 00:00:00,0.0,0.0
2023-12-24 01:00:00,0.0,0.0
2023-12-24 02:00:00,0.0,0.0
2023-12-24 03:00:00,0.0,0.0
2023-12-24 04:00:00,0.0,0.2183830166666664
2023-12-24 05:00:00,0.490488,5.283412333333342
2023-12-24 06:00:00,11.625445333333364,19.33486926666672
2023-12-24 07:00:00,35.35047800000006,12.51603083333337
2023-12-24 08:00:00,42.7073416666667,1.7867924499999988
2023-12-24 09:00:00,15.31958566666669,0.6217948666666628
2023-12-24 10:00:00,17.60632483333337,0.5821085499999965
2023-12-24 11:00:00,14.525305666666696,0.5705235833333302
2023-12-24 12:00:00,0.0,0.6536861499999972
2023-12-24 13:00:00,7.774995000000006,0.7179352499999963
2023-12-24 14:00:00,8.61755066666667,0.746595533333329
2023-12-24 15:00:00,7.234380333333332,0.8075081499999957
2023-12-24 16:00:00,19.46077266666669,3.214932866666661
2023-12-24 17:00:00,31.89565200000004,32.535834416666745
2023-12-24 18:00:00,2.119251000000004,46.30929690000008
2023-12-24 19:00:00,11.854102000000026,36.07482383333337
2023-12-24 20:00:00,10.521031333333362,32.9421945666667
2023-12-24 21:00:00,0.0,22.46742418333337
2023-12-24 22:00:00,0.0,5.665836716666675
2023-12-24 23:00:00,0.0,0.3852155999999996
2023-12-25 00:00:00,0.0,2.5926144666666664
2023-12-25 01:00:00,0.0,5.600100666666671
2023-12-25 02:00:00,0.0,8.640080400000006
2023-12-25 03:00:00,0.0,9.680574300000004
2023-12-25 04:00:00,0.0,11.720047700000006
2023-12-25 05:00:00,0.4676720000000008,16.88908803333335
2023-12-25 06:00:00,11.938022333333363,31.3262306833334
2023-12-25 07:00:00,36.458675000000056,28.744241750000047
2023-12-25 08:00:00,32.16320500000003,36.34799151666668
2023-12-25 09:00:00,15.553255500000024,54.89729008333333
2023-12-25 10:00:00,14.011112333333372,81.06437601666663
2023-12-25 11:00:00,12.118764666666687,103.49291873333333
2023-12-25 12:00:00,0.0,137.97966916666664
2023-12-25 13:00:00,7.776274333333336,162.91314394999995
2023-12-25 14:00:00,9.971419666666671,135.51141418333327
2023-12-25 15:00:00,10.72598633333334,132.8524409499999
2023-12-25 16:00:00,35.83753733333336,95.75309138333331
2023-12-25 17:00:00,33.6067696666667,61.13920045000009
2023-12-25 18:00:00,2.388584000000002,60.69526516666675
2023-12-25 19:00:00,11.76698766666669,50.003988083333375
2023-12-25 20:00:00,10.034656666666692,46.74146231666671
2023-12-25 21:00:00,0.0,35.833852333333375
2023-12-25 22:00:00,0.0,15.095391533333348
2023-12-25 23:00:00,0.0,5.447237650000004
2023-12-26 00:00:00,0.0,1.9451166833333344
2023-12-26 01:00:00,0.0,6.600094000000007
2023-12-26 02:00:00,0.0,8.525081166666673
2023-12-26 03:00:00,0.0,11.13506533333334
2023-12-26 04:00:00,0.0,11.028886000000004
2023-12-26 05:00:00,0.4537840000000011,16.720556650000013
2023-12-26 06:00:00,11.510578333333365,29.634229116666727
2023-12-26 07:00:00,30.046333000000057,31.526313550000047
2023-12-26 08:00:00,31.596203666666696,42.227392300000005
2023-12-26 09:00:00,16.27645000000003,68.9399697833333
2023-12-26 10:00:00,15.0145451666667,77.72764714999998
2023-12-26 11:00:00,14.029506166666696,108.14873099999996
2023-12-26 12:00:00,0.0,127.79673229999996
2023-12-26 13:00:00,8.830880000000004,149.3727211499999
2023-12-26 14:00:00,8.25624833333334,149.7256444333333
2023-12-26 15:00:00,10.128048333333336,130.86593399999995
2023-12-26 16:00:00,35.37055600000004,94.05317088333334
2023-12-26 17:00:00,26.08687533333337,63.71724556666676
2023-12-26 18:00:00,2.180702000000001,60.54322495000008
2023-12-26 19:00:00,12.079244000000026,49.70395108333337
2023-12-26 20:00:00,10.299497666666692,45.87367711666671
2023-12-26 21:00:00,0.0,33.333331233333375
2023-12-26 22:00:00,0.0,14.68177776666668
2023-12-26 23:00:00,0.0,4.860986933333336
2023-12-27 00:00:00,0.0,2.167615283333332
2023-12-27 01:00:00,0.0,6.522594516666673
2023-12-27 02:00:00,0.0,9.23507643333334
2023-12-27 03:00:00,0.0,10.762567366666673
2023-12-27 04:00:00,0.0,12.517462200000004
2023-12-27 05:00:00,0.4556440000000009,18.15433343333335
2023-12-27 06:00:00,11.712709333333363,31.54922570000006
2023-12-27 07:00:00,37.9638303333334,29.15455396666672
2023-12-27 08:00:00,36.28299533333337,43.82175531666667
2023-12-27 09:00:00,15.447090833333364,58.95687206666666
2023-12-27 10:00:00,16.209169666666703,68.60847673333332
2023-12-27 11:00:00,17.339502500000034,99.9289103
2023-12-27 12:00:00,0.0,144.79432879999993
2023-12-27 13:00:00,8.180923000000003,156.9420692833333
2023-12-27 14:00:00,7.793118666666666,151.67099298333326
2023-12-27 15:00:00,7.356991999999998,137.41000994999993
2023-12-27 16:00:00,30.8372456666667,93.65322568333332
2023-12-27 17:00:00,25.52969633333336,58.118599183333416
2023-12-27 18:00:00,2.154585000000002,63.44560261666676
2023-12-27 19:00:00,11.515870666666693,48.83587815000004
2023-12-27 20:00:00,10.322817000000027,45.1148119166667
2023-12-27 21:00:00,0.0,34.25228465000004
2023-12-27 22:00:00,0.0,14.794989550000018
2023-12-27 23:00:00,0.0,4.833567633333335
2023-12-28 00:00:00,0.0,2.5551141
2023-12-28 01:00:00,0.0,5.980098133333338
2023-12-28 02:00:00,0.0,8.92007853333334
2023-12-28 03:00:00,0.0,10.908816266666674
2023-12-28 04:00:00,0.0,11.55738948333334
2023-12-28 05:00:00,0.4971840000000007,16.54786076666668
2023-12-28 06:00:00,11.62366333333336,32.28623086666672
2023-12-28 07:00:00,26.874678333333385,35.56723560000005
2023-12-28 08:00:00,37.67225133333337,44.43488340000001
2023-12-28 09:00:00,16.06508500000003,61.709836933333335
2023-12-28 10:00:00,17.70057816666671,79.58196988333331
2023-12-28 11:00:00,16.013746500000025,113.49531784999996
2023-12-28 12:00:00,0.0,139.35490348333323
2023-12-28 13:00:00,5.938007333333332,134.35732353333324
2023-12-28 14:00:00,10.874995333333343,139.54249543333333
2023-12-28 15:00:00,9.499807000000006,139.83469801666664
2023-12-28 16:00:00,26.15462866666669,87.39119768333333
2023-12-28 17:00:00,33.87530800000003,60.56272610000008
2023-12-28 18:00:00,2.2056080000000033,62.41664896666675
2023-12-28 19:00:00,11.78937300000003,49.14531426666671
2023-12-28 20:00:00,10.582661000000028,46.60683843333337
2023-12-28 21:00:00,0.0,34.37496698333337
2023-12-28 22:00:00,0.0,14.494339533333347
2023-12-28 23:00:00,0.0,4.951232033333336
2023-12-29 00:00:00,0.0,1.650119833333332
2023-12-29 01:00:00,0.0,6.042597716666671
2023-12-29 02:00:00,0.0,9.095077366666672
2023-12-29 03:00:00,0.0,10.201820350000004
2023-12-29 04:00:00,0.0,12.224814200000004
2023-12-29 05:00:00,0.4628360000000012,16.195052100000016
2023-12-29 06:00:00,11.626843333333362,27.954822166666723
2023-12-29 07:00:00,34.05538533333339,31.18515423333337
2023-12-29 08:00:00,30.311787666666696,39.838040850000006
2023-12-29 09:00:00,16.978278666666693,64.47060518333332
2023-12-29 10:00:00,15.892490333333367,75.26788773333334
2023-12-29 11:00:00,15.490660500000029,95.00282385
2023-12-29 12:00:00,0.0,148.16756444999993
2023-12-29 13:00:00,6.942218666666666,148.5882327166666
2023-12-29 14:00:00,6.459773666666664,147.39025918333328
2023-12-29 15:00:00,10.691485333333343,144.39101514999993
2023-12-29 16:00:00,39.0765496666667,92.46669933333334
2023-12-29 17:00:00,23.36343366666669,60.388861233333415
2023-12-29 18:00:00,2.1086640000000045,65.0334144500001
2023-12-29 19:00:00,11.665974333333363,49.81183870000004
2023-12-29 20:00:00,10.359461666666697,45.65119040000004
2023-12-29 21:00:00,0.0,32.838544983333385
2023-12-29 22:00:00,0.0,13.642190866666684
2023-12-29 23:00:00,0.0,4.525571100000003
2023-12-30 00:00:00,0.0,2.557613783333334
2023-12-30 01:00:00,0.0,6.280096133333343
2023-12-30 02:00:00,0.0,7.592587383333343
2023-12-30 03:00:00,0.0,8.41758235000001
2023-12-30 04:00:00,0.0,9.933286850000009
2023-12-30 05:00:00,0.4759800000000002,16.061376933333353
2023-12-30 06:00:00,11.902950333333363,30.9295016333334
2023-12-30 07:00:00,36.20178300000005,28.998975350000045
2023-12-30 08:00:00,27.535402666666712,33.593790066666685
2023-12-30 09:00:00,15.809706166666697,49.56370886666668
2023-12-30 10:00:00,16.196462666666704,69.20355968333334
2023-12-30 11:00:00,12.76283383333336,105.15507984999996
2023-12-30 12:00:00,0.0,142.8723100166666
2023-12-30 13:00:00,6.643733666666667,156.62355218333326
2023-12-30 14:00:00,8.630870999999999,159.68339614999996
2023-12-30 15:00:00,9.359816000000004,150.17659628333325
2023-12-30 16:00:00,34.909930333333364,86.45158781666666
2023-12-30 17:00:00,32.9963946666667,60.23174775000009
2023-12-30 18:00:00,2.144612000000003,63.266133883333424
2023-12-30 19:00:00,10.874468000000032,49.89731443333337
2023-12-30 20:00:00,10.084626666666692,45.68717541666671
2023-12-30 21:00:00,0.0,34.289033133333376
2023-12-30 22:00:00,0.0,14.82184921666668
2023-12-30 23:00:00,0.0,5.234816450000004
2023-12-31 00:00:00,0.0,0.0
2023-12-31 01:00:00,0.0,0.0
2023-12-31 02:00:00,0.0,0.0
2023-12-31 03:00:00,0.0,0.0
2023-12-31 04:00:00,0.0,0.2717722499999997
2023-12-31 05:00:00,0.4562640000000012,4.256687783333339
2023-12-31 06:00:00,11.3578056666667,17.93051815000005
2023-12-31 07:00:00,41.5045663333334,14.231581566666708
2023-12-31 08:00:00,30.413757000000043,2.0190621999999974
2023-12-31 09:00:00,14.999773000000028,0.5046475333333311
2023-12-31 10:00:00,14.66104933333337,0.6081039333333298
2023-12-31 11:00:00,12.597613166666688,0.6685978166666632
2023-12-31 12:00:00,0.0,0.5884394999999972
2023-12-31 13:00:00,8.527696333333335,0.5978550333333299
2023-12-31 14:00:00,9.463112333333338,0.5301972833333307
2023-12-31 15:00:00,8.30771533333333,0.638859449999997
2023-12-31 16:00:00,32.5547816666667,3.415937349999996
2023-12-31 17:00:00,29.18974933333337,32.43618165000007
2023-12-31 18:00:00,1.9393990000000034,47.18416923333341
2023-12-31 19:00:00,11.570570000000027,36.73398400000004
2023-12-31 20:00:00,10.387778000000027,31.71962018333337
2023-12-31 21:00:00,0.0,23.06436450000004
2023-12-31 22:00:00,0.0,5.190368200000008
2023-12-31 23:00:00,0.0,0.4068869999999996
