datetime,drinking_water,electrical_appliances,service_water
2023-01-01 00:00:00,0.0,0.0,0.0
2023-01-01 01:00:00,0.0,0.0,0.0
2023-01-01 02:00:00,0.0,0.0,0.0
2023-01-01 03:00:00,0.0,0.0,0.0
2023-01-01 04:00:00,0.0,195.9148666666665,0.0
2023-01-01 05:00:00,0.0,5552.299700000011,430.09999999999997
2023-01-01 06:00:00,1463.8080000000027,21895.772016666724,9608.14566666669
2023-01-01 07:00:00,1606.2890000000034,14675.191283333377,34021.72333333339
2023-01-01 08:00:00,0.0,2105.8949166666653,40347.8036666667
2023-01-01 09:00:00,0.0,693.9007499999962,15877.11383333336
2023-01-01 10:00:00,8.272000000000007,674.4296999999956,16892.987333333374
2023-01-01 11:00:00,8.269000000000005,572.5244333333303,15061.83033333336
2023-01-01 12:00:00,0.0,621.2710999999963,0.0
2023-01-01 13:00:00,0.0,670.0166333333294,5155.591333333335
2023-01-01 14:00:00,0.0,676.34843333333,9208.163333333334
2023-01-01 15:00:00,0.0,725.8473666666638,8582.030666666667
2023-01-01 16:00:00,0.0,2563.976899999995,17752.06933333336
2023-01-01 17:00:00,0.0,30005.507733333405,37570.06733333336
2023-01-01 18:00:00,1358.8220000000035,44795.23121666675,582.4960000000015
2023-01-01 19:00:00,1666.2810000000025,34984.704150000034,10720.325666666691
2023-01-01 20:00:00,0.0,32138.5239166667,9751.493333333365
2023-01-01 21:00:00,0.0,22133.45013333337,0.0
2023-01-01 22:00:00,0.0,5543.9441500000075,0.0
2023-01-01 23:00:00,0.0,378.13251666666633,0.0
2023-01-02 00:00:00,0.0,1302.6207499999996,0.0
2023-01-02 01:00:00,0.0,6022.597850000005,0.0
2023-01-02 02:00:00,0.0,7950.0850000000055,0.0
2023-01-02 03:00:00,0.0,8385.082216666671,0.0
2023-01-02 04:00:00,0.0,9192.96678333334,0.0
2023-01-02 05:00:00,0.0,16739.020900000018,515.4119999999999
2023-01-02 06:00:00,1553.7960000000012,31947.421066666724,9652.637333333361
2023-01-02 07:00:00,1508.8020000000024,35072.63845000005,37053.84500000006
2023-01-02 08:00:00,0.0,51824.5474,27952.637666666706
2023-01-02 09:00:00,0.0,58983.834016666675,14291.357833333363
2023-01-02 10:00:00,8.262000000000006,64206.88413333334,15583.537000000033
2023-01-02 11:00:00,8.279000000000007,101163.74784999999,13505.993166666693
2023-01-02 12:00:00,0.0,148525.57294999997,0.0
2023-01-02 13:00:00,0.0,147163.98678333324,6735.402333333333
2023-01-02 14:00:00,0.0,148876.14203333325,10433.029333333337
2023-01-02 15:00:00,0.0,137071.67048333326,11319.104000000007
2023-01-02 16:00:00,0.0,84065.32210000002,29745.912666666693
2023-01-02 17:00:00,0.0,63813.51990000009,35277.57166666671
2023-01-02 18:00:00,1516.3010000000024,60655.160116666746,597.0040000000009
2023-01-02 19:00:00,1516.301000000002,48849.42093333337,10412.292000000029
2023-01-02 20:00:00,0.0,43641.3804166667,10889.143666666694
2023-01-02 21:00:00,0.0,33834.45480000004,0.0
2023-01-02 22:00:00,0.0,14129.40103333335,0.0
2023-01-02 23:00:00,0.0,4789.399400000002,0.0
2023-01-03 00:00:00,0.0,2852.6112166666694,0.0
2023-01-03 01:00:00,0.0,6662.593583333338,0.0
2023-01-03 02:00:00,0.0,8200.083333333338,0.0
2023-01-03 03:00:00,0.0,8962.578933333341,0.0
2023-01-03 04:00:00,0.0,10618.479833333342,0.0
2023-01-03 05:00:00,0.0,16437.62753333335,469.2840000000008
2023-01-03 06:00:00,1493.804000000002,32884.02950000006,10542.34766666669
2023-01-03 07:00:00,1561.2950000000028,38501.46108333338,46298.83900000005
2023-01-03 08:00:00,0.0,52708.215233333336,36665.39433333336
2023-01-03 09:00:00,0.0,69124.13509999998,15765.16216666669
2023-01-03 10:00:00,8.265000000000006,69875.21778333331,17162.120166666708
2023-01-03 11:00:00,8.276000000000005,93794.91514999999,12827.207333333354
2023-01-03 12:00:00,0.0,141356.8317166666,0.0
2023-01-03 13:00:00,0.0,163579.22388333327,7179.70066666667
2023-01-03 14:00:00,0.0,146519.73709999994,11481.08800000001
2023-01-03 15:00:00,0.0,133168.5189166666,9002.037666666673
2023-01-03 16:00:00,0.0,83429.96720000001,28067.167333333375
2023-01-03 17:00:00,0.0,60089.454416666755,16559.850333333365
2023-01-03 18:00:00,1561.2950000000014,58108.20658333342,595.2680000000013
2023-01-03 19:00:00,1478.8060000000016,48369.78425000004,11024.517000000023
2023-01-03 20:00:00,0.0,45338.43871666671,9511.637333333369
2023-01-03 21:00:00,0.0,33308.53851666671,0.0
2023-01-03 22:00:00,0.0,13261.634500000011,0.0
2023-01-03 23:00:00,0.0,4182.987133333334,0.0
2023-01-04 00:00:00,0.0,2685.111233333333,0.0
2023-01-04 01:00:00,0.0,7142.590383333339,0.0
2023-01-04 02:00:00,0.0,8695.080033333339,0.0
2023-01-04 03:00:00,0.0,9590.074466666672,0.0
2023-01-04 04:00:00,0.0,11010.57998333334,0.0
2023-01-04 05:00:00,0.0,17266.610333333345,474.4920000000009
2023-01-04 06:00:00,1523.8000000000038,31954.17768333339,9777.12933333336
2023-01-04 07:00:00,1613.788000000002,31535.77958333338,40255.88433333339
2023-01-04 08:00:00,0.0,40011.48068333334,41279.875333333366
2023-01-04 09:00:00,0.0,66873.13503333332,16728.04216666669
2023-01-04 10:00:00,8.267000000000007,66000.54981666665,15606.531666666702
2023-01-04 11:00:00,8.274000000000006,100580.1515333333,12130.366333333353
2023-01-04 12:00:00,0.0,139102.8519666666,0.0
2023-01-04 13:00:00,0.0,149058.73036666663,6889.387333333334
2023-01-04 14:00:00,0.0,143928.1663166666,10355.043333333342
2023-01-04 15:00:00,0.0,136262.68303333325,7829.986000000001
2023-01-04 16:00:00,0.0,97304.57783333333,22223.5356666667
2023-01-04 17:00:00,0.0,60698.29480000008,21947.2516666667
2023-01-04 18:00:00,1456.309000000004,60805.37671666675,584.8520000000017
2023-01-04 19:00:00,1501.3030000000017,48706.926266666705,10702.956333333363
2023-01-04 20:00:00,0.0,45089.26578333337,10211.21733333336
2023-01-04 21:00:00,0.0,34280.851933333375,0.0
2023-01-04 22:00:00,0.0,14891.332416666684,0.0
2023-01-04 23:00:00,0.0,5681.567450000005,0.0
2023-01-05 00:00:00,0.0,2550.112750000002,0.0
2023-01-05 01:00:00,0.0,6532.594450000008,0.0
2023-01-05 02:00:00,0.0,8487.581416666673,0.0
2023-01-05 03:00:00,0.0,9265.077066666672,0.0
2023-01-05 04:00:00,0.0,11050.763100000004,0.0
2023-01-05 05:00:00,0.0,17656.001916666683,466.0600000000009
2023-01-05 06:00:00,1508.8020000000022,30747.572383333387,10258.099666666698
2023-01-05 07:00:00,1478.8060000000014,32452.70641666672,39071.94600000007
2023-01-05 08:00:00,0.0,39370.21363333334,23399.174000000028
2023-01-05 09:00:00,0.0,63020.69156666666,16406.264500000023
2023-01-05 10:00:00,8.277000000000006,88297.3698833333,16822.712000000036
2023-01-05 11:00:00,8.264000000000006,103455.81681666664,12035.027500000022
2023-01-05 12:00:00,0.0,138738.58079999994,0.0
2023-01-05 13:00:00,0.0,143529.32278333325,7124.0530000000035
2023-01-05 14:00:00,0.0,145402.26445,10340.409666666676
2023-01-05 15:00:00,0.0,138903.44511666658,8259.254333333332
2023-01-05 16:00:00,0.0,97333.31738333333,35580.84666666669
2023-01-05 17:00:00,0.0,60232.812300000085,27876.70000000004
2023-01-05 18:00:00,1621.2870000000023,58618.13726666676,632.0960000000015
2023-01-05 19:00:00,1486.3050000000032,48131.64843333338,10125.612333333356
2023-01-05 20:00:00,0.0,41653.901583333376,11297.232000000024
2023-01-05 21:00:00,0.0,32396.01463333337,0.0
2023-01-05 22:00:00,0.0,13669.164116666681,0.0
2023-01-05 23:00:00,0.0,4609.985450000002,0.0
2023-01-06 00:00:00,0.0,2332.6146999999996,0.0
2023-01-06 01:00:00,0.0,6137.5970833333395,0.0
2023-01-06 02:00:00,0.0,8375.082166666672,0.0
2023-01-06 03:00:00,0.0,9447.575966666675,0.0
2023-01-06 04:00:00,0.0,11372.167633333342,0.0
2023-01-06 05:00:00,0.0,18335.439600000016,441.7560000000009
2023-01-06 06:00:00,1298.8300000000017,31546.381316666717,10106.729666666693
2023-01-06 07:00:00,1583.7920000000017,29216.463433333378,33630.18500000006
2023-01-06 08:00:00,0.0,39834.34106666668,27924.220666666697
2023-01-06 09:00:00,0.0,71983.54346666666,14678.518000000025
2023-01-06 10:00:00,8.269000000000005,75316.38639999999,16399.119333333365
2023-01-06 11:00:00,8.272000000000006,113354.4009833333,13305.503000000024
2023-01-06 12:00:00,0.0,135195.8290666666,0.0
2023-01-06 13:00:00,0.0,150393.9923166666,6939.039999999999
2023-01-06 14:00:00,0.0,142780.60054999994,10979.656000000006
2023-01-06 15:00:00,0.0,135499.35816666659,10258.57133333334
2023-01-06 16:00:00,0.0,94006.24469999998,26763.030666666702
2023-01-06 17:00:00,0.0,58384.05406666676,39388.3786666667
2023-01-06 18:00:00,1643.7840000000026,61447.06126666675,585.968000000001
2023-01-06 19:00:00,1568.794,49608.808316666706,10555.321000000027
2023-01-06 20:00:00,0.0,44367.56268333337,10404.434666666697
2023-01-06 21:00:00,0.0,33565.15235000004,0.0
2023-01-06 22:00:00,0.0,15108.859816666685,0.0
2023-01-06 23:00:00,0.0,6140.391900000004,0.0
2023-01-07 00:00:00,0.0,2362.6132333333326,0.0
2023-01-07 01:00:00,0.0,6647.59368333334,0.0
2023-01-07 02:00:00,0.0,8170.083533333342,0.0
2023-01-07 03:00:00,0.0,9875.073416666675,0.0
2023-01-07 04:00:00,0.0,11693.469083333339,0.0
2023-01-07 05:00:00,0.0,18429.94103333335,422.66000000000093
2023-01-07 06:00:00,1418.8140000000035,31126.380566666725,10401.919000000029
2023-01-07 07:00:00,1523.800000000003,31086.69328333338,45398.28600000006
2023-01-07 08:00:00,0.0,32058.07500000001,31607.045666666698
2023-01-07 09:00:00,0.0,52957.74610000001,15070.85833333336
2023-01-07 10:00:00,8.275000000000006,88745.20626666665,16943.634666666705
2023-01-07 11:00:00,8.266000000000005,119087.65818333327,12676.230000000021
2023-01-07 12:00:00,0.0,136858.8371166666,0.0
2023-01-07 13:00:00,0.0,150482.96764999995,10086.929666666674
2023-01-07 14:00:00,0.0,141888.9750666666,9856.532333333333
2023-01-07 15:00:00,0.0,127133.18233333327,11235.32966666668
2023-01-07 16:00:00,0.0,89012.79456666666,21582.808666666697
2023-01-07 17:00:00,0.0,63464.72173333343,29819.431000000033
2023-01-07 18:00:00,1501.3030000000033,60465.85800000009,628.6240000000003
2023-01-07 19:00:00,1651.2830000000013,49077.9147166667,9712.591666666694
2023-01-07 20:00:00,0.0,44404.87340000004,9913.063000000033
2023-01-07 21:00:00,0.0,33099.723583333376,0.0
2023-01-07 22:00:00,0.0,14304.41371666668,0.0
2023-01-07 23:00:00,0.0,4836.734316666671,0.0
2023-01-08 00:00:00,0.0,0.0,0.0
2023-01-08 01:00:00,0.0,0.0,0.0
2023-01-08 02:00:00,0.0,0.0,0.0
2023-01-08 03:00:00,0.0,0.0,0.0
2023-01-08 04:00:00,0.0,240.76216666666642,0.0
2023-01-08 05:00:00,0.0,5262.192350000009,470.7720000000008
2023-01-08 06:00:00,1553.7960000000028,19534.78791666671,10698.948000000031
2023-01-08 07:00:00,1381.319000000002,15257.438916666712,39434.41000000006
2023-01-08 08:00:00,0.0,1707.61068333333,32603.59533333337
2023-01-08 09:00:00,0.0,563.4825666666635,16705.74616666669
2023-01-08 10:00:00,8.270000000000007,566.7796666666632,15784.46383333337
2023-01-08 11:00:00,8.271000000000006,554.278899999997,12642.30916666669
2023-01-08 12:00:00,0.0,651.847666666663,0.0
2023-01-08 13:00:00,0.0,659.6806666666631,5911.678
2023-01-08 14:00:00,0.0,672.0182833333292,7894.600666666672
2023-01-08 15:00:00,0.0,722.0966333333292,10394.520333333337
2023-01-08 16:00:00,0.0,3037.2637333333296,39046.84433333336
2023-01-08 17:00:00,0.0,32690.86000000008,25714.941333333365
2023-01-08 18:00:00,1681.2790000000032,44657.26968333341,656.2760000000002
2023-01-08 19:00:00,1478.8060000000035,33980.69198333337,9899.868333333363
2023-01-08 20:00:00,0.0,32404.217533333365,10417.760000000026
2023-01-08 21:00:00,0.0,22762.843466666698,0.0
2023-01-08 22:00:00,0.0,5223.660566666674,0.0
2023-01-08 23:00:00,0.0,446.0526166666662,0.0
2023-01-09 00:00:00,0.0,2140.1147999999994,0.0
2023-01-09 01:00:00,0.0,6135.097100000005,0.0
2023-01-09 02:00:00,0.0,8165.083566666671,0.0
2023-01-09 03:00:00,0.0,10058.572316666672,0.0
2023-01-09 04:00:00,0.0,11158.339350000007,0.0
2023-01-09 05:00:00,0.0,17495.115816666683,486.27200000000033
2023-01-09 06:00:00,1591.2910000000002,31662.37505000006,9734.37733333336
2023-01-09 07:00:00,1486.3050000000014,35166.477316666715,35521.238333333386
2023-01-09 08:00:00,0.0,37741.44351666668,37332.0656666667
2023-01-09 09:00:00,0.0,60092.905150000006,16130.983500000028
2023-01-09 10:00:00,8.271000000000006,78583.95844999999,14347.398500000032
2023-01-09 11:00:00,8.270000000000005,111349.91906666664,16099.499333333362
2023-01-09 12:00:00,0.0,133933.50241666663,0.0
2023-01-09 13:00:00,0.0,153387.9942166666,9533.617333333335
2023-01-09 14:00:00,0.0,126462.76024999995,10745.525333333337
2023-01-09 15:00:00,0.0,140607.70049999992,8981.53066666667
2023-01-09 16:00:00,0.0,101654.01758333332,23117.400333333368
2023-01-09 17:00:00,0.0,58465.33618333342,32613.791000000034
2023-01-09 18:00:00,1568.7940000000024,58480.089983333426,605.8080000000011
2023-01-09 19:00:00,1448.8100000000031,49739.7806666667,10872.66366666669
2023-01-09 20:00:00,0.0,45068.911033333374,9849.767666666694
2023-01-09 21:00:00,0.0,33897.46311666671,0.0
2023-01-09 22:00:00,0.0,14046.483983333346,0.0
2023-01-09 23:00:00,0.0,5212.902383333335,0.0
2023-01-10 00:00:00,0.0,1637.6194833333325,0.0
2023-01-10 01:00:00,0.0,5355.102300000002,0.0
2023-01-10 02:00:00,0.0,8197.583350000004,0.0
2023-01-10 03:00:00,0.0,9192.577716666674,0.0
2023-01-10 04:00:00,0.0,11624.913666666673,0.0
2023-01-10 05:00:00,0.0,17783.441550000014,455.76800000000065
2023-01-10 06:00:00,1456.3090000000034,30420.478366666717,10214.489000000025
2023-01-10 07:00:00,1501.3030000000026,33156.24270000005,48512.97100000006
2023-01-10 08:00:00,0.0,45601.409166666665,36853.687333333364
2023-01-10 09:00:00,0.0,61244.342783333326,14400.548666666691
2023-01-10 10:00:00,8.266000000000005,76504.22506666664,18736.021166666706
2023-01-10 11:00:00,8.275000000000006,95569.49024999997,12266.137166666695
2023-01-10 12:00:00,0.0,140173.48818333328,0.0
2023-01-10 13:00:00,0.0,159277.23753333327,6003.986333333334
2023-01-10 14:00:00,0.0,141291.44073333326,10276.383666666674
2023-01-10 15:00:00,0.0,118975.1880333333,8750.510666666667
2023-01-10 16:00:00,0.0,95415.2917,20973.67233333336
2023-01-10 17:00:00,0.0,67988.27705000009,24109.759000000035
2023-01-10 18:00:00,1501.3030000000015,61002.11083333341,622.5480000000011
2023-01-10 19:00:00,1636.2850000000008,49231.824450000044,9684.658333333358
2023-01-10 20:00:00,0.0,44285.079050000044,10266.18433333336
2023-01-10 21:00:00,0.0,33121.316500000044,0.0
2023-01-10 22:00:00,0.0,14893.031833333347,0.0
2023-01-10 23:00:00,0.0,5375.227166666669,0.0
2023-01-11 00:00:00,0.0,3122.609233333335,0.0
2023-01-11 01:00:00,0.0,7435.088433333339,0.0
2023-01-11 02:00:00,0.0,9372.575516666673,0.0
2023-01-11 03:00:00,0.0,9800.323050000006,0.0
2023-01-11 04:00:00,0.0,11691.630083333339,0.0
2023-01-11 05:00:00,0.0,17283.929200000013,443.61600000000067
2023-01-11 06:00:00,1621.2870000000016,32043.515583333396,10522.111666666693
2023-01-11 07:00:00,1576.2930000000028,32986.40168333339,44229.220333333404
2023-01-11 08:00:00,0.0,39482.45541666668,31386.86300000004
2023-01-11 09:00:00,0.0,55658.327483333334,14493.18450000003
2023-01-11 10:00:00,8.267000000000007,73624.04988333331,16728.6801666667
2023-01-11 11:00:00,8.274000000000006,103574.7666833333,13083.326333333356
2023-01-11 12:00:00,0.0,124727.78428333328,0.0
2023-01-11 13:00:00,0.0,144983.74353333327,6936.0850000000055
2023-01-11 14:00:00,0.0,148996.40759999995,8886.666333333338
2023-01-11 15:00:00,0.0,149719.34923333325,9065.806000000004
2023-01-11 16:00:00,0.0,102395.65059999998,29628.430333333366
2023-01-11 17:00:00,0.0,61926.553100000085,28456.732666666692
2023-01-11 18:00:00,1433.8120000000029,58922.32581666675,586.0920000000016
2023-01-11 19:00:00,1463.8080000000018,47605.62858333337,10279.403333333361
2023-01-11 20:00:00,0.0,44846.73605000004,10016.33433333336
2023-01-11 21:00:00,0.0,33178.15688333337,0.0
2023-01-11 22:00:00,0.0,14119.305666666682,0.0
2023-01-11 23:00:00,0.0,3725.1633833333335,0.0
2023-01-12 00:00:00,0.0,2320.1153,0.0
2023-01-12 01:00:00,0.0,6137.597083333341,0.0
2023-01-12 02:00:00,0.0,8595.080700000006,0.0
2023-01-12 03:00:00,0.0,11390.06300000001,0.0
2023-01-12 04:00:00,0.0,12804.84433333334,0.0
2023-01-12 05:00:00,0.0,18295.973950000014,479.8240000000007
2023-01-12 06:00:00,1396.317000000001,31040.866933333393,9845.06433333336
2023-01-12 07:00:00,1501.303000000001,31216.167216666712,40361.34300000005
2023-01-12 08:00:00,0.0,34102.90606666668,26600.588333333366
2023-01-12 09:00:00,0.0,64646.97313333331,16344.356500000033
2023-01-12 10:00:00,8.269000000000005,82461.04689999997,15618.634500000035
2023-01-12 11:00:00,8.272000000000006,109760.73843333332,15366.397666666693
2023-01-12 12:00:00,0.0,143760.1673666666,0.0
2023-01-12 13:00:00,0.0,131118.5032166666,8522.720333333333
2023-01-12 14:00:00,0.0,130369.00794999996,9117.307
2023-01-12 15:00:00,0.0,144275.59298333328,8433.59066666667
2023-01-12 16:00:00,0.0,97195.07848333332,28078.89200000003
2023-01-12 17:00:00,0.0,56393.072666666754,33545.3236666667
2023-01-12 18:00:00,1568.7940000000021,63188.09758333342,640.528000000001
2023-01-12 19:00:00,1628.786000000001,47730.314950000036,9595.297333333361
2023-01-12 20:00:00,0.0,43977.48368333337,11445.476333333363
2023-01-12 21:00:00,0.0,33333.46681666671,0.0
2023-01-12 22:00:00,0.0,14219.861933333344,0.0
2023-01-12 23:00:00,0.0,5214.1511333333365,0.0
2023-01-13 00:00:00,0.0,1482.6206333333334,0.0
2023-01-13 01:00:00,0.0,5217.603216666673,0.0
2023-01-13 02:00:00,0.0,9472.574850000008,0.0
2023-01-13 03:00:00,0.0,11072.564866666675,0.0
2023-01-13 04:00:00,0.0,12635.06793333334,0.0
2023-01-13 05:00:00,0.0,18112.52278333335,471.3920000000007
2023-01-13 06:00:00,1448.8100000000015,35554.94633333339,9944.947000000031
2023-01-13 07:00:00,1613.788000000002,31472.061233333377,40042.559666666726
2023-01-13 08:00:00,0.0,44459.536100000005,32212.907666666702
2023-01-13 09:00:00,0.0,57246.52193333334,16453.36666666669
2023-01-13 10:00:00,8.278000000000006,68433.0877833333,16953.847666666705
2023-01-13 11:00:00,8.263000000000007,98351.43111666662,13799.430500000026
2023-01-13 12:00:00,0.0,153018.0034499999,0.0
2023-01-13 13:00:00,0.0,140261.99534999995,6532.110000000003
2023-01-13 14:00:00,0.0,143132.32574999993,10586.841666666674
2023-01-13 15:00:00,0.0,135850.08688333328,7582.345333333336
2023-01-13 16:00:00,0.0,89222.85530000001,35658.4236666667
2023-01-13 17:00:00,0.0,63266.30516666676,24400.246666666695
2023-01-13 18:00:00,1553.7960000000048,61258.44080000009,623.912000000001
2023-01-13 19:00:00,1478.806000000001,48006.79611666671,10146.44233333336
2023-01-13 20:00:00,0.0,44334.00136666671,10602.649000000029
2023-01-13 21:00:00,0.0,32270.15351666671,0.0
2023-01-13 22:00:00,0.0,13927.435950000014,0.0
2023-01-13 23:00:00,0.0,5291.230766666669,0.0
2023-01-14 00:00:00,0.0,2382.613733333333,0.0
2023-01-14 01:00:00,0.0,6930.091800000006,0.0
2023-01-14 02:00:00,0.0,8875.07883333334,0.0
2023-01-14 03:00:00,0.0,9635.074316666676,0.0
2023-01-14 04:00:00,0.0,10987.886733333344,0.0
2023-01-14 05:00:00,0.0,16200.930733333353,431.7120000000006
2023-01-14 06:00:00,1328.8260000000028,31262.581000000064,10391.440000000031
2023-01-14 07:00:00,1531.2990000000011,28923.247566666716,40311.99166666674
2023-01-14 08:00:00,0.0,40261.82420000001,31434.76000000003
2023-01-14 09:00:00,0.0,63100.23031666665,16541.600000000028
2023-01-14 10:00:00,8.273000000000007,82155.44761666663,17081.822833333368
2023-01-14 11:00:00,8.268000000000006,109070.48708333331,13989.862166666691
2023-01-14 12:00:00,0.0,138163.1713333333,0.0
2023-01-14 13:00:00,0.0,141660.42028333325,8138.440000000003
2023-01-14 14:00:00,0.0,143272.58608333327,9876.572333333337
2023-01-14 15:00:00,0.0,127587.52273333329,7246.508999999998
2023-01-14 16:00:00,0.0,102709.18083333332,23421.70833333337
2023-01-14 17:00:00,0.0,65077.71800000009,30877.78033333336
2023-01-14 18:00:00,1613.7880000000032,59257.326066666756,605.3120000000014
2023-01-14 19:00:00,1621.287000000002,49426.866883333365,10913.522666666691
2023-01-14 20:00:00,0.0,44113.235666666704,10094.620666666693
2023-01-14 21:00:00,0.0,33712.67328333338,0.0
2023-01-14 22:00:00,0.0,14080.286433333353,0.0
2023-01-14 23:00:00,0.0,5171.740900000004,0.0
2023-01-15 00:00:00,0.0,0.0,0.0
2023-01-15 01:00:00,0.0,0.0,0.0
2023-01-15 02:00:00,0.0,0.0,0.0
2023-01-15 03:00:00,0.0,0.0,0.0
2023-01-15 04:00:00,0.0,246.47653333333304,0.0
2023-01-15 05:00:00,0.0,5137.849283333341,509.83200000000085
2023-01-15 06:00:00,1403.8160000000016,17176.623933333387,10502.288333333361
2023-01-15 07:00:00,1658.7820000000029,14228.313783333375,37615.14000000006
2023-01-15 08:00:00,0.0,2136.063133333335,26604.122000000036
2023-01-15 09:00:00,0.0,646.2251499999969,14669.52850000002
2023-01-15 10:00:00,8.269000000000005,645.1039499999972,17322.908333333377
2023-01-15 11:00:00,8.272000000000006,564.6936666666638,13562.716666666693
2023-01-15 12:00:00,0.0,590.9359999999967,0.0
2023-01-15 13:00:00,0.0,684.3468666666633,6423.30266666667
2023-01-15 14:00:00,0.0,594.0216333333299,10296.027333333337
2023-01-15 15:00:00,0.0,644.3562499999964,7655.304333333334
2023-01-15 16:00:00,0.0,3511.246449999998,35619.312666666694
2023-01-15 17:00:00,0.0,31404.80976666674,38236.541000000034
2023-01-15 18:00:00,1568.7940000000024,47235.515633333416,569.4760000000016
2023-01-15 19:00:00,1463.808000000001,34459.25795000003,10443.817666666693
2023-01-15 20:00:00,0.0,32051.98760000003,9836.442333333362
2023-01-15 21:00:00,0.0,22452.92588333337,0.0
2023-01-15 22:00:00,0.0,5582.503333333342,0.0
2023-01-15 23:00:00,0.0,337.05036666666626,0.0
2023-01-16 00:00:00,0.0,1677.6208000000006,0.0
2023-01-16 01:00:00,0.0,6600.0940000000055,0.0
2023-01-16 02:00:00,0.0,8345.082366666673,0.0
2023-01-16 03:00:00,0.0,9022.578700000005,0.0
2023-01-16 04:00:00,0.0,10147.344766666673,0.0
2023-01-16 05:00:00,0.0,16382.008800000018,446.4680000000007
2023-01-16 06:00:00,1441.3110000000024,31157.21093333339,10182.354666666692
2023-01-16 07:00:00,1486.3050000000014,34200.562516666716,32990.73500000006
2023-01-16 08:00:00,0.0,43624.77050000001,38890.66533333337
2023-01-16 09:00:00,0.0,58804.36763333332,12631.632500000023
2023-01-16 10:00:00,8.263000000000005,75429.0565833333,15550.416500000036
2023-01-16 11:00:00,8.278000000000006,123913.07259999996,12134.640000000021
2023-01-16 12:00:00,0.0,142357.83504999994,0.0
2023-01-16 13:00:00,0.0,142125.39319999996,7575.175666666674
2023-01-16 14:00:00,0.0,135686.5019166666,10484.202000000008
2023-01-16 15:00:00,0.0,135191.7825333333,9940.168000000003
2023-01-16 16:00:00,0.0,88193.54131666665,19221.998000000032
2023-01-16 17:00:00,0.0,59456.584583333424,36575.899333333364
2023-01-16 18:00:00,1553.7960000000037,62893.10510000009,589.1920000000013
2023-01-16 19:00:00,1613.7880000000039,49060.02391666671,9809.65933333336
2023-01-16 20:00:00,0.0,44824.175816666706,10026.328333333357
2023-01-16 21:00:00,0.0,33470.71620000004,0.0
2023-01-16 22:00:00,0.0,13713.37383333335,0.0
2023-01-16 23:00:00,0.0,5388.061766666668,0.0
2023-01-17 00:00:00,0.0,3110.1096166666666,0.0
2023-01-17 01:00:00,0.0,6767.592883333337,0.0
2023-01-17 02:00:00,0.0,7702.586650000004,0.0
2023-01-17 03:00:00,0.0,9555.075583333339,0.0
2023-01-17 04:00:00,0.0,10948.188950000003,0.0
2023-01-17 05:00:00,0.0,15469.74366666668,403.5640000000005
2023-01-17 06:00:00,1351.3230000000024,27770.04863333339,10139.450666666697
2023-01-17 07:00:00,1501.303000000003,35035.86270000005,36830.893000000055
2023-01-17 08:00:00,0.0,45514.440250000014,29643.92533333336
2023-01-17 09:00:00,0.0,48197.63360000001,17535.311500000033
2023-01-17 10:00:00,8.267000000000007,67332.79955,17521.498500000034
2023-01-17 11:00:00,8.274000000000006,110154.40826666662,12641.252333333357
2023-01-17 12:00:00,0.0,141285.16593333325,0.0
2023-01-17 13:00:00,0.0,148764.55004999993,6585.442333333336
2023-01-17 14:00:00,0.0,154934.74124999993,9831.567333333336
2023-01-17 15:00:00,0.0,148190.5013833333,7748.30333333334
2023-01-17 16:00:00,0.0,86336.94895,35621.69066666669
2023-01-17 17:00:00,0.0,54214.33530000008,33904.9976666667
2023-01-17 18:00:00,1658.782000000001,62843.54301666676,679.3399999999996
2023-01-17 19:00:00,1583.7920000000042,49433.19168333338,9500.998333333362
2023-01-17 20:00:00,0.0,44533.74561666671,10609.311666666692
2023-01-17 21:00:00,0.0,32648.291383333377,0.0
2023-01-17 22:00:00,0.0,14318.49436666668,0.0
2023-01-17 23:00:00,0.0,5014.562150000003,0.0
2023-01-18 00:00:00,0.0,2347.6148,0.0
2023-01-18 01:00:00,0.0,6747.593016666672,0.0
2023-01-18 02:00:00,0.0,9717.573216666671,0.0
2023-01-18 03:00:00,0.0,10287.570116666671,0.0
2023-01-18 04:00:00,0.0,11424.617716666675,0.0
2023-01-18 05:00:00,0.0,16856.911950000016,436.42400000000106
2023-01-18 06:00:00,1456.3090000000027,30906.246900000056,10152.328000000025
2023-01-18 07:00:00,1411.3150000000012,32548.67198333338,46465.2563333334
2023-01-18 08:00:00,0.0,40456.47093333334,29331.108333333366
2023-01-18 09:00:00,0.0,56211.133550000006,15466.85783333336
2023-01-18 10:00:00,8.279000000000007,82866.89264999997,15787.411000000035
2023-01-18 11:00:00,8.262000000000006,109396.41204999996,13673.630333333356
2023-01-18 12:00:00,0.0,130886.92044999995,0.0
2023-01-18 13:00:00,0.0,149924.22498333326,8082.914000000002
2023-01-18 14:00:00,0.0,144908.98086666662,10346.871666666671
2023-01-18 15:00:00,0.0,127072.09234999995,11580.254666666673
2023-01-18 16:00:00,0.0,99798.77864999998,20226.58433333336
2023-01-18 17:00:00,0.0,60084.03615000009,25996.920666666698
2023-01-18 18:00:00,1561.2950000000023,60779.506850000085,650.0760000000012
2023-01-18 19:00:00,1666.2810000000004,47971.89996666671,10350.183000000026
2023-01-18 20:00:00,0.0,45229.95463333338,10416.094333333365
2023-01-18 21:00:00,0.0,33735.61013333338,0.0
2023-01-18 22:00:00,0.0,13809.732366666685,0.0
2023-01-18 23:00:00,0.0,3983.495366666668,0.0
2023-01-19 00:00:00,0.0,1525.1189666666658,0.0
2023-01-19 01:00:00,0.0,5832.59911666667,0.0
2023-01-19 02:00:00,0.0,8230.083133333339,0.0
2023-01-19 03:00:00,0.0,9817.573033333341,0.0
2023-01-19 04:00:00,0.0,10758.736716666674,0.0
2023-01-19 05:00:00,0.0,16474.59673333335,422.5360000000013
2023-01-19 06:00:00,1576.2930000000017,32233.828050000062,9531.375000000025
2023-01-19 07:00:00,1553.7960000000026,30798.148583333383,27522.547333333387
2023-01-19 08:00:00,0.0,36556.91765000001,36405.30533333337
2023-01-19 09:00:00,0.0,62660.968133333336,16572.41150000003
2023-01-19 10:00:00,8.263000000000005,75502.96574999999,14324.772500000034
2023-01-19 11:00:00,8.278000000000006,106766.56841666665,12660.870500000025
2023-01-19 12:00:00,0.0,140136.49888333323,0.0
2023-01-19 13:00:00,0.0,148821.99114999993,8590.91
2023-01-19 14:00:00,0.0,152291.75578333327,11192.122000000003
2023-01-19 15:00:00,0.0,137117.0192166666,10850.375666666676
2023-01-19 16:00:00,0.0,88258.93636666668,36274.79233333336
2023-01-19 17:00:00,0.0,53920.54816666675,27417.355666666695
2023-01-19 18:00:00,1306.3290000000022,63303.73650000008,612.8760000000008
2023-01-19 19:00:00,1658.782000000001,51129.99010000004,10990.535666666694
2023-01-19 20:00:00,0.0,45127.1494166667,10249.5276666667
2023-01-19 21:00:00,0.0,32905.28611666671,0.0
2023-01-19 22:00:00,0.0,15712.55113333335,0.0
2023-01-19 23:00:00,0.0,4882.98916666667,0.0
2023-01-20 00:00:00,0.0,2240.1155166666667,0.0
2023-01-20 01:00:00,0.0,6037.597750000005,0.0
2023-01-20 02:00:00,0.0,7747.586350000006,0.0
2023-01-20 03:00:00,0.0,9542.576316666675,0.0
2023-01-20 04:00:00,0.0,12161.33198333334,0.0
2023-01-20 05:00:00,0.0,18742.620466666685,461.4720000000008
2023-01-20 06:00:00,1613.7880000000016,29327.530783333394,10769.613000000028
2023-01-20 07:00:00,1336.325000000003,31670.557583333382,29395.474666666712
2023-01-20 08:00:00,0.0,43133.59765000002,29232.04633333337
2023-01-20 09:00:00,0.0,64091.09534999999,16709.026833333362
2023-01-20 10:00:00,8.261000000000006,69004.29036666667,12933.993500000037
2023-01-20 11:00:00,8.280000000000006,99713.59571666665,11956.664333333352
2023-01-20 12:00:00,0.0,144269.18198333326,0.0
2023-01-20 13:00:00,0.0,141325.5677666666,7937.791333333337
2023-01-20 14:00:00,0.0,151136.92543333324,10264.410666666678
2023-01-20 15:00:00,0.0,138190.2716166666,10852.294666666672
2023-01-20 16:00:00,0.0,100420.76761666665,32439.647666666708
2023-01-20 17:00:00,0.0,58211.91496666676,35107.047000000035
2023-01-20 18:00:00,1471.3070000000018,62286.40925000009,566.5000000000013
2023-01-20 19:00:00,1673.7800000000034,48920.070500000045,9200.577000000027
2023-01-20 20:00:00,0.0,43027.47183333337,10729.239666666695
2023-01-20 21:00:00,0.0,32014.182150000044,0.0
2023-01-20 22:00:00,0.0,12949.36235000001,0.0
2023-01-20 23:00:00,0.0,5274.732400000004,0.0
2023-01-21 00:00:00,0.0,2347.6123666666654,0.0
2023-01-21 01:00:00,0.0,5667.6002166666685,0.0
2023-01-21 02:00:00,0.0,8012.5845833333415,0.0
2023-01-21 03:00:00,0.0,9618.824750000009,0.0
2023-01-21 04:00:00,0.0,12066.466350000006,0.0
2023-01-21 05:00:00,0.0,18863.55326666668,421.7920000000005
2023-01-21 06:00:00,1381.319000000003,32605.36866666672,10372.246000000028
2023-01-21 07:00:00,1516.3010000000008,33799.46365000005,34094.611000000055
2023-01-21 08:00:00,0.0,34538.12928333334,27657.02133333336
2023-01-21 09:00:00,0.0,59641.922649999986,17503.677500000027
2023-01-21 10:00:00,8.268000000000006,77660.71819999997,17844.35000000004
2023-01-21 11:00:00,8.273000000000005,107407.40604999999,13158.039833333354
2023-01-21 12:00:00,0.0,137973.75929999998,0.0
2023-01-21 13:00:00,0.0,154590.4961666666,9032.669333333342
2023-01-21 14:00:00,0.0,143969.7419999999,9987.27900000001
2023-01-21 15:00:00,0.0,132896.60054999994,8638.074666666675
2023-01-21 16:00:00,0.0,94691.82741666667,33750.390333333366
2023-01-21 17:00:00,0.0,58301.61271666675,29302.130333333367
2023-01-21 18:00:00,1718.7740000000024,62587.85965000008,610.892000000001
2023-01-21 19:00:00,1478.8060000000023,48758.96600000004,10516.612666666691
2023-01-21 20:00:00,0.0,45097.842916666705,10351.133333333362
2023-01-21 21:00:00,0.0,33905.772133333376,0.0
2023-01-21 22:00:00,0.0,14175.038500000013,0.0
2023-01-21 23:00:00,0.0,4411.7342333333345,0.0
2023-01-22 00:00:00,0.0,0.0,0.0
2023-01-22 01:00:00,0.0,0.0,0.0
2023-01-22 02:00:00,0.0,0.0,0.0
2023-01-22 03:00:00,0.0,0.0,0.0
2023-01-22 04:00:00,0.0,281.99348333333313,0.0
2023-01-22 05:00:00,0.0,5838.576283333342,522.7279999999998
2023-01-22 06:00:00,1531.2990000000018,16579.13093333338,9950.556666666691
2023-01-22 07:00:00,1486.305000000002,14686.321533333377,42750.28300000007
2023-01-22 08:00:00,0.0,2379.2915999999996,31119.136666666695
2023-01-22 09:00:00,0.0,662.2436833333294,13744.912666666693
2023-01-22 10:00:00,8.264000000000006,621.939316666663,16723.972166666706
2023-01-22 11:00:00,8.277000000000006,602.858116666663,14710.192833333364
2023-01-22 12:00:00,0.0,695.9366833333296,0.0
2023-01-22 13:00:00,0.0,779.6742999999963,8544.73033333334
2023-01-22 14:00:00,0.0,709.5143333333297,7786.121666666662
2023-01-22 15:00:00,0.0,740.8507166666631,10162.04833333334
2023-01-22 16:00:00,0.0,2923.2155166666616,36720.7966666667
2023-01-22 17:00:00,0.0,32473.495466666747,24144.43366666669
2023-01-22 18:00:00,1471.3070000000014,46858.46800000008,609.6520000000011
2023-01-22 19:00:00,1606.2890000000039,35505.98105000003,10340.185333333364
2023-01-22 20:00:00,0.0,31905.0153166667,9831.44533333336
2023-01-22 21:00:00,0.0,21457.659483333373,0.0
2023-01-22 22:00:00,0.0,5116.405033333342,0.0
2023-01-22 23:00:00,0.0,363.80024999999966,0.0
2023-01-23 00:00:00,0.0,1855.1172666666662,0.0
2023-01-23 01:00:00,0.0,6082.597450000005,0.0
2023-01-23 02:00:00,0.0,9362.575583333339,0.0
2023-01-23 03:00:00,0.0,10132.571416666673,0.0
2023-01-23 04:00:00,0.0,10997.758150000009,0.0
2023-01-23 05:00:00,0.0,17754.666800000014,442.49999999999966
2023-01-23 06:00:00,1523.800000000002,32617.265683333393,10467.113333333358
2023-01-23 07:00:00,1613.7880000000023,30240.87453333338,45731.27066666672
2023-01-23 08:00:00,0.0,32913.37703333334,30791.302333333362
2023-01-23 09:00:00,0.0,57635.44568333333,15295.298333333367
2023-01-23 10:00:00,8.277000000000006,78205.78919999998,17170.43750000004
2023-01-23 11:00:00,8.264000000000005,104811.74983333329,12784.660666666688
2023-01-23 12:00:00,0.0,141134.33466666657,0.0
2023-01-23 13:00:00,0.0,131470.66408333325,7584.298333333332
2023-01-23 14:00:00,0.0,143306.0942333333,8986.869000000002
2023-01-23 15:00:00,0.0,148885.0191666666,9828.111333333338
2023-01-23 16:00:00,0.0,101138.53953333333,27589.206000000035
2023-01-23 17:00:00,0.0,59206.23571666676,27030.13933333337
2023-01-23 18:00:00,1673.7800000000009,61825.953400000086,593.7800000000018
2023-01-23 19:00:00,1283.832,49218.08116666671,10451.155666666693
2023-01-23 20:00:00,0.0,44909.14018333337,10302.829000000032
2023-01-23 21:00:00,0.0,33118.34455000004,0.0
2023-01-23 22:00:00,0.0,14620.894200000013,0.0
2023-01-23 23:00:00,0.0,5260.482216666671,0.0
2023-01-24 00:00:00,0.0,1802.6178833333322,0.0
2023-01-24 01:00:00,0.0,6422.595183333338,0.0
2023-01-24 02:00:00,0.0,9280.07613333334,0.0
2023-01-24 03:00:00,0.0,10505.068550000007,0.0
2023-01-24 04:00:00,0.0,11618.12795000001,0.0
2023-01-24 05:00:00,0.0,17266.094966666682,429.9760000000013
2023-01-24 06:00:00,1486.305000000004,33681.512400000065,10057.901333333355
2023-01-24 07:00:00,1756.2690000000016,28922.012900000045,35590.57800000006
2023-01-24 08:00:00,0.0,38838.48976666668,25883.32200000003
2023-01-24 09:00:00,0.0,60561.24106666666,14646.014333333358
2023-01-24 10:00:00,8.279000000000007,73424.96123333332,17980.32216666671
2023-01-24 11:00:00,8.262000000000006,118957.3115333333,14222.916833333358
2023-01-24 12:00:00,0.0,161202.4755666666,0.0
2023-01-24 13:00:00,0.0,146034.4821166666,5487.524333333335
2023-01-24 14:00:00,0.0,138208.4182166666,10711.02433333334
2023-01-24 15:00:00,0.0,124469.53604999997,8135.79633333334
2023-01-24 16:00:00,0.0,85584.37356666666,37176.909666666696
2023-01-24 17:00:00,0.0,56794.94825000009,31803.209333333365
2023-01-24 18:00:00,1471.3070000000034,60016.618733333424,693.3520000000003
2023-01-24 19:00:00,1381.3190000000025,47627.230583333374,10626.676333333364
2023-01-24 20:00:00,0.0,45206.76420000004,10246.196333333359
2023-01-24 21:00:00,0.0,33634.267233333376,0.0
2023-01-24 22:00:00,0.0,14711.641300000014,0.0
2023-01-24 23:00:00,0.0,4631.399750000002,0.0
2023-01-25 00:00:00,0.0,1675.1182500000007,0.0
2023-01-25 01:00:00,0.0,5885.0987666666715,0.0
2023-01-25 02:00:00,0.0,8672.580183333339,0.0
2023-01-25 03:00:00,0.0,9442.575700000005,0.0
2023-01-25 04:00:00,0.0,11203.350216666673,0.0
2023-01-25 05:00:00,0.0,16592.08233333335,447.21200000000084
2023-01-25 06:00:00,1553.7960000000032,33671.630683333395,10424.055666666693
2023-01-25 07:00:00,1636.2849999999996,28563.275083333378,38375.67900000006
2023-01-25 08:00:00,0.0,36460.12641666667,37036.12233333336
2023-01-25 09:00:00,0.0,79209.27989999996,15191.149000000029
2023-01-25 10:00:00,8.272000000000006,75545.88918333329,17794.521666666704
2023-01-25 11:00:00,8.269000000000005,104523.33204999998,15082.594500000025
2023-01-25 12:00:00,0.0,152578.5789999999,0.0
2023-01-25 13:00:00,0.0,147904.72793333326,8137.455000000004
2023-01-25 14:00:00,0.0,136861.25646666664,9721.257000000001
2023-01-25 15:00:00,0.0,125262.75243333331,8636.537666666663
2023-01-25 16:00:00,0.0,84916.80963333334,25007.049000000028
2023-01-25 17:00:00,0.0,57398.48946666675,25443.214333333373
2023-01-25 18:00:00,1516.301000000001,62238.48160000009,614.2400000000013
2023-01-25 19:00:00,1388.8180000000034,49716.88860000005,10319.013000000026
2023-01-25 20:00:00,0.0,45004.07623333338,10164.578666666697
2023-01-25 21:00:00,0.0,34184.58025000004,0.0
2023-01-25 22:00:00,0.0,13751.265566666683,0.0
2023-01-25 23:00:00,0.0,4143.492233333335,0.0
2023-01-26 00:00:00,0.0,3080.1083166666695,0.0
2023-01-26 01:00:00,0.0,7165.090233333337,0.0
2023-01-26 02:00:00,0.0,9977.57148333334,0.0
2023-01-26 03:00:00,0.0,11159.564466666674,0.0
2023-01-26 04:00:00,0.0,12057.798583333339,0.0
2023-01-26 05:00:00,0.0,18914.74233333335,436.672000000001
2023-01-26 06:00:00,1403.8160000000034,31089.65013333339,10211.89600000003
2023-01-26 07:00:00,1523.800000000003,29642.311800000043,48560.176000000065
2023-01-26 08:00:00,0.0,41139.591883333334,40823.3506666667
2023-01-26 09:00:00,0.0,61720.446366666656,15641.661833333364
2023-01-26 10:00:00,8.269000000000005,83698.53598333328,16939.403833333366
2023-01-26 11:00:00,8.272000000000006,114373.99518333329,13131.903000000026
2023-01-26 12:00:00,0.0,139708.17066666659,0.0
2023-01-26 13:00:00,0.0,144596.1802833333,8776.217333333338
2023-01-26 14:00:00,0.0,144454.16968333328,8985.850000000006
2023-01-26 15:00:00,0.0,135977.76594999994,9169.515666666672
2023-01-26 16:00:00,0.0,84973.44291666668,19070.77300000003
2023-01-26 17:00:00,0.0,58193.909833333426,20707.596333333368
2023-01-26 18:00:00,1703.7760000000035,61573.79728333343,595.6400000000009
2023-01-26 19:00:00,1463.808000000003,48507.86250000004,10053.017000000025
2023-01-26 20:00:00,0.0,43885.572983333375,10177.90400000003
2023-01-26 21:00:00,0.0,31562.21261666671,0.0
2023-01-26 22:00:00,0.0,13307.189683333349,0.0
2023-01-26 23:00:00,0.0,4436.488816666666,0.0
2023-01-27 00:00:00,0.0,2102.616283333333,0.0
2023-01-27 01:00:00,0.0,6795.092700000005,0.0
2023-01-27 02:00:00,0.0,8965.07823333334,0.0
2023-01-27 03:00:00,0.0,11327.563250000005,0.0
2023-01-27 04:00:00,0.0,12104.109800000006,0.0
2023-01-27 05:00:00,0.0,16815.410733333345,439.0280000000013
2023-01-27 06:00:00,1628.7860000000014,28831.210466666722,9965.797666666695
2023-01-27 07:00:00,1643.7840000000026,31986.616650000047,26382.79433333339
2023-01-27 08:00:00,0.0,46462.992549999995,29182.816000000035
2023-01-27 09:00:00,0.0,76453.69991666664,16933.142333333362
2023-01-27 10:00:00,8.271000000000006,73467.14241666665,16310.133666666701
2023-01-27 11:00:00,8.270000000000005,105680.83238333334,13945.012500000023
2023-01-27 12:00:00,0.0,149185.68021666657,0.0
2023-01-27 13:00:00,0.0,143362.16794999997,5862.837666666666
2023-01-27 14:00:00,0.0,122493.91426666663,10562.844666666671
2023-01-27 15:00:00,0.0,123793.42284999997,9453.004666666671
2023-01-27 16:00:00,0.0,92622.5469,38082.379666666704
2023-01-27 17:00:00,0.0,66755.06623333342,36296.80700000004
2023-01-27 18:00:00,1418.8140000000026,60723.794700000086,626.6400000000006
2023-01-27 19:00:00,1403.816000000003,50163.57368333337,9371.37433333336
2023-01-27 20:00:00,0.0,45454.57395000004,10605.98033333336
2023-01-27 21:00:00,0.0,34643.31868333338,0.0
2023-01-27 22:00:00,0.0,15473.941300000017,0.0
2023-01-27 23:00:00,0.0,4946.399416666669,0.0
2023-01-28 00:00:00,0.0,2262.614999999998,0.0
2023-01-28 01:00:00,0.0,6435.095100000006,0.0
2023-01-28 02:00:00,0.0,9625.073833333341,0.0
2023-01-28 03:00:00,0.0,11115.064266666674,0.0
2023-01-28 04:00:00,0.0,12112.38013333334,0.0
2023-01-28 05:00:00,0.0,17631.80691666668,491.60400000000107
2023-01-28 06:00:00,1486.305000000002,33129.528350000066,9235.558000000034
2023-01-28 07:00:00,1538.7980000000016,31971.39333333338,34586.585333333394
2023-01-28 08:00:00,0.0,41555.42903333334,34218.42333333337
2023-01-28 09:00:00,0.0,57994.47108333332,12109.856166666686
2023-01-28 10:00:00,8.268000000000006,78276.81139999996,16374.860166666702
2023-01-28 11:00:00,8.273000000000007,108820.74504999995,12753.080166666698
2023-01-28 12:00:00,0.0,141009.5039666666,0.0
2023-01-28 13:00:00,0.0,150075.1576666666,7353.207666666668
2023-01-28 14:00:00,0.0,137908.01713333325,11335.102000000008
2023-01-28 15:00:00,0.0,129650.8663833333,10691.329666666674
2023-01-28 16:00:00,0.0,88528.84666666666,28451.836000000032
2023-01-28 17:00:00,0.0,62296.484950000086,37083.17000000003
2023-01-28 18:00:00,1628.786000000002,59817.58238333342,619.6960000000014
2023-01-28 19:00:00,1441.3110000000008,50222.0208166667,11009.11700000003
2023-01-28 20:00:00,0.0,45967.24590000004,10645.956333333363
2023-01-28 21:00:00,0.0,33708.480066666714,0.0
2023-01-28 22:00:00,0.0,14291.50616666668,0.0
2023-01-28 23:00:00,0.0,4449.315850000004,0.0
2023-01-29 00:00:00,0.0,0.0,0.0
2023-01-29 01:00:00,0.0,0.0,0.0
2023-01-29 02:00:00,0.0,0.0,0.0
2023-01-29 03:00:00,0.0,0.0,0.0
2023-01-29 04:00:00,0.0,240.31031666666638,0.0
2023-01-29 05:00:00,0.0,4726.294700000009,478.7080000000009
2023-01-29 06:00:00,1561.2950000000023,20224.676250000055,9580.697000000027
2023-01-29 07:00:00,1501.3030000000028,13685.662200000043,39598.07133333339
2023-01-29 08:00:00,0.0,1645.8148333333322,33457.04600000003
2023-01-29 09:00:00,0.0,601.6601833333308,13019.859666666685
2023-01-29 10:00:00,8.279000000000005,576.35513333333,16352.92733333337
2023-01-29 11:00:00,8.262000000000006,629.2664666666628,13771.630666666695
2023-01-29 12:00:00,0.0,514.8584166666642,0.0
2023-01-29 13:00:00,0.0,566.8564166666644,8878.217333333338
2023-01-29 14:00:00,0.0,719.8449833333301,10683.865666666676
2023-01-29 15:00:00,0.0,673.5221166666636,8493.696333333333
2023-01-29 16:00:00,0.0,2966.224199999997,28689.90500000003
2023-01-29 17:00:00,0.0,31917.63500000008,27403.789000000037
2023-01-29 18:00:00,1538.7980000000034,45193.31091666674,625.8960000000006
2023-01-29 19:00:00,1493.8040000000035,35773.58410000004,10455.11833333336
2023-01-29 20:00:00,0.0,32733.622133333367,10257.856000000027
2023-01-29 21:00:00,0.0,21782.916950000035,0.0
2023-01-29 22:00:00,0.0,5068.487516666675,0.0
2023-01-29 23:00:00,0.0,340.9680999999996,0.0
2023-01-30 00:00:00,0.0,2315.1145333333343,0.0
2023-01-30 01:00:00,0.0,6035.097766666671,0.0
2023-01-30 02:00:00,0.0,7892.58538333334,0.0
2023-01-30 03:00:00,0.0,10140.071550000008,0.0
2023-01-30 04:00:00,0.0,10506.442100000007,0.0
2023-01-30 05:00:00,0.0,16720.298016666682,500.7800000000005
2023-01-30 06:00:00,1508.8020000000013,31872.068950000055,10377.617000000022
2023-01-30 07:00:00,1531.2990000000018,33614.16980000005,44587.71966666672
2023-01-30 08:00:00,0.0,46505.50103333335,25694.58033333336
2023-01-30 09:00:00,0.0,63205.03313333332,12992.11266666669
2023-01-30 10:00:00,8.273000000000007,68640.55868333334,19721.531500000045
2023-01-30 11:00:00,8.268000000000006,108617.67483333334,14148.01616666669
2023-01-30 12:00:00,0.0,139138.34824999992,0.0
2023-01-30 13:00:00,0.0,138097.1668666666,6516.1290000000035
2023-01-30 14:00:00,0.0,140275.84408333324,10213.204000000007
2023-01-30 15:00:00,0.0,143611.36569999994,10188.912666666674
2023-01-30 16:00:00,0.0,92695.30166666667,25013.202000000027
2023-01-30 17:00:00,0.0,59396.79436666675,29524.748666666706
2023-01-30 18:00:00,1501.3030000000017,63757.34158333342,563.8960000000018
2023-01-30 19:00:00,1553.7960000000012,49638.312950000036,10676.522333333362
2023-01-30 20:00:00,0.0,44831.18886666671,10061.307333333363
2023-01-30 21:00:00,0.0,34748.314650000044,0.0
2023-01-30 22:00:00,0.0,15672.418016666677,0.0
2023-01-30 23:00:00,0.0,4767.908000000003,0.0
2023-01-31 00:00:00,0.0,2142.6174499999993,0.0
2023-01-31 01:00:00,0.0,5017.604550000004,0.0
2023-01-31 02:00:00,0.0,7415.088566666673,0.0
2023-01-31 03:00:00,0.0,9547.575066666674,0.0
2023-01-31 04:00:00,0.0,11071.794316666677,0.0
2023-01-31 05:00:00,0.0,17630.86668333335,478.5840000000012
2023-01-31 06:00:00,1463.8080000000025,32092.121400000062,9998.13900000003
2023-01-31 07:00:00,1531.299000000002,30897.350566666715,31210.695000000047
2023-01-31 08:00:00,0.0,37759.72025000001,39689.437000000034
2023-01-31 09:00:00,0.0,53081.01310000001,16485.1051666667
2023-01-31 10:00:00,8.272000000000006,67531.63193333334,18286.909000000036
2023-01-31 11:00:00,8.269000000000005,116467.99769999998,12326.430333333354
2023-01-31 12:00:00,0.0,139996.9093499999,0.0
2023-01-31 13:00:00,0.0,143743.72569999992,5541.357666666665
2023-01-31 14:00:00,0.0,146474.88674999995,10699.139000000003
2023-01-31 15:00:00,0.0,144678.7551666666,8543.74533333334
2023-01-31 16:00:00,0.0,99280.06286666666,34893.16533333337
2023-01-31 17:00:00,0.0,62602.958033333416,23506.20900000003
2023-01-31 18:00:00,1583.792000000001,61664.97213333342,625.6480000000009
2023-01-31 19:00:00,1516.3010000000022,49304.7120166667,9784.076666666693
2023-01-31 20:00:00,0.0,46075.581583333376,11372.187000000025
2023-01-31 21:00:00,0.0,34094.45068333338,0.0
2023-01-31 22:00:00,0.0,14521.634483333346,0.0
2023-01-31 23:00:00,0.0,5226.482033333336,0.0
2023-02-01 00:00:00,0.0,2590.112133333335,0.0
2023-02-01 01:00:00,0.0,6330.0958000000055,0.0
2023-02-01 02:00:00,0.0,9355.075633333341,0.0
2023-02-01 03:00:00,0.0,10102.570666666676,0.0
2023-02-01 04:00:00,0.0,12615.304183333341,0.0
2023-02-01 05:00:00,0.0,17737.789100000016,507.84800000000047
2023-02-01 06:00:00,1486.3050000000019,30010.88321666672,10201.480000000029
2023-02-01 07:00:00,1651.2830000000026,32535.880250000053,38208.73566666671
2023-02-01 08:00:00,0.0,45071.62711666667,19321.425333333373
2023-02-01 09:00:00,0.0,59716.70373333332,14853.130666666691
2023-02-01 10:00:00,8.270000000000005,72223.38919999999,16048.373166666708
2023-02-01 11:00:00,8.271000000000006,103062.23731666664,14649.670500000026
2023-02-01 12:00:00,0.0,145212.24106666658,0.0
2023-02-01 13:00:00,0.0,151590.23819999993,6698.430333333336
2023-02-01 14:00:00,0.0,132332.33099999995,9528.123333333333
2023-02-01 15:00:00,0.0,134908.59291666662,10457.182000000008
2023-02-01 16:00:00,0.0,101299.36599999997,38886.750333333366
2023-02-01 17:00:00,0.0,59738.09083333342,31507.22900000004
2023-02-01 18:00:00,1568.7940000000024,62644.109383333416,572.9480000000013
2023-02-01 19:00:00,1388.8180000000032,49453.9605166667,9530.904666666696
2023-02-01 20:00:00,0.0,45256.254033333375,10089.623666666694
2023-02-01 21:00:00,0.0,33046.35523333338,0.0
2023-02-01 22:00:00,0.0,14993.63085000002,0.0
2023-02-01 23:00:00,0.0,4309.7399000000005,0.0
2023-02-02 00:00:00,0.0,2545.1130333333344,0.0
2023-02-02 01:00:00,0.0,6422.595183333339,0.0
2023-02-02 02:00:00,0.0,8960.078266666673,0.0
2023-02-02 03:00:00,0.0,10346.320050000006,0.0
2023-02-02 04:00:00,0.0,10795.654900000005,0.0
2023-02-02 05:00:00,0.0,15975.378300000017,421.9160000000006
2023-02-02 06:00:00,1538.7980000000023,31290.548950000055,10010.785333333362
2023-02-02 07:00:00,1516.3010000000006,31526.126983333383,30504.115000000056
2023-02-02 08:00:00,0.0,55009.06943333332,28578.005333333364
2023-02-02 09:00:00,0.0,62062.1900833333,14613.358500000024
2023-02-02 10:00:00,8.263000000000005,66288.97304999997,17807.3481666667
2023-02-02 11:00:00,8.278000000000006,107042.34378333329,12651.266500000023
2023-02-02 12:00:00,0.0,135927.5963333333,0.0
2023-02-02 13:00:00,0.0,151597.57118333326,5752.510333333332
2023-02-02 14:00:00,0.0,152793.41261666658,7155.531000000002
2023-02-02 15:00:00,0.0,136052.68236666662,9696.931666666671
2023-02-02 16:00:00,0.0,87593.9072,38074.5306666667
2023-02-02 17:00:00,0.0,58486.49796666676,32683.992666666698
2023-02-02 18:00:00,1441.3110000000038,62253.52106666675,621.9280000000005
2023-02-02 19:00:00,1598.7900000000025,49927.37118333337,9918.368333333363
2023-02-02 20:00:00,0.0,43767.440300000046,10734.236666666697
2023-02-02 21:00:00,0.0,33867.286466666716,0.0
2023-02-02 22:00:00,0.0,14838.078966666682,0.0
2023-02-02 23:00:00,0.0,4588.240583333336,0.0
2023-02-03 00:00:00,0.0,2120.1161333333334,0.0
2023-02-03 01:00:00,0.0,6490.094733333338,0.0
2023-02-03 02:00:00,0.0,8285.082766666672,0.0
2023-02-03 03:00:00,0.0,9882.57320000001,0.0
2023-02-03 04:00:00,0.0,10676.484116666674,0.0
2023-02-03 05:00:00,0.0,16741.899733333354,503.2600000000012
2023-02-03 06:00:00,1801.2630000000026,28522.569400000055,10750.780000000024
2023-02-03 07:00:00,1538.7980000000018,33718.60740000005,38190.916000000056
2023-02-03 08:00:00,0.0,46894.08725000001,30092.070333333366
2023-02-03 09:00:00,0.0,62104.174499999994,16043.162833333367
2023-02-03 10:00:00,8.269000000000007,74054.63749999997,17922.93650000004
2023-02-03 11:00:00,8.272000000000006,113310.32409999995,11763.230166666694
2023-02-03 12:00:00,0.0,136365.65509999995,0.0
2023-02-03 13:00:00,0.0,135009.73439999996,6823.736666666667
2023-02-03 14:00:00,0.0,146472.4055499999,8671.868000000004
2023-02-03 15:00:00,0.0,131652.8444666666,10982.662000000008
2023-02-03 16:00:00,0.0,101092.53643333333,23947.09600000003
2023-02-03 17:00:00,0.0,60184.04086666676,33457.73733333337
2023-02-03 18:00:00,1283.8320000000017,61961.110700000085,565.8800000000016
2023-02-03 19:00:00,1471.3070000000034,47394.358650000046,10275.006000000023
2023-02-03 20:00:00,0.0,44086.075100000045,9944.710666666693
2023-02-03 21:00:00,0.0,32073.96028333338,0.0
2023-02-03 22:00:00,0.0,13433.000400000015,0.0
2023-02-03 23:00:00,0.0,4709.06206666667,0.0
2023-02-04 00:00:00,0.0,3160.108766666669,0.0
2023-02-04 01:00:00,0.0,7720.086533333339,0.0
2023-02-04 02:00:00,0.0,9325.075833333336,0.0
2023-02-04 03:00:00,0.0,10455.068816666671,0.0
2023-02-04 04:00:00,0.0,11919.11146666667,0.0
2023-02-04 05:00:00,0.0,16911.960300000013,464.3240000000009
2023-02-04 06:00:00,1381.319000000003,29870.141633333387,10016.80400000003
2023-02-04 07:00:00,1531.2990000000025,29529.811600000052,41820.10700000005
2023-02-04 08:00:00,0.0,44225.56941666668,33834.058000000034
2023-02-04 09:00:00,0.0,60853.641016666654,15820.370166666693
2023-02-04 10:00:00,8.270000000000007,57497.04681666668,14502.643166666696
2023-02-04 11:00:00,8.271000000000006,101876.98758333329,14835.962833333357
2023-02-04 12:00:00,0.0,151997.0120999999,0.0
2023-02-04 13:00:00,0.0,159826.97029999993,8462.096666666675
2023-02-04 14:00:00,0.0,151758.22046666656,10499.854666666673
2023-02-04 15:00:00,0.0,133289.91733333332,10836.970333333342
2023-02-04 16:00:00,0.0,91995.42906666666,21735.90266666669
2023-02-04 17:00:00,0.0,61719.40508333342,26075.446333333366
2023-02-04 18:00:00,1613.7879999999996,60057.678966666754,627.8800000000007
2023-02-04 19:00:00,1568.7940000000033,46276.105666666714,10941.396666666693
2023-02-04 20:00:00,0.0,44177.47503333337,9616.574333333361
2023-02-04 21:00:00,0.0,32489.26533333338,0.0
2023-02-04 22:00:00,0.0,13756.11691666668,0.0
2023-02-04 23:00:00,0.0,4413.737550000002,0.0
2023-02-05 00:00:00,0.0,0.0,0.0
2023-02-05 01:00:00,0.0,0.0,0.0
2023-02-05 02:00:00,0.0,0.0,0.0
2023-02-05 03:00:00,0.0,0.0,0.0
2023-02-05 04:00:00,0.0,269.7076333333331,0.0
2023-02-05 05:00:00,0.0,4883.022466666676,406.2920000000008
2023-02-05 06:00:00,1726.2730000000015,17161.386766666725,10898.267333333359
2023-02-05 07:00:00,1576.2930000000026,14516.595616666711,43084.97133333339
2023-02-05 08:00:00,0.0,1580.817749999998,32725.560000000034
2023-02-05 09:00:00,0.0,622.725566666663,14841.289166666695
2023-02-05 10:00:00,8.265000000000006,633.93503333333,19338.065666666713
2023-02-05 11:00:00,8.276000000000005,771.09563333333,15561.892333333362
2023-02-05 12:00:00,0.0,706.1855666666632,0.0
2023-02-05 13:00:00,0.0,605.605549999997,6416.271666666663
2023-02-05 14:00:00,0.0,561.2732499999969,9336.147333333334
2023-02-05 15:00:00,0.0,652.1861333333297,9787.270000000006
2023-02-05 16:00:00,0.0,3386.8738833333327,22880.683333333363
2023-02-05 17:00:00,0.0,33211.482183333406,24675.764666666695
2023-02-05 18:00:00,1381.3190000000025,45234.981283333414,585.3480000000015
2023-02-05 19:00:00,1411.315000000002,34441.507533333366,10344.135000000018
2023-02-05 20:00:00,0.0,31659.94275000003,9994.680666666694
2023-02-05 21:00:00,0.0,21786.1228666667,0.0
2023-02-05 22:00:00,0.0,5284.560566666673,0.0
2023-02-05 23:00:00,0.0,383.6338333333329,0.0
2023-02-06 00:00:00,0.0,1965.1168833333331,0.0
2023-02-06 01:00:00,0.0,7012.591250000005,0.0
2023-02-06 02:00:00,0.0,9752.57298333334,0.0
2023-02-06 03:00:00,0.0,11142.56398333334,0.0
2023-02-06 04:00:00,0.0,11683.034900000006,0.0
2023-02-06 05:00:00,0.0,16529.49063333335,473.62400000000014
2023-02-06 06:00:00,1486.3050000000037,33949.89158333339,10361.846666666692
2023-02-06 07:00:00,1471.3070000000018,31933.043916666713,36622.753000000055
2023-02-06 08:00:00,0.0,42341.17261666667,26608.136666666705
2023-02-06 09:00:00,0.0,62691.19706666664,14004.782166666691
2023-02-06 10:00:00,8.274000000000006,82766.96406666662,16074.926000000036
2023-02-06 11:00:00,8.267000000000007,104126.41838333331,12041.871666666684
2023-02-06 12:00:00,0.0,137718.3452666666,0.0
2023-02-06 13:00:00,0.0,143804.81854999994,8762.568666666673
2023-02-06 14:00:00,0.0,144703.65706666658,10098.107333333342
2023-02-06 15:00:00,0.0,128315.60339999995,11547.56800000001
2023-02-06 16:00:00,0.0,92548.26936666665,33728.20566666669
2023-02-06 17:00:00,0.0,58195.90988333342,34741.46333333336
2023-02-06 18:00:00,1553.7960000000032,60669.084500000085,618.9520000000008
2023-02-06 19:00:00,1583.7920000000036,46645.70413333337,10152.931000000026
2023-02-06 20:00:00,0.0,43157.046400000036,10665.944333333366
2023-02-06 21:00:00,0.0,33073.90851666671,0.0
2023-02-06 22:00:00,0.0,14434.993633333348,0.0
2023-02-06 23:00:00,0.0,5108.569066666671,0.0
2023-02-07 00:00:00,0.0,2087.6147666666657,0.0
2023-02-07 01:00:00,0.0,6045.097700000004,0.0
2023-02-07 02:00:00,0.0,8970.078200000004,0.0
2023-02-07 03:00:00,0.0,10109.821183333337,0.0
2023-02-07 04:00:00,0.0,10913.415783333341,0.0
2023-02-07 05:00:00,0.0,16205.753366666682,420.6760000000014
2023-02-07 06:00:00,1636.2850000000024,29712.55528333339,10718.090333333364
2023-02-07 07:00:00,1373.820000000003,30512.801850000054,26124.718000000055
2023-02-07 08:00:00,0.0,34660.06416666668,31209.46433333337
2023-02-07 09:00:00,0.0,57939.0445,13282.721166666688
2023-02-07 10:00:00,8.265000000000006,79108.97026666667,18960.01000000004
2023-02-07 11:00:00,8.276000000000007,114652.48216666664,13759.024166666695
2023-02-07 12:00:00,0.0,131205.66098333325,0.0
2023-02-07 13:00:00,0.0,137958.4880666666,8322.244333333336
2023-02-07 14:00:00,0.0,147740.65754999992,9360.110333333334
2023-02-07 15:00:00,0.0,148841.17371666656,8006.136666666668
2023-02-07 16:00:00,0.0,97028.2657333333,38634.033000000025
2023-02-07 17:00:00,0.0,62879.112216666756,35416.98100000003
2023-02-07 18:00:00,1531.299000000004,59782.38215000008,580.1400000000012
2023-02-07 19:00:00,1553.7960000000035,49489.33235000004,10084.825666666693
2023-02-07 20:00:00,0.0,44293.23575000004,10107.946000000029
2023-02-07 21:00:00,0.0,32363.694583333374,0.0
2023-02-07 22:00:00,0.0,13760.221666666679,0.0
2023-02-07 23:00:00,0.0,4702.992083333336,0.0
2023-02-08 00:00:00,0.0,1795.1177833333331,0.0
2023-02-08 01:00:00,0.0,5722.599850000005,0.0
2023-02-08 02:00:00,0.0,8850.079000000009,0.0
2023-02-08 03:00:00,0.0,10850.066516666675,0.0
2023-02-08 04:00:00,0.0,11928.216616666676,0.0
2023-02-08 05:00:00,0.0,18264.569966666684,486.52000000000055
2023-02-08 06:00:00,1748.7700000000032,29984.197166666723,11160.22500000003
2023-02-08 07:00:00,1351.3230000000017,31946.588033333384,41442.54600000006
2023-02-08 08:00:00,0.0,38699.456383333345,21857.20366666669
2023-02-08 09:00:00,0.0,62940.2555333333,14102.57900000002
2023-02-08 10:00:00,8.276000000000007,67177.05783333333,18743.130166666702
2023-02-08 11:00:00,8.265000000000006,108020.34104999999,13442.715833333366
2023-02-08 12:00:00,0.0,138802.8304999999,0.0
2023-02-08 13:00:00,0.0,137195.2450666666,6954.398333333336
2023-02-08 14:00:00,0.0,158586.40371666662,9572.576333333334
2023-02-08 15:00:00,0.0,137702.27199999994,8067.779333333332
2023-02-08 16:00:00,0.0,91448.24873333334,29078.234333333363
2023-02-08 17:00:00,0.0,58666.58828333342,37433.05266666671
2023-02-08 18:00:00,1313.828000000003,63141.51543333342,577.2880000000016
2023-02-08 19:00:00,1681.2790000000005,49902.97110000004,10045.784333333359
2023-02-08 20:00:00,0.0,45348.60048333338,10234.536666666692
2023-02-08 21:00:00,0.0,33447.785216666714,0.0
2023-02-08 22:00:00,0.0,14240.75478333335,0.0
2023-02-08 23:00:00,0.0,4268.321633333335,0.0
2023-02-09 00:00:00,0.0,1837.615816666665,0.0
2023-02-09 01:00:00,0.0,6492.59471666667,0.0
2023-02-09 02:00:00,0.0,9292.576050000003,0.0
2023-02-09 03:00:00,0.0,11486.561683333337,0.0
2023-02-09 04:00:00,0.0,12894.601583333337,0.0
2023-02-09 05:00:00,0.0,17623.833866666682,434.31600000000026
2023-02-09 06:00:00,1606.2890000000032,32776.65696666673,10552.39333333336
2023-02-09 07:00:00,1523.800000000004,33389.149450000055,33895.810000000056
2023-02-09 08:00:00,0.0,35936.565966666676,23042.512333333358
2023-02-09 09:00:00,0.0,59963.53423333334,14506.89983333336
2023-02-09 10:00:00,8.265000000000006,84201.38346666664,17831.632166666714
2023-02-09 11:00:00,8.276000000000005,110971.14809999998,13901.048833333361
2023-02-09 12:00:00,0.0,144329.48574999993,0.0
2023-02-09 13:00:00,0.0,138604.23731666664,5780.170000000001
2023-02-09 14:00:00,0.0,147765.47449999995,10373.546333333343
2023-02-09 15:00:00,0.0,140127.32893333325,10829.628000000008
2023-02-09 16:00:00,0.0,86797.10511666667,34686.59500000002
2023-02-09 17:00:00,0.0,58809.51613333342,35111.59433333336
2023-02-09 18:00:00,1508.8020000000029,62527.00823333343,671.0319999999999
2023-02-09 19:00:00,1456.309000000001,49693.31818333337,9999.69533333336
2023-02-09 20:00:00,0.0,44432.47696666671,10154.584666666691
2023-02-09 21:00:00,0.0,31090.042633333374,0.0
2023-02-09 22:00:00,0.0,12947.48980000001,0.0
2023-02-09 23:00:00,0.0,4441.488433333335,0.0
2023-02-10 00:00:00,0.0,2605.112833333335,0.0
2023-02-10 01:00:00,0.0,7032.591116666674,0.0
2023-02-10 02:00:00,0.0,9477.574816666674,0.0
2023-02-10 03:00:00,0.0,9439.07605000001,0.0
2023-02-10 04:00:00,0.0,10982.596150000007,0.0
2023-02-10 05:00:00,0.0,18454.630116666685,438.90400000000125
2023-02-10 06:00:00,1493.804000000004,31019.24355000006,9769.106333333359
2023-02-10 07:00:00,1606.2890000000007,27732.775733333376,30563.950333333392
2023-02-10 08:00:00,0.0,29643.11638333334,32372.776333333364
2023-02-10 09:00:00,0.0,51839.21265,16330.454166666692
2023-02-10 10:00:00,8.267000000000007,75015.12846666666,19972.603666666706
2023-02-10 11:00:00,8.274000000000006,110729.98224999994,13765.239500000023
2023-02-10 12:00:00,0.0,145461.33226666658,0.0
2023-02-10 13:00:00,0.0,163747.64864999993,7291.842333333333
2023-02-10 14:00:00,0.0,134204.25934999998,8303.56866666667
2023-02-10 15:00:00,0.0,139790.59858333328,7556.8623333333435
2023-02-10 16:00:00,0.0,102014.33808333334,33672.30600000003
2023-02-10 17:00:00,0.0,65817.32858333342,27802.33433333336
2023-02-10 18:00:00,1568.7940000000021,58045.061066666756,614.6120000000012
2023-02-10 19:00:00,1426.3130000000033,48203.39818333337,10098.845000000025
2023-02-10 20:00:00,0.0,44858.084333333376,10745.896333333361
2023-02-10 21:00:00,0.0,33835.42191666671,0.0
2023-02-10 22:00:00,0.0,14541.937183333348,0.0
2023-02-10 23:00:00,0.0,5070.1480666666685,0.0
2023-02-11 00:00:00,0.0,2652.612750000001,0.0
2023-02-11 01:00:00,0.0,7520.087866666673,0.0
2023-02-11 02:00:00,0.0,8762.57958333334,0.0
2023-02-11 03:00:00,0.0,9525.076500000006,0.0
2023-02-11 04:00:00,0.0,10325.418516666672,0.0
2023-02-11 05:00:00,0.0,16068.06636666668,448.20400000000075
2023-02-11 06:00:00,1463.8080000000014,30117.219283333387,9241.721000000025
2023-02-11 07:00:00,1478.8060000000023,29451.231233333383,33120.71400000007
2023-02-11 08:00:00,0.0,34802.81331666668,21606.72666666671
2023-02-11 09:00:00,0.0,53280.36746666668,14835.025833333359
2023-02-11 10:00:00,8.261000000000006,73050.95413333332,15193.666500000038
2023-02-11 11:00:00,8.280000000000005,111721.4830333333,13323.854666666692
2023-02-11 12:00:00,0.0,139289.5764666666,0.0
2023-02-11 13:00:00,0.0,149091.72873333326,7753.002000000006
2023-02-11 14:00:00,0.0,161747.65044999993,10520.189000000006
2023-02-11 15:00:00,0.0,137302.7062166666,8731.056666666671
2023-02-11 16:00:00,0.0,90651.67568333333,42886.5526666667
2023-02-11 17:00:00,0.0,60627.77706666676,34980.234000000026
2023-02-11 18:00:00,1583.7920000000015,61796.06165000008,605.1880000000017
2023-02-11 19:00:00,1568.7940000000008,48713.276266666704,10068.918666666685
2023-02-11 20:00:00,0.0,43660.590050000035,10467.730000000027
2023-02-11 21:00:00,0.0,33841.61933333338,0.0
2023-02-11 22:00:00,0.0,14116.897533333347,0.0
2023-02-11 23:00:00,0.0,4304.650700000002,0.0
2023-02-12 00:00:00,0.0,0.0,0.0
2023-02-12 01:00:00,0.0,0.0,0.0
2023-02-12 02:00:00,0.0,0.0,0.0
2023-02-12 03:00:00,0.0,0.0,0.0
2023-02-12 04:00:00,0.0,263.1308999999997,0.0
2023-02-12 05:00:00,0.0,5033.452433333343,489.62000000000063
2023-02-12 06:00:00,1771.2670000000016,18757.423000000053,10407.64500000003
2023-02-12 07:00:00,1606.289000000003,13940.754900000044,25729.116000000053
2023-02-12 08:00:00,0.0,1698.6992166666635,30970.482333333366
2023-02-12 09:00:00,0.0,674.1147999999962,14561.444833333355
2023-02-12 10:00:00,8.274000000000006,656.0124499999966,16274.565500000033
2023-02-12 11:00:00,8.267000000000007,615.3521666666634,14545.280833333356
2023-02-12 12:00:00,0.0,682.0987666666631,0.0
2023-02-12 13:00:00,0.0,734.7613666666631,7002.5480000000025
2023-02-12 14:00:00,0.0,646.8513833333296,9361.491666666672
2023-02-12 15:00:00,0.0,595.6061166666636,11124.640000000007
2023-02-12 16:00:00,0.0,2857.2114833333317,37976.44100000003
2023-02-12 17:00:00,0.0,33015.85248333341,27403.574666666704
2023-02-12 18:00:00,1336.3250000000044,44667.031450000075,617.5880000000009
2023-02-12 19:00:00,1381.3190000000022,34681.27735000004,10031.955666666696
2023-02-12 20:00:00,0.0,32402.424366666703,10476.05833333336
2023-02-12 21:00:00,0.0,21728.26853333337,0.0
2023-02-12 22:00:00,0.0,5412.0906000000095,0.0
2023-02-12 23:00:00,0.0,424.21731666666614,0.0
2023-02-13 00:00:00,0.0,2270.1148166666662,0.0
2023-02-13 01:00:00,0.0,5220.103200000005,0.0
2023-02-13 02:00:00,0.0,7202.589983333341,0.0
2023-02-13 03:00:00,0.0,9435.076250000006,0.0
2023-02-13 04:00:00,0.0,11702.917000000009,0.0
2023-02-13 05:00:00,0.0,18537.861250000016,451.0560000000009
2023-02-13 06:00:00,1366.321000000002,33743.48653333339,9955.03533333336
2023-02-13 07:00:00,1703.776000000004,32071.896033333378,41279.643000000055
2023-02-13 08:00:00,0.0,44190.31598333334,24711.867333333368
2023-02-13 09:00:00,0.0,67582.67284999999,16774.563166666696
2023-02-13 10:00:00,8.266000000000007,72819.3585,16357.882833333371
2023-02-13 11:00:00,8.275000000000006,107623.23184999998,14292.392000000025
2023-02-13 12:00:00,0.0,142950.32043333325,0.0
2023-02-13 13:00:00,0.0,142101.66888333324,8566.879000000004
2023-02-13 14:00:00,0.0,135912.0118499999,10002.10233333334
2023-02-13 15:00:00,0.0,126573.38053333327,6979.2076666666635
2023-02-13 16:00:00,0.0,94627.58471666665,40779.9926666667
2023-02-13 17:00:00,0.0,58775.9486000001,25535.85633333337
2023-02-13 18:00:00,1583.7920000000026,59697.84850000009,586.092000000001
2023-02-13 19:00:00,1441.3110000000024,48597.84130000004,10219.576333333367
2023-02-13 20:00:00,0.0,45836.04743333338,10541.019333333363
2023-02-13 21:00:00,0.0,33660.87621666671,0.0
2023-02-13 22:00:00,0.0,14528.964900000014,0.0
2023-02-13 23:00:00,0.0,4290.740016666668,0.0
2023-02-14 00:00:00,0.0,1960.118116666667,0.0
2023-02-14 01:00:00,0.0,5537.601083333338,0.0
2023-02-14 02:00:00,0.0,7010.091266666672,0.0
2023-02-14 03:00:00,0.0,9027.578383333339,0.0
2023-02-14 04:00:00,0.0,10230.59383333334,0.0
2023-02-14 05:00:00,0.0,17216.702283333347,466.8040000000012
2023-02-14 06:00:00,1846.2570000000026,28499.797883333395,9994.317333333363
2023-02-14 07:00:00,1411.315000000003,29691.153333333383,35690.80766666673
2023-02-14 08:00:00,0.0,35869.81843333335,28081.53133333337
2023-02-14 09:00:00,0.0,57783.85448333333,13814.596500000023
2023-02-14 10:00:00,8.272000000000006,66060.9857333333,18065.250833333368
2023-02-14 11:00:00,8.269000000000005,91360.58764999999,16040.299166666697
2023-02-14 12:00:00,0.0,141965.24479999993,0.0
2023-02-14 13:00:00,0.0,163375.22984999995,7370.691666666669
2023-02-14 14:00:00,0.0,141623.65488333328,9195.327000000005
2023-02-14 15:00:00,0.0,138527.9338833333,7894.946000000002
2023-02-14 16:00:00,0.0,106169.21031666666,34002.15700000003
2023-02-14 17:00:00,0.0,65701.7342000001,30680.3836666667
2023-02-14 18:00:00,1508.8020000000029,64099.63875000009,602.7080000000017
2023-02-14 19:00:00,1328.826000000003,49392.87895000004,10439.92733333336
2023-02-14 20:00:00,0.0,46273.352683333374,9789.803666666692
2023-02-14 21:00:00,0.0,34376.08281666671,0.0
2023-02-14 22:00:00,0.0,14485.331550000017,0.0
2023-02-14 23:00:00,0.0,4010.81716666667,0.0
2023-02-15 00:00:00,0.0,1735.1183499999984,0.0
2023-02-15 01:00:00,0.0,5297.602683333334,0.0
2023-02-15 02:00:00,0.0,7622.5871833333385,0.0
2023-02-15 03:00:00,0.0,10045.072266666673,0.0
2023-02-15 04:00:00,0.0,12110.651050000006,0.0
2023-02-15 05:00:00,0.0,18432.569183333348,458.99200000000144
2023-02-15 06:00:00,1711.2750000000008,31935.86171666672,9670.521000000032
2023-02-15 07:00:00,1403.8160000000016,30998.95998333338,30774.380000000056
2023-02-15 08:00:00,0.0,34364.00906666668,32615.5646666667
2023-02-15 09:00:00,0.0,51080.37941666668,14999.223833333352
2023-02-15 10:00:00,8.268000000000006,73661.87851666663,15592.338666666703
2023-02-15 11:00:00,8.273000000000005,128580.41061666662,12297.51116666669
2023-02-15 12:00:00,0.0,144843.9361166666,0.0
2023-02-15 13:00:00,0.0,139634.4112166666,6679.4263333333365
2023-02-15 14:00:00,0.0,133741.23624999993,11184.26166666667
2023-02-15 15:00:00,0.0,130879.78589999999,9646.761000000004
2023-02-15 16:00:00,0.0,99845.92481666665,31949.85300000004
2023-02-15 17:00:00,0.0,57202.54916666676,30589.4126666667
2023-02-15 18:00:00,1538.7980000000023,62028.73330000008,588.572000000001
2023-02-15 19:00:00,1441.3110000000024,49178.11138333337,10216.789000000028
2023-02-15 20:00:00,0.0,44117.211100000044,10882.481000000027
2023-02-15 21:00:00,0.0,31603.49635000005,0.0
2023-02-15 22:00:00,0.0,15078.853766666683,0.0
2023-02-15 23:00:00,0.0,4694.822083333334,0.0
2023-02-16 00:00:00,0.0,1830.1172000000004,0.0
2023-02-16 01:00:00,0.0,6282.596116666673,0.0
2023-02-16 02:00:00,0.0,8205.083300000006,0.0
2023-02-16 03:00:00,0.0,10093.321250000005,0.0
2023-02-16 04:00:00,0.0,11902.57901666667,0.0
2023-02-16 05:00:00,0.0,17561.00486666668,419.80800000000085
2023-02-16 06:00:00,1628.7860000000026,30102.02581666672,10097.733000000024
2023-02-16 07:00:00,1516.301000000003,33030.13213333338,37153.56900000006
2023-02-16 08:00:00,0.0,32583.290950000013,39717.8636666667
2023-02-16 09:00:00,0.0,55562.45408333334,16418.707166666696
2023-02-16 10:00:00,8.266000000000007,80165.88218333332,16879.605833333368
2023-02-16 11:00:00,8.275000000000006,133038.3195333333,13746.427166666686
2023-02-16 12:00:00,0.0,148590.66633333324,0.0
2023-02-16 13:00:00,0.0,150548.56271666664,8539.046666666669
2023-02-16 14:00:00,0.0,138355.66039999996,10501.029333333345
2023-02-16 15:00:00,0.0,127398.76571666662,10786.71200000001
2023-02-16 16:00:00,0.0,88462.05945,32386.39100000002
2023-02-16 17:00:00,0.0,57936.84790000009,15460.10100000003
2023-02-16 18:00:00,1486.3050000000019,60992.12166666675,611.1400000000012
2023-02-16 19:00:00,1463.8080000000025,48243.40371666671,10330.783666666692
2023-02-16 20:00:00,0.0,42557.275633333375,11222.277000000031
2023-02-16 21:00:00,0.0,33648.55385000005,0.0
2023-02-16 22:00:00,0.0,15162.037750000012,0.0
2023-02-16 23:00:00,0.0,4429.903716666669,0.0
2023-02-17 00:00:00,0.0,1677.6180333333327,0.0
2023-02-17 01:00:00,0.0,6210.096600000004,0.0
2023-02-17 02:00:00,0.0,8717.57988333334,0.0
2023-02-17 03:00:00,0.0,10352.569616666673,0.0
2023-02-17 04:00:00,0.0,10632.076816666675,0.0
2023-02-17 05:00:00,0.0,16160.894266666683,482.3040000000015
2023-02-17 06:00:00,1388.8180000000018,34191.35565000006,10383.489333333362
2023-02-17 07:00:00,1726.273000000004,30125.60500000005,31144.723333333397
2023-02-17 08:00:00,0.0,38301.56541666668,39604.66400000003
2023-02-17 09:00:00,0.0,66185.85454999999,15711.415000000032
2023-02-17 10:00:00,8.266000000000007,88616.21138333331,17668.436000000034
2023-02-17 11:00:00,8.275000000000006,110127.32254999997,14702.72166666669
2023-02-17 12:00:00,0.0,140424.07896666662,0.0
2023-02-17 13:00:00,0.0,142797.7310666666,5963.680000000003
2023-02-17 14:00:00,0.0,137065.98809999993,8207.908999999996
2023-02-17 15:00:00,0.0,131799.52114999996,7872.296333333339
2023-02-17 16:00:00,0.0,94950.66393333332,36111.73266666671
2023-02-17 17:00:00,0.0,60722.984683333416,29735.881333333367
2023-02-17 18:00:00,1471.3070000000032,59273.06596666675,611.8840000000014
2023-02-17 19:00:00,1508.802000000002,48315.62540000004,9891.484333333361
2023-02-17 20:00:00,0.0,43258.12958333337,10512.703000000025
2023-02-17 21:00:00,0.0,33858.939050000045,0.0
2023-02-17 22:00:00,0.0,14461.498350000016,0.0
2023-02-17 23:00:00,0.0,4779.649566666671,0.0
2023-02-18 00:00:00,0.0,2542.612766666668,0.0
2023-02-18 01:00:00,0.0,7217.589883333339,0.0
2023-02-18 02:00:00,0.0,8855.078966666671,0.0
2023-02-18 03:00:00,0.0,10200.070366666674,0.0
2023-02-18 04:00:00,0.0,11042.052216666674,0.0
2023-02-18 05:00:00,0.0,17580.15703333335,402.9440000000004
2023-02-18 06:00:00,1531.2990000000018,32003.306083333395,10461.775666666688
2023-02-18 07:00:00,1553.796000000003,32098.25021666671,30100.943666666717
2023-02-18 08:00:00,0.0,37450.346983333344,31466.436666666697
2023-02-18 09:00:00,0.0,62367.46886666668,15702.308666666695
2023-02-18 10:00:00,8.269000000000005,74705.63843333333,18358.515333333373
2023-02-18 11:00:00,8.272000000000006,107672.17079999996,13614.00216666669
2023-02-18 12:00:00,0.0,144343.83733333324,0.0
2023-02-18 13:00:00,0.0,148482.9099499999,7688.820333333336
2023-02-18 14:00:00,0.0,146325.14409999995,9472.976666666673
2023-02-18 15:00:00,0.0,129055.6795166666,8740.196333333337
2023-02-18 16:00:00,0.0,97409.07798333332,30651.676333333366
2023-02-18 17:00:00,0.0,59366.568566666756,37145.09066666669
2023-02-18 18:00:00,1546.2970000000016,60891.44936666675,606.0560000000012
2023-02-18 19:00:00,1463.8080000000023,47241.98238333338,10027.928333333364
2023-02-18 20:00:00,0.0,43514.48193333337,10034.656666666695
2023-02-18 21:00:00,0.0,33030.622933333376,0.0
2023-02-18 22:00:00,0.0,15607.261300000016,0.0
2023-02-18 23:00:00,0.0,4664.2321666666685,0.0
2023-02-19 00:00:00,0.0,0.0,0.0
2023-02-19 01:00:00,0.0,0.0,0.0
2023-02-19 02:00:00,0.0,0.0,0.0
2023-02-19 03:00:00,0.0,0.0,0.0
2023-02-19 04:00:00,0.0,280.729133333333,0.0
2023-02-19 05:00:00,0.0,5249.6697166666745,500.78000000000094
2023-02-19 06:00:00,1516.301000000002,17322.443866666716,10312.169000000025
2023-02-19 07:00:00,1516.3010000000027,15925.292000000043,46603.218000000066
2023-02-19 08:00:00,0.0,1665.0188666666636,29576.498666666695
2023-02-19 09:00:00,0.0,581.2585499999972,14606.682500000028
2023-02-19 10:00:00,8.268000000000006,650.7657166666643,14340.554833333365
2023-02-19 11:00:00,8.273000000000007,679.9357666666641,11546.815333333356
2023-02-19 12:00:00,0.0,725.6801999999967,0.0
2023-02-19 13:00:00,0.0,763.8423666666633,7735.934000000001
2023-02-19 14:00:00,0.0,619.7677499999968,8998.98066666667
2023-02-19 15:00:00,0.0,524.7808999999978,9278.668333333335
2023-02-19 16:00:00,0.0,2887.0410666666626,27684.366666666705
2023-02-19 17:00:00,0.0,31243.928516666743,39309.445666666696
2023-02-19 18:00:00,1426.3130000000033,47251.44625000008,585.1000000000013
2023-02-19 19:00:00,1636.285000000002,34717.28958333337,9034.154666666696
2023-02-19 20:00:00,0.0,31871.459650000037,11067.370000000024
2023-02-19 21:00:00,0.0,21681.528900000038,0.0
2023-02-19 22:00:00,0.0,5161.794666666672,0.0
2023-02-19 23:00:00,0.0,347.80114999999967,0.0
2023-02-20 00:00:00,0.0,2055.116366666666,0.0
2023-02-20 01:00:00,0.0,5522.601183333335,0.0
2023-02-20 02:00:00,0.0,8702.579983333339,0.0
2023-02-20 03:00:00,0.0,10535.06788333334,0.0
2023-02-20 04:00:00,0.0,10752.242333333339,0.0
2023-02-20 05:00:00,0.0,15902.364800000014,454.15600000000063
2023-02-20 06:00:00,1471.307000000003,31505.197600000058,10510.563000000026
2023-02-20 07:00:00,1501.3030000000017,35306.71693333339,46065.30266666673
2023-02-20 08:00:00,0.0,40766.947000000015,29049.080333333364
2023-02-20 09:00:00,0.0,63639.15893333331,16789.208166666693
2023-02-20 10:00:00,8.266000000000007,74554.47908333331,14714.529833333365
2023-02-20 11:00:00,8.275000000000006,107494.83841666662,12442.459500000026
2023-02-20 12:00:00,0.0,126817.93808333327,0.0
2023-02-20 13:00:00,0.0,140081.50198333326,8994.868000000006
2023-02-20 14:00:00,0.0,143651.7367833333,8458.071666666672
2023-02-20 15:00:00,0.0,131855.51449999996,10944.170000000006
2023-02-20 16:00:00,0.0,106225.48296666663,33817.16500000003
2023-02-20 17:00:00,0.0,61316.95695000009,17160.115000000038
2023-02-20 18:00:00,1643.784000000002,60112.27056666675,586.3400000000014
2023-02-20 19:00:00,1478.8060000000007,49198.84298333337,10459.972666666688
2023-02-20 20:00:00,0.0,45262.94435000004,10695.92633333336
2023-02-20 21:00:00,0.0,34796.043583333376,0.0
2023-02-20 22:00:00,0.0,14860.889233333346,0.0
2023-02-20 23:00:00,0.0,4293.9026833333355,0.0
2023-02-21 00:00:00,0.0,2725.1123,0.0
2023-02-21 01:00:00,0.0,7155.090300000007,0.0
2023-02-21 02:00:00,0.0,9527.57448333334,0.0
2023-02-21 03:00:00,0.0,9945.072300000007,0.0
2023-02-21 04:00:00,0.0,10356.280033333342,0.0
2023-02-21 05:00:00,0.0,14570.27618333335,518.6360000000005
2023-02-21 06:00:00,1426.3130000000024,29140.851500000055,10963.909333333364
2023-02-21 07:00:00,1396.3170000000011,30571.36705000005,36395.975000000064
2023-02-21 08:00:00,0.0,33837.95520000001,33740.368666666705
2023-02-21 09:00:00,0.0,66462.41145,16580.668333333364
2023-02-21 10:00:00,8.269000000000005,72175.13838333334,13380.414833333367
2023-02-21 11:00:00,8.272000000000007,101364.99496666668,10972.177666666685
2023-02-21 12:00:00,0.0,141904.83043333326,0.0
2023-02-21 13:00:00,0.0,147851.81748333323,8629.713333333335
2023-02-21 14:00:00,0.0,149119.30373333325,11029.65400000001
2023-02-21 15:00:00,0.0,137989.33018333325,8693.377000000004
2023-02-21 16:00:00,0.0,90338.98439999999,31664.1006666667
2023-02-21 17:00:00,0.0,61646.14345000009,30907.2256666667
2023-02-21 18:00:00,1726.2730000000004,60689.16786666675,597.7480000000012
2023-02-21 19:00:00,1546.2970000000025,48086.026450000034,9682.493000000024
2023-02-21 20:00:00,0.0,45784.16188333337,9909.731666666694
2023-02-21 21:00:00,0.0,33640.11255000004,0.0
2023-02-21 22:00:00,0.0,13890.296166666682,0.0
2023-02-21 23:00:00,0.0,4429.64816666667,0.0
2023-02-22 00:00:00,0.0,2135.115633333334,0.0
2023-02-22 01:00:00,0.0,6147.597016666675,0.0
2023-02-22 02:00:00,0.0,8340.082400000007,0.0
2023-02-22 03:00:00,0.0,10467.569516666676,0.0
2023-02-22 04:00:00,0.0,12073.650166666674,0.0
2023-02-22 05:00:00,0.0,16417.743400000014,414.60000000000053
2023-02-22 06:00:00,1531.2990000000023,32094.91983333339,10744.152333333363
2023-02-22 07:00:00,1448.8100000000027,33751.699433333386,34466.27866666673
2023-02-22 08:00:00,0.0,43872.292550000006,33011.68600000003
2023-02-22 09:00:00,0.0,73500.22466666666,16620.783833333364
2023-02-22 10:00:00,8.271000000000006,79789.22354999998,15455.871833333367
2023-02-22 11:00:00,8.270000000000007,98906.92839999998,14587.533166666693
2023-02-22 12:00:00,0.0,140009.8504999999,0.0
2023-02-22 13:00:00,0.0,152537.89613333327,5677.8756666666695
2023-02-22 14:00:00,0.0,124826.34699999997,6820.747666666667
2023-02-22 15:00:00,0.0,136944.59766666664,9091.979666666666
2023-02-22 16:00:00,0.0,94998.46594999998,43187.9736666667
2023-02-22 17:00:00,0.0,59555.66903333342,23378.715000000037
2023-02-22 18:00:00,1486.3050000000014,62802.330966666756,631.1040000000013
2023-02-22 19:00:00,1628.7860000000037,47825.09830000004,9695.76666666669
2023-02-22 20:00:00,0.0,44288.285883333374,10311.157333333364
2023-02-22 21:00:00,0.0,33692.61943333338,0.0
2023-02-22 22:00:00,0.0,14401.752650000013,0.0
2023-02-22 23:00:00,0.0,4649.982283333336,0.0
2023-02-23 00:00:00,0.0,2715.1112666666677,0.0
2023-02-23 01:00:00,0.0,6725.093166666671,0.0
2023-02-23 02:00:00,0.0,8885.078766666673,0.0
2023-02-23 03:00:00,0.0,10000.072033333341,0.0
2023-02-23 04:00:00,0.0,11569.816933333339,0.0
2023-02-23 05:00:00,0.0,17592.63661666668,459.2400000000008
2023-02-23 06:00:00,1696.2770000000037,31279.199866666728,10136.11566666669
2023-02-23 07:00:00,1418.8140000000017,31280.221083333385,34600.929000000055
2023-02-23 08:00:00,0.0,40668.911633333344,32974.9896666667
2023-02-23 09:00:00,0.0,71055.61504999998,14189.127666666693
2023-02-23 10:00:00,8.267000000000007,56610.067650000005,17693.94383333337
2023-02-23 11:00:00,8.274000000000006,94705.08274999999,13293.074500000026
2023-02-23 12:00:00,0.0,150213.4006499999,0.0
2023-02-23 13:00:00,0.0,159125.3772666666,6487.071000000002
2023-02-23 14:00:00,0.0,145524.06816666658,9942.274000000001
2023-02-23 15:00:00,0.0,134133.84244999994,10510.721000000009
2023-02-23 16:00:00,0.0,92204.17694999996,35532.8936666667
2023-02-23 17:00:00,0.0,56468.74363333342,26674.919333333364
2023-02-23 18:00:00,1456.3090000000027,61091.56670000009,588.6960000000015
2023-02-23 19:00:00,1523.800000000003,47411.5878166667,10226.109333333361
2023-02-23 20:00:00,0.0,44558.72600000004,9749.827666666692
2023-02-23 21:00:00,0.0,32820.60763333338,0.0
2023-02-23 22:00:00,0.0,14218.21170000001,0.0
2023-02-23 23:00:00,0.0,4877.64481666667,0.0
2023-02-24 00:00:00,0.0,2702.6130833333336,0.0
2023-02-24 01:00:00,0.0,7592.58738333334,0.0
2023-02-24 02:00:00,0.0,9205.076633333338,0.0
2023-02-24 03:00:00,0.0,10015.072066666671,0.0
2023-02-24 04:00:00,0.0,12088.197050000008,0.0
2023-02-24 05:00:00,0.0,18314.655716666683,428.73600000000107
2023-02-24 06:00:00,1448.8100000000027,34710.0182833334,10844.986333333363
2023-02-24 07:00:00,1448.8100000000018,35722.65581666672,47056.58733333339
2023-02-24 08:00:00,0.0,44133.22053333334,34261.57866666671
2023-02-24 09:00:00,0.0,68168.31889999998,16000.835666666691
2023-02-24 10:00:00,8.270000000000007,72931.28023333334,14693.660000000036
2023-02-24 11:00:00,8.271000000000006,105969.22726666665,13362.494500000024
2023-02-24 12:00:00,0.0,150985.83578333328,0.0
2023-02-24 13:00:00,0.0,158701.0649666666,6944.723666666666
2023-02-24 14:00:00,0.0,128099.91261666664,9718.769000000008
2023-02-24 15:00:00,0.0,128751.09753333328,10659.817666666673
2023-02-24 16:00:00,0.0,85184.04775,22276.646666666697
2023-02-24 17:00:00,0.0,55112.85296666676,24073.277333333364
2023-02-24 18:00:00,1606.2890000000014,57767.70206666675,588.6960000000014
2023-02-24 19:00:00,1591.2910000000036,47189.3387166667,10365.731333333357
2023-02-24 20:00:00,0.0,43056.10970000004,10018.000000000025
2023-02-24 21:00:00,0.0,32098.885666666705,0.0
2023-02-24 22:00:00,0.0,13524.110750000009,0.0
2023-02-24 23:00:00,0.0,4452.736316666667,0.0
2023-02-25 00:00:00,0.0,2095.1161999999995,0.0
2023-02-25 01:00:00,0.0,5915.09856666667,0.0
2023-02-25 02:00:00,0.0,7677.5868166666705,0.0
2023-02-25 03:00:00,0.0,8732.081166666672,0.0
2023-02-25 04:00:00,0.0,10630.280866666673,0.0
2023-02-25 05:00:00,0.0,14932.654883333347,421.2960000000011
2023-02-25 06:00:00,1508.802000000003,28506.41445000006,9936.568666666692
2023-02-25 07:00:00,1703.7760000000023,31776.193500000052,38254.306333333385
2023-02-25 08:00:00,0.0,37789.98010000001,26945.390333333366
2023-02-25 09:00:00,0.0,54215.7283,15870.534500000029
2023-02-25 10:00:00,8.264000000000006,66831.05268333333,16373.70883333337
2023-02-25 11:00:00,8.277000000000006,104036.98758333332,12929.052333333359
2023-02-25 12:00:00,0.0,134076.6891999999,0.0
2023-02-25 13:00:00,0.0,142436.67358333326,6938.711666666669
2023-02-25 14:00:00,0.0,143785.75639999993,9513.990666666672
2023-02-25 15:00:00,0.0,159810.40998333326,7075.852333333329
2023-02-25 16:00:00,0.0,103259.50999999998,34677.17333333337
2023-02-25 17:00:00,0.0,59357.60698333341,33925.75500000004
2023-02-25 18:00:00,1426.3130000000035,63197.14966666675,614.9840000000006
2023-02-25 19:00:00,1456.309000000002,51086.23000000004,10888.004666666688
2023-02-25 20:00:00,0.0,45158.1844666667,9921.391333333366
2023-02-25 21:00:00,0.0,34697.79070000004,0.0
2023-02-25 22:00:00,0.0,15917.925333333349,0.0
2023-02-25 23:00:00,0.0,4324.571433333336,0.0
2023-02-26 00:00:00,0.0,0.0,0.0
2023-02-26 01:00:00,0.0,0.0,0.0
2023-02-26 02:00:00,0.0,0.0,0.0
2023-02-26 03:00:00,0.0,0.0,0.0
2023-02-26 04:00:00,0.0,250.86054999999973,0.0
2023-02-26 05:00:00,0.0,4356.83943333334,421.172000000001
2023-02-26 06:00:00,1523.8000000000027,17010.34033333338,10225.826666666697
2023-02-26 07:00:00,1516.301000000002,13760.236133333374,36131.90900000007
2023-02-26 08:00:00,0.0,1469.9627999999977,40827.52300000004
2023-02-26 09:00:00,0.0,738.993616666663,16164.71383333336
2023-02-26 10:00:00,8.272000000000007,639.8498166666632,16647.234333333367
2023-02-26 11:00:00,8.269000000000005,587.6048166666629,12408.230500000023
2023-02-26 12:00:00,0.0,715.5085333333302,0.0
2023-02-26 13:00:00,0.0,619.6874333333294,5134.237999999999
2023-02-26 14:00:00,0.0,568.9420499999966,9111.19033333334
2023-02-26 15:00:00,0.0,553.7773333333308,10131.433666666675
2023-02-26 16:00:00,0.0,3163.077999999997,19864.5366666667
2023-02-26 17:00:00,0.0,34824.47183333342,32962.0146666667
2023-02-26 18:00:00,1478.806000000001,46372.597583333416,592.0440000000009
2023-02-26 19:00:00,1576.2930000000024,33949.95195000003,9996.401000000016
2023-02-26 20:00:00,0.0,32190.100366666702,10574.332666666694
2023-02-26 21:00:00,0.0,21588.8404666667,0.0
2023-02-26 22:00:00,0.0,5638.160450000007,0.0
2023-02-26 23:00:00,0.0,363.0459999999996,0.0
2023-02-27 00:00:00,0.0,1407.6202499999986,0.0
2023-02-27 01:00:00,0.0,5935.098433333338,0.0
2023-02-27 02:00:00,0.0,8922.578516666676,0.0
2023-02-27 03:00:00,0.0,9815.073133333339,0.0
2023-02-27 04:00:00,0.0,10800.418466666673,0.0
2023-02-27 05:00:00,0.0,16383.602500000015,416.5840000000013
2023-02-27 06:00:00,1523.8000000000022,33307.22185000006,10730.040333333362
2023-02-27 07:00:00,1501.3030000000012,34843.34280000006,37310.23966666673
2023-02-27 08:00:00,0.0,44366.13280000001,26058.059333333375
2023-02-27 09:00:00,0.0,62613.683349999985,15848.503833333367
2023-02-27 10:00:00,8.271000000000006,61173.63410000001,16797.05650000004
2023-02-27 11:00:00,8.270000000000007,110347.81426666661,14970.043833333362
2023-02-27 12:00:00,0.0,140300.75808333323,0.0
2023-02-27 13:00:00,0.0,148462.5914999999,7288.352333333337
2023-02-27 14:00:00,0.0,148792.49014999994,7817.616666666665
2023-02-27 15:00:00,0.0,142595.6017833333,8616.375999999998
2023-02-27 16:00:00,0.0,89501.04941666666,40955.65100000003
2023-02-27 17:00:00,0.0,58472.61216666675,28712.741000000035
2023-02-27 18:00:00,1516.3010000000017,60621.05436666676,582.7440000000012
2023-02-27 19:00:00,1553.7960000000012,49866.9128666667,10187.227333333363
2023-02-27 20:00:00,0.0,45208.86486666671,10487.718000000028
2023-02-27 21:00:00,0.0,34133.322833333375,0.0
2023-02-27 22:00:00,0.0,15304.866266666682,0.0
2023-02-27 23:00:00,0.0,5443.318300000003,0.0
2023-02-28 00:00:00,0.0,2437.6124000000027,0.0
2023-02-28 01:00:00,0.0,6577.594150000007,0.0
2023-02-28 02:00:00,0.0,9155.076966666675,0.0
2023-02-28 03:00:00,0.0,10105.071133333338,0.0
2023-02-28 04:00:00,0.0,10993.823400000005,0.0
2023-02-28 05:00:00,0.0,16861.06296666668,487.6360000000009
2023-02-28 06:00:00,1561.2950000000017,31897.62885000006,9973.69066666669
2023-02-28 07:00:00,1463.8080000000027,30967.70853333338,30385.798000000068
2023-02-28 08:00:00,0.0,28049.842566666674,30035.336333333373
2023-02-28 09:00:00,0.0,61724.49638333333,14464.774166666692
2023-02-28 10:00:00,8.268000000000006,86034.38224999997,17765.180666666703
2023-02-28 11:00:00,8.273000000000007,90022.16458333333,15530.587166666694
2023-02-28 12:00:00,0.0,132859.25454999993,0.0
2023-02-28 13:00:00,0.0,155369.72576666655,6176.81966666667
2023-02-28 14:00:00,0.0,163474.9848333333,9790.932666666675
2023-02-28 15:00:00,0.0,142510.2820666666,8962.181333333338
2023-02-28 16:00:00,0.0,89746.26795,24794.459666666695
2023-02-28 17:00:00,0.0,58902.24063333342,33978.71100000003
2023-02-28 18:00:00,1478.8060000000019,59407.79946666675,659.6239999999996
2023-02-28 19:00:00,1591.291000000002,48610.44881666671,10513.440666666691
2023-02-28 20:00:00,0.0,44688.218450000044,10342.805000000028
2023-02-28 21:00:00,0.0,33603.835233333375,0.0
2023-02-28 22:00:00,0.0,14922.451600000015,0.0
2023-02-28 23:00:00,0.0,4663.4833333333345,0.0
2023-03-01 00:00:00,0.0,2770.1122333333333,0.0
2023-03-01 01:00:00,0.0,6945.091700000005,0.0
2023-03-01 02:00:00,0.0,9632.573783333339,0.0
2023-03-01 03:00:00,0.0,10996.565400000007,0.0
2023-03-01 04:00:00,0.0,12243.948233333342,0.0
2023-03-01 05:00:00,0.0,17002.67773333335,476.1040000000005
2023-03-01 06:00:00,1433.8120000000017,29985.484016666727,9985.028333333363
2023-03-01 07:00:00,1576.2930000000028,29787.961666666717,51184.5253333334
2023-03-01 08:00:00,0.0,41367.59331666668,41165.68633333336
2023-03-01 09:00:00,0.0,66187.14264999998,20106.637833333363
2023-03-01 10:00:00,8.269000000000005,74925.2233833333,17324.023833333376
2023-03-01 11:00:00,8.272000000000006,104368.00351666666,10775.374166666688
2023-03-01 12:00:00,0.0,136841.27153333326,0.0
2023-03-01 13:00:00,0.0,155556.40343333327,6998.228666666673
2023-03-01 14:00:00,0.0,147552.33546666664,8101.244333333337
2023-03-01 15:00:00,0.0,129200.70074999995,7522.811333333332
2023-03-01 16:00:00,0.0,81732.46886666668,19221.112666666697
2023-03-01 17:00:00,0.0,59275.805183333425,23822.43133333337
2023-03-01 18:00:00,1636.2849999999985,58524.863000000085,624.0360000000006
2023-03-01 19:00:00,1448.8100000000038,48250.06371666671,10238.317000000028
2023-03-01 20:00:00,0.0,44004.196883333374,9933.05100000003
2023-03-01 21:00:00,0.0,34585.61666666671,0.0
2023-03-01 22:00:00,0.0,14670.805900000018,0.0
2023-03-01 23:00:00,0.0,5207.560400000002,0.0
2023-03-02 00:00:00,0.0,2435.1138166666683,0.0
2023-03-02 01:00:00,0.0,6080.097466666671,0.0
2023-03-02 02:00:00,0.0,8230.083133333337,0.0
2023-03-02 03:00:00,0.0,10532.568200000007,0.0
2023-03-02 04:00:00,0.0,12810.231683333339,0.0
2023-03-02 05:00:00,0.0,16601.157600000013,443.98800000000057
2023-03-02 06:00:00,1546.2970000000018,33461.10788333339,10713.182000000023
2023-03-02 07:00:00,1426.313000000002,31999.606916666715,40658.92466666672
2023-03-02 08:00:00,0.0,39565.52326666668,31094.93300000004
2023-03-02 09:00:00,0.0,61873.34073333334,15162.281500000023
2023-03-02 10:00:00,8.272000000000007,69307.39463333333,18002.087833333375
2023-03-02 11:00:00,8.269000000000005,105186.59071666664,13547.714333333353
2023-03-02 12:00:00,0.0,135253.34793333325,0.0
2023-03-02 13:00:00,0.0,150042.7438166666,7721.1616666666705
2023-03-02 14:00:00,0.0,140582.84271666658,10711.664000000008
2023-03-02 15:00:00,0.0,128635.9523666666,8151.916000000001
2023-03-02 16:00:00,0.0,103119.68228333331,22252.86833333337
2023-03-02 17:00:00,0.0,62071.740216666745,35308.887666666706
2023-03-02 18:00:00,1516.3010000000036,58641.313050000084,547.4040000000017
2023-03-02 19:00:00,1606.2890000000018,48304.78110000004,10088.993666666693
2023-03-02 20:00:00,0.0,45484.96570000004,9963.033000000032
2023-03-02 21:00:00,0.0,34540.85518333338,0.0
2023-03-02 22:00:00,0.0,15069.24218333335,0.0
2023-03-02 23:00:00,0.0,5080.490216666671,0.0
2023-03-03 00:00:00,0.0,2370.1138999999994,0.0
2023-03-03 01:00:00,0.0,5920.09853333334,0.0
2023-03-03 02:00:00,0.0,7655.086966666672,0.0
2023-03-03 03:00:00,0.0,9642.57468333334,0.0
2023-03-03 04:00:00,0.0,12203.42693333334,0.0
2023-03-03 05:00:00,0.0,16714.41573333335,411.2520000000006
2023-03-03 06:00:00,1411.315000000004,31107.634483333393,11029.299666666691
2023-03-03 07:00:00,1598.7900000000031,31370.578900000048,47339.15433333339
2023-03-03 08:00:00,0.0,44965.05775000001,23906.201333333363
2023-03-03 09:00:00,0.0,61992.62541666666,15376.549333333358
2023-03-03 10:00:00,8.276000000000005,70691.71294999997,15593.375666666701
2023-03-03 11:00:00,8.265000000000006,92367.07423333333,15852.08250000003
2023-03-03 12:00:00,0.0,132457.9291166666,0.0
2023-03-03 13:00:00,0.0,150118.3270333333,7419.860333333334
2023-03-03 14:00:00,0.0,153710.40038333327,10104.241000000007
2023-03-03 15:00:00,0.0,139858.1049166666,11266.13400000001
2023-03-03 16:00:00,0.0,97589.18483333333,36040.04200000003
2023-03-03 17:00:00,0.0,65056.23905000009,15798.605666666701
2023-03-03 18:00:00,1718.7740000000013,59269.810850000074,605.3120000000018
2023-03-03 19:00:00,1366.3210000000036,47771.922900000034,9308.919333333366
2023-03-03 20:00:00,0.0,44382.44130000004,9988.018000000033
2023-03-03 21:00:00,0.0,35247.60508333337,0.0
2023-03-03 22:00:00,0.0,15348.154783333346,0.0
2023-03-03 23:00:00,0.0,4132.9029500000015,0.0
2023-03-04 00:00:00,0.0,3017.6095833333347,0.0
2023-03-04 01:00:00,0.0,7760.086266666673,0.0
2023-03-04 02:00:00,0.0,9330.075800000006,0.0
2023-03-04 03:00:00,0.0,9892.57208333334,0.0
2023-03-04 04:00:00,0.0,10867.321716666675,0.0
2023-03-04 05:00:00,0.0,15238.644450000018,494.3320000000012
2023-03-04 06:00:00,1463.8080000000027,29505.714333333395,10129.925000000028
2023-03-04 07:00:00,1456.309000000003,30357.02990000005,45455.64966666672
2023-03-04 08:00:00,0.0,33278.03685000001,30631.953666666705
2023-03-04 09:00:00,0.0,66773.08044999998,14751.906166666693
2023-03-04 10:00:00,8.274000000000006,77835.05878333328,17361.425000000036
2023-03-04 11:00:00,8.267000000000007,108360.24893333332,13741.897500000026
2023-03-04 12:00:00,0.0,151570.49173333324,0.0
2023-03-04 13:00:00,0.0,145380.81764999995,7780.160666666671
2023-03-04 14:00:00,0.0,144232.65171666662,10067.045333333335
2023-03-04 15:00:00,0.0,124947.51221666663,8066.760333333331
2023-03-04 16:00:00,0.0,91694.87781666666,36588.13700000003
2023-03-04 17:00:00,0.0,64697.674116666756,17288.847333333357
2023-03-04 18:00:00,1516.3010000000024,62045.21073333342,580.1400000000011
2023-03-04 19:00:00,1658.7820000000022,48727.55008333337,9613.182666666697
2023-03-04 20:00:00,0.0,44470.236850000045,10625.968333333361
2023-03-04 21:00:00,0.0,33393.754366666704,0.0
2023-03-04 22:00:00,0.0,13481.529000000017,0.0
2023-03-04 23:00:00,0.0,3546.0714666666677,0.0
2023-03-05 00:00:00,0.0,0.0,0.0
2023-03-05 01:00:00,0.0,0.0,0.0
2023-03-05 02:00:00,0.0,0.0,0.0
2023-03-05 03:00:00,0.0,0.0,0.0
2023-03-05 04:00:00,0.0,273.175533333333,0.0
2023-03-05 05:00:00,0.0,5418.335233333341,473.1280000000009
2023-03-05 06:00:00,1486.3050000000017,19291.883983333384,10342.688000000018
2023-03-05 07:00:00,1531.2990000000027,14657.926133333383,37941.96833333338
2023-03-05 08:00:00,0.0,1481.8486833333307,25147.109000000026
2023-03-05 09:00:00,0.0,599.3116666666635,14141.415500000025
2023-03-05 10:00:00,8.264000000000006,608.2720499999964,18109.501666666703
2023-03-05 11:00:00,8.277000000000005,743.7584999999958,13793.162333333361
2023-03-05 12:00:00,0.0,699.0971333333304,0.0
2023-03-05 13:00:00,0.0,647.9387833333301,5364.878666666666
2023-03-05 14:00:00,0.0,553.4466999999964,10149.885666666672
2023-03-05 15:00:00,0.0,664.5209833333295,9987.417666666672
2023-03-05 16:00:00,0.0,3353.8002999999962,35507.19833333336
2023-03-05 17:00:00,0.0,32190.904066666746,30924.005333333374
2023-03-05 18:00:00,1523.800000000002,46470.98805000007,613.992000000001
2023-03-05 19:00:00,1553.7960000000023,34295.89588333336,10637.936000000027
2023-03-05 20:00:00,0.0,30927.20183333337,9808.126000000031
2023-03-05 21:00:00,0.0,21889.3795166667,0.0
2023-03-05 22:00:00,0.0,5194.879416666673,0.0
2023-03-05 23:00:00,0.0,411.79974999999956,0.0
2023-03-06 00:00:00,0.0,2797.6110499999995,0.0
2023-03-06 01:00:00,0.0,7137.590416666672,0.0
2023-03-06 02:00:00,0.0,9722.573183333341,0.0
2023-03-06 03:00:00,0.0,11595.061533333339,0.0
2023-03-06 04:00:00,0.0,11376.820000000007,0.0
2023-03-06 05:00:00,0.0,16979.738416666685,427.1240000000002
2023-03-06 06:00:00,1471.3070000000014,28205.718016666717,11015.273000000027
2023-03-06 07:00:00,1568.7940000000015,29801.038533333383,44522.35333333339
2023-03-06 08:00:00,0.0,40824.69038333334,32667.044000000038
2023-03-06 09:00:00,0.0,66817.27406666664,17148.5546666667
2023-03-06 10:00:00,8.270000000000007,77111.53319999996,16036.306833333369
2023-03-06 11:00:00,8.271000000000006,102649.9877833333,14345.235000000026
2023-03-06 12:00:00,0.0,124713.67814999995,0.0
2023-03-06 13:00:00,0.0,146860.2370833333,7357.493
2023-03-06 14:00:00,0.0,141480.15774999993,8731.506666666666
2023-03-06 15:00:00,0.0,136772.1890166666,9462.95666666667
2023-03-06 16:00:00,0.0,105134.94743333332,21005.13600000003
2023-03-06 17:00:00,0.0,62467.28778333342,29960.34233333337
2023-03-06 18:00:00,1598.790000000003,60954.61728333342,590.6800000000017
2023-03-06 19:00:00,1456.309000000001,48747.06175000004,9463.793000000029
2023-03-06 20:00:00,0.0,45260.800516666706,10249.527666666694
2023-03-06 21:00:00,0.0,33694.29820000004,0.0
2023-03-06 22:00:00,0.0,13805.135500000011,0.0
2023-03-06 23:00:00,0.0,4570.4882333333335,0.0
2023-03-07 00:00:00,0.0,2245.113933333334,0.0
2023-03-07 01:00:00,0.0,5467.601550000005,0.0
2023-03-07 02:00:00,0.0,7972.5848500000075,0.0
2023-03-07 03:00:00,0.0,9817.57358333334,0.0
2023-03-07 04:00:00,0.0,11233.651316666674,0.0
2023-03-07 05:00:00,0.0,17260.478133333352,483.6680000000011
2023-03-07 06:00:00,1501.3030000000012,32445.38956666673,9968.342333333358
2023-03-07 07:00:00,1433.8120000000029,31133.15813333338,39312.49866666674
2023-03-07 08:00:00,0.0,41915.88655000001,32050.9656666667
2023-03-07 09:00:00,0.0,67802.65009999998,14506.010333333357
2023-03-07 10:00:00,8.277000000000006,69837.38411666665,14254.158833333371
2023-03-07 11:00:00,8.264000000000006,106868.33338333329,13042.870833333352
2023-03-07 12:00:00,0.0,137956.6021499999,0.0
2023-03-07 13:00:00,0.0,133246.67234999995,8126.087666666667
2023-03-07 14:00:00,0.0,144287.90923333328,10218.593333333338
2023-03-07 15:00:00,0.0,138538.67991666662,12492.313333333343
2023-03-07 16:00:00,0.0,103912.4218,27878.300333333358
2023-03-07 17:00:00,0.0,59138.34255000009,26717.62833333337
2023-03-07 18:00:00,1583.7920000000022,57144.23828333342,530.4160000000014
2023-03-07 19:00:00,1576.2930000000024,48023.85548333337,10302.978000000025
2023-03-07 20:00:00,0.0,45051.784683333375,10301.16333333336
2023-03-07 21:00:00,0.0,34583.43435000005,0.0
2023-03-07 22:00:00,0.0,16494.536700000015,0.0
2023-03-07 23:00:00,0.0,4750.821000000002,0.0
2023-03-08 00:00:00,0.0,2412.614983333332,0.0
2023-03-08 01:00:00,0.0,6495.094700000002,0.0
2023-03-08 02:00:00,0.0,9040.077733333339,0.0
2023-03-08 03:00:00,0.0,9973.57365000001,0.0
2023-03-08 04:00:00,0.0,11909.100616666674,0.0
2023-03-08 05:00:00,0.0,19210.420883333354,430.72000000000105
2023-03-08 06:00:00,1696.277000000003,32559.707083333393,10897.118000000026
2023-03-08 07:00:00,1456.309000000004,31632.737533333388,25503.19100000005
2023-03-08 08:00:00,0.0,45105.67306666668,27306.265333333366
2023-03-08 09:00:00,0.0,58033.6773,15110.258500000025
2023-03-08 10:00:00,8.266000000000005,82305.78249999999,16302.611833333367
2023-03-08 11:00:00,8.275000000000006,111332.0796833333,13820.464833333359
2023-03-08 12:00:00,0.0,129606.85403333325,0.0
2023-03-08 13:00:00,0.0,145873.09509999992,8203.417000000003
2023-03-08 14:00:00,0.0,143916.42984999993,11968.56000000001
2023-03-08 15:00:00,0.0,130702.68306666662,7732.495000000001
2023-03-08 16:00:00,0.0,94475.10396666665,38352.484000000026
2023-03-08 17:00:00,0.0,57653.74815000009,35427.36133333338
2023-03-08 18:00:00,1328.8260000000037,57315.19700000008,573.1960000000013
2023-03-08 19:00:00,1613.788000000002,48774.77395000004,9923.01366666669
2023-03-08 20:00:00,0.0,45577.60260000004,9731.50533333336
2023-03-08 21:00:00,0.0,34031.45508333338,0.0
2023-03-08 22:00:00,0.0,14792.62928333335,0.0
2023-03-08 23:00:00,0.0,4940.900950000002,0.0
2023-03-09 00:00:00,0.0,1747.6183666666655,0.0
2023-03-09 01:00:00,0.0,5487.601416666671,0.0
2023-03-09 02:00:00,0.0,8122.583850000006,0.0
2023-03-09 03:00:00,0.0,10207.570650000007,0.0
2023-03-09 04:00:00,0.0,11747.412716666673,0.0
2023-03-09 05:00:00,0.0,17097.609766666683,515.2880000000008
2023-03-09 06:00:00,1463.8080000000034,28883.46826666672,11058.691333333363
2023-03-09 07:00:00,1531.2990000000027,33744.75713333338,39165.75566666672
2023-03-09 08:00:00,0.0,36184.83788333334,41172.063000000024
2023-03-09 09:00:00,0.0,61112.03429999999,16877.622500000038
2023-03-09 10:00:00,8.277000000000006,75825.03166666668,15804.2376666667
2023-03-09 11:00:00,8.264000000000006,110692.99191666667,13153.496333333354
2023-03-09 12:00:00,0.0,142980.17568333325,0.0
2023-03-09 13:00:00,0.0,142593.90643333326,8082.118666666669
2023-03-09 14:00:00,0.0,140491.48503333327,10870.97033333334
2023-03-09 15:00:00,0.0,136401.8359666666,7728.314333333336
2023-03-09 16:00:00,0.0,100857.55503333331,26587.1096666667
2023-03-09 17:00:00,0.0,56545.241583333416,22587.71800000003
2023-03-09 18:00:00,1403.8160000000016,59030.970433333416,578.4040000000017
2023-03-09 19:00:00,1696.2770000000019,48971.43156666671,10319.647666666695
2023-03-09 20:00:00,0.0,44757.227683333374,10004.674666666695
2023-03-09 21:00:00,0.0,33353.13841666671,0.0
2023-03-09 22:00:00,0.0,14762.765366666685,0.0
2023-03-09 23:00:00,0.0,4529.066650000002,0.0
2023-03-10 00:00:00,0.0,2687.611650000001,0.0
2023-03-10 01:00:00,0.0,6345.0957000000035,0.0
2023-03-10 02:00:00,0.0,9250.076333333338,0.0
2023-03-10 03:00:00,0.0,10032.571766666671,0.0
2023-03-10 04:00:00,0.0,10408.21843333334,0.0
2023-03-10 05:00:00,0.0,15598.071216666682,453.2880000000011
2023-03-10 06:00:00,1523.8000000000031,32614.85793333339,9706.64000000003
2023-03-10 07:00:00,1501.303000000001,30392.18348333339,50918.82200000006
2023-03-10 08:00:00,0.0,36618.08053333334,35945.47000000003
2023-03-10 09:00:00,0.0,53440.49453333334,16619.066000000028
2023-03-10 10:00:00,8.267000000000005,75250.06421666664,17884.23283333337
2023-03-10 11:00:00,8.274000000000006,121405.98741666661,10763.925166666686
2023-03-10 12:00:00,0.0,157623.15394999992,0.0
2023-03-10 13:00:00,0.0,154977.73936666662,5343.231000000003
2023-03-10 14:00:00,0.0,141466.65539999993,8523.54966666667
2023-03-10 15:00:00,0.0,138844.17881666662,10635.353666666671
2023-03-10 16:00:00,0.0,81003.95605000001,19889.096000000038
2023-03-10 17:00:00,0.0,56181.40825000009,17647.6056666667
2023-03-10 18:00:00,1523.8000000000036,60659.53541666675,600.7240000000012
2023-03-10 19:00:00,1546.2970000000034,46805.07478333337,10764.82866666669
2023-03-10 20:00:00,0.0,43649.538516666704,10174.572666666694
2023-03-10 21:00:00,0.0,32489.95191666671,0.0
2023-03-10 22:00:00,0.0,13776.272566666681,0.0
2023-03-10 23:00:00,0.0,4979.731866666669,0.0
2023-03-11 00:00:00,0.0,1507.6195166666653,0.0
2023-03-11 01:00:00,0.0,5480.10146666667,0.0
2023-03-11 02:00:00,0.0,8207.583283333339,0.0
2023-03-11 03:00:00,0.0,9447.575950000006,0.0
2023-03-11 04:00:00,0.0,10492.324433333339,0.0
2023-03-11 05:00:00,0.0,16986.552183333348,470.15200000000107
2023-03-11 06:00:00,1756.2690000000018,31459.826483333396,10830.621000000025
2023-03-11 07:00:00,1456.309000000003,31414.95671666672,37130.99966666673
2023-03-11 08:00:00,0.0,36310.84608333334,31716.64600000004
2023-03-11 09:00:00,0.0,60570.49274999998,14309.961333333356
2023-03-11 10:00:00,8.276000000000005,61579.63473333334,17239.057000000033
2023-03-11 11:00:00,8.265000000000006,107015.23304999998,12668.336666666688
2023-03-11 12:00:00,0.0,141760.7605666666,0.0
2023-03-11 13:00:00,0.0,162041.40429999994,8379.100666666673
2023-03-11 14:00:00,0.0,142380.1713666666,9307.502666666673
2023-03-11 15:00:00,0.0,138301.5932833333,10192.903666666673
2023-03-11 16:00:00,0.0,104714.48234999998,40306.71133333337
2023-03-11 17:00:00,0.0,59964.34096666674,25891.2706666667
2023-03-11 18:00:00,1486.3050000000012,59924.765516666754,578.7760000000007
2023-03-11 19:00:00,1396.3170000000007,48289.939750000034,9711.205666666696
2023-03-11 20:00:00,0.0,44034.540816666704,10346.136333333365
2023-03-11 21:00:00,0.0,32471.08416666671,0.0
2023-03-11 22:00:00,0.0,13174.65968333335,0.0
2023-03-11 23:00:00,0.0,3789.489283333334,0.0
2023-03-12 00:00:00,0.0,0.0,0.0
2023-03-12 01:00:00,0.0,0.0,0.0
2023-03-12 02:00:00,0.0,0.0,0.0
2023-03-12 03:00:00,0.0,0.0,0.0
2023-03-12 04:00:00,0.0,247.532333333333,0.0
2023-03-12 05:00:00,0.0,4910.616816666674,418.32000000000056
2023-03-12 06:00:00,1643.7840000000026,17049.720600000048,10801.993666666696
2023-03-12 07:00:00,1561.295000000002,14632.169450000045,34858.02000000005
2023-03-12 08:00:00,0.0,1593.5273999999965,38796.83600000004
2023-03-12 09:00:00,0.0,604.1744666666625,15952.624500000029
2023-03-12 10:00:00,8.273000000000007,656.346449999996,15842.244666666706
2023-03-12 11:00:00,8.268000000000006,630.3499666666634,14396.308500000025
2023-03-12 12:00:00,0.0,530.6993666666636,0.0
2023-03-12 13:00:00,0.0,585.2775166666638,5904.491333333332
2023-03-12 14:00:00,0.0,624.9374666666632,11467.923333333347
2023-03-12 15:00:00,0.0,634.9367499999971,11791.891333333342
2023-03-12 16:00:00,0.0,3223.8820166666665,32361.46033333336
2023-03-12 17:00:00,0.0,33520.74016666675,19581.20733333336
2023-03-12 18:00:00,1516.3010000000006,46925.54040000007,608.4120000000013
2023-03-12 19:00:00,1373.8200000000018,33787.0405666667,10446.436333333353
2023-03-12 20:00:00,0.0,31792.62043333337,10189.563666666698
2023-03-12 21:00:00,0.0,23311.01790000004,0.0
2023-03-12 22:00:00,0.0,5682.4120000000075,0.0
2023-03-12 23:00:00,0.0,475.37554999999963,0.0
2023-03-13 00:00:00,0.0,1817.6183499999993,0.0
2023-03-13 01:00:00,0.0,6215.0965666666725,0.0
2023-03-13 02:00:00,0.0,8917.578550000006,0.0
2023-03-13 03:00:00,0.0,10065.07148333334,0.0
2023-03-13 04:00:00,0.0,12893.924116666674,0.0
2023-03-13 05:00:00,0.0,18347.197650000016,446.84000000000094
2023-03-13 06:00:00,1418.8140000000026,33049.176300000065,9301.644333333355
2023-03-13 07:00:00,1568.794000000003,29554.861700000045,39447.52366666673
2023-03-13 08:00:00,0.0,42454.585450000006,34138.17833333337
2023-03-13 09:00:00,0.0,66892.92936666663,15682.643666666694
2023-03-13 10:00:00,8.269000000000005,65579.47139999998,15993.384166666707
2023-03-13 11:00:00,8.272000000000006,103669.24664999997,13564.424333333356
2023-03-13 12:00:00,0.0,138079.26589999994,0.0
2023-03-13 13:00:00,0.0,155587.23726666663,7354.141666666665
2023-03-13 14:00:00,0.0,141952.58328333325,9019.00366666667
2023-03-13 15:00:00,0.0,140004.10068333326,8798.22733333334
2023-03-13 16:00:00,0.0,89304.54506666666,26513.962666666695
2023-03-13 17:00:00,0.0,58740.543983333424,32027.21400000003
2023-03-13 18:00:00,1598.790000000001,61527.45168333342,611.7600000000012
2023-03-13 19:00:00,1508.8020000000004,47486.45105000005,10210.56333333336
2023-03-13 20:00:00,0.0,45165.688600000045,10944.110666666693
2023-03-13 21:00:00,0.0,35125.59220000004,0.0
2023-03-13 22:00:00,0.0,15179.941950000019,0.0
2023-03-13 23:00:00,0.0,5176.9892166666705,0.0
2023-03-14 00:00:00,0.0,2347.6142499999996,0.0
2023-03-14 01:00:00,0.0,6645.093700000006,0.0
2023-03-14 02:00:00,0.0,9017.577883333339,0.0
2023-03-14 03:00:00,0.0,10028.821816666674,0.0
2023-03-14 04:00:00,0.0,11524.445750000006,0.0
2023-03-14 05:00:00,0.0,18310.499700000015,424.1480000000007
2023-03-14 06:00:00,1643.7839999999999,34083.77941666673,10284.112000000028
2023-03-14 07:00:00,1456.309000000003,35439.150716666714,32168.643666666736
2023-03-14 08:00:00,0.0,49339.69336666668,17961.02500000003
2023-03-14 09:00:00,0.0,56406.9967,17623.453500000032
2023-03-14 10:00:00,8.270000000000007,78187.30661666662,16504.625000000036
2023-03-14 11:00:00,8.271000000000006,104560.08839999995,12300.442166666684
2023-03-14 12:00:00,0.0,126129.51618333327,0.0
2023-03-14 13:00:00,0.0,157250.4841166666,6820.385333333332
2023-03-14 14:00:00,0.0,147035.58078333328,7138.842333333334
2023-03-14 15:00:00,0.0,125964.5328166666,9261.807
2023-03-14 16:00:00,0.0,89613.76826666665,38662.403000000035
2023-03-14 17:00:00,0.0,58185.46706666675,39087.91933333336
2023-03-14 18:00:00,1531.2990000000013,59988.55981666675,618.084000000001
2023-03-14 19:00:00,1463.8080000000011,48954.73120000004,10017.101666666693
2023-03-14 20:00:00,0.0,45290.801416666705,9651.553333333364
2023-03-14 21:00:00,0.0,33350.255550000045,0.0
2023-03-14 22:00:00,0.0,14975.935000000014,0.0
2023-03-14 23:00:00,0.0,5179.318433333336,0.0
2023-03-15 00:00:00,0.0,2152.6143833333335,0.0
2023-03-15 01:00:00,0.0,6542.594383333339,0.0
2023-03-15 02:00:00,0.0,9860.072266666673,0.0
2023-03-15 03:00:00,0.0,11282.563816666672,0.0
2023-03-15 04:00:00,0.0,11803.14793333334,0.0
2023-03-15 05:00:00,0.0,17658.01748333335,468.1680000000001
2023-03-15 06:00:00,1568.7940000000003,29613.26516666672,10080.789666666691
2023-03-15 07:00:00,1463.8080000000032,30702.375133333382,38563.43766666672
2023-03-15 08:00:00,0.0,39345.91711666668,22998.738666666704
2023-03-15 09:00:00,0.0,60215.11496666665,16293.772333333362
2023-03-15 10:00:00,8.270000000000007,82653.54533333331,18727.656000000046
2023-03-15 11:00:00,8.271000000000006,102542.49506666666,12767.480666666692
2023-03-15 12:00:00,0.0,131954.7397666666,0.0
2023-03-15 13:00:00,0.0,145284.48773333326,9564.266000000001
2023-03-15 14:00:00,0.0,151045.4985999999,12260.18666666668
2023-03-15 15:00:00,0.0,130644.86484999993,7894.462000000006
2023-03-15 16:00:00,0.0,92045.50613333333,39858.712000000014
2023-03-15 17:00:00,0.0,62044.01876666676,23514.048666666695
2023-03-15 18:00:00,1486.3050000000023,59405.93815000009,579.0240000000013
2023-03-15 19:00:00,1576.293000000001,50588.84541666671,9534.073000000028
2023-03-15 20:00:00,0.0,45663.575133333376,10169.575666666695
2023-03-15 21:00:00,0.0,32896.40816666671,0.0
2023-03-15 22:00:00,0.0,15364.635750000016,0.0
2023-03-15 23:00:00,0.0,5000.813300000003,0.0
2023-03-16 00:00:00,0.0,2197.6156499999997,0.0
2023-03-16 01:00:00,0.0,7047.591016666671,0.0
2023-03-16 02:00:00,0.0,9287.57608333334,0.0
2023-03-16 03:00:00,0.0,9620.075583333339,0.0
2023-03-16 04:00:00,0.0,9968.175866666672,0.0
2023-03-16 05:00:00,0.0,15294.85075000002,459.9840000000003
2023-03-16 06:00:00,1328.826000000003,29001.25533333339,10678.403000000022
2023-03-16 07:00:00,1403.816,35359.86621666672,38529.56233333339
2023-03-16 08:00:00,0.0,39053.50110000001,26628.26233333336
2023-03-16 09:00:00,0.0,57915.65734999998,14398.147000000024
2023-03-16 10:00:00,8.263000000000005,64906.31833333334,16213.067500000037
2023-03-16 11:00:00,8.278000000000006,114111.41306666665,14837.56083333336
2023-03-16 12:00:00,0.0,142182.8232666666,0.0
2023-03-16 13:00:00,0.0,137465.83264999994,7587.148666666668
2023-03-16 14:00:00,0.0,149935.8094166666,7445.187666666666
2023-03-16 15:00:00,0.0,141339.2387166666,9733.782000000003
2023-03-16 16:00:00,0.0,92139.45013333333,32561.79433333336
2023-03-16 17:00:00,0.0,63721.57765000009,28330.799666666702
2023-03-16 18:00:00,1756.2690000000025,63126.90343333342,573.5680000000015
2023-03-16 19:00:00,1606.289000000002,51100.2215166667,10113.162333333363
2023-03-16 20:00:00,0.0,45960.68133333338,10287.838000000029
2023-03-16 21:00:00,0.0,32896.192150000046,0.0
2023-03-16 22:00:00,0.0,14480.81343333335,0.0
2023-03-16 23:00:00,0.0,4922.898150000004,0.0
2023-03-17 00:00:00,0.0,3130.108366666668,0.0
2023-03-17 01:00:00,0.0,7597.587350000008,0.0
2023-03-17 02:00:00,0.0,8997.578016666672,0.0
2023-03-17 03:00:00,0.0,10357.569650000005,0.0
2023-03-17 04:00:00,0.0,11892.032616666673,0.0
2023-03-17 05:00:00,0.0,17415.358383333347,434.93600000000094
2023-03-17 06:00:00,1403.8160000000012,32782.39266666673,10853.420000000024
2023-03-17 07:00:00,1658.7820000000024,34222.89296666672,30913.893666666725
2023-03-17 08:00:00,0.0,39538.82243333334,31516.552000000032
2023-03-17 09:00:00,0.0,66829.56654999997,14754.057166666691
2023-03-17 10:00:00,8.271000000000006,71157.30721666662,16620.996166666704
2023-03-17 11:00:00,8.270000000000005,91419.00661666665,13452.144166666685
2023-03-17 12:00:00,0.0,132662.94168333328,0.0
2023-03-17 13:00:00,0.0,142345.0723666666,8025.953000000001
2023-03-17 14:00:00,0.0,158450.5659499999,7966.920000000002
2023-03-17 15:00:00,0.0,138046.84694999992,11654.767666666674
2023-03-17 16:00:00,0.0,98205.95528333333,38604.39633333337
2023-03-17 17:00:00,0.0,57807.42088333343,29867.863000000034
2023-03-17 18:00:00,1561.2950000000028,60060.92306666674,646.8520000000007
2023-03-17 19:00:00,1471.3070000000023,47386.0983666667,9433.559333333353
2023-03-17 20:00:00,0.0,44833.893583333374,10860.82733333336
2023-03-17 21:00:00,0.0,33746.09841666672,0.0
2023-03-17 22:00:00,0.0,14884.780683333352,0.0
2023-03-17 23:00:00,0.0,4480.492483333335,0.0
2023-03-18 00:00:00,0.0,1720.1179,0.0
2023-03-18 01:00:00,0.0,5385.102100000004,0.0
2023-03-18 02:00:00,0.0,8867.578883333339,0.0
2023-03-18 03:00:00,0.0,10285.069616666673,0.0
2023-03-18 04:00:00,0.0,12389.590950000007,0.0
2023-03-18 05:00:00,0.0,17506.475566666682,446.3440000000008
2023-03-18 06:00:00,1606.2890000000048,32533.680416666728,10328.80733333336
2023-03-18 07:00:00,1508.8020000000029,32497.932316666713,38130.16566666671
2023-03-18 08:00:00,0.0,38615.92095000001,36436.984000000026
2023-03-18 09:00:00,0.0,60620.305866666655,15288.513666666691
2023-03-18 10:00:00,8.269000000000007,80864.03568333329,16652.779333333372
2023-03-18 11:00:00,8.272000000000006,112454.91394999997,14167.142666666692
2023-03-18 12:00:00,0.0,145714.74988333325,0.0
2023-03-18 13:00:00,0.0,138973.08189999993,6222.153000000002
2023-03-18 14:00:00,0.0,129497.25709999993,10013.056333333338
2023-03-18 15:00:00,0.0,127519.9670666666,9689.796000000006
2023-03-18 16:00:00,0.0,97962.17148333331,30879.024000000034
2023-03-18 17:00:00,0.0,63953.53320000009,24672.559333333364
2023-03-18 18:00:00,1396.3170000000023,58815.48056666675,567.9880000000024
2023-03-18 19:00:00,1583.7920000000022,48840.05806666671,10233.690000000031
2023-03-18 20:00:00,0.0,45269.08271666671,10014.668666666697
2023-03-18 21:00:00,0.0,33870.112383333384,0.0
2023-03-18 22:00:00,0.0,13980.286900000016,0.0
2023-03-18 23:00:00,0.0,4449.821816666669,0.0
2023-03-19 00:00:00,0.0,0.0,0.0
2023-03-19 01:00:00,0.0,0.0,0.0
2023-03-19 02:00:00,0.0,0.0,0.0
2023-03-19 03:00:00,0.0,0.0,0.0
2023-03-19 04:00:00,0.0,261.37579999999974,0.0
2023-03-19 05:00:00,0.0,5026.9269333333405,454.65200000000095
2023-03-19 06:00:00,1531.299000000002,19605.958750000056,10097.85533333336
2023-03-19 07:00:00,1463.808000000003,16244.162766666708,36405.13333333339
2023-03-19 08:00:00,0.0,1836.6419999999966,35151.774000000034
2023-03-19 09:00:00,0.0,619.923599999997,13411.379500000023
2023-03-19 10:00:00,8.270000000000005,524.2802999999969,17323.30416666671
2023-03-19 11:00:00,8.271000000000006,481.95074999999724,12455.200833333358
2023-03-19 12:00:00,0.0,531.6968999999968,0.0
2023-03-19 13:00:00,0.0,557.773883333331,7927.287333333335
2023-03-19 14:00:00,0.0,612.6858333333304,10619.85666666667
2023-03-19 15:00:00,0.0,556.6149166666635,10242.884666666672
2023-03-19 16:00:00,0.0,3363.460283333331,31438.942000000032
2023-03-19 17:00:00,0.0,32919.80025000007,22874.23500000003
2023-03-19 18:00:00,1636.2850000000024,44807.469516666744,562.1600000000018
2023-03-19 19:00:00,1463.808000000002,34048.58598333336,10844.912000000026
2023-03-19 20:00:00,0.0,30782.86583333337,10008.006000000034
2023-03-19 21:00:00,0.0,22136.779900000034,0.0
2023-03-19 22:00:00,0.0,5637.513700000009,0.0
2023-03-19 23:00:00,0.0,352.9690999999995,0.0
2023-03-20 00:00:00,0.0,2072.6167666666674,0.0
2023-03-20 01:00:00,0.0,6222.596516666672,0.0
2023-03-20 02:00:00,0.0,8955.078300000006,0.0
2023-03-20 03:00:00,0.0,11559.311833333337,0.0
2023-03-20 04:00:00,0.0,12863.876966666672,0.0
2023-03-20 05:00:00,0.0,18875.514366666685,484.78400000000045
2023-03-20 06:00:00,1711.2750000000026,31120.08956666672,10509.034333333364
2023-03-20 07:00:00,1388.818000000001,36427.13310000006,34729.432666666726
2023-03-20 08:00:00,0.0,38390.919850000006,39618.87833333337
2023-03-20 09:00:00,0.0,71143.43254999997,17600.720500000036
2023-03-20 10:00:00,8.270000000000005,80450.19476666664,13484.0831666667
2023-03-20 11:00:00,8.271000000000006,98078.4978833333,14105.603000000025
2023-03-20 12:00:00,0.0,137360.51483333326,0.0
2023-03-20 13:00:00,0.0,155798.81634999992,8109.778333333336
2023-03-20 14:00:00,0.0,145885.90939999992,10260.074333333338
2023-03-20 15:00:00,0.0,129800.68561666661,10337.386666666665
2023-03-20 16:00:00,0.0,90290.52854999997,25289.660333333366
2023-03-20 17:00:00,0.0,55954.202233333424,27037.367333333365
2023-03-20 18:00:00,1493.8040000000012,61676.54303333342,555.2160000000017
2023-03-20 19:00:00,1501.3030000000015,48530.6043666667,9446.914333333358
2023-03-20 20:00:00,0.0,43442.86425000004,10642.625000000025
2023-03-20 21:00:00,0.0,31604.993383333378,0.0
2023-03-20 22:00:00,0.0,14010.511650000015,0.0
2023-03-20 23:00:00,0.0,4896.740050000002,0.0
2023-03-21 00:00:00,0.0,1957.618116666666,0.0
2023-03-21 01:00:00,0.0,5725.099833333337,0.0
2023-03-21 02:00:00,0.0,8252.582983333341,0.0
2023-03-21 03:00:00,0.0,9726.573966666678,0.0
2023-03-21 04:00:00,0.0,9633.880950000006,0.0
2023-03-21 05:00:00,0.0,16070.725516666684,489.12400000000054
2023-03-21 06:00:00,1508.8020000000022,29749.018566666724,10414.755666666697
2023-03-21 07:00:00,1568.794000000004,34766.55740000004,34832.69433333339
2023-03-21 08:00:00,0.0,51901.89055,25662.226666666706
2023-03-21 09:00:00,0.0,63225.573949999976,16128.910833333362
2023-03-21 10:00:00,8.269000000000005,90509.04599999997,19739.67816666671
2023-03-21 11:00:00,8.272000000000006,116347.42106666663,10925.407833333353
2023-03-21 12:00:00,0.0,139833.09863333328,0.0
2023-03-21 13:00:00,0.0,139414.65466666664,7751.326333333336
2023-03-21 14:00:00,0.0,136647.8170166666,8565.220333333335
2023-03-21 15:00:00,0.0,125926.27459999998,9095.503666666673
2023-03-21 16:00:00,0.0,80639.354,38630.0346666667
2023-03-21 17:00:00,0.0,60184.27138333342,26720.632000000023
2023-03-21 18:00:00,1426.3130000000035,62138.602100000084,576.2960000000018
2023-03-21 19:00:00,1591.291000000002,46980.90605000004,9809.058000000026
2023-03-21 20:00:00,0.0,44149.60613333338,10289.503666666693
2023-03-21 21:00:00,0.0,32648.265716666712,0.0
2023-03-21 22:00:00,0.0,14573.688000000013,0.0
2023-03-21 23:00:00,0.0,4907.488000000002,0.0
2023-03-22 00:00:00,0.0,1995.1138833333332,0.0
2023-03-22 01:00:00,0.0,5227.603150000005,0.0
2023-03-22 02:00:00,0.0,7300.089333333339,0.0
2023-03-22 03:00:00,0.0,8877.578816666672,0.0
2023-03-22 04:00:00,0.0,10164.237583333339,0.0
2023-03-22 05:00:00,0.0,17416.39236666668,485.7760000000009
2023-03-22 06:00:00,1523.8000000000022,30327.615300000052,10084.287333333365
2023-03-22 07:00:00,1448.8100000000015,31535.322000000047,39035.32766666672
2023-03-22 08:00:00,0.0,36276.16585000001,34738.43833333337
2023-03-22 09:00:00,0.0,54829.608250000005,13975.588000000025
2023-03-22 10:00:00,8.279000000000005,65789.81401666666,17416.91400000004
2023-03-22 11:00:00,8.262000000000006,107984.90911666662,12988.82300000002
2023-03-22 12:00:00,0.0,150301.90338333327,0.0
2023-03-22 13:00:00,0.0,161489.90174999996,4707.112333333331
2023-03-22 14:00:00,0.0,139945.67681666662,10715.309666666672
2023-03-22 15:00:00,0.0,134232.19239999994,10779.664000000008
2023-03-22 16:00:00,0.0,91745.7917333333,37560.46500000003
2023-03-22 17:00:00,0.0,62088.34148333342,20589.980000000025
2023-03-22 18:00:00,1486.305000000001,63305.42050000009,611.2640000000008
2023-03-22 19:00:00,1636.285000000002,49408.90748333337,9388.188333333363
2023-03-22 20:00:00,0.0,43709.9363166667,10674.272666666693
2023-03-22 21:00:00,0.0,34037.07825000005,0.0
2023-03-22 22:00:00,0.0,14722.572083333349,0.0
2023-03-22 23:00:00,0.0,5101.487900000002,0.0
2023-03-23 00:00:00,0.0,1915.1141833333315,0.0
2023-03-23 01:00:00,0.0,6095.0973666666705,0.0
2023-03-23 02:00:00,0.0,8755.079633333342,0.0
2023-03-23 03:00:00,0.0,10987.564766666675,0.0
2023-03-23 04:00:00,0.0,13442.12068333334,0.0
2023-03-23 05:00:00,0.0,19937.645150000015,451.3040000000008
2023-03-23 06:00:00,1538.7980000000014,33006.768916666726,10797.11333333336
2023-03-23 07:00:00,1373.820000000004,31236.972233333374,43781.51500000006
2023-03-23 08:00:00,0.0,37046.91768333335,28751.579000000027
2023-03-23 09:00:00,0.0,68370.67078333332,17460.48533333336
2023-03-23 10:00:00,8.278000000000006,88000.61293333331,14495.065333333367
2023-03-23 11:00:00,8.263000000000005,109651.73074999997,13297.17616666669
2023-03-23 12:00:00,0.0,139789.17053333326,0.0
2023-03-23 13:00:00,0.0,127113.17653333327,8394.408000000001
2023-03-23 14:00:00,0.0,144025.27013333328,10273.205000000007
2023-03-23 15:00:00,0.0,135783.5234666666,8260.429000000002
2023-03-23 16:00:00,0.0,93106.17033333333,33698.24700000005
2023-03-23 17:00:00,0.0,63142.068683333426,29949.133666666698
2023-03-23 18:00:00,1546.2970000000053,58898.30620000009,522.604000000002
2023-03-23 19:00:00,1636.2850000000037,47921.92293333337,9031.47466666669
2023-03-23 20:00:00,0.0,43775.787466666705,10381.115333333359
2023-03-23 21:00:00,0.0,32215.506083333377,0.0
2023-03-23 22:00:00,0.0,13884.29593333335,0.0
2023-03-23 23:00:00,0.0,4274.151083333336,0.0
2023-03-24 00:00:00,0.0,2070.116016666667,0.0
2023-03-24 01:00:00,0.0,5892.598716666674,0.0
2023-03-24 02:00:00,0.0,8457.581616666674,0.0
2023-03-24 03:00:00,0.0,10080.07140000001,0.0
2023-03-24 04:00:00,0.0,11983.44835000001,0.0
2023-03-24 05:00:00,0.0,17552.17188333335,457.3800000000011
2023-03-24 06:00:00,1471.307000000002,31344.289133333397,10663.24733333336
2023-03-24 07:00:00,1456.3090000000016,34826.86243333339,32946.14266666673
2023-03-24 08:00:00,0.0,49010.73170000001,37046.78366666669
2023-03-24 09:00:00,0.0,64360.34483333332,17129.946833333364
2023-03-24 10:00:00,8.279000000000005,79941.8048833333,14622.031833333367
2023-03-24 11:00:00,8.262000000000006,115856.49956666662,11599.069833333353
2023-03-24 12:00:00,0.0,135314.92284999994,0.0
2023-03-24 13:00:00,0.0,138664.81359999994,8730.383000000005
2023-03-24 14:00:00,0.0,141486.23074999993,12044.525000000009
2023-03-24 15:00:00,0.0,125341.08919999994,7731.320333333333
2023-03-24 16:00:00,0.0,86339.36876666667,32131.763333333358
2023-03-24 17:00:00,0.0,53372.44920000009,27012.56300000003
2023-03-24 18:00:00,1553.7960000000023,60027.52391666675,607.5440000000015
2023-03-24 19:00:00,1613.7880000000011,48137.54518333337,10483.425333333355
2023-03-24 20:00:00,0.0,44371.08083333338,10504.374666666694
2023-03-24 21:00:00,0.0,33065.97068333338,0.0
2023-03-24 22:00:00,0.0,14831.665150000015,0.0
2023-03-24 23:00:00,0.0,5186.985166666669,0.0
2023-03-25 00:00:00,0.0,2017.616366666666,0.0
2023-03-25 01:00:00,0.0,5795.099366666672,0.0
2023-03-25 02:00:00,0.0,8225.08316666667,0.0
2023-03-25 03:00:00,0.0,9600.074216666671,0.0
2023-03-25 04:00:00,0.0,10086.550366666674,0.0
2023-03-25 05:00:00,0.0,18041.267416666684,420.5520000000003
2023-03-25 06:00:00,1606.2890000000011,31267.020366666722,9487.940000000026
2023-03-25 07:00:00,1463.808000000002,32194.36263333338,35642.96866666674
2023-03-25 08:00:00,0.0,36676.02201666668,18681.5136666667
2023-03-25 09:00:00,0.0,64167.67861666664,15565.529166666694
2023-03-25 10:00:00,8.279000000000007,77313.4663333333,18164.700166666706
2023-03-25 11:00:00,8.262000000000006,100315.67219999997,14249.944500000025
2023-03-25 12:00:00,0.0,132767.7477666666,0.0
2023-03-25 13:00:00,0.0,150652.4878333333,6778.075000000002
2023-03-25 14:00:00,0.0,153551.7309166666,8968.349
2023-03-25 15:00:00,0.0,133650.00358333328,9178.015666666673
2023-03-25 16:00:00,0.0,99562.01379999999,34072.855000000025
2023-03-25 17:00:00,0.0,58677.464633333424,33106.59933333336
2023-03-25 18:00:00,1448.8100000000002,60238.33481666675,568.1120000000017
2023-03-25 19:00:00,1576.293000000002,48116.93770000004,10610.008666666687
2023-03-25 20:00:00,0.0,45091.48301666671,11035.722333333359
2023-03-25 21:00:00,0.0,33617.64771666671,0.0
2023-03-25 22:00:00,0.0,14860.333716666682,0.0
2023-03-25 23:00:00,0.0,5069.732100000003,0.0
2023-03-26 00:00:00,0.0,0.0,0.0
2023-03-26 01:00:00,0.0,0.0,0.0
2023-03-26 02:00:00,0.0,0.0,0.0
2023-03-26 03:00:00,0.0,0.0,0.0
2023-03-26 04:00:00,0.0,236.52648333333312,0.0
2023-03-26 05:00:00,0.0,4633.966583333343,470.0280000000006
2023-03-26 06:00:00,1546.297000000003,17779.329150000052,10398.895000000022
2023-03-26 07:00:00,1643.7840000000008,15275.01083333338,48006.701333333396
2023-03-26 08:00:00,0.0,2237.004316666665,40055.97833333337
2023-03-26 09:00:00,0.0,643.8353333333299,16097.078666666692
2023-03-26 10:00:00,8.282000000000007,575.9414666666634,18672.849833333377
2023-03-26 11:00:00,8.259000000000006,542.8624499999975,15284.666833333358
2023-03-26 12:00:00,0.0,650.0183833333298,0.0
2023-03-26 13:00:00,0.0,643.8484166666633,4092.5196666666643
2023-03-26 14:00:00,0.0,611.6866999999963,12235.03200000001
2023-03-26 15:00:00,0.0,665.101549999996,6903.554000000003
2023-03-26 16:00:00,0.0,3234.9680666666627,27112.838666666696
2023-03-26 17:00:00,0.0,31272.360316666738,15279.028333333361
2023-03-26 18:00:00,1613.7880000000014,47249.97745000008,577.2880000000017
2023-03-26 19:00:00,1291.3310000000026,35031.77245000003,10553.749666666694
2023-03-26 20:00:00,0.0,31613.529600000038,9938.048000000033
2023-03-26 21:00:00,0.0,21941.048050000038,0.0
2023-03-26 22:00:00,0.0,5081.139933333342,0.0
2023-03-26 23:00:00,0.0,346.71938333333287,0.0
2023-03-27 00:00:00,0.0,1800.1175833333318,0.0
2023-03-27 01:00:00,0.0,5405.10196666667,0.0
2023-03-27 02:00:00,0.0,7992.5847166666745,0.0
2023-03-27 03:00:00,0.0,10515.068416666676,0.0
2023-03-27 04:00:00,0.0,11431.381850000009,0.0
2023-03-27 05:00:00,0.0,18237.31613333335,461.59600000000086
2023-03-27 06:00:00,1523.8000000000018,31693.170750000063,9453.997333333358
2023-03-27 07:00:00,1576.2930000000024,29902.54285000005,29939.57233333339
2023-03-27 08:00:00,0.0,33174.20440000001,30339.74300000004
2023-03-27 09:00:00,0.0,53784.80828333335,15582.641166666694
2023-03-27 10:00:00,8.280000000000006,65563.1995,14381.700000000033
2023-03-27 11:00:00,8.261000000000006,104878.01439999999,14878.656166666691
2023-03-27 12:00:00,0.0,158732.5000166666,0.0
2023-03-27 13:00:00,0.0,150502.48851666658,9413.632333333338
2023-03-27 14:00:00,0.0,158553.98969999992,8131.61566666667
2023-03-27 15:00:00,0.0,134190.4356833333,8085.608666666669
2023-03-27 16:00:00,0.0,93444.20275,32839.66333333337
2023-03-27 17:00:00,0.0,64253.588316666755,36607.9016666667
2023-03-27 18:00:00,1433.8120000000022,59361.45851666675,602.2120000000015
2023-03-27 19:00:00,1561.2950000000005,47243.480916666704,10251.412666666698
2023-03-27 20:00:00,0.0,45162.10781666671,10632.631000000032
2023-03-27 21:00:00,0.0,32689.227300000042,0.0
2023-03-27 22:00:00,0.0,12908.788250000012,0.0
2023-03-27 23:00:00,0.0,4135.816883333335,0.0
2023-03-28 00:00:00,0.0,2390.114799999999,0.0
2023-03-28 01:00:00,0.0,6930.091800000006,0.0
2023-03-28 02:00:00,0.0,8715.079900000006,0.0
2023-03-28 03:00:00,0.0,10479.068550000007,0.0
2023-03-28 04:00:00,0.0,11582.847783333338,0.0
2023-03-28 05:00:00,0.0,16557.04716666668,491.4800000000006
2023-03-28 06:00:00,1471.3070000000025,29137.232000000055,9630.63000000003
2023-03-28 07:00:00,1583.7920000000022,32048.13256666672,37844.420333333386
2023-03-28 08:00:00,0.0,43359.37795,35735.701333333374
2023-03-28 09:00:00,0.0,77112.1161333333,15325.625000000024
2023-03-28 10:00:00,8.259000000000006,87423.6284333333,16008.952500000038
2023-03-28 11:00:00,8.282000000000007,94632.49315,10800.156333333354
2023-03-28 12:00:00,0.0,133278.66721666662,0.0
2023-03-28 13:00:00,0.0,138225.99628333328,7185.3673333333345
2023-03-28 14:00:00,0.0,134208.2679833333,9750.419666666672
2023-03-28 15:00:00,0.0,130872.53151666661,9441.810000000001
2023-03-28 16:00:00,0.0,99247.42448333332,27221.15200000003
2023-03-28 17:00:00,0.0,61076.03016666675,33354.2536666667
2023-03-28 18:00:00,1531.299000000003,61635.37860000008,723.7319999999995
2023-03-28 19:00:00,1508.8020000000033,49733.24760000003,9886.400333333359
2023-03-28 20:00:00,0.0,44090.8733666667,10612.643000000027
2023-03-28 21:00:00,0.0,32825.42096666671,0.0
2023-03-28 22:00:00,0.0,14934.270550000016,0.0
2023-03-28 23:00:00,0.0,5512.059883333337,0.0
2023-03-29 00:00:00,0.0,2705.1118500000002,0.0
2023-03-29 01:00:00,0.0,6470.094866666673,0.0
2023-03-29 02:00:00,0.0,8340.082400000007,0.0
2023-03-29 03:00:00,0.0,9905.072816666674,0.0
2023-03-29 04:00:00,0.0,11591.066016666671,0.0
2023-03-29 05:00:00,0.0,17239.86590000001,436.3000000000011
2023-03-29 06:00:00,1501.303000000002,30930.495383333386,9975.095333333362
2023-03-29 07:00:00,1658.7820000000033,32449.270483333385,43209.3143333334
2023-03-29 08:00:00,0.0,39514.820566666676,21279.804666666692
2023-03-29 09:00:00,0.0,57778.25981666667,12703.012000000024
2023-03-29 10:00:00,8.269000000000005,84428.69031666662,18592.90216666671
2023-03-29 11:00:00,8.272000000000007,103002.72904999995,13263.535333333355
2023-03-29 12:00:00,0.0,133596.2601166666,0.0
2023-03-29 13:00:00,0.0,147380.41184999995,9328.994666666673
2023-03-29 14:00:00,0.0,146288.0061166666,10786.160000000003
2023-03-29 15:00:00,0.0,143899.18241666662,10174.695000000003
2023-03-29 16:00:00,0.0,98647.38793333332,26515.236666666693
2023-03-29 17:00:00,0.0,55074.78625000009,32491.1896666667
2023-03-29 18:00:00,1403.8160000000034,59292.47226666676,635.0720000000005
2023-03-29 19:00:00,1531.2990000000032,47954.699350000046,9936.587000000025
2023-03-29 20:00:00,0.0,45367.85225000004,11200.623333333358
2023-03-29 21:00:00,0.0,34524.53145000004,0.0
2023-03-29 22:00:00,0.0,15085.75013333335,0.0
2023-03-29 23:00:00,0.0,5480.229583333337,0.0
2023-03-30 00:00:00,0.0,2627.614183333335,0.0
2023-03-30 01:00:00,0.0,6257.596283333339,0.0
2023-03-30 02:00:00,0.0,8457.581616666674,0.0
2023-03-30 03:00:00,0.0,9792.573583333342,0.0
2023-03-30 04:00:00,0.0,9809.985166666675,0.0
2023-03-30 05:00:00,0.0,16593.039050000014,429.852000000001
2023-03-30 06:00:00,1703.7760000000023,29756.699666666726,9622.05933333336
2023-03-30 07:00:00,1321.3270000000034,29094.79766666672,47114.03300000006
2023-03-30 08:00:00,0.0,35219.03210000001,24760.325000000023
2023-03-30 09:00:00,0.0,57017.75468333334,15455.617166666696
2023-03-30 10:00:00,8.261000000000006,62391.98275,15258.974000000035
2023-03-30 11:00:00,8.280000000000006,115868.14724999997,13176.569333333358
2023-03-30 12:00:00,0.0,140921.41688333327,0.0
2023-03-30 13:00:00,0.0,149851.05563333325,7373.870333333336
2023-03-30 14:00:00,0.0,155704.5581999999,10574.696000000004
2023-03-30 15:00:00,0.0,145049.75449999995,11069.960333333343
2023-03-30 16:00:00,0.0,90995.68221666665,26790.73933333336
2023-03-30 17:00:00,0.0,57644.091966666754,28059.946000000033
2023-03-30 18:00:00,1493.8040000000026,63035.26515000008,634.5760000000008
2023-03-30 19:00:00,1576.293000000002,48604.08588333338,10370.73733333336
2023-03-30 20:00:00,0.0,43186.19671666671,10474.392666666696
2023-03-30 21:00:00,0.0,32865.817183333376,0.0
2023-03-30 22:00:00,0.0,14695.490050000015,0.0
2023-03-30 23:00:00,0.0,4346.572866666669,0.0
2023-03-31 00:00:00,0.0,3160.1102000000014,0.0
2023-03-31 01:00:00,0.0,7520.087866666673,0.0
2023-03-31 02:00:00,0.0,9167.576883333339,0.0
2023-03-31 03:00:00,0.0,10965.065516666673,0.0
2023-03-31 04:00:00,0.0,11616.666616666673,0.0
2023-03-31 05:00:00,0.0,17738.519416666684,472.756000000001
2023-03-31 06:00:00,1568.794000000002,30388.255200000058,10885.750666666696
2023-03-31 07:00:00,1411.315000000002,34047.99621666672,37395.22066666671
2023-03-31 08:00:00,0.0,47802.62336666668,38847.61000000004
2023-03-31 09:00:00,0.0,63609.686749999986,15600.780166666693
2023-03-31 10:00:00,8.270000000000007,77173.04953333331,16062.887166666702
2023-03-31 11:00:00,8.271000000000006,117647.98664999996,15046.259000000024
2023-03-31 12:00:00,0.0,130237.02408333326,0.0
2023-03-31 13:00:00,0.0,141518.6722166666,8651.25633333334
2023-03-31 14:00:00,0.0,138434.59488333328,7647.978999999999
2023-03-31 15:00:00,0.0,139884.2570666666,9224.144333333337
2023-03-31 16:00:00,0.0,81581.02416666666,21959.266333333366
2023-03-31 17:00:00,0.0,60350.16138333341,29681.212000000032
2023-03-31 18:00:00,1538.798000000001,61052.80406666675,632.4680000000013
2023-03-31 19:00:00,1576.293000000002,47997.15615000004,9083.845000000023
2023-03-31 20:00:00,0.0,43818.998983333375,10542.685000000029
2023-03-31 21:00:00,0.0,33802.941950000044,0.0
2023-03-31 22:00:00,0.0,14201.39613333335,0.0
2023-03-31 23:00:00,0.0,4698.075166666669,0.0
2023-04-01 00:00:00,0.0,2312.6136166666665,0.0
2023-04-01 01:00:00,0.0,5820.099200000004,0.0
2023-04-01 02:00:00,0.0,8825.079166666676,0.0
2023-04-01 03:00:00,0.0,10279.070666666674,0.0
2023-04-01 04:00:00,0.0,11825.132050000007,0.0
2023-04-01 05:00:00,0.0,17762.796250000014,456.14000000000124
2023-04-01 06:00:00,1598.7900000000034,32356.506666666734,10467.825666666686
2023-04-01 07:00:00,1463.8080000000023,34108.512116666716,42719.452666666715
2023-04-01 08:00:00,0.0,28000.76490000001,34964.85800000004
2023-04-01 09:00:00,0.0,70264.08656666665,13650.178000000018
2023-04-01 10:00:00,8.274000000000006,76842.04793333332,14480.356666666701
2023-04-01 11:00:00,8.267000000000007,99099.41641666665,14779.163666666696
2023-04-01 12:00:00,0.0,126832.52629999991,0.0
2023-04-01 13:00:00,0.0,149820.26334999994,7898.419000000002
2023-04-01 14:00:00,0.0,141833.33599999995,11688.923333333341
2023-04-01 15:00:00,0.0,140703.34714999993,8940.205333333339
2023-04-01 16:00:00,0.0,104856.97523333332,19122.568333333358
2023-04-01 17:00:00,0.0,60310.967116666754,29785.05400000004
2023-04-01 18:00:00,1628.7860000000023,60852.00300000008,597.9960000000012
2023-04-01 19:00:00,1403.8160000000016,50808.096683333366,9674.60900000003
2023-04-01 20:00:00,0.0,46291.29085000004,10011.337333333364
2023-04-01 21:00:00,0.0,34203.411650000045,0.0
2023-04-01 22:00:00,0.0,14420.767050000015,0.0
2023-04-01 23:00:00,0.0,4862.900250000002,0.0
2023-04-02 00:00:00,0.0,0.0,0.0
2023-04-02 01:00:00,0.0,0.0,0.0
2023-04-02 02:00:00,0.0,0.0,0.0
2023-04-02 03:00:00,0.0,0.0,0.0
2023-04-02 04:00:00,0.0,281.3591499999998,0.0
2023-04-02 05:00:00,0.0,5425.128733333341,436.05200000000053
2023-04-02 06:00:00,1456.309000000001,19340.20333333339,11182.842666666691
2023-04-02 07:00:00,1613.788000000001,13493.076450000048,48837.8023333334
2023-04-02 08:00:00,0.0,1705.2177999999994,25019.464333333366
2023-04-02 09:00:00,0.0,713.1640666666633,17598.71750000003
2023-04-02 10:00:00,8.284000000000006,691.2678499999964,17304.873500000034
2023-04-02 11:00:00,8.257000000000005,624.4332999999965,13156.479666666693
2023-04-02 12:00:00,0.0,588.6884166666628,0.0
2023-04-02 13:00:00,0.0,640.4360666666627,6138.828666666668
2023-04-02 14:00:00,0.0,637.0257999999963,10389.405666666677
2023-04-02 15:00:00,0.0,581.6990499999964,10197.206000000006
2023-04-02 16:00:00,0.0,2934.0722666666634,32805.41100000003
2023-04-02 17:00:00,0.0,32869.52235000007,20956.709000000024
2023-04-02 18:00:00,1486.3050000000035,46933.96485000008,601.9640000000018
2023-04-02 19:00:00,1538.798000000003,35378.980833333364,10120.648666666695
2023-04-02 20:00:00,0.0,32451.3272666667,9874.752666666694
2023-04-02 21:00:00,0.0,21866.05550000004,0.0
2023-04-02 22:00:00,0.0,5267.991900000006,0.0
2023-04-02 23:00:00,0.0,296.55266666666637,0.0
2023-04-03 00:00:00,0.0,2757.6114500000003,0.0
2023-04-03 01:00:00,0.0,7387.5887500000035,0.0
2023-04-03 02:00:00,0.0,8557.580950000007,0.0
2023-04-03 03:00:00,0.0,9767.573700000006,0.0
2023-04-03 04:00:00,0.0,10612.416216666672,0.0
2023-04-03 05:00:00,0.0,16718.53855000002,484.4120000000013
2023-04-03 06:00:00,1478.8060000000014,30228.036633333395,10326.183000000023
2023-04-03 07:00:00,1636.2850000000017,35291.13751666672,28631.181666666736
2023-04-03 08:00:00,0.0,43810.37853333334,33696.28600000003
2023-04-03 09:00:00,0.0,70834.36551666664,13792.77133333335
2023-04-03 10:00:00,8.272000000000006,75686.48058333331,15827.35133333337
2023-04-03 11:00:00,8.269000000000005,112739.74741666662,14328.262333333365
2023-04-03 12:00:00,0.0,131336.2530166666,0.0
2023-04-03 13:00:00,0.0,136548.4105666666,8660.240333333337
2023-04-03 14:00:00,0.0,133266.0046166666,7064.553000000001
2023-04-03 15:00:00,0.0,141539.43181666662,11772.508000000005
2023-04-03 16:00:00,0.0,98043.14848333332,36993.20066666671
2023-04-03 17:00:00,0.0,58718.73810000009,25916.9606666667
2023-04-03 18:00:00,1418.814000000003,63028.729900000086,623.2920000000005
2023-04-03 19:00:00,1561.2950000000035,50680.159900000035,10103.795666666685
2023-04-03 20:00:00,0.0,44469.64948333338,10630.965333333359
2023-04-03 21:00:00,0.0,34899.34056666671,0.0
2023-04-03 22:00:00,0.0,16050.512700000018,0.0
2023-04-03 23:00:00,0.0,5747.061383333337,0.0
2023-04-04 00:00:00,0.0,2645.1110333333354,0.0
2023-04-04 01:00:00,0.0,7852.585650000005,0.0
2023-04-04 02:00:00,0.0,8985.078100000006,0.0
2023-04-04 03:00:00,0.0,9580.074900000007,0.0
2023-04-04 04:00:00,0.0,10662.083716666672,0.0
2023-04-04 05:00:00,0.0,16349.841100000012,476.84800000000104
2023-04-04 06:00:00,1553.7960000000028,32285.40805000006,9799.61200000003
2023-04-04 07:00:00,1516.301000000003,31188.747816666713,29579.384000000056
2023-04-04 08:00:00,0.0,39217.86006666668,38256.46900000003
2023-04-04 09:00:00,0.0,54234.40213333332,13573.73866666669
2023-04-04 10:00:00,8.270000000000007,69753.47253333332,15535.937666666709
2023-04-04 11:00:00,8.271000000000006,107939.00391666664,15360.313000000024
2023-04-04 12:00:00,0.0,135044.42511666662,0.0
2023-04-04 13:00:00,0.0,144430.16976666663,6812.403333333333
2023-04-04 14:00:00,0.0,150289.59163333324,11013.656000000006
2023-04-04 15:00:00,0.0,146001.18043333327,9989.939666666676
2023-04-04 16:00:00,0.0,99084.01231666665,38058.909333333366
2023-04-04 17:00:00,0.0,62619.83108333342,22479.59500000003
2023-04-04 18:00:00,1478.806000000001,60237.181916666756,658.8800000000009
2023-04-04 19:00:00,1546.2970000000025,51621.332250000036,10124.79233333336
2023-04-04 20:00:00,0.0,46886.18001666671,10972.427000000027
2023-04-04 21:00:00,0.0,34024.53806666671,0.0
2023-04-04 22:00:00,0.0,14460.76001666668,0.0
2023-04-04 23:00:00,0.0,4566.901783333336,0.0
2023-04-05 00:00:00,0.0,2940.1094666666672,0.0
2023-04-05 01:00:00,0.0,6975.091500000004,0.0
2023-04-05 02:00:00,0.0,9435.075100000002,0.0
2023-04-05 03:00:00,0.0,10425.068500000003,0.0
2023-04-05 04:00:00,0.0,11114.720366666672,0.0
2023-04-05 05:00:00,0.0,17193.772800000017,421.2960000000007
2023-04-05 06:00:00,1508.802000000002,33022.360483333396,10621.328000000027
2023-04-05 07:00:00,1478.806000000002,33430.99113333338,44917.31833333339
2023-04-05 08:00:00,0.0,43377.04966666668,37835.791000000034
2023-04-05 09:00:00,0.0,53480.49803333334,14796.198500000028
2023-04-05 10:00:00,8.268000000000006,76818.03214999998,17591.8646666667
2023-04-05 11:00:00,8.273000000000007,97809.65419999998,11168.83050000002
2023-04-05 12:00:00,0.0,139496.65811666663,0.0
2023-04-05 13:00:00,0.0,122164.16388333333,7723.649666666672
2023-04-05 14:00:00,0.0,140585.3514666666,7099.693666666667
2023-04-05 15:00:00,0.0,153341.3623499999,12425.332333333343
2023-04-05 16:00:00,0.0,105737.01311666664,26114.859666666704
2023-04-05 17:00:00,0.0,58628.85398333342,22880.749333333362
2023-04-05 18:00:00,1606.2890000000011,60098.14860000008,620.0680000000008
2023-04-05 19:00:00,1501.3030000000022,49074.21895000004,9757.585000000028
2023-04-05 20:00:00,0.0,44592.969016666706,10532.691000000028
2023-04-05 21:00:00,0.0,34324.62116666671,0.0
2023-04-05 22:00:00,0.0,14041.39876666668,0.0
2023-04-05 23:00:00,0.0,4387.575533333336,0.0
2023-04-06 00:00:00,0.0,2632.6111333333333,0.0
2023-04-06 01:00:00,0.0,6150.097000000006,0.0
2023-04-06 02:00:00,0.0,8815.07923333334,0.0
2023-04-06 03:00:00,0.0,9895.072833333339,0.0
2023-04-06 04:00:00,0.0,11470.469483333341,0.0
2023-04-06 05:00:00,0.0,17085.769900000014,466.80400000000026
2023-04-06 06:00:00,1636.2850000000035,29821.232616666726,10023.714666666698
2023-04-06 07:00:00,1553.7960000000026,31930.38975000005,35369.02433333338
2023-04-06 08:00:00,0.0,38532.49751666668,37701.616666666705
2023-04-06 09:00:00,0.0,68130.39853333333,12200.192000000021
2023-04-06 10:00:00,8.257000000000005,80220.36799999997,16138.668333333371
2023-04-06 11:00:00,8.284000000000006,102371.40399999998,14933.10816666669
2023-04-06 12:00:00,0.0,126294.8413666666,0.0
2023-04-06 13:00:00,0.0,145785.57329999993,5392.555333333332
2023-04-06 14:00:00,0.0,144081.50339999993,8396.205333333332
2023-04-06 15:00:00,0.0,141741.19663333328,9089.820000000003
2023-04-06 16:00:00,0.0,96586.64863333333,34241.743333333376
2023-04-06 17:00:00,0.0,61696.95001666676,25168.82966666671
2023-04-06 18:00:00,1456.3090000000016,61507.49681666675,552.860000000002
2023-04-06 19:00:00,1448.8100000000022,49744.75381666671,9806.096666666697
2023-04-06 20:00:00,0.0,44606.42828333337,10064.638666666693
2023-04-06 21:00:00,0.0,32682.183800000043,0.0
2023-04-06 22:00:00,0.0,14678.80053333335,0.0
2023-04-06 23:00:00,0.0,4170.324650000001,0.0
2023-04-07 00:00:00,0.0,2617.612383333334,0.0
2023-04-07 01:00:00,0.0,5642.60038333334,0.0
2023-04-07 02:00:00,0.0,8695.080033333339,0.0
2023-04-07 03:00:00,0.0,10520.068233333339,0.0
2023-04-07 04:00:00,0.0,12112.937116666671,0.0
2023-04-07 05:00:00,0.0,17832.931550000016,509.21200000000033
2023-04-07 06:00:00,1538.7980000000014,30537.530466666718,10370.908000000027
2023-04-07 07:00:00,1523.8000000000034,30211.057216666715,30853.468000000044
2023-04-07 08:00:00,0.0,35789.77466666668,33305.13933333337
2023-04-07 09:00:00,0.0,57360.67503333333,18719.753833333365
2023-04-07 10:00:00,8.264000000000005,89348.36061666663,16677.630333333364
2023-04-07 11:00:00,8.277000000000006,118429.63564999997,14185.95533333336
2023-04-07 12:00:00,0.0,128529.51813333327,0.0
2023-04-07 13:00:00,0.0,134496.9289166666,4696.314
2023-04-07 14:00:00,0.0,152128.9252666666,9808.278000000006
2023-04-07 15:00:00,0.0,148055.67084999997,9517.101333333336
2023-04-07 16:00:00,0.0,99072.53723333332,35528.64133333336
2023-04-07 17:00:00,0.0,57058.86241666676,27907.378666666704
2023-04-07 18:00:00,1546.2970000000007,61338.42070000009,568.112000000001
2023-04-07 19:00:00,1486.3050000000019,50270.73445000004,10237.415666666697
2023-04-07 20:00:00,0.0,45747.46745000004,10031.325333333367
2023-04-07 21:00:00,0.0,33429.75461666671,0.0
2023-04-07 22:00:00,0.0,13672.654900000014,0.0
2023-04-07 23:00:00,0.0,5084.475050000005,0.0
2023-04-08 00:00:00,0.0,3045.1106000000023,0.0
2023-04-08 01:00:00,0.0,7047.591016666672,0.0
2023-04-08 02:00:00,0.0,9035.077766666673,0.0
2023-04-08 03:00:00,0.0,12052.80823333334,0.0
2023-04-08 04:00:00,0.0,12539.027950000005,0.0
2023-04-08 05:00:00,0.0,17653.16251666668,424.6440000000008
2023-04-08 06:00:00,1403.816000000003,31996.44203333339,9591.753666666691
2023-04-08 07:00:00,1613.7880000000039,30671.863800000046,36125.05366666673
2023-04-08 08:00:00,0.0,34147.75071666668,36392.994000000035
2023-04-08 09:00:00,0.0,56583.280166666664,15028.724166666689
2023-04-08 10:00:00,8.264000000000006,71196.15159999998,16740.566500000037
2023-04-08 11:00:00,8.277000000000006,100277.26038333331,14692.471666666694
2023-04-08 12:00:00,0.0,134964.17661666663,0.0
2023-04-08 13:00:00,0.0,123625.26884999996,7170.716666666672
2023-04-08 14:00:00,0.0,158888.82953333328,10430.023333333338
2023-04-08 15:00:00,0.0,144759.8282999999,8200.11666666667
2023-04-08 16:00:00,0.0,105423.97349999998,25215.52200000003
2023-04-08 17:00:00,0.0,59191.95868333342,33827.72833333336
2023-04-08 18:00:00,1523.8000000000018,59143.79058333342,584.6040000000007
2023-04-08 19:00:00,1553.796000000001,49276.66155000004,10932.207666666689
2023-04-08 20:00:00,0.0,44602.42978333338,10854.164666666697
2023-04-08 21:00:00,0.0,33703.53093333338,0.0
2023-04-08 22:00:00,0.0,14649.14843333335,0.0
2023-04-08 23:00:00,0.0,5851.058650000005,0.0
2023-04-09 00:00:00,0.0,0.0,0.0
2023-04-09 01:00:00,0.0,0.0,0.0
2023-04-09 02:00:00,0.0,0.0,0.0
2023-04-09 03:00:00,0.0,0.0,0.0
2023-04-09 04:00:00,0.0,255.43059999999969,0.0
2023-04-09 05:00:00,0.0,5056.926200000008,493.46400000000074
2023-04-09 06:00:00,1546.2970000000018,17003.04401666672,9822.237333333356
2023-04-09 07:00:00,1568.7940000000024,17498.974833333377,34822.344333333385
2023-04-09 08:00:00,0.0,1844.8272333333318,30437.928333333362
2023-04-09 09:00:00,0.0,706.4793333333303,14642.555333333356
2023-04-09 10:00:00,8.267000000000007,722.9275999999966,14501.613000000038
2023-04-09 11:00:00,8.274000000000006,620.6048499999964,13177.136666666693
2023-04-09 12:00:00,0.0,537.2001833333308,0.0
2023-04-09 13:00:00,0.0,596.1924666666641,10026.221000000001
2023-04-09 14:00:00,0.0,562.7816833333306,8841.868
2023-04-09 15:00:00,0.0,593.9467499999968,11151.798666666675
2023-04-09 16:00:00,0.0,2726.498816666664,33313.7026666667
2023-04-09 17:00:00,0.0,31888.229450000075,29523.350333333372
2023-04-09 18:00:00,1343.8240000000023,46429.17233333341,623.9120000000011
2023-04-09 19:00:00,1636.2850000000012,35117.977750000035,9750.509666666698
2023-04-09 20:00:00,0.0,32247.478483333365,11022.397000000024
2023-04-09 21:00:00,0.0,22332.61583333337,0.0
2023-04-09 22:00:00,0.0,5128.975450000007,0.0
2023-04-09 23:00:00,0.0,441.88311666666624,0.0
2023-04-10 00:00:00,0.0,2070.1160999999984,0.0
2023-04-10 01:00:00,0.0,6065.097566666671,0.0
2023-04-10 02:00:00,0.0,8137.583750000007,0.0
2023-04-10 03:00:00,0.0,9672.574266666674,0.0
2023-04-10 04:00:00,0.0,10476.761233333342,0.0
2023-04-10 05:00:00,0.0,16212.673450000017,419.06400000000036
2023-04-10 06:00:00,1546.2970000000028,32014.657033333388,10625.344000000025
2023-04-10 07:00:00,1553.796000000002,28074.77873333338,38100.6833333334
2023-04-10 08:00:00,0.0,42350.90893333334,42110.3766666667
2023-04-10 09:00:00,0.0,74169.32716666663,17162.840666666696
2023-04-10 10:00:00,8.271000000000006,68777.38231666664,15296.69350000003
2023-04-10 11:00:00,8.270000000000007,94761.90403333334,15929.43233333336
2023-04-10 12:00:00,0.0,133625.10298333326,0.0
2023-04-10 13:00:00,0.0,152422.16324999993,5219.928666666668
2023-04-10 14:00:00,0.0,143880.23079999993,8594.400000000007
2023-04-10 15:00:00,0.0,144975.82751666664,10265.913666666675
2023-04-10 16:00:00,0.0,103851.97269999998,25558.3696666667
2023-04-10 17:00:00,0.0,62349.29053333342,24055.686333333368
2023-04-10 18:00:00,1471.3070000000014,60996.486716666746,694.096
2023-04-10 19:00:00,1523.800000000001,50041.19460000004,9410.897000000028
2023-04-10 20:00:00,0.0,45068.18733333338,10414.428666666694
2023-04-10 21:00:00,0.0,33138.61005000005,0.0
2023-04-10 22:00:00,0.0,13669.258716666682,0.0
2023-04-10 23:00:00,0.0,4449.736366666668,0.0
2023-04-11 00:00:00,0.0,1537.6196333333335,0.0
2023-04-11 01:00:00,0.0,5760.099600000007,0.0
2023-04-11 02:00:00,0.0,8715.079900000012,0.0
2023-04-11 03:00:00,0.0,9757.823600000009,0.0
2023-04-11 04:00:00,0.0,11302.655000000008,0.0
2023-04-11 05:00:00,0.0,17198.414766666683,432.3320000000011
2023-04-11 06:00:00,1591.2910000000013,30848.6902333334,9833.743333333365
2023-04-11 07:00:00,1381.3190000000025,27536.932650000046,30480.83466666672
2023-04-11 08:00:00,0.0,36410.08441666668,34957.66933333335
2023-04-11 09:00:00,0.0,71279.6883833333,16044.218166666697
2023-04-11 10:00:00,8.271000000000006,81311.78831666663,14446.766333333366
2023-04-11 11:00:00,8.270000000000005,114437.22436666665,15459.989000000027
2023-04-11 12:00:00,0.0,139500.4849999999,0.0
2023-04-11 13:00:00,0.0,146492.49651666655,5972.508333333337
2023-04-11 14:00:00,0.0,137691.25689999995,11019.16700000001
2023-04-11 15:00:00,0.0,126568.36228333329,7919.098666666667
2023-04-11 16:00:00,0.0,89158.81588333333,29216.891333333366
2023-04-11 17:00:00,0.0,60198.3899000001,33063.078666666705
2023-04-11 18:00:00,1568.7940000000026,58849.63061666675,649.8280000000003
2023-04-11 19:00:00,1553.7960000000003,49300.6261166667,10144.43800000003
2023-04-11 20:00:00,0.0,46249.09941666671,10639.293666666692
2023-04-11 21:00:00,0.0,35452.59878333338,0.0
2023-04-11 22:00:00,0.0,16127.925350000016,0.0
2023-04-11 23:00:00,0.0,5610.233683333337,0.0
2023-04-12 00:00:00,0.0,2775.1119833333332,0.0
2023-04-12 01:00:00,0.0,7022.591183333339,0.0
2023-04-12 02:00:00,0.0,9395.075366666673,0.0
2023-04-12 03:00:00,0.0,10125.07093333334,0.0
2023-04-12 04:00:00,0.0,12706.494400000009,0.0
2023-04-12 05:00:00,0.0,18053.049566666683,433.5720000000008
2023-04-12 06:00:00,1568.7940000000012,31710.31758333339,10595.793333333362
2023-04-12 07:00:00,1546.2970000000016,35624.05543333338,33593.06833333339
2023-04-12 08:00:00,0.0,35055.07221666668,18495.368333333365
2023-04-12 09:00:00,0.0,56291.92931666668,16328.498000000034
2023-04-12 10:00:00,8.269000000000005,70709.72098333333,15718.945333333366
2023-04-12 11:00:00,8.272000000000006,119874.6516166666,13556.507500000022
2023-04-12 12:00:00,0.0,139770.09231666662,0.0
2023-04-12 13:00:00,0.0,140634.99979999993,7675.950000000001
2023-04-12 14:00:00,0.0,138584.59001666657,10017.75500000001
2023-04-12 15:00:00,0.0,143358.84919999994,7561.164666666668
2023-04-12 16:00:00,0.0,90217.94736666667,39745.827000000034
2023-04-12 17:00:00,0.0,60793.51530000009,37015.82566666671
2023-04-12 18:00:00,1478.8060000000023,60618.71443333342,595.3920000000015
2023-04-12 19:00:00,1501.3030000000003,50227.29345000004,10579.51766666669
2023-04-12 20:00:00,0.0,47359.53046666671,10044.650666666696
2023-04-12 21:00:00,0.0,34082.31771666671,0.0
2023-04-12 22:00:00,0.0,13273.455233333345,0.0
2023-04-12 23:00:00,0.0,4257.8191166666675,0.0
2023-04-13 00:00:00,0.0,2485.1129833333334,0.0
2023-04-13 01:00:00,0.0,7520.087866666672,0.0
2023-04-13 02:00:00,0.0,8427.581816666672,0.0
2023-04-13 03:00:00,0.0,10157.570750000006,0.0
2023-04-13 04:00:00,0.0,11058.36798333334,0.0
2023-04-13 05:00:00,0.0,18139.618200000015,464.9440000000005
2023-04-13 06:00:00,1531.2990000000025,33598.04750000006,11157.27300000003
2023-04-13 07:00:00,1606.2890000000025,29416.259366666716,39537.64000000006
2023-04-13 08:00:00,0.0,32161.620083333342,28991.33833333337
2023-04-13 09:00:00,0.0,61880.191833333316,15039.400166666694
2023-04-13 10:00:00,8.270000000000005,74775.6491833333,16411.386166666704
2023-04-13 11:00:00,8.271000000000006,114001.33678333329,12766.582333333354
2023-04-13 12:00:00,0.0,137072.7551166666,0.0
2023-04-13 13:00:00,0.0,142945.23519999994,7559.678666666673
2023-04-13 14:00:00,0.0,136875.65384999994,9022.47666666667
2023-04-13 15:00:00,0.0,136113.93833333327,10191.24500000001
2023-04-13 16:00:00,0.0,103717.50894999997,32619.26933333336
2023-04-13 17:00:00,0.0,62481.27445000009,22264.02766666669
2023-04-13 18:00:00,1433.8120000000001,62952.975000000086,540.4600000000015
2023-04-13 19:00:00,1523.800000000001,49010.129816666704,9971.225333333363
2023-04-13 20:00:00,0.0,44674.395016666705,10102.949000000024
2023-04-13 21:00:00,0.0,32064.622700000044,0.0
2023-04-13 22:00:00,0.0,13695.868483333346,0.0
2023-04-13 23:00:00,0.0,5034.5633000000025,0.0
2023-04-14 00:00:00,0.0,2305.113316666666,0.0
2023-04-14 01:00:00,0.0,6335.095766666672,0.0
2023-04-14 02:00:00,0.0,9325.07583333334,0.0
2023-04-14 03:00:00,0.0,9720.073866666677,0.0
2023-04-14 04:00:00,0.0,11482.569550000007,0.0
2023-04-14 05:00:00,0.0,17610.845233333348,433.2000000000009
2023-04-14 06:00:00,1426.3130000000017,32455.986233333395,10152.689000000031
2023-04-14 07:00:00,1448.8100000000027,34232.19333333339,45084.07000000005
2023-04-14 08:00:00,0.0,52234.94270000001,33858.51633333336
2023-04-14 09:00:00,0.0,66325.73728333332,14853.434000000027
2023-04-14 10:00:00,8.278000000000006,67025.29746666666,15539.246000000037
2023-04-14 11:00:00,8.263000000000005,103371.82615,14891.772500000023
2023-04-14 12:00:00,0.0,143820.42301666658,0.0
2023-04-14 13:00:00,0.0,151576.89529999992,7172.392333333335
2023-04-14 14:00:00,0.0,142107.23178333326,10779.508333333342
2023-04-14 15:00:00,0.0,128292.35508333327,8123.599666666669
2023-04-14 16:00:00,0.0,89848.15821666666,25112.736000000026
2023-04-14 17:00:00,0.0,56630.02461666675,22800.246333333373
2023-04-14 18:00:00,1553.7960000000026,60299.11058333342,597.996000000001
2023-04-14 19:00:00,1666.2810000000015,48225.98610000004,9892.41900000003
2023-04-14 20:00:00,0.0,44830.95690000004,10089.623666666694
2023-04-14 21:00:00,0.0,33612.77490000005,0.0
2023-04-14 22:00:00,0.0,13977.026550000017,0.0
2023-04-14 23:00:00,0.0,4819.569316666668,0.0
2023-04-15 00:00:00,0.0,2855.111000000001,0.0
2023-04-15 01:00:00,0.0,7510.087933333338,0.0
2023-04-15 02:00:00,0.0,9100.077333333338,0.0
2023-04-15 03:00:00,0.0,9995.072750000005,0.0
2023-04-15 04:00:00,0.0,11494.299216666672,0.0
2023-04-15 05:00:00,0.0,16148.135850000011,494.33200000000045
2023-04-15 06:00:00,1606.2890000000039,30319.589916666726,11188.959333333358
2023-04-15 07:00:00,1673.7800000000036,31404.207866666722,37684.40533333339
2023-04-15 08:00:00,0.0,33616.93171666668,28008.602333333365
2023-04-15 09:00:00,0.0,73907.10428333333,15845.977333333363
2023-04-15 10:00:00,8.270000000000007,87044.80131666664,15907.605666666701
2023-04-15 11:00:00,8.271000000000006,104378.99599999996,12870.87800000002
2023-04-15 12:00:00,0.0,142425.82936666658,0.0
2023-04-15 13:00:00,0.0,142176.15144999995,7148.706666666673
2023-04-15 14:00:00,0.0,131052.83699999993,10020.57133333334
2023-04-15 15:00:00,0.0,133129.52033333323,10737.181000000008
2023-04-15 16:00:00,0.0,94966.86864999999,35387.77033333336
2023-04-15 17:00:00,0.0,60321.00295000009,31417.050666666702
2023-04-15 18:00:00,1403.8160000000018,62627.173416666745,561.7880000000023
2023-04-15 19:00:00,1411.315000000001,50596.768500000035,9010.528000000026
2023-04-15 20:00:00,0.0,46359.70115000004,10046.316333333367
2023-04-15 21:00:00,0.0,34964.29733333338,0.0
2023-04-15 22:00:00,0.0,15127.200383333347,0.0
2023-04-15 23:00:00,0.0,4289.150383333335,0.0
2023-04-16 00:00:00,0.0,0.0,0.0
2023-04-16 01:00:00,0.0,0.0,0.0
2023-04-16 02:00:00,0.0,0.0,0.0
2023-04-16 03:00:00,0.0,0.0,0.0
2023-04-16 04:00:00,0.0,293.2981666666663,0.0
2023-04-16 05:00:00,0.0,5101.106650000009,414.2280000000006
2023-04-16 06:00:00,1478.8060000000025,16060.624983333384,10056.856000000029
2023-04-16 07:00:00,1456.3090000000025,15852.08466666671,34505.68233333339
2023-04-16 08:00:00,0.0,1214.3869333333298,41362.6236666667
2023-04-16 09:00:00,0.0,549.7460833333306,12455.839500000026
2023-04-16 10:00:00,8.252000000000006,615.6054999999963,15287.26733333337
2023-04-16 11:00:00,8.289000000000005,551.6113999999967,14424.018500000024
2023-04-16 12:00:00,0.0,616.4343333333308,0.0
2023-04-16 13:00:00,0.0,697.9258166666638,7464.174666666667
2023-04-16 14:00:00,0.0,694.9293999999961,9129.537666666676
2023-04-16 15:00:00,0.0,713.1853999999963,10390.84066666667
2023-04-16 16:00:00,0.0,3849.3514333333314,26553.77400000003
2023-04-16 17:00:00,0.0,33410.356883333414,31932.250333333366
2023-04-16 18:00:00,1546.2970000000032,45997.594883333404,631.724000000001
2023-04-16 19:00:00,1613.7880000000018,34167.23128333336,10414.896000000026
2023-04-16 20:00:00,0.0,32721.635333333368,10546.016333333364
2023-04-16 21:00:00,0.0,22443.62720000004,0.0
2023-04-16 22:00:00,0.0,5544.696933333343,0.0
2023-04-16 23:00:00,0.0,436.79963333333285,0.0
2023-04-17 00:00:00,0.0,1930.1168833333322,0.0
2023-04-17 01:00:00,0.0,6492.594716666668,0.0
2023-04-17 02:00:00,0.0,8300.08266666667,0.0
2023-04-17 03:00:00,0.0,10112.321466666672,0.0
2023-04-17 04:00:00,0.0,11137.457050000008,0.0
2023-04-17 05:00:00,0.0,16693.344066666683,454.5280000000008
2023-04-17 06:00:00,1493.8040000000021,32823.08780000006,10915.819666666694
2023-04-17 07:00:00,1463.8080000000032,32095.84366666672,44067.93966666672
2023-04-17 08:00:00,0.0,39422.73083333334,34803.38533333337
2023-04-17 09:00:00,0.0,52493.495050000005,12415.28350000002
2023-04-17 10:00:00,8.279000000000005,74907.12494999998,14525.407666666699
2023-04-17 11:00:00,8.262000000000006,123955.15346666664,13329.697833333355
2023-04-17 12:00:00,0.0,150697.56973333328,0.0
2023-04-17 13:00:00,0.0,146612.64934999993,8670.53766666667
2023-04-17 14:00:00,0.0,136543.09386666663,10593.838666666668
2023-04-17 15:00:00,0.0,124948.69818333327,11002.806666666673
2023-04-17 16:00:00,0.0,95747.78715,28096.52000000003
2023-04-17 17:00:00,0.0,56825.01645000009,27652.780666666706
2023-04-17 18:00:00,1711.2750000000037,60736.903266666755,544.6760000000017
2023-04-17 19:00:00,1426.3130000000028,49935.990200000044,9679.611666666695
2023-04-17 20:00:00,0.0,45612.32745000004,10759.221666666697
2023-04-17 21:00:00,0.0,33264.72981666671,0.0
2023-04-17 22:00:00,0.0,14453.719850000014,0.0
2023-04-17 23:00:00,0.0,5066.652700000003,0.0
2023-04-18 00:00:00,0.0,2432.6152166666666,0.0
2023-04-18 01:00:00,0.0,7030.09113333334,0.0
2023-04-18 02:00:00,0.0,9107.57728333334,0.0
2023-04-18 03:00:00,0.0,11272.563783333342,0.0
2023-04-18 04:00:00,0.0,12117.126333333339,0.0
2023-04-18 05:00:00,0.0,18374.511583333348,526.9440000000002
2023-04-18 06:00:00,1426.3130000000026,31124.62710000006,9913.95266666669
2023-04-18 07:00:00,1538.7980000000002,36281.286350000046,44044.632333333386
2023-04-18 08:00:00,0.0,33734.94733333334,24556.939000000024
2023-04-18 09:00:00,0.0,50987.38553333334,14209.45333333336
2023-04-18 10:00:00,8.268000000000006,76869.65206666665,20966.076833333373
2023-04-18 11:00:00,8.273000000000007,122913.32316666663,14633.596000000027
2023-04-18 12:00:00,0.0,136727.7614166666,0.0
2023-04-18 13:00:00,0.0,142570.40976666656,8058.277333333338
2023-04-18 14:00:00,0.0,142682.74574999997,9266.627333333334
2023-04-18 15:00:00,0.0,122684.10224999997,7759.965000000002
2023-04-18 16:00:00,0.0,103286.56681666664,20783.681666666696
2023-04-18 17:00:00,0.0,61070.636000000086,37030.784333333366
2023-04-18 18:00:00,1486.3050000000032,61980.068716666756,592.0440000000013
2023-04-18 19:00:00,1643.7840000000024,48401.50383333337,10452.919333333359
2023-04-18 20:00:00,0.0,43365.117950000036,10034.656666666691
2023-04-18 21:00:00,0.0,31692.45436666671,0.0
2023-04-18 22:00:00,0.0,13008.533950000015,0.0
2023-04-18 23:00:00,0.0,4361.496766666667,0.0
2023-04-19 00:00:00,0.0,1705.1184666666657,0.0
2023-04-19 01:00:00,0.0,5177.603483333338,0.0
2023-04-19 02:00:00,0.0,8490.081400000005,0.0
2023-04-19 03:00:00,0.0,9687.57408333334,0.0
2023-04-19 04:00:00,0.0,11675.093183333342,0.0
2023-04-19 05:00:00,0.0,16464.981016666683,458.62000000000097
2023-04-19 06:00:00,1471.3070000000025,31897.463766666726,10661.246666666693
2023-04-19 07:00:00,1538.7980000000023,29193.09856666671,37363.67333333339
2023-04-19 08:00:00,0.0,38819.85318333335,32642.29533333337
2023-04-19 09:00:00,0.0,67660.4277833333,13372.143166666685
2023-04-19 10:00:00,8.269000000000005,81179.30896666662,15212.836833333364
2023-04-19 11:00:00,8.272000000000007,87664.94698333331,14134.128333333361
2023-04-19 12:00:00,0.0,134221.43763333326,0.0
2023-04-19 13:00:00,0.0,150765.8207333333,8053.941000000006
2023-04-19 14:00:00,0.0,148187.64438333327,8399.76333333334
2023-04-19 15:00:00,0.0,137468.08604999995,10284.07133333334
2023-04-19 16:00:00,0.0,100764.58808333332,36293.77900000004
2023-04-19 17:00:00,0.0,62868.179550000095,22808.519333333366
2023-04-19 18:00:00,1493.8040000000028,60122.525066666756,576.916000000002
2023-04-19 19:00:00,1591.2910000000027,49432.842883333375,10088.864000000025
2023-04-19 20:00:00,0.0,45956.17795000004,10374.4526666667
2023-04-19 21:00:00,0.0,33914.33915000004,0.0
2023-04-19 22:00:00,0.0,14352.386916666685,0.0
2023-04-19 23:00:00,0.0,5322.402916666669,0.0
2023-04-20 00:00:00,0.0,3450.1081833333355,0.0
2023-04-20 01:00:00,0.0,7392.588716666672,0.0
2023-04-20 02:00:00,0.0,9645.073700000008,0.0
2023-04-20 03:00:00,0.0,10805.066466666673,0.0
2023-04-20 04:00:00,0.0,11604.71923333334,0.0
2023-04-20 05:00:00,0.0,17885.894350000017,441.01200000000057
2023-04-20 06:00:00,1493.8040000000021,32681.372983333393,10413.898666666688
2023-04-20 07:00:00,1583.7920000000029,32486.126683333383,43587.14466666672
2023-04-20 08:00:00,0.0,42789.08841666668,26101.863000000034
2023-04-20 09:00:00,0.0,67258.38199999998,17861.035500000027
2023-04-20 10:00:00,8.275000000000006,83418.48943333332,16238.148000000037
2023-04-20 11:00:00,8.266000000000005,92581.76543333333,11172.08766666669
2023-04-20 12:00:00,0.0,123272.60411666664,0.0
2023-04-20 13:00:00,0.0,154206.5781666666,5991.305666666665
2023-04-20 14:00:00,0.0,139454.08653333323,10748.358666666678
2023-04-20 15:00:00,0.0,134068.60984999995,10844.329666666672
2023-04-20 16:00:00,0.0,102245.4081833333,25665.781000000028
2023-04-20 17:00:00,0.0,62504.320866666756,29125.583000000035
2023-04-20 18:00:00,1516.301000000002,61274.283283333425,589.3160000000017
2023-04-20 19:00:00,1501.303000000003,50505.016366666714,9826.518000000024
2023-04-20 20:00:00,0.0,45177.49598333337,9679.869666666698
2023-04-20 21:00:00,0.0,33146.11526666671,0.0
2023-04-20 22:00:00,0.0,14278.57673333335,0.0
2023-04-20 23:00:00,0.0,3685.6641666666696,0.0
2023-04-21 00:00:00,0.0,1757.617516666665,0.0
2023-04-21 01:00:00,0.0,4910.105266666668,0.0
2023-04-21 02:00:00,0.0,7762.586250000005,0.0
2023-04-21 03:00:00,0.0,9467.57618333334,0.0
2023-04-21 04:00:00,0.0,12163.845500000007,0.0
2023-04-21 05:00:00,0.0,17560.575933333348,454.7760000000007
2023-04-21 06:00:00,1426.3130000000035,31604.556000000062,10014.99766666669
2023-04-21 07:00:00,1471.3070000000016,31647.238300000052,40059.14166666672
2023-04-21 08:00:00,0.0,39585.47855000001,17611.836333333362
2023-04-21 09:00:00,0.0,58100.08866666665,13646.661833333357
2023-04-21 10:00:00,8.273000000000007,72262.90806666666,17170.483833333376
2023-04-21 11:00:00,8.268000000000006,100593.00161666665,12122.881833333353
2023-04-21 12:00:00,0.0,139851.15884999995,0.0
2023-04-21 13:00:00,0.0,156373.0450666666,8443.576666666671
2023-04-21 14:00:00,0.0,151487.39461666657,10842.170000000006
2023-04-21 15:00:00,0.0,144960.33516666663,11286.485333333341
2023-04-21 16:00:00,0.0,93263.00443333332,42813.3116666667
2023-04-21 17:00:00,0.0,56319.66588333342,25889.644333333366
2023-04-21 18:00:00,1538.798000000002,63740.28623333341,559.9280000000015
2023-04-21 19:00:00,1658.7820000000017,49090.63865000004,10680.651333333364
2023-04-21 20:00:00,0.0,45236.47935000004,10291.169333333364
2023-04-21 21:00:00,0.0,33317.78851666671,0.0
2023-04-21 22:00:00,0.0,13750.783000000014,0.0
2023-04-21 23:00:00,0.0,5024.07396666667,0.0
2023-04-22 00:00:00,0.0,2320.115750000001,0.0
2023-04-22 01:00:00,0.0,6222.596516666672,0.0
2023-04-22 02:00:00,0.0,8635.08043333334,0.0
2023-04-22 03:00:00,0.0,10049.821966666674,0.0
2023-04-22 04:00:00,0.0,12109.596966666677,0.0
2023-04-22 05:00:00,0.0,17802.17851666669,465.93600000000094
2023-04-22 06:00:00,1493.8040000000033,32208.92936666673,11063.555000000026
2023-04-22 07:00:00,1441.3110000000029,31858.54668333339,26209.388333333387
2023-04-22 08:00:00,0.0,42384.26935000002,33046.5256666667
2023-04-22 09:00:00,0.0,63817.69616666667,18149.65100000003
2023-04-22 10:00:00,8.277000000000006,80211.81003333333,15332.115166666701
2023-04-22 11:00:00,8.264000000000006,108286.3408333333,14291.59966666669
2023-04-22 12:00:00,0.0,130039.92758333328,0.0
2023-04-22 13:00:00,0.0,139832.15366666662,8133.27433333334
2023-04-22 14:00:00,0.0,143522.90173333324,10666.520333333337
2023-04-22 15:00:00,0.0,142115.24223333327,9034.72433333334
2023-04-22 16:00:00,0.0,96161.82213333332,38071.492333333365
2023-04-22 17:00:00,0.0,64604.52855000008,34679.0236666667
2023-04-22 18:00:00,1531.2990000000032,61577.15458333342,559.0600000000017
2023-04-22 19:00:00,1628.7860000000003,48326.93115000003,9337.761333333361
2023-04-22 20:00:00,0.0,44934.92848333337,9521.631333333367
2023-04-22 21:00:00,0.0,32059.199066666708,0.0
2023-04-22 22:00:00,0.0,13223.78531666668,0.0
2023-04-22 23:00:00,0.0,4909.486416666668,0.0
2023-04-23 00:00:00,0.0,0.0,0.0
2023-04-23 01:00:00,0.0,0.0,0.0
2023-04-23 02:00:00,0.0,0.0,0.0
2023-04-23 03:00:00,0.0,0.0,0.0
2023-04-23 04:00:00,0.0,232.34023333333315,0.0
2023-04-23 05:00:00,0.0,4898.410016666673,447.46000000000123
2023-04-23 06:00:00,1373.8200000000033,17485.77305000005,10555.456333333368
2023-04-23 07:00:00,1501.303000000001,13265.94486666671,43219.579333333386
2023-04-23 08:00:00,0.0,2369.8324499999985,26324.442666666706
2023-04-23 09:00:00,0.0,726.6186999999968,15552.851500000028
2023-04-23 10:00:00,8.270000000000007,668.1863499999969,16344.093666666708
2023-04-23 11:00:00,8.271000000000006,644.1827166666632,15102.154500000026
2023-04-23 12:00:00,0.0,613.01723333333,0.0
2023-04-23 13:00:00,0.0,557.3604833333305,6105.641
2023-04-23 14:00:00,0.0,631.940866666663,8652.224333333339
2023-04-23 15:00:00,0.0,732.1001833333298,9097.318000000003
2023-04-23 16:00:00,0.0,3883.8534999999983,35591.59333333336
2023-04-23 17:00:00,0.0,32380.97676666675,30802.20133333337
2023-04-23 18:00:00,1726.2730000000022,47666.78426666675,647.2240000000002
2023-04-23 19:00:00,1493.8040000000012,34804.2280666667,9983.558666666697
2023-04-23 20:00:00,0.0,32696.163233333365,10402.769000000022
2023-04-23 21:00:00,0.0,21890.19620000004,0.0
2023-04-23 22:00:00,0.0,5460.58630000001,0.0
2023-04-23 23:00:00,0.0,362.9730499999995,0.0
2023-04-24 00:00:00,0.0,2325.114300000001,0.0
2023-04-24 01:00:00,0.0,6530.094466666673,0.0
2023-04-24 02:00:00,0.0,10547.56768333334,0.0
2023-04-24 03:00:00,0.0,11127.564266666672,0.0
2023-04-24 04:00:00,0.0,10619.61153333334,0.0
2023-04-24 05:00:00,0.0,17689.466633333348,455.39600000000064
2023-04-24 06:00:00,1523.8000000000015,31455.812216666724,10288.925666666693
2023-04-24 07:00:00,1538.7980000000014,31059.15585000005,33547.76133333339
2023-04-24 08:00:00,0.0,36705.44158333335,42116.9626666667
2023-04-24 09:00:00,0.0,74993.44903333331,14088.772333333362
2023-04-24 10:00:00,8.274000000000006,82053.70901666666,17242.691166666707
2023-04-24 11:00:00,8.267000000000007,106056.16338333333,12062.35000000002
2023-04-24 12:00:00,0.0,126455.01144999995,0.0
2023-04-24 13:00:00,0.0,141027.91198333327,7344.362333333339
2023-04-24 14:00:00,0.0,157400.48708333325,8690.821000000002
2023-04-24 15:00:00,0.0,133204.54316666658,7584.298333333332
2023-04-24 16:00:00,0.0,89184.22196666665,29711.41366666669
2023-04-24 17:00:00,0.0,57901.39420000008,24349.72166666671
2023-04-24 18:00:00,1613.7880000000027,62287.878183333414,583.364000000001
2023-04-24 19:00:00,1418.8140000000033,50082.575583333375,10947.846333333357
2023-04-24 20:00:00,0.0,44487.73881666671,10036.322333333366
2023-04-24 21:00:00,0.0,32944.58056666671,0.0
2023-04-24 22:00:00,0.0,14270.429633333348,0.0
2023-04-24 23:00:00,0.0,4390.733183333334,0.0
2023-04-25 00:00:00,0.0,2375.114583333335,0.0
2023-04-25 01:00:00,0.0,6770.092866666673,0.0
2023-04-25 02:00:00,0.0,9300.076000000008,0.0
2023-04-25 03:00:00,0.0,9630.07413333334,0.0
2023-04-25 04:00:00,0.0,10517.726816666673,0.0
2023-04-25 05:00:00,0.0,18002.431766666683,459.116000000001
2023-04-25 06:00:00,1628.7860000000019,31949.75903333339,10244.458000000022
2023-04-25 07:00:00,1523.800000000002,30645.549683333385,40861.394333333395
2023-04-25 08:00:00,0.0,42172.39030000001,39923.26100000003
2023-04-25 09:00:00,0.0,60764.25311666666,17333.477333333365
2023-04-25 10:00:00,8.260000000000007,81680.96246666662,16683.614500000032
2023-04-25 11:00:00,8.281000000000006,115960.91539999995,12493.656000000023
2023-04-25 12:00:00,0.0,139690.01824999994,0.0
2023-04-25 13:00:00,0.0,143820.4017,8538.078666666668
2023-04-25 14:00:00,0.0,129425.76558333328,6390.788666666664
2023-04-25 15:00:00,0.0,140176.17618333327,10095.913666666675
2023-04-25 16:00:00,0.0,96583.8573,23152.125000000022
2023-04-25 17:00:00,0.0,62515.50695000009,25566.559000000037
2023-04-25 18:00:00,1456.309000000003,60624.67605000008,616.7200000000008
2023-04-25 19:00:00,1486.3050000000032,50775.62893333336,10358.748333333362
2023-04-25 20:00:00,0.0,45745.576866666706,10124.602666666691
2023-04-25 21:00:00,0.0,31933.572550000048,0.0
2023-04-25 22:00:00,0.0,13578.186000000012,0.0
2023-04-25 23:00:00,0.0,4369.076616666667,0.0
2023-04-26 00:00:00,0.0,2742.610433333334,0.0
2023-04-26 01:00:00,0.0,6362.595583333338,0.0
2023-04-26 02:00:00,0.0,8077.584150000005,0.0
2023-04-26 03:00:00,0.0,10427.569150000005,0.0
2023-04-26 04:00:00,0.0,11320.412750000003,0.0
2023-04-26 05:00:00,0.0,17069.83578333335,442.99600000000095
2023-04-26 06:00:00,1546.2970000000032,30994.21066666673,10521.74333333336
2023-04-26 07:00:00,1493.8040000000015,33844.24875000005,42312.92333333339
2023-04-26 08:00:00,0.0,41792.15035000002,42382.79833333337
2023-04-26 09:00:00,0.0,60763.8278,15247.98616666669
2023-04-26 10:00:00,8.259000000000006,79715.28969999996,15601.056000000039
2023-04-26 11:00:00,8.282000000000007,106500.67874999998,14216.157000000028
2023-04-26 12:00:00,0.0,143199.19138333327,0.0
2023-04-26 13:00:00,0.0,156894.7424166666,7630.495000000003
2023-04-26 14:00:00,0.0,137692.07654999994,7524.503999999998
2023-04-26 15:00:00,0.0,127049.77213333327,9817.089333333337
2023-04-26 16:00:00,0.0,89834.32776666665,20686.18233333336
2023-04-26 17:00:00,0.0,61797.07128333342,18934.00300000004
2023-04-26 18:00:00,1463.808000000004,62901.647600000084,603.4520000000012
2023-04-26 19:00:00,1591.2910000000027,50611.32273333337,10177.812666666687
2023-04-26 20:00:00,0.0,43969.12563333337,9946.376333333365
2023-04-26 21:00:00,0.0,32051.64376666671,0.0
2023-04-26 22:00:00,0.0,14095.477400000016,0.0
2023-04-26 23:00:00,0.0,4849.318450000004,0.0
2023-04-27 00:00:00,0.0,2395.1132500000003,0.0
2023-04-27 01:00:00,0.0,7225.089833333339,0.0
2023-04-27 02:00:00,0.0,9632.57378333334,0.0
2023-04-27 03:00:00,0.0,11625.061316666672,0.0
2023-04-27 04:00:00,0.0,13214.218250000007,0.0
2023-04-27 05:00:00,0.0,19747.494400000014,471.268000000001
2023-04-27 06:00:00,1658.782,28756.321566666724,9953.5826666667
2023-04-27 07:00:00,1456.3090000000022,31572.69616666672,35293.02366666672
2023-04-27 08:00:00,0.0,36633.90790000001,24011.081000000035
2023-04-27 09:00:00,0.0,57528.703733333336,13495.073833333356
2023-04-27 10:00:00,8.270000000000005,76262.39173333332,15924.344833333369
2023-04-27 11:00:00,8.271000000000006,108647.48604999996,14454.403333333361
2023-04-27 12:00:00,0.0,142204.33589999992,0.0
2023-04-27 13:00:00,0.0,152479.98006666658,6569.583000000001
2023-04-27 14:00:00,0.0,143784.6835166666,11267.44733333334
2023-04-27 15:00:00,0.0,141109.8621666666,10035.740000000007
2023-04-27 16:00:00,0.0,87578.86254999999,33671.4006666667
2023-04-27 17:00:00,0.0,62444.03760000009,37940.5656666667
2023-04-27 18:00:00,1523.8000000000025,61321.61986666675,514.2960000000016
2023-04-27 19:00:00,1456.3090000000022,48958.19363333337,10743.976333333356
2023-04-27 20:00:00,0.0,45292.68926666671,10322.81700000003
2023-04-27 21:00:00,0.0,34731.65740000004,0.0
2023-04-27 22:00:00,0.0,14200.290683333347,0.0
2023-04-27 23:00:00,0.0,5133.478700000003,0.0
2023-04-28 00:00:00,0.0,3025.1102333333333,0.0
2023-04-28 01:00:00,0.0,6767.592883333337,0.0
2023-04-28 02:00:00,0.0,9557.57428333334,0.0
2023-04-28 03:00:00,0.0,10892.566216666672,0.0
2023-04-28 04:00:00,0.0,11988.047000000006,0.0
2023-04-28 05:00:00,0.0,17306.064416666683,483.42000000000047
2023-04-28 06:00:00,1516.3010000000027,32370.262166666726,10074.957666666693
2023-04-28 07:00:00,1456.3090000000025,32675.76013333338,24514.96333333339
2023-04-28 08:00:00,0.0,39911.67225000002,27290.491333333364
2023-04-28 09:00:00,0.0,66170.49143333333,15634.616000000024
2023-04-28 10:00:00,8.281000000000006,67607.06263333333,18542.744500000037
2023-04-28 11:00:00,8.260000000000005,94869.67051666667,12771.96383333336
2023-04-28 12:00:00,0.0,139882.32794999995,0.0
2023-04-28 13:00:00,0.0,152577.63933333324,4146.197333333331
2023-04-28 14:00:00,0.0,155199.72929999992,9947.07733333334
2023-04-28 15:00:00,0.0,132104.52033333326,9604.606333333337
2023-04-28 16:00:00,0.0,99910.11514999998,42605.18400000004
2023-04-28 17:00:00,0.0,60330.72671666676,37152.10300000004
2023-04-28 18:00:00,1628.7860000000014,58344.449883333415,660.2440000000005
2023-04-28 19:00:00,1493.804000000002,48231.26250000004,10466.813000000027
2023-04-28 20:00:00,0.0,43172.03305000004,9628.234000000031
2023-04-28 21:00:00,0.0,31849.52396666671,0.0
2023-04-28 22:00:00,0.0,13937.147783333352,0.0
2023-04-28 23:00:00,0.0,4512.987400000002,0.0
2023-04-29 00:00:00,0.0,1787.6169166666652,0.0
2023-04-29 01:00:00,0.0,5395.102033333337,0.0
2023-04-29 02:00:00,0.0,8592.580716666673,0.0
2023-04-29 03:00:00,0.0,10345.070000000007,0.0
2023-04-29 04:00:00,0.0,12194.593083333339,0.0
2023-04-29 05:00:00,0.0,17610.03428333335,425.7600000000003
2023-04-29 06:00:00,1591.2910000000018,31522.42831666673,10249.201333333358
2023-04-29 07:00:00,1358.8220000000026,28465.052550000048,39887.84266666672
2023-04-29 08:00:00,0.0,40424.43448333334,22421.237333333356
2023-04-29 09:00:00,0.0,68242.95396666664,16164.540000000026
2023-04-29 10:00:00,8.273000000000005,76533.56816666664,17471.676833333375
2023-04-29 11:00:00,8.268000000000006,112621.00658333332,15178.669833333357
2023-04-29 12:00:00,0.0,138415.07798333323,0.0
2023-04-29 13:00:00,0.0,139527.31039999993,7862.777333333335
2023-04-29 14:00:00,0.0,145996.22859999994,10005.937666666672
2023-04-29 15:00:00,0.0,148991.33534999992,9421.665333333338
2023-04-29 16:00:00,0.0,89904.8621,30636.797000000028
2023-04-29 17:00:00,0.0,57209.80971666676,30837.905666666706
2023-04-29 18:00:00,1531.2990000000023,59784.629166666746,652.3080000000009
2023-04-29 19:00:00,1613.7880000000014,49934.069700000044,10380.642666666694
2023-04-29 20:00:00,0.0,45831.22653333337,9924.722666666697
2023-04-29 21:00:00,0.0,34697.25656666671,0.0
2023-04-29 22:00:00,0.0,14522.242150000013,0.0
2023-04-29 23:00:00,0.0,5155.313000000002,0.0
2023-04-30 00:00:00,0.0,0.0,0.0
2023-04-30 01:00:00,0.0,0.0,0.0
2023-04-30 02:00:00,0.0,0.0,0.0
2023-04-30 03:00:00,0.0,0.0,0.0
2023-04-30 04:00:00,0.0,216.7068333333331,0.0
2023-04-30 05:00:00,0.0,5338.157200000009,451.3040000000009
2023-04-30 06:00:00,1343.824000000003,17491.63393333339,10409.732666666698
2023-04-30 07:00:00,1448.8100000000013,16642.691816666713,37203.522000000055
2023-04-30 08:00:00,0.0,2514.745766666667,17264.94266666669
2023-04-30 09:00:00,0.0,716.4343833333294,15452.807833333361
2023-04-30 10:00:00,8.279000000000007,595.9407333333297,17668.36966666671
2023-04-30 11:00:00,8.262000000000006,573.0268666666634,14842.058333333356
2023-04-30 12:00:00,0.0,611.2761666666634,0.0
2023-04-30 13:00:00,0.0,663.6841999999965,7020.8783333333395
2023-04-30 14:00:00,0.0,733.8453499999966,11936.25266666668
2023-04-30 15:00:00,0.0,740.7658999999968,8999.360000000004
2023-04-30 16:00:00,0.0,3628.7724833333305,41796.61033333337
2023-04-30 17:00:00,0.0,29655.582133333406,29126.840000000033
2023-04-30 18:00:00,1658.7820000000017,45446.617550000075,629.4920000000008
2023-04-30 19:00:00,1643.784000000003,35551.84488333337,10636.126333333359
2023-04-30 20:00:00,0.0,32398.914933333366,9659.881666666693
2023-04-30 21:00:00,0.0,21774.368600000038,0.0
2023-04-30 22:00:00,0.0,5521.042650000007,0.0
2023-04-30 23:00:00,0.0,344.558733333333,0.0
2023-05-01 00:00:00,0.0,2705.110883333335,0.0
2023-05-01 01:00:00,0.0,6465.094900000007,0.0
2023-05-01 02:00:00,0.0,8797.57935000001,0.0
2023-05-01 03:00:00,0.0,8788.830633333342,0.0
2023-05-01 04:00:00,0.0,8967.597833333337,0.0
2023-05-01 05:00:00,0.0,15947.01358333335,492.22400000000073
2023-05-01 06:00:00,1508.8020000000017,27711.26915000006,10247.041666666695
2023-05-01 07:00:00,1538.798000000002,29933.29653333338,45864.84500000006
2023-05-01 08:00:00,0.0,39125.68546666668,33208.93000000003
2023-05-01 09:00:00,0.0,64027.953233333326,16922.202500000032
2023-05-01 10:00:00,8.262000000000006,77992.21986666664,17031.98400000004
2023-05-01 11:00:00,8.279000000000007,99190.35091666668,13906.224333333359
2023-05-01 12:00:00,0.0,135529.26638333328,0.0
2023-05-01 13:00:00,0.0,140467.0911666666,8048.965000000006
2023-05-01 14:00:00,0.0,148558.74551666662,8764.210333333336
2023-05-01 15:00:00,0.0,145798.5626666666,10102.06433333334
2023-05-01 16:00:00,0.0,96380.82796666666,25428.42833333336
2023-05-01 17:00:00,0.0,65535.41848333342,23559.04033333336
2023-05-01 18:00:00,1531.2990000000034,62060.174933333416,556.5800000000019
2023-05-01 19:00:00,1516.3010000000017,48321.85123333337,10291.653333333355
2023-05-01 20:00:00,0.0,45124.17905000005,10306.160333333362
2023-05-01 21:00:00,0.0,34236.41533333338,0.0
2023-05-01 22:00:00,0.0,13729.828833333348,0.0
2023-05-01 23:00:00,0.0,5182.651050000002,0.0
2023-05-02 00:00:00,0.0,2645.111116666667,0.0
2023-05-02 01:00:00,0.0,6660.093600000005,0.0
2023-05-02 02:00:00,0.0,9685.073433333338,0.0
2023-05-02 03:00:00,0.0,10120.071116666672,0.0
2023-05-02 04:00:00,0.0,11588.403100000005,0.0
2023-05-02 05:00:00,0.0,18525.31216666668,444.1120000000012
2023-05-02 06:00:00,1576.2930000000015,29597.273016666717,9907.397333333363
2023-05-02 07:00:00,1478.8060000000019,34017.085800000044,42457.714666666725
2023-05-02 08:00:00,0.0,43993.12848333334,24928.144000000037
2023-05-02 09:00:00,0.0,58870.39838333333,14178.987833333355
2023-05-02 10:00:00,8.266000000000007,69462.97463333335,16813.7821666667
2023-05-02 11:00:00,8.275000000000006,114675.41713333329,13327.37750000002
2023-05-02 12:00:00,0.0,140709.49516666657,0.0
2023-05-02 13:00:00,0.0,145461.23249999993,7273.684666666668
2023-05-02 14:00:00,0.0,134866.4180666666,10608.022333333345
2023-05-02 15:00:00,0.0,142833.34484999994,9842.623333333344
2023-05-02 16:00:00,0.0,96757.93901666666,27167.418333333364
2023-05-02 17:00:00,0.0,60146.61730000009,34930.5256666667
2023-05-02 18:00:00,1441.3110000000024,61860.972350000084,573.1960000000016
2023-05-02 19:00:00,1598.7900000000018,48428.17546666671,10653.168000000023
2023-05-02 20:00:00,0.0,43259.29836666671,10462.733000000026
2023-05-02 21:00:00,0.0,33349.45513333338,0.0
2023-05-02 22:00:00,0.0,14620.75570000002,0.0
2023-05-02 23:00:00,0.0,5045.316500000003,0.0
2023-05-03 00:00:00,0.0,2167.6161833333326,0.0
2023-05-03 01:00:00,0.0,6047.597683333337,0.0
2023-05-03 02:00:00,0.0,8380.082133333339,0.0
2023-05-03 03:00:00,0.0,10717.568016666672,0.0
2023-05-03 04:00:00,0.0,11612.44878333334,0.0
2023-05-03 05:00:00,0.0,16691.40713333335,454.032000000001
2023-05-03 06:00:00,1448.810000000002,28597.03785000006,9807.242666666694
2023-05-03 07:00:00,1553.7960000000023,30968.786083333383,32000.8753333334
2023-05-03 08:00:00,0.0,40103.19113333334,33580.72133333337
2023-05-03 09:00:00,0.0,70423.31536666665,13840.847000000027
2023-05-03 10:00:00,8.276000000000007,74161.79854999999,16564.2321666667
2023-05-03 11:00:00,8.265000000000006,106944.2538833333,13686.627000000022
2023-05-03 12:00:00,0.0,132148.85239999995,0.0
2023-05-03 13:00:00,0.0,161315.89539999992,8646.696333333335
2023-05-03 14:00:00,0.0,153113.56658333325,11332.268666666674
2023-05-03 15:00:00,0.0,132214.0210166666,9174.16333333334
2023-05-03 16:00:00,0.0,83272.45341666667,27258.17600000003
2023-05-03 17:00:00,0.0,59148.51313333342,30521.660000000033
2023-05-03 18:00:00,1576.2930000000015,61589.458866666755,633.7080000000012
2023-05-03 19:00:00,1516.3010000000033,50171.486050000036,10627.792333333355
2023-05-03 20:00:00,0.0,44694.35926666671,10620.971333333362
2023-05-03 21:00:00,0.0,34049.91795000005,0.0
2023-05-03 22:00:00,0.0,15727.937866666682,0.0
2023-05-03 23:00:00,0.0,5759.393883333336,0.0
2023-05-04 00:00:00,0.0,2765.110066666668,0.0
2023-05-04 01:00:00,0.0,6837.592416666673,0.0
2023-05-04 02:00:00,0.0,8477.58148333334,0.0
2023-05-04 03:00:00,0.0,9865.07278333334,0.0
2023-05-04 04:00:00,0.0,10203.516100000006,0.0
2023-05-04 05:00:00,0.0,16190.015683333351,456.88400000000115
2023-05-04 06:00:00,1433.8120000000022,30131.68675000006,10420.415333333362
2023-05-04 07:00:00,1636.2850000000017,30767.584116666716,32076.583333333387
2023-05-04 08:00:00,0.0,34049.42766666668,30383.1336666667
2023-05-04 09:00:00,0.0,49712.74286666668,14288.911500000026
2023-05-04 10:00:00,8.266000000000005,76954.21928333332,17386.184500000036
2023-05-04 11:00:00,8.275000000000006,113191.66268333331,12572.731833333353
2023-05-04 12:00:00,0.0,132765.43721666656,0.0
2023-05-04 13:00:00,0.0,142238.49618333325,5486.383666666665
2023-05-04 14:00:00,0.0,150491.81638333327,11488.413333333341
2023-05-04 15:00:00,0.0,143646.01278333328,9504.265000000005
2023-05-04 16:00:00,0.0,101392.99971666666,31179.325333333363
2023-05-04 17:00:00,0.0,64379.21475000009,38861.02833333337
2023-05-04 18:00:00,1516.3010000000022,62398.950450000084,560.548000000001
2023-05-04 19:00:00,1508.8020000000006,48390.65168333337,9025.1896666667
2023-05-04 20:00:00,0.0,44117.520500000035,10927.454000000025
2023-05-04 21:00:00,0.0,34755.31538333337,0.0
2023-05-04 22:00:00,0.0,14439.21513333335,0.0
2023-05-04 23:00:00,0.0,4247.406866666668,0.0
2023-05-05 00:00:00,0.0,1987.6145666666664,0.0
2023-05-05 01:00:00,0.0,6065.0975666666745,0.0
2023-05-05 02:00:00,0.0,8842.579050000008,0.0
2023-05-05 03:00:00,0.0,10585.067850000007,0.0
2023-05-05 04:00:00,0.0,11408.365283333338,0.0
2023-05-05 05:00:00,0.0,16882.14961666668,399.96800000000064
2023-05-05 06:00:00,1426.3130000000021,29081.390700000054,10082.84766666669
2023-05-05 07:00:00,1403.8160000000034,33785.07648333338,32648.704000000063
2023-05-05 08:00:00,0.0,38347.10315000001,20078.3456666667
2023-05-05 09:00:00,0.0,66540.13779999997,17217.8886666667
2023-05-05 10:00:00,8.272000000000006,81746.97129999998,16650.148833333365
2023-05-05 11:00:00,8.269000000000005,112658.5796333333,13678.650833333359
2023-05-05 12:00:00,0.0,132993.33356666664,0.0
2023-05-05 13:00:00,0.0,140815.4903333333,6380.612999999999
2023-05-05 14:00:00,0.0,146561.48489999992,11275.46333333334
2023-05-05 15:00:00,0.0,146811.99241666656,8914.014666666666
2023-05-05 16:00:00,0.0,85933.42758333332,37962.979666666695
2023-05-05 17:00:00,0.0,58140.93035000009,35632.58000000003
2023-05-05 18:00:00,1651.283000000002,59501.988883333426,642.8840000000006
2023-05-05 19:00:00,1613.7880000000011,49409.364666666705,10147.249333333364
2023-05-05 20:00:00,0.0,44732.17130000004,10660.947333333363
2023-05-05 21:00:00,0.0,34064.720266666714,0.0
2023-05-05 22:00:00,0.0,14953.765016666683,0.0
2023-05-05 23:00:00,0.0,4238.732783333336,0.0
2023-05-06 00:00:00,0.0,1990.1158499999995,0.0
2023-05-06 01:00:00,0.0,5687.600083333338,0.0
2023-05-06 02:00:00,0.0,8592.580716666675,0.0
2023-05-06 03:00:00,0.0,10532.567950000008,0.0
2023-05-06 04:00:00,0.0,12963.474916666675,0.0
2023-05-06 05:00:00,0.0,16811.075466666683,477.59200000000055
2023-05-06 06:00:00,1478.8060000000035,31442.745916666725,10712.108666666694
2023-05-06 07:00:00,1396.3170000000025,32245.608700000044,35766.7763333334
2023-05-06 08:00:00,0.0,38420.53760000001,36287.48100000003
2023-05-06 09:00:00,0.0,56212.75520000001,15297.98266666669
2023-05-06 10:00:00,8.266000000000007,75174.79568333333,17976.657000000043
2023-05-06 11:00:00,8.275000000000006,114875.31916666662,13737.642833333357
2023-05-06 12:00:00,0.0,141260.9303499999,0.0
2023-05-06 13:00:00,0.0,137092.57978333326,5973.3206666666665
2023-05-06 14:00:00,0.0,142765.07869999993,9744.942666666671
2023-05-06 15:00:00,0.0,136670.68443333328,10331.340666666674
2023-05-06 16:00:00,0.0,99488.87644999998,24714.608333333355
2023-05-06 17:00:00,0.0,58737.031700000094,28409.741000000027
2023-05-06 18:00:00,1606.2890000000036,61143.069766666755,574.436000000002
2023-05-06 19:00:00,1613.7880000000014,50159.783733333374,10416.634000000025
2023-05-06 20:00:00,0.0,44653.074033333374,10499.377666666696
2023-05-06 21:00:00,0.0,32750.258150000045,0.0
2023-05-06 22:00:00,0.0,13240.55096666668,0.0
2023-05-06 23:00:00,0.0,4958.986766666669,0.0
2023-05-07 00:00:00,0.0,0.0,0.0
2023-05-07 01:00:00,0.0,0.0,0.0
2023-05-07 02:00:00,0.0,0.0,0.0
2023-05-07 03:00:00,0.0,0.0,0.0
2023-05-07 04:00:00,0.0,331.41379999999975,0.0
2023-05-07 05:00:00,0.0,5973.051766666677,488.25600000000054
2023-05-07 06:00:00,1441.3110000000027,19541.989666666726,9912.825666666693
2023-05-07 07:00:00,1553.7960000000041,13702.912050000039,33941.21733333339
2023-05-07 08:00:00,0.0,1936.487933333331,35382.879666666704
2023-05-07 09:00:00,0.0,565.1310666666635,14599.464500000027
2023-05-07 10:00:00,8.272000000000006,575.6077833333304,16644.388333333372
2023-05-07 11:00:00,8.269000000000005,651.4341166666638,14546.647333333358
2023-05-07 12:00:00,0.0,676.2656999999965,0.0
2023-05-07 13:00:00,0.0,716.8430499999962,11183.121000000008
2023-05-07 14:00:00,0.0,778.0094166666632,9091.807
2023-05-07 15:00:00,0.0,735.0168666666635,6046.831666666667
2023-05-07 16:00:00,0.0,3848.5128499999987,38405.54700000002
2023-05-07 17:00:00,0.0,30787.84281666674,27268.769333333366
2023-05-07 18:00:00,1396.3170000000014,46886.374200000086,621.3080000000012
2023-05-07 19:00:00,1703.7760000000026,34084.97695000003,10446.704666666694
2023-05-07 20:00:00,0.0,31457.1588166667,10541.019333333365
2023-05-07 21:00:00,0.0,22153.962150000036,0.0
2023-05-07 22:00:00,0.0,5030.456366666673,0.0
2023-05-07 23:00:00,0.0,391.88553333333283,0.0
2023-05-08 00:00:00,0.0,2210.1157166666662,0.0
2023-05-08 01:00:00,0.0,6570.094200000006,0.0
2023-05-08 02:00:00,0.0,9262.576250000006,0.0
2023-05-08 03:00:00,0.0,10412.56918333334,0.0
2023-05-08 04:00:00,0.0,12001.56033333334,0.0
2023-05-08 05:00:00,0.0,17192.512200000016,430.84400000000085
2023-05-08 06:00:00,1538.7980000000018,32296.09278333339,9852.260000000028
2023-05-08 07:00:00,1523.8000000000034,27271.890633333383,37614.191333333394
2023-05-08 08:00:00,0.0,38572.59905000001,34694.0406666667
2023-05-08 09:00:00,0.0,56093.00356666666,16052.92150000003
2023-05-08 10:00:00,8.258000000000006,75469.72696666663,17481.459666666706
2023-05-08 11:00:00,8.283000000000007,112811.16069999998,15275.227666666691
2023-05-08 12:00:00,0.0,132989.0866666666,0.0
2023-05-08 13:00:00,0.0,138381.90284999995,8846.065666666673
2023-05-08 14:00:00,0.0,147067.4104666666,11222.442333333343
2023-05-08 15:00:00,0.0,153829.02754999994,9643.149333333342
2023-05-08 16:00:00,0.0,99296.8014,26108.565000000024
2023-05-08 17:00:00,0.0,58981.714333333424,28591.13600000003
2023-05-08 18:00:00,1538.7980000000016,61324.22295000009,635.1960000000005
2023-05-08 19:00:00,1493.8040000000015,48228.67926666671,9565.930000000028
2023-05-08 20:00:00,0.0,45338.938116666715,10359.461666666697
2023-05-08 21:00:00,0.0,35076.773916666716,0.0
2023-05-08 22:00:00,0.0,15665.335316666682,0.0
2023-05-08 23:00:00,0.0,4597.65516666667,0.0
2023-05-09 00:00:00,0.0,1755.1197,0.0
2023-05-09 01:00:00,0.0,6002.597983333339,0.0
2023-05-09 02:00:00,0.0,8367.582216666673,0.0
2023-05-09 03:00:00,0.0,10134.071850000008,0.0
2023-05-09 04:00:00,0.0,11130.71678333334,0.0
2023-05-09 05:00:00,0.0,17809.479150000014,445.35200000000043
2023-05-09 06:00:00,1486.3050000000032,32891.2728833334,10189.840666666689
2023-05-09 07:00:00,1463.8080000000018,34516.04330000005,44759.69966666672
2023-05-09 08:00:00,0.0,42814.65428333334,30225.806000000037
2023-05-09 09:00:00,0.0,64239.9017833333,16398.006833333362
2023-05-09 10:00:00,8.259000000000006,78788.62518333331,15700.785500000038
2023-05-09 11:00:00,8.282000000000007,117268.3036333333,13784.100500000022
2023-05-09 12:00:00,0.0,152130.32064999992,0.0
2023-05-09 13:00:00,0.0,143043.82328333324,5548.544333333333
2023-05-09 14:00:00,0.0,133658.93656666664,9309.645333333337
2023-05-09 15:00:00,0.0,129216.79744999997,11104.478333333342
2023-05-09 16:00:00,0.0,91766.40874999999,26864.023333333364
2023-05-09 17:00:00,0.0,58505.93050000009,25815.63633333337
2023-05-09 18:00:00,1666.2810000000009,61467.302983333415,566.0040000000014
2023-05-09 19:00:00,1478.8060000000019,49475.039316666705,9841.64766666669
2023-05-09 20:00:00,0.0,45438.10518333338,10221.211333333362
2023-05-09 21:00:00,0.0,33184.59146666671,0.0
2023-05-09 22:00:00,0.0,13773.797800000015,0.0
2023-05-09 23:00:00,0.0,5807.725333333336,0.0
2023-05-10 00:00:00,0.0,1992.6168,0.0
2023-05-10 01:00:00,0.0,6177.596816666673,0.0
2023-05-10 02:00:00,0.0,9400.075333333341,0.0
2023-05-10 03:00:00,0.0,9725.073750000007,0.0
2023-05-10 04:00:00,0.0,10811.801516666672,0.0
2023-05-10 05:00:00,0.0,16862.067000000017,512.6840000000002
2023-05-10 06:00:00,1711.2750000000026,30603.003033333393,9728.595333333358
2023-05-10 07:00:00,1156.349000000003,29342.01248333338,33569.52066666673
2023-05-10 08:00:00,0.0,37598.69301666668,26478.15133333337
2023-05-10 09:00:00,0.0,61661.27091666666,16018.18333333336
2023-05-10 10:00:00,8.279000000000007,68798.06486666665,17892.659833333375
2023-05-10 11:00:00,8.262000000000006,114381.23554999997,12289.580833333352
2023-05-10 12:00:00,0.0,146216.83043333323,0.0
2023-05-10 13:00:00,0.0,150863.40423333325,6979.847333333331
2023-05-10 14:00:00,0.0,139218.08534999995,10223.068333333338
2023-05-10 15:00:00,0.0,133026.2688166666,7934.267333333336
2023-05-10 16:00:00,0.0,93802.72921666667,32844.39133333336
2023-05-10 17:00:00,0.0,62176.39206666675,38020.61600000004
2023-05-10 18:00:00,1726.2730000000015,61498.04615000008,672.272
2023-05-10 19:00:00,1501.303000000002,47975.646100000034,10763.207333333366
2023-05-10 20:00:00,0.0,44357.55290000004,10254.524666666694
2023-05-10 21:00:00,0.0,33024.70358333338,0.0
2023-05-10 22:00:00,0.0,13923.718150000015,0.0
2023-05-10 23:00:00,0.0,3911.0735333333346,0.0
2023-05-11 00:00:00,0.0,2015.1180666666658,0.0
2023-05-11 01:00:00,0.0,6110.097266666672,0.0
2023-05-11 02:00:00,0.0,8562.580916666673,0.0
2023-05-11 03:00:00,0.0,9582.576133333343,0.0
2023-05-11 04:00:00,0.0,10980.793333333342,0.0
2023-05-11 05:00:00,0.0,18330.610766666687,427.37200000000075
2023-05-11 06:00:00,1598.7900000000009,30977.563366666727,10250.565666666693
2023-05-11 07:00:00,1523.8000000000013,34382.57708333338,36886.32800000005
2023-05-11 08:00:00,0.0,39378.63643333335,27091.2366666667
2023-05-11 09:00:00,0.0,69786.93994999999,16619.18200000003
2023-05-11 10:00:00,8.276000000000005,84082.39296666664,13674.109166666702
2023-05-11 11:00:00,8.265000000000006,103228.41566666664,13122.821666666687
2023-05-11 12:00:00,0.0,125923.83048333327,0.0
2023-05-11 13:00:00,0.0,139252.9014666666,7138.047000000007
2023-05-11 14:00:00,0.0,139757.0740833333,9566.131333333344
2023-05-11 15:00:00,0.0,136746.76139999996,12542.311333333339
2023-05-11 16:00:00,0.0,97986.57106666666,33798.297000000035
2023-05-11 17:00:00,0.0,63057.85441666675,29221.914333333363
2023-05-11 18:00:00,1538.7980000000025,58992.26963333342,606.5520000000007
2023-05-11 19:00:00,1433.8120000000015,48711.96675000004,10051.353000000026
2023-05-11 20:00:00,0.0,45058.545416666704,10161.24733333336
2023-05-11 21:00:00,0.0,33936.95538333337,0.0
2023-05-11 22:00:00,0.0,15622.582083333347,0.0
2023-05-11 23:00:00,0.0,4741.404083333335,0.0
2023-05-12 00:00:00,0.0,2562.613533333336,0.0
2023-05-12 01:00:00,0.0,5295.102700000005,0.0
2023-05-12 02:00:00,0.0,8672.58018333334,0.0
2023-05-12 03:00:00,0.0,9875.573250000007,0.0
2023-05-12 04:00:00,0.0,10165.449366666671,0.0
2023-05-12 05:00:00,0.0,15975.049500000016,440.76400000000046
2023-05-12 06:00:00,1643.784000000002,31044.15370000006,10529.68866666669
2023-05-12 07:00:00,1418.8140000000012,29171.322600000047,30306.765333333387
2023-05-12 08:00:00,0.0,35806.25105000001,33995.3576666667
2023-05-12 09:00:00,0.0,64283.66581666666,15024.59500000003
2023-05-12 10:00:00,8.264000000000006,75249.88561666665,15885.690000000035
2023-05-12 11:00:00,8.277000000000006,112737.89271666664,16822.447666666696
2023-05-12 12:00:00,0.0,140448.57451666656,0.0
2023-05-12 13:00:00,0.0,153231.74673333325,4664.283999999998
2023-05-12 14:00:00,0.0,138921.00811666658,7845.3103333333365
2023-05-12 15:00:00,0.0,127800.10789999997,11308.96233333334
2023-05-12 16:00:00,0.0,92077.8473,33538.9456666667
2023-05-12 17:00:00,0.0,63442.97335000009,27167.62000000003
2023-05-12 18:00:00,1441.3110000000022,64140.59293333341,593.0360000000014
2023-05-12 19:00:00,1591.2910000000022,50527.94216666671,10582.999000000023
2023-05-12 20:00:00,0.0,44719.471283333376,9723.177000000029
2023-05-12 21:00:00,0.0,33123.104166666715,0.0
2023-05-12 22:00:00,0.0,14599.977800000011,0.0
2023-05-12 23:00:00,0.0,5157.153750000001,0.0
2023-05-13 00:00:00,0.0,2622.6115166666677,0.0
2023-05-13 01:00:00,0.0,6675.093500000006,0.0
2023-05-13 02:00:00,0.0,9905.071966666674,0.0
2023-05-13 03:00:00,0.0,11255.064550000006,0.0
2023-05-13 04:00:00,0.0,12439.206100000007,0.0
2023-05-13 05:00:00,0.0,18509.33683333335,457.87600000000043
2023-05-13 06:00:00,1613.7880000000039,32059.094766666727,10511.84733333336
2023-05-13 07:00:00,1628.7860000000026,32623.581166666718,34309.465000000055
2023-05-13 08:00:00,0.0,37427.054550000015,23567.316666666695
2023-05-13 09:00:00,0.0,58370.66676666667,17173.500166666694
2023-05-13 10:00:00,8.268000000000006,66987.06865,17456.06550000004
2023-05-13 11:00:00,8.273000000000005,101316.67096666667,12619.020166666689
2023-05-13 12:00:00,0.0,162586.4062166666,0.0
2023-05-13 13:00:00,0.0,154250.90423333325,7436.498000000004
2023-05-13 14:00:00,0.0,137515.40569999992,7253.8683333333365
2023-05-13 15:00:00,0.0,140038.35888333328,11759.394333333343
2023-05-13 16:00:00,0.0,89137.43678333332,44690.00166666669
2023-05-13 17:00:00,0.0,62191.52820000009,23390.893000000033
2023-05-13 18:00:00,1298.8300000000022,61982.30621666675,583.7360000000012
2023-05-13 19:00:00,1553.7960000000016,47514.94465000004,10270.42900000003
2023-05-13 20:00:00,0.0,44002.03415000005,10336.142333333362
2023-05-13 21:00:00,0.0,33297.60373333338,0.0
2023-05-13 22:00:00,0.0,14214.624216666682,0.0
2023-05-13 23:00:00,0.0,4342.48981666667,0.0
2023-05-14 00:00:00,0.0,0.0,0.0
2023-05-14 01:00:00,0.0,0.0,0.0
2023-05-14 02:00:00,0.0,0.0,0.0
2023-05-14 03:00:00,0.0,0.0,0.0
2023-05-14 04:00:00,0.0,279.2748833333331,0.0
2023-05-14 05:00:00,0.0,4463.901133333341,428.86000000000075
2023-05-14 06:00:00,1516.3010000000036,15565.650283333383,10680.085333333362
2023-05-14 07:00:00,1351.3230000000015,17484.838783333376,35936.823333333385
2023-05-14 08:00:00,0.0,2003.0947999999985,29639.86200000003
2023-05-14 09:00:00,0.0,593.6237999999967,13949.812833333359
2023-05-14 10:00:00,8.275000000000006,548.4438999999963,15391.696000000034
2023-05-14 11:00:00,8.266000000000005,560.6922499999966,13346.361333333361
2023-05-14 12:00:00,0.0,668.7644999999962,0.0
2023-05-14 13:00:00,0.0,628.85248333333,5282.210999999996
2023-05-14 14:00:00,0.0,602.7758333333305,10746.026333333342
2023-05-14 15:00:00,0.0,782.018116666663,12861.286333333343
2023-05-14 16:00:00,0.0,3920.3943833333315,28744.390666666703
2023-05-14 17:00:00,0.0,33437.50113333341,32139.60633333337
2023-05-14 18:00:00,1681.2790000000005,45865.40051666675,653.0519999999998
2023-05-14 19:00:00,1546.297000000003,35093.2471666667,10245.083333333361
2023-05-14 20:00:00,0.0,32291.842850000034,9781.47533333336
2023-05-14 21:00:00,0.0,21555.14793333337,0.0
2023-05-14 22:00:00,0.0,5177.4160000000065,0.0
2023-05-14 23:00:00,0.0,349.5559666666664,0.0
2023-05-15 00:00:00,0.0,2075.114633333332,0.0
2023-05-15 01:00:00,0.0,6037.597750000004,0.0
2023-05-15 02:00:00,0.0,8622.580516666672,0.0
2023-05-15 03:00:00,0.0,10282.570100000006,0.0
2023-05-15 04:00:00,0.0,12127.114100000008,0.0
2023-05-15 05:00:00,0.0,16320.65961666668,497.80400000000077
2023-05-15 06:00:00,1666.2810000000025,30549.25658333339,9842.745333333365
2023-05-15 07:00:00,1681.2790000000025,31594.65040000005,38041.31100000006
2023-05-15 08:00:00,0.0,43161.18451666668,35101.54466666671
2023-05-15 09:00:00,0.0,63099.734216666664,14777.551166666693
2023-05-15 10:00:00,8.266000000000007,78551.80593333334,16403.103500000034
2023-05-15 11:00:00,8.275000000000006,109599.04931666663,13411.153666666694
2023-05-15 12:00:00,0.0,139157.40633333323,0.0
2023-05-15 13:00:00,0.0,144089.97926666657,7420.1716666666725
2023-05-15 14:00:00,0.0,136438.0121666666,9080.369000000006
2023-05-15 15:00:00,0.0,133780.10655,8919.163333333332
2023-05-15 16:00:00,0.0,100065.60686666667,26483.1376666667
2023-05-15 17:00:00,0.0,59886.867200000095,32115.419666666698
2023-05-15 18:00:00,1313.8280000000027,62247.81908333342,589.1920000000017
2023-05-15 19:00:00,1433.8120000000015,48310.524116666704,10196.216333333356
2023-05-15 20:00:00,0.0,44800.861466666705,10932.451000000026
2023-05-15 21:00:00,0.0,33799.905650000044,0.0
2023-05-15 22:00:00,0.0,13819.986200000012,0.0
2023-05-15 23:00:00,0.0,4974.06721666667,0.0
2023-05-16 00:00:00,0.0,2120.1153333333323,0.0
2023-05-16 01:00:00,0.0,3942.611716666667,0.0
2023-05-16 02:00:00,0.0,7345.089033333338,0.0
2023-05-16 03:00:00,0.0,9057.578333333338,0.0
2023-05-16 04:00:00,0.0,10428.906233333339,0.0
2023-05-16 05:00:00,0.0,16251.595233333348,424.3960000000013
2023-05-16 06:00:00,1403.8160000000034,31067.13100000006,10014.016666666688
2023-05-16 07:00:00,1486.3050000000023,36780.057466666716,27484.917000000056
2023-05-16 08:00:00,0.0,39489.299066666674,35220.87733333336
2023-05-16 09:00:00,0.0,58820.25438333332,15107.083500000022
2023-05-16 10:00:00,8.265000000000006,73579.89731666665,16383.13750000004
2023-05-16 11:00:00,8.276000000000007,102669.24713333331,14787.783333333362
2023-05-16 12:00:00,0.0,124858.57244999993,0.0
2023-05-16 13:00:00,0.0,139251.7244166666,7985.111666666668
2023-05-16 14:00:00,0.0,157983.63834999994,9168.168333333335
2023-05-16 15:00:00,0.0,143498.7573833333,10424.079333333342
2023-05-16 16:00:00,0.0,104254.26776666666,29196.861000000037
2023-05-16 17:00:00,0.0,60353.66756666676,40374.28966666671
2023-05-16 18:00:00,1523.800000000003,61770.689633333415,660.6160000000004
2023-05-16 19:00:00,1681.279000000001,49948.45743333337,9922.562000000025
2023-05-16 20:00:00,0.0,44858.72130000004,9931.385333333365
2023-05-16 21:00:00,0.0,35360.179250000045,0.0
2023-05-16 22:00:00,0.0,15590.94398333335,0.0
2023-05-16 23:00:00,0.0,5587.143000000003,0.0
2023-05-17 00:00:00,0.0,2452.6125833333326,0.0
2023-05-17 01:00:00,0.0,6892.592050000006,0.0
2023-05-17 02:00:00,0.0,10530.067800000008,0.0
2023-05-17 03:00:00,0.0,11597.561300000007,0.0
2023-05-17 04:00:00,0.0,11887.002466666674,0.0
2023-05-17 05:00:00,0.0,18128.589500000016,479.8240000000008
2023-05-17 06:00:00,1538.7980000000016,32640.725000000057,10308.813666666698
2023-05-17 07:00:00,1613.7880000000039,29525.732816666714,24209.847000000056
2023-05-17 08:00:00,0.0,37465.625033333345,35184.08833333337
2023-05-17 09:00:00,0.0,61018.741649999996,16536.90000000003
2023-05-17 10:00:00,8.269000000000007,76253.14524999999,18217.948833333372
2023-05-17 11:00:00,8.272000000000006,120748.84591666661,14375.880666666691
2023-05-17 12:00:00,0.0,139712.8258999999,0.0
2023-05-17 13:00:00,0.0,142791.48728333323,8070.094666666668
2023-05-17 14:00:00,0.0,134169.2582166666,8820.186333333335
2023-05-17 15:00:00,0.0,135651.4520666666,6912.744666666668
2023-05-17 16:00:00,0.0,91071.21641666665,31094.502666666696
2023-05-17 17:00:00,0.0,62504.330316666754,37416.59933333337
2023-05-17 18:00:00,1381.3190000000018,61950.75721666675,581.7520000000009
2023-05-17 19:00:00,1561.295000000002,48772.576816666704,10786.513666666693
2023-05-17 20:00:00,0.0,45243.57380000004,10419.425666666695
2023-05-17 21:00:00,0.0,34981.74078333337,0.0
2023-05-17 22:00:00,0.0,13507.53976666668,0.0
2023-05-17 23:00:00,0.0,3600.9118666666686,0.0
2023-05-18 00:00:00,0.0,2037.6153666666653,0.0
2023-05-18 01:00:00,0.0,5367.602216666672,0.0
2023-05-18 02:00:00,0.0,7397.58868333334,0.0
2023-05-18 03:00:00,0.0,9930.071916666673,0.0
2023-05-18 04:00:00,0.0,11886.285683333339,0.0
2023-05-18 05:00:00,0.0,17520.266350000013,474.74000000000103
2023-05-18 06:00:00,1628.7860000000028,30834.23900000006,10411.361666666691
2023-05-18 07:00:00,1411.315000000001,32548.942816666717,41160.970000000045
2023-05-18 08:00:00,0.0,36700.80196666668,35519.6896666667
2023-05-18 09:00:00,0.0,58182.4756,15901.610333333361
2023-05-18 10:00:00,8.269000000000007,78488.54079999996,15452.590166666705
2023-05-18 11:00:00,8.272000000000006,116512.49163333331,12596.151833333355
2023-05-18 12:00:00,0.0,144085.09594999996,0.0
2023-05-18 13:00:00,0.0,139323.92926666662,7187.198666666665
2023-05-18 14:00:00,0.0,144918.49523333326,8456.741333333332
2023-05-18 15:00:00,0.0,131083.33679999996,13134.894000000008
2023-05-18 16:00:00,0.0,95482.89061666666,24001.130333333367
2023-05-18 17:00:00,0.0,63430.583800000095,26707.317666666702
2023-05-18 18:00:00,1538.7980000000023,59383.007333333415,563.4000000000018
2023-05-18 19:00:00,1516.3010000000036,48737.948133333375,9954.42066666669
2023-05-18 20:00:00,0.0,44228.74490000004,9959.701666666697
2023-05-18 21:00:00,0.0,33419.92276666671,0.0
2023-05-18 22:00:00,0.0,13711.553050000011,0.0
2023-05-18 23:00:00,0.0,3955.5745666666658,0.0
2023-05-19 00:00:00,0.0,2017.617783333333,0.0
2023-05-19 01:00:00,0.0,5997.598016666672,0.0
2023-05-19 02:00:00,0.0,7932.5851166666735,0.0
2023-05-19 03:00:00,0.0,9630.075333333341,0.0
2023-05-19 04:00:00,0.0,10750.419650000007,0.0
2023-05-19 05:00:00,0.0,17162.029950000015,465.56400000000053
2023-05-19 06:00:00,1411.3150000000026,30709.100766666725,10975.189666666693
2023-05-19 07:00:00,1628.7860000000023,28433.715166666716,28358.01266666672
2023-05-19 08:00:00,0.0,49020.230116666666,27127.13766666669
2023-05-19 09:00:00,0.0,70864.24279999995,16572.79033333336
2023-05-19 10:00:00,8.271000000000006,73075.06386666665,14260.238833333362
2023-05-19 11:00:00,8.270000000000007,99162.65723333333,14081.385500000026
2023-05-19 12:00:00,0.0,128750.16871666661,0.0
2023-05-19 13:00:00,0.0,140413.2507166666,8267.426000000007
2023-05-19 14:00:00,0.0,149766.73744999993,10970.032333333342
2023-05-19 15:00:00,0.0,149925.07756666662,8854.565666666673
2023-05-19 16:00:00,0.0,86195.06548333334,40434.964666666696
2023-05-19 17:00:00,0.0,60906.715816666765,25238.09500000003
2023-05-19 18:00:00,1568.794000000001,60254.50875000009,561.0440000000016
2023-05-19 19:00:00,1486.3050000000012,49607.49346666671,10562.254000000024
2023-05-19 20:00:00,0.0,45672.758333333375,10484.386666666696
2023-05-19 21:00:00,0.0,32473.031416666705,0.0
2023-05-19 22:00:00,0.0,13622.838616666679,0.0
2023-05-19 23:00:00,0.0,5206.155300000002,0.0
2023-05-20 00:00:00,0.0,2017.6179999999997,0.0
2023-05-20 01:00:00,0.0,6495.094700000007,0.0
2023-05-20 02:00:00,0.0,9737.57308333334,0.0
2023-05-20 03:00:00,0.0,9642.573716666673,0.0
2023-05-20 04:00:00,0.0,9762.693416666672,0.0
2023-05-20 05:00:00,0.0,17155.10526666668,488.0080000000004
2023-05-20 06:00:00,1561.2950000000028,31376.394450000054,10010.907333333358
2023-05-20 07:00:00,1501.3030000000026,33398.199483333374,31653.73900000006
2023-05-20 08:00:00,0.0,37828.43555000002,40213.99466666671
2023-05-20 09:00:00,0.0,68720.85184999999,16205.992333333357
2023-05-20 10:00:00,8.273000000000005,73925.38168333331,14322.245333333367
2023-05-20 11:00:00,8.268000000000006,105224.00129999996,13975.198833333357
2023-05-20 12:00:00,0.0,135714.74811666657,0.0
2023-05-20 13:00:00,0.0,142717.57158333325,6993.875333333336
2023-05-20 14:00:00,0.0,138618.42273333328,7663.787333333333
2023-05-20 15:00:00,0.0,133547.70014999996,9741.81500000001
2023-05-20 16:00:00,0.0,100068.32224999998,35825.17000000003
2023-05-20 17:00:00,0.0,65419.77696666676,25873.935666666708
2023-05-20 18:00:00,1471.3070000000005,59101.88851666675,624.6560000000012
2023-05-20 19:00:00,1561.2950000000014,49132.29450000004,10251.88100000003
2023-05-20 20:00:00,0.0,44388.29066666671,10597.652000000024
2023-05-20 21:00:00,0.0,35399.114483333375,0.0
2023-05-20 22:00:00,0.0,14913.660616666682,0.0
2023-05-20 23:00:00,0.0,5608.048700000005,0.0
2023-05-21 00:00:00,0.0,0.0,0.0
2023-05-21 01:00:00,0.0,0.0,0.0
2023-05-21 02:00:00,0.0,0.0,0.0
2023-05-21 03:00:00,0.0,0.0,0.0
2023-05-21 04:00:00,0.0,280.5419999999997,0.0
2023-05-21 05:00:00,0.0,5290.899850000011,423.90000000000066
2023-05-21 06:00:00,1681.2790000000034,19826.787150000055,9511.050000000023
2023-05-21 07:00:00,1561.2950000000023,14456.455666666709,44936.6133333334
2023-05-21 08:00:00,0.0,2091.071366666666,39861.11133333337
2023-05-21 09:00:00,0.0,616.3422833333306,15026.708500000028
2023-05-21 10:00:00,8.282000000000005,620.3519333333302,14319.836166666702
2023-05-21 11:00:00,8.259000000000006,536.7727666666636,13439.489166666692
2023-05-21 12:00:00,0.0,570.7695166666633,0.0
2023-05-21 13:00:00,0.0,600.7680333333294,6482.768666666665
2023-05-21 14:00:00,0.0,695.683066666663,9354.650333333338
2023-05-21 15:00:00,0.0,734.3520999999961,11382.40533333334
2023-05-21 16:00:00,0.0,3566.532399999997,30856.8086666667
2023-05-21 17:00:00,0.0,29945.290683333413,15150.003666666695
2023-05-21 18:00:00,1448.8100000000018,45513.166483333414,609.5280000000014
2023-05-21 19:00:00,1403.8160000000028,34757.5808166667,10117.863333333362
2023-05-21 20:00:00,0.0,31661.376216666704,10512.703000000029
2023-05-21 21:00:00,0.0,22927.0923166667,0.0
2023-05-21 22:00:00,0.0,5386.728666666674,0.0
2023-05-21 23:00:00,0.0,375.38346666666627,0.0
2023-05-22 00:00:00,0.0,1747.6190166666656,0.0
2023-05-22 01:00:00,0.0,4910.105266666669,0.0
2023-05-22 02:00:00,0.0,7457.588283333338,0.0
2023-05-22 03:00:00,0.0,9095.57858333334,0.0
2023-05-22 04:00:00,0.0,10143.885833333341,0.0
2023-05-22 05:00:00,0.0,17020.26968333335,420.1800000000004
2023-05-22 06:00:00,1478.8060000000019,31978.536650000056,10272.422666666693
2023-05-22 07:00:00,1501.303000000002,35422.899816666715,41486.88500000007
2023-05-22 08:00:00,0.0,36967.74126666667,26672.63966666669
2023-05-22 09:00:00,0.0,56782.14713333332,15457.589833333359
2023-05-22 10:00:00,8.269000000000005,74270.0438833333,16539.714500000035
2023-05-22 11:00:00,8.272000000000006,97259.98948333334,12057.085666666686
2023-05-22 12:00:00,0.0,142118.9970666666,0.0
2023-05-22 13:00:00,0.0,156841.0512666666,7720.660666666668
2023-05-22 14:00:00,0.0,148480.65964999996,10881.024333333344
2023-05-22 15:00:00,0.0,128734.52028333327,9611.224000000002
2023-05-22 16:00:00,0.0,100855.58826666664,30953.941666666695
2023-05-22 17:00:00,0.0,65059.56221666675,27289.057000000033
2023-05-22 18:00:00,1531.299000000002,62489.059600000095,635.0720000000009
2023-05-22 19:00:00,1583.7920000000017,48627.355433333374,10462.399000000021
2023-05-22 20:00:00,0.0,44205.93253333337,10427.75400000003
2023-05-22 21:00:00,0.0,33336.69378333338,0.0
2023-05-22 22:00:00,0.0,14153.999233333347,0.0
2023-05-22 23:00:00,0.0,4802.062466666669,0.0
2023-05-23 00:00:00,0.0,1775.1186499999983,0.0
2023-05-23 01:00:00,0.0,5645.100366666669,0.0
2023-05-23 02:00:00,0.0,9095.077366666676,0.0
2023-05-23 03:00:00,0.0,11348.062916666675,0.0
2023-05-23 04:00:00,0.0,12512.94638333334,0.0
2023-05-23 05:00:00,0.0,17797.852883333348,444.8560000000009
2023-05-23 06:00:00,1568.794000000002,31937.839983333393,10372.925333333358
2023-05-23 07:00:00,1516.3010000000033,27433.37983333338,40419.181666666715
2023-05-23 08:00:00,0.0,32200.512500000008,19870.209333333365
2023-05-23 09:00:00,0.0,64926.61873333331,17674.53450000003
2023-05-23 10:00:00,8.277000000000006,90339.22104999998,16680.354666666706
2023-05-23 11:00:00,8.264000000000006,106429.58384999998,12557.311333333355
2023-05-23 12:00:00,0.0,133783.5828666666,0.0
2023-05-23 13:00:00,0.0,139740.07574999993,7982.139666666674
2023-05-23 14:00:00,0.0,149657.49269999992,8044.456000000006
2023-05-23 15:00:00,0.0,142878.83909999992,8840.192333333332
2023-05-23 16:00:00,0.0,103390.67079999998,37563.29533333336
2023-05-23 17:00:00,0.0,57872.59940000009,20121.865666666698
2023-05-23 18:00:00,1531.299000000002,61703.419566666744,553.4800000000017
2023-05-23 19:00:00,1478.806000000001,49852.35981666671,9837.816666666695
2023-05-23 20:00:00,0.0,45530.620033333376,10999.077666666697
2023-05-23 21:00:00,0.0,33372.60256666671,0.0
2023-05-23 22:00:00,0.0,13637.96238333335,0.0
2023-05-23 23:00:00,0.0,4359.903966666667,0.0
2023-05-24 00:00:00,0.0,2202.6153833333333,0.0
2023-05-24 01:00:00,0.0,6335.095766666673,0.0
2023-05-24 02:00:00,0.0,9232.576450000008,0.0
2023-05-24 03:00:00,0.0,10187.570533333339,0.0
2023-05-24 04:00:00,0.0,11409.12168333334,0.0
2023-05-24 05:00:00,0.0,17997.88233333335,421.296000000001
2023-05-24 06:00:00,1568.7940000000026,32168.616566666726,10638.601000000022
2023-05-24 07:00:00,1403.8160000000028,34442.99728333338,27986.08900000006
2023-05-24 08:00:00,0.0,42744.09385000001,38178.994333333365
2023-05-24 09:00:00,0.0,61548.23976666666,14959.202166666697
2023-05-24 10:00:00,8.270000000000007,72654.56864999999,17200.62483333337
2023-05-24 11:00:00,8.271000000000006,124312.65563333328,13717.535333333362
2023-05-24 12:00:00,0.0,139063.83811666656,0.0
2023-05-24 13:00:00,0.0,143701.0693666666,6868.758666666661
2023-05-24 14:00:00,0.0,146742.4664333333,9656.124333333337
2023-05-24 15:00:00,0.0,133077.76913333326,10353.868666666669
2023-05-24 16:00:00,0.0,96747.44671666666,35872.79733333337
2023-05-24 17:00:00,0.0,56725.500033333425,22880.8716666667
2023-05-24 18:00:00,1471.3070000000016,58798.54578333342,605.1880000000014
2023-05-24 19:00:00,1651.2830000000013,47956.28560000005,9736.327333333358
2023-05-24 20:00:00,0.0,43798.44126666671,10277.844000000032
2023-05-24 21:00:00,0.0,32144.444150000043,0.0
2023-05-24 22:00:00,0.0,13775.77108333335,0.0
2023-05-24 23:00:00,0.0,4236.404383333336,0.0
2023-05-25 00:00:00,0.0,2497.612699999999,0.0
2023-05-25 01:00:00,0.0,6247.596350000004,0.0
2023-05-25 02:00:00,0.0,7797.586016666675,0.0
2023-05-25 03:00:00,0.0,9156.577416666674,0.0
2023-05-25 04:00:00,0.0,12071.179450000007,0.0
2023-05-25 05:00:00,0.0,18233.54041666668,430.1000000000008
2023-05-25 06:00:00,1538.7980000000039,34266.07976666672,10676.495000000026
2023-05-25 07:00:00,1733.7719999999997,30615.78580000005,37781.87900000005
2023-05-25 08:00:00,0.0,41454.738116666675,29478.184333333375
2023-05-25 09:00:00,0.0,59571.180749999985,12891.195000000025
2023-05-25 10:00:00,8.256000000000006,75633.38366666665,14293.976500000037
2023-05-25 11:00:00,8.285000000000007,111140.99151666666,13309.554333333355
2023-05-25 12:00:00,0.0,150624.51069999993,0.0
2023-05-25 13:00:00,0.0,149637.84023333323,8679.348999999998
2023-05-25 14:00:00,0.0,142718.5789499999,11221.284666666674
2023-05-25 15:00:00,0.0,121835.1724833333,9610.774000000001
2023-05-25 16:00:00,0.0,95031.91333333333,36872.08900000003
2023-05-25 17:00:00,0.0,54831.10880000009,22459.544666666698
2023-05-25 18:00:00,1418.8140000000028,62897.08875000008,577.1640000000019
2023-05-25 19:00:00,1403.8160000000014,47733.97000000004,9832.908333333364
2023-05-25 20:00:00,0.0,43921.979200000045,10279.509666666698
2023-05-25 21:00:00,0.0,33068.36566666671,0.0
2023-05-25 22:00:00,0.0,14085.08711666668,0.0
2023-05-25 23:00:00,0.0,5073.229400000001,0.0
2023-05-26 00:00:00,0.0,1950.1177333333324,0.0
2023-05-26 01:00:00,0.0,6460.094933333338,0.0
2023-05-26 02:00:00,0.0,8580.080800000007,0.0
2023-05-26 03:00:00,0.0,10017.572033333341,0.0
2023-05-26 04:00:00,0.0,12912.152333333337,0.0
2023-05-26 05:00:00,0.0,18037.58918333335,426.5040000000011
2023-05-26 06:00:00,1561.2950000000023,30634.45810000006,9757.903666666694
2023-05-26 07:00:00,1733.7720000000024,31422.16106666671,34872.47366666673
2023-05-26 08:00:00,0.0,46678.705400000006,36104.225000000035
2023-05-26 09:00:00,0.0,60752.124366666656,16793.650166666695
2023-05-26 10:00:00,8.272000000000006,77846.88361666664,16983.14516666671
2023-05-26 11:00:00,8.269000000000005,99134.82178333329,13658.113666666693
2023-05-26 12:00:00,0.0,129881.82706666659,0.0
2023-05-26 13:00:00,0.0,141702.31261666663,7935.6486666666715
2023-05-26 14:00:00,0.0,142674.91593333325,8901.368000000006
2023-05-26 15:00:00,0.0,148009.93934999994,8178.418000000001
2023-05-26 16:00:00,0.0,92759.77246666668,24468.41800000003
2023-05-26 17:00:00,0.0,59191.87323333343,23661.351333333365
2023-05-26 18:00:00,1351.323000000003,61656.786966666754,623.6640000000012
2023-05-26 19:00:00,1448.8100000000027,49619.492650000044,10509.724333333359
2023-05-26 20:00:00,0.0,45993.158550000044,10437.748000000025
2023-05-26 21:00:00,0.0,33553.025333333375,0.0
2023-05-26 22:00:00,0.0,14788.876333333348,0.0
2023-05-26 23:00:00,0.0,6007.810616666671,0.0
2023-05-27 00:00:00,0.0,1422.6211999999985,0.0
2023-05-27 01:00:00,0.0,5025.104500000006,0.0
2023-05-27 02:00:00,0.0,7710.086600000009,0.0
2023-05-27 03:00:00,0.0,9310.076400000007,0.0
2023-05-27 04:00:00,0.0,10717.259200000006,0.0
2023-05-27 05:00:00,0.0,16500.11485000002,508.22000000000094
2023-05-27 06:00:00,1396.317000000003,29458.370483333398,10619.223666666689
2023-05-27 07:00:00,1478.806000000003,32990.336033333384,45097.364666666734
2023-05-27 08:00:00,0.0,40119.36411666667,34092.231333333366
2023-05-27 09:00:00,0.0,64630.70839999998,14961.552000000025
2023-05-27 10:00:00,8.267000000000007,71253.64695,16518.594166666706
2023-05-27 11:00:00,8.274000000000006,112994.08766666662,13861.665166666691
2023-05-27 12:00:00,0.0,141418.67008333327,0.0
2023-05-27 13:00:00,0.0,144528.3968166666,6172.483333333335
2023-05-27 14:00:00,0.0,141657.51686666658,10831.544333333344
2023-05-27 15:00:00,0.0,136333.6003833333,10885.810666666672
2023-05-27 16:00:00,0.0,91438.01413333333,31570.420000000027
2023-05-27 17:00:00,0.0,61975.74510000009,22048.535000000033
2023-05-27 18:00:00,1643.7840000000028,62166.23638333342,618.3320000000007
2023-05-27 19:00:00,1576.2930000000028,48778.86760000004,10159.033000000025
2023-05-27 20:00:00,0.0,45631.194250000044,10546.016333333358
2023-05-27 21:00:00,0.0,34846.80225000004,0.0
2023-05-27 22:00:00,0.0,14838.634466666683,0.0
2023-05-27 23:00:00,0.0,6141.562550000003,0.0
2023-05-28 00:00:00,0.0,0.0,0.0
2023-05-28 01:00:00,0.0,0.0,0.0
2023-05-28 02:00:00,0.0,0.0,0.0
2023-05-28 03:00:00,0.0,0.0,0.0
2023-05-28 04:00:00,0.0,254.14079999999979,0.0
2023-05-28 05:00:00,0.0,6184.499633333343,451.18000000000075
2023-05-28 06:00:00,1621.2870000000019,18921.436300000052,10083.771000000028
2023-05-28 07:00:00,1448.8100000000031,14070.10560000004,28646.030000000053
2023-05-28 08:00:00,0.0,1549.284866666665,28257.526666666694
2023-05-28 09:00:00,0.0,683.1030833333307,15394.475500000028
2023-05-28 10:00:00,8.279000000000005,680.6832833333306,17837.170166666703
2023-05-28 11:00:00,8.262000000000006,598.0238999999972,13772.779500000022
2023-05-28 12:00:00,0.0,571.02243333333,0.0
2023-05-28 13:00:00,0.0,584.3541999999961,6511.274666666665
2023-05-28 14:00:00,0.0,675.2726333333295,10783.827666666672
2023-05-28 15:00:00,0.0,691.6054333333293,10283.397666666675
2023-05-28 16:00:00,0.0,3690.7967333333318,32315.047666666695
2023-05-28 17:00:00,0.0,31593.975233333415,39756.77066666671
2023-05-28 18:00:00,1433.8120000000029,45882.37801666675,615.6040000000011
2023-05-28 19:00:00,1591.2910000000018,34539.65383333336,10410.541333333356
2023-05-28 20:00:00,0.0,31292.593266666703,10254.524666666699
2023-05-28 21:00:00,0.0,21566.456716666704,0.0
2023-05-28 22:00:00,0.0,5263.405850000008,0.0
2023-05-28 23:00:00,0.0,415.88983333333283,0.0
2023-05-29 00:00:00,0.0,2872.6118333333334,0.0
2023-05-29 01:00:00,0.0,6932.59178333334,0.0
2023-05-29 02:00:00,0.0,9590.074066666672,0.0
2023-05-29 03:00:00,0.0,11700.060750000008,0.0
2023-05-29 04:00:00,0.0,12889.145966666674,0.0
2023-05-29 05:00:00,0.0,17609.92488333335,466.8040000000007
2023-05-29 06:00:00,1613.7880000000016,31242.60001666673,10325.418666666694
2023-05-29 07:00:00,1561.2950000000026,30703.927766666715,35246.46133333339
2023-05-29 08:00:00,0.0,40910.066200000016,28236.996000000036
2023-05-29 09:00:00,0.0,68295.4820333333,14596.221000000023
2023-05-29 10:00:00,8.262000000000006,72995.62519999998,18279.349500000037
2023-05-29 11:00:00,8.279000000000007,91732.0152,13874.910500000029
2023-05-29 12:00:00,0.0,135711.85128333326,0.0
2023-05-29 13:00:00,0.0,152790.6593666666,6883.443333333341
2023-05-29 14:00:00,0.0,149370.08509999994,8693.878000000002
2023-05-29 15:00:00,0.0,138518.43178333328,11475.905333333347
2023-05-29 16:00:00,0.0,98757.56833333333,32997.52300000003
2023-05-29 17:00:00,0.0,62526.56213333342,30993.562333333364
2023-05-29 18:00:00,1433.8120000000017,60245.21725000009,597.1280000000015
2023-05-29 19:00:00,1486.3050000000026,48499.02045000004,10437.534333333364
2023-05-29 20:00:00,0.0,43653.13215000004,9801.463333333368
2023-05-29 21:00:00,0.0,32885.62778333337,0.0
2023-05-29 22:00:00,0.0,14560.80628333335,0.0
2023-05-29 23:00:00,0.0,4210.577616666667,0.0
2023-05-30 00:00:00,0.0,2235.1154166666674,0.0
2023-05-30 01:00:00,0.0,5637.6004166666735,0.0
2023-05-30 02:00:00,0.0,8385.082100000005,0.0
2023-05-30 03:00:00,0.0,9655.07423333334,0.0
2023-05-30 04:00:00,0.0,11754.597666666672,0.0
2023-05-30 05:00:00,0.0,18503.464600000014,455.27200000000147
2023-05-30 06:00:00,1493.8040000000012,34068.25763333339,10689.818333333355
2023-05-30 07:00:00,1568.7940000000044,33019.866566666715,33093.61200000005
2023-05-30 08:00:00,0.0,50002.17896666667,29833.667333333367
2023-05-30 09:00:00,0.0,60795.968400000005,15667.929000000024
2023-05-30 10:00:00,8.261000000000006,79105.46996666666,16873.60433333337
2023-05-30 11:00:00,8.280000000000006,109184.41264999997,13832.21400000003
2023-05-30 12:00:00,0.0,135869.50389999992,0.0
2023-05-30 13:00:00,0.0,140974.5666666666,4691.4596666666675
2023-05-30 14:00:00,0.0,146927.73808333327,9894.090333333337
2023-05-30 15:00:00,0.0,143258.8457166666,9888.268000000007
2023-05-30 16:00:00,0.0,97545.26396666665,38916.642666666696
2023-05-30 17:00:00,0.0,63414.49031666675,30288.389000000036
2023-05-30 18:00:00,1576.2930000000017,59924.37656666675,518.5120000000007
2023-05-30 19:00:00,1456.309000000003,47670.349183333376,9895.285666666696
2023-05-30 20:00:00,0.0,43891.004366666704,9988.018000000033
2023-05-30 21:00:00,0.0,32678.28235000005,0.0
2023-05-30 22:00:00,0.0,13147.36413333335,0.0
2023-05-30 23:00:00,0.0,3915.653916666669,0.0
2023-05-31 00:00:00,0.0,1772.617683333333,0.0
2023-05-31 01:00:00,0.0,6327.5958166666705,0.0
2023-05-31 02:00:00,0.0,7517.587883333339,0.0
2023-05-31 03:00:00,0.0,9125.578266666673,0.0
2023-05-31 04:00:00,0.0,11050.522616666674,0.0
2023-05-31 05:00:00,0.0,17322.70460000002,434.4400000000011
2023-05-31 06:00:00,1478.806000000001,32076.770366666726,9541.794666666696
2023-05-31 07:00:00,1493.8040000000033,29471.448750000047,40928.88500000005
2023-05-31 08:00:00,0.0,39514.13353333335,22518.323666666704
2023-05-31 09:00:00,0.0,80624.88353333331,13351.629000000024
2023-05-31 10:00:00,8.270000000000007,99433.8754333333,14195.595166666697
2023-05-31 11:00:00,8.271000000000006,111432.15213333328,13110.746833333353
2023-05-31 12:00:00,0.0,137791.7540666666,0.0
2023-05-31 13:00:00,0.0,129950.64771666662,7717.326333333333
2023-05-31 14:00:00,0.0,135697.8309833333,8398.917000000001
2023-05-31 15:00:00,0.0,129963.52141666661,12084.38133333334
2023-05-31 16:00:00,0.0,95218.2679,36717.50266666671
2023-05-31 17:00:00,0.0,59846.85945000008,28864.89400000003
2023-05-31 18:00:00,1606.2890000000016,62853.413583333415,581.7520000000014
2023-05-31 19:00:00,1516.3010000000017,47935.80561666671,10026.014666666695
2023-05-31 20:00:00,0.0,43632.47626666671,10895.806333333356
2023-05-31 21:00:00,0.0,33250.864150000045,0.0
2023-05-31 22:00:00,0.0,14552.56348333335,0.0
2023-05-31 23:00:00,0.0,4869.656183333335,0.0
2023-06-01 00:00:00,0.0,2295.1123666666663,0.0
2023-06-01 01:00:00,0.0,6510.094600000003,0.0
2023-06-01 02:00:00,0.0,8297.582683333338,0.0
2023-06-01 03:00:00,0.0,9725.074033333342,0.0
2023-06-01 04:00:00,0.0,11837.035316666674,0.0
2023-06-01 05:00:00,0.0,16956.624500000013,461.10000000000105
2023-06-01 06:00:00,1598.7900000000022,31333.981833333393,9757.424333333363
2023-06-01 07:00:00,1546.2970000000007,33422.676550000055,35175.863333333386
2023-06-01 08:00:00,0.0,32656.24068333334,30177.73133333337
2023-06-01 09:00:00,0.0,64618.599583333336,13700.005000000023
2023-06-01 10:00:00,8.263000000000005,73965.44501666664,17765.227166666707
2023-06-01 11:00:00,8.278000000000006,104490.99306666663,13624.933833333358
2023-06-01 12:00:00,0.0,139792.8450833332,0.0
2023-06-01 13:00:00,0.0,155758.14989999996,5946.6630000000005
2023-06-01 14:00:00,0.0,143439.66789999997,10716.328666666674
2023-06-01 15:00:00,0.0,130020.68581666662,9297.12033333334
2023-06-01 16:00:00,0.0,89326.11431666666,32577.49733333337
2023-06-01 17:00:00,0.0,62548.35371666676,29054.84100000003
2023-06-01 18:00:00,1328.8260000000016,60048.93311666675,608.2880000000017
2023-06-01 19:00:00,1621.287000000001,48122.71503333337,10575.325666666693
2023-06-01 20:00:00,0.0,45034.23665000004,10834.17666666669
2023-06-01 21:00:00,0.0,33453.64466666671,0.0
2023-06-01 22:00:00,0.0,14525.586133333352,0.0
2023-06-01 23:00:00,0.0,4789.319233333335,0.0
2023-06-02 00:00:00,0.0,2322.6141666666654,0.0
2023-06-02 01:00:00,0.0,5382.602116666668,0.0
2023-06-02 02:00:00,0.0,6825.092500000006,0.0
2023-06-02 03:00:00,0.0,9110.077900000008,0.0
2023-06-02 04:00:00,0.0,11723.246566666672,0.0
2023-06-02 05:00:00,0.0,18007.78918333335,439.52400000000057
2023-06-02 06:00:00,1561.2950000000037,32382.877666666725,10177.346333333366
2023-06-02 07:00:00,1493.8040000000026,36323.15723333338,42405.958333333394
2023-06-02 08:00:00,0.0,50275.92731666667,24731.505000000034
2023-06-02 09:00:00,0.0,71022.46416666666,13551.180333333357
2023-06-02 10:00:00,8.266000000000007,80075.21818333333,17789.65416666671
2023-06-02 11:00:00,8.275000000000006,109194.06824999997,14274.938666666696
2023-06-02 12:00:00,0.0,140322.74028333323,0.0
2023-06-02 13:00:00,0.0,146036.80361666658,8580.873000000005
2023-06-02 14:00:00,0.0,139186.49108333327,9711.271
2023-06-02 15:00:00,0.0,127764.5101333333,7724.4789999999975
2023-06-02 16:00:00,0.0,90035.41138333331,28597.422666666702
2023-06-02 17:00:00,0.0,57098.59678333342,33147.75566666671
2023-06-02 18:00:00,1643.7840000000035,59478.377450000095,560.9200000000013
2023-06-02 19:00:00,1396.317000000002,46971.10885000003,10093.187333333359
2023-06-02 20:00:00,0.0,43264.56230000004,10710.917333333357
2023-06-02 21:00:00,0.0,33051.41566666671,0.0
2023-06-02 22:00:00,0.0,15605.566700000014,0.0
2023-06-02 23:00:00,0.0,5416.061716666669,0.0
2023-06-03 00:00:00,0.0,2042.6152333333328,0.0
2023-06-03 01:00:00,0.0,5090.104066666673,0.0
2023-06-03 02:00:00,0.0,7595.087366666674,0.0
2023-06-03 03:00:00,0.0,8472.583083333342,0.0
2023-06-03 04:00:00,0.0,10464.676083333341,0.0
2023-06-03 05:00:00,0.0,17001.390600000017,470.27600000000047
2023-06-03 06:00:00,1651.2830000000026,32601.564533333396,10192.015333333362
2023-06-03 07:00:00,1463.8080000000023,33230.45136666672,25706.703000000067
2023-06-03 08:00:00,0.0,43549.16491666668,39668.913666666704
2023-06-03 09:00:00,0.0,49905.15326666668,15918.711333333364
2023-06-03 10:00:00,8.266000000000005,59426.041450000004,16768.629333333367
2023-06-03 11:00:00,8.275000000000006,97412.24188333332,13090.607000000022
2023-06-03 12:00:00,0.0,145926.48826666657,0.0
2023-06-03 13:00:00,0.0,154081.07324999993,5573.888666666666
2023-06-03 14:00:00,0.0,154348.1710666666,10130.898666666671
2023-06-03 15:00:00,0.0,142401.68308333328,9617.943666666666
2023-06-03 16:00:00,0.0,102618.03036666666,32700.18600000003
2023-06-03 17:00:00,0.0,63051.61703333342,29521.678333333366
2023-06-03 18:00:00,1456.3090000000018,58069.90705000008,590.6800000000006
2023-06-03 19:00:00,1523.8000000000031,48142.190333333376,9867.565333333365
2023-06-03 20:00:00,0.0,43302.17613333338,10512.703000000025
2023-06-03 21:00:00,0.0,32703.58173333338,0.0
2023-06-03 22:00:00,0.0,13859.05018333335,0.0
2023-06-03 23:00:00,0.0,4669.565566666668,0.0
2023-06-04 00:00:00,0.0,0.0,0.0
2023-06-04 01:00:00,0.0,0.0,0.0
2023-06-04 02:00:00,0.0,0.0,0.0
2023-06-04 03:00:00,0.0,0.0,0.0
2023-06-04 04:00:00,0.0,230.29978333333312,0.0
2023-06-04 05:00:00,0.0,4872.847750000009,468.78800000000075
2023-06-04 06:00:00,1591.2910000000018,19961.091366666722,9680.250333333364
2023-06-04 07:00:00,1711.2750000000026,14970.316550000043,25563.966333333392
2023-06-04 08:00:00,0.0,2123.317766666665,44601.5106666667
2023-06-04 09:00:00,0.0,547.1825666666635,14521.339833333357
2023-06-04 10:00:00,8.269000000000007,538.3609999999973,16226.405666666702
2023-06-04 11:00:00,8.272000000000006,620.1019999999969,12409.40966666669
2023-06-04 12:00:00,0.0,616.8570999999968,0.0
2023-06-04 13:00:00,0.0,592.6134666666635,8987.041666666672
2023-06-04 14:00:00,0.0,612.524516666663,9573.318000000007
2023-06-04 15:00:00,0.0,683.1046333333292,9963.231000000003
2023-06-04 16:00:00,0.0,3507.005616666665,30761.712000000032
2023-06-04 17:00:00,0.0,31201.12245000008,30697.338666666696
2023-06-04 18:00:00,1426.3130000000017,44924.31686666675,588.5720000000011
2023-06-04 19:00:00,1366.3210000000022,34582.98905000003,10295.510333333357
2023-06-04 20:00:00,0.0,31713.183816666697,10532.691000000028
2023-06-04 21:00:00,0.0,21984.09243333337,0.0
2023-06-04 22:00:00,0.0,5278.400600000007,0.0
2023-06-04 23:00:00,0.0,372.0456166666663,0.0
2023-06-05 00:00:00,0.0,1967.6173166666651,0.0
2023-06-05 01:00:00,0.0,6250.09633333334,0.0
2023-06-05 02:00:00,0.0,8240.083066666673,0.0
2023-06-05 03:00:00,0.0,10354.570066666673,0.0
2023-06-05 04:00:00,0.0,12026.15781666667,0.0
2023-06-05 05:00:00,0.0,18924.751116666685,489.37200000000087
2023-06-05 06:00:00,1493.8040000000026,33609.18696666672,9891.379333333363
2023-06-05 07:00:00,1568.794000000003,31385.33256666671,32918.05333333338
2023-06-05 08:00:00,0.0,41954.972966666675,26167.38633333336
2023-06-05 09:00:00,0.0,66143.00586666664,16059.797666666695
2023-06-05 10:00:00,8.268000000000006,79378.87774999997,16403.274000000034
2023-06-05 11:00:00,8.273000000000005,97521.4791,13071.979000000028
2023-06-05 12:00:00,0.0,124196.6564333333,0.0
2023-06-05 13:00:00,0.0,140037.1732999999,8485.196333333337
2023-06-05 14:00:00,0.0,144887.50768333324,9262.497666666672
2023-06-05 15:00:00,0.0,154406.70058333327,8594.227333333336
2023-06-05 16:00:00,0.0,99388.99366666666,32485.41033333337
2023-06-05 17:00:00,0.0,56038.725350000095,39241.8696666667
2023-06-05 18:00:00,1538.7980000000025,60217.123700000084,567.2440000000022
2023-06-05 19:00:00,1493.8040000000028,46287.66673333337,10402.133333333362
2023-06-05 20:00:00,0.0,43082.14990000003,10602.649000000027
2023-06-05 21:00:00,0.0,33590.02833333338,0.0
2023-06-05 22:00:00,0.0,14354.546750000012,0.0
2023-06-05 23:00:00,0.0,4313.407650000001,0.0
2023-06-06 00:00:00,0.0,2187.616733333332,0.0
2023-06-06 01:00:00,0.0,6467.594883333338,0.0
2023-06-06 02:00:00,0.0,9162.576916666674,0.0
2023-06-06 03:00:00,0.0,9222.077083333339,0.0
2023-06-06 04:00:00,0.0,10430.158166666672,0.0
2023-06-06 05:00:00,0.0,16466.623716666683,428.11600000000055
2023-06-06 06:00:00,1448.8100000000024,31361.786400000063,9555.427333333357
2023-06-06 07:00:00,1538.7980000000016,31300.874433333385,37638.344000000056
2023-06-06 08:00:00,0.0,32746.885450000012,41740.311333333375
2023-06-06 09:00:00,0.0,58294.623499999994,14143.475166666687
2023-06-06 10:00:00,8.272000000000006,66092.38241666666,16080.898166666702
2023-06-06 11:00:00,8.269000000000005,103141.66596666664,14415.121000000021
2023-06-06 12:00:00,0.0,134288.4197666666,0.0
2023-06-06 13:00:00,0.0,170176.8045166666,8103.766333333339
2023-06-06 14:00:00,0.0,163442.06413333328,10532.36866666667
2023-06-06 15:00:00,0.0,139297.01329999993,8827.528666666673
2023-06-06 16:00:00,0.0,87152.81798333334,18055.108000000026
2023-06-06 17:00:00,0.0,56052.33200000009,24633.171666666698
2023-06-06 18:00:00,1546.2970000000034,59637.82770000008,609.1560000000009
2023-06-06 19:00:00,1561.2950000000017,48528.38480000003,11186.65866666669
2023-06-06 20:00:00,0.0,44426.748866666705,10744.230666666697
2023-06-06 21:00:00,0.0,33320.87951666671,0.0
2023-06-06 22:00:00,0.0,15660.97798333335,0.0
2023-06-06 23:00:00,0.0,5231.143833333335,0.0
2023-06-07 00:00:00,0.0,2075.1139833333336,0.0
2023-06-07 01:00:00,0.0,5412.601916666671,0.0
2023-06-07 02:00:00,0.0,8172.583516666672,0.0
2023-06-07 03:00:00,0.0,9975.072416666673,0.0
2023-06-07 04:00:00,0.0,9982.330066666673,0.0
2023-06-07 05:00:00,0.0,17528.822000000015,449.44400000000087
2023-06-07 06:00:00,1591.291000000003,30851.79073333339,10968.310333333358
2023-06-07 07:00:00,1388.8180000000027,30802.577266666707,36789.14366666672
2023-06-07 08:00:00,0.0,40420.82525,30946.353000000036
2023-06-07 09:00:00,0.0,68972.91625,15504.337000000023
2023-06-07 10:00:00,8.257000000000005,81725.29259999997,14602.480166666697
2023-06-07 11:00:00,8.284000000000006,105679.31878333332,13005.918333333359
2023-06-07 12:00:00,0.0,145263.75619999995,0.0
2023-06-07 13:00:00,0.0,150663.1537166666,6831.356333333332
2023-06-07 14:00:00,0.0,138629.84354999993,9621.10533333334
2023-06-07 15:00:00,0.0,134952.70269999994,8824.021666666666
2023-06-07 16:00:00,0.0,92022.76961666666,40852.29500000004
2023-06-07 17:00:00,0.0,57472.03461666676,19281.577333333367
2023-06-07 18:00:00,1433.812000000004,60700.48228333341,613.6200000000009
2023-06-07 19:00:00,1681.2790000000018,48982.8759166667,9603.040666666697
2023-06-07 20:00:00,0.0,46073.69013333337,10982.421000000024
2023-06-07 21:00:00,0.0,34020.06596666671,0.0
2023-06-07 22:00:00,0.0,14429.00458333335,0.0
2023-06-07 23:00:00,0.0,4223.821116666667,0.0
2023-06-08 00:00:00,0.0,3007.6092166666667,0.0
2023-06-08 01:00:00,0.0,7635.087100000005,0.0
2023-06-08 02:00:00,0.0,9917.57188333334,0.0
2023-06-08 03:00:00,0.0,10320.07018333334,0.0
2023-06-08 04:00:00,0.0,11146.789450000007,0.0
2023-06-08 05:00:00,0.0,16939.769800000016,445.9720000000009
2023-06-08 06:00:00,1501.303,29863.58188333339,10459.543666666692
2023-06-08 07:00:00,1583.7920000000022,32319.75468333338,39273.17400000006
2023-06-08 08:00:00,0.0,38832.887166666675,42542.4806666667
2023-06-08 09:00:00,0.0,67893.58988333332,15606.140166666693
2023-06-08 10:00:00,8.273000000000007,91372.20874999998,13286.479000000028
2023-06-08 11:00:00,8.268000000000006,115832.81539999995,13231.962500000025
2023-06-08 12:00:00,0.0,139454.00559999995,0.0
2023-06-08 13:00:00,0.0,142462.58684999996,10073.074333333338
2023-06-08 14:00:00,0.0,133083.9993666666,9047.71633333334
2023-06-08 15:00:00,0.0,120542.59814999996,10392.188000000007
2023-06-08 16:00:00,0.0,88857.09596666666,30796.530000000035
2023-06-08 17:00:00,0.0,62544.85046666675,21465.936333333364
2023-06-08 18:00:00,1456.3090000000027,61814.89260000008,605.9320000000012
2023-06-08 19:00:00,1553.7960000000014,47956.19938333337,10613.64333333336
2023-06-08 20:00:00,0.0,43867.920866666704,10059.64166666669
2023-06-08 21:00:00,0.0,34022.427333333384,0.0
2023-06-08 22:00:00,0.0,13331.354550000015,0.0
2023-06-08 23:00:00,0.0,4040.7438833333345,0.0
2023-06-09 00:00:00,0.0,2460.1146666666664,0.0
2023-06-09 01:00:00,0.0,6690.093400000004,0.0
2023-06-09 02:00:00,0.0,9217.576550000005,0.0
2023-06-09 03:00:00,0.0,10406.56948333334,0.0
2023-06-09 04:00:00,0.0,11290.871216666672,0.0
2023-06-09 05:00:00,0.0,17671.119000000017,411.87200000000104
2023-06-09 06:00:00,1493.8040000000035,31125.12595000006,10293.040000000026
2023-06-09 07:00:00,1651.2830000000024,32163.870150000046,31015.117333333375
2023-06-09 08:00:00,0.0,41507.02095000001,42048.44600000004
2023-06-09 09:00:00,0.0,53397.78758333334,15023.390500000029
2023-06-09 10:00:00,8.274000000000006,61432.63825,16660.61683333337
2023-06-09 11:00:00,8.267000000000007,99908.98906666666,11134.09550000002
2023-06-09 12:00:00,0.0,145034.06959999993,0.0
2023-06-09 13:00:00,0.0,164627.79693333327,8483.57166666667
2023-06-09 14:00:00,0.0,152393.40428333325,6972.227666666666
2023-06-09 15:00:00,0.0,137791.76958333325,7804.641666666669
2023-06-09 16:00:00,0.0,85427.40841666666,32975.867000000035
2023-06-09 17:00:00,0.0,56788.33391666676,21401.1476666667
2023-06-09 18:00:00,1246.3370000000027,60975.65365000008,547.2800000000015
2023-06-09 19:00:00,1703.776000000002,48060.43015000004,9610.9176666667
2023-06-09 20:00:00,0.0,44258.18733333337,9455.004666666702
2023-06-09 21:00:00,0.0,32653.588050000046,0.0
2023-06-09 22:00:00,0.0,14205.211800000017,0.0
2023-06-09 23:00:00,0.0,4707.560916666668,0.0
2023-06-10 00:00:00,0.0,2910.1112166666667,0.0
2023-06-10 01:00:00,0.0,6357.595616666673,0.0
2023-06-10 02:00:00,0.0,8485.081433333338,0.0
2023-06-10 03:00:00,0.0,10632.067650000005,0.0
2023-06-10 04:00:00,0.0,11822.316833333341,0.0
2023-06-10 05:00:00,0.0,19075.19908333335,430.5960000000009
2023-06-10 06:00:00,1523.8000000000034,28598.539800000053,9681.429333333359
2023-06-10 07:00:00,1471.307000000002,33271.83100000006,49836.35433333339
2023-06-10 08:00:00,0.0,45423.120800000004,30141.5176666667
2023-06-10 09:00:00,0.0,68323.20509999998,15856.39150000003
2023-06-10 10:00:00,8.269000000000007,69713.97021666665,14857.34033333337
2023-06-10 11:00:00,8.272000000000006,96110.74856666665,14664.81466666669
2023-06-10 12:00:00,0.0,134992.7567166666,0.0
2023-06-10 13:00:00,0.0,138669.25958333327,8351.424000000005
2023-06-10 14:00:00,0.0,152282.4105499999,9971.074333333338
2023-06-10 15:00:00,0.0,136187.35666666663,8359.233333333337
2023-06-10 16:00:00,0.0,99524.9153,19776.60966666671
2023-06-10 17:00:00,0.0,58971.030500000095,30792.50733333337
2023-06-10 18:00:00,1523.8000000000006,61992.04146666676,597.6240000000017
2023-06-10 19:00:00,1576.293000000001,49717.73905000004,10283.13633333336
2023-06-10 20:00:00,0.0,44822.23750000004,10890.809333333362
2023-06-10 21:00:00,0.0,33761.13176666671,0.0
2023-06-10 22:00:00,0.0,13769.681200000015,0.0
2023-06-10 23:00:00,0.0,3192.658116666667,0.0
2023-06-11 00:00:00,0.0,0.0,0.0
2023-06-11 01:00:00,0.0,0.0,0.0
2023-06-11 02:00:00,0.0,0.0,0.0
2023-06-11 03:00:00,0.0,0.0,0.0
2023-06-11 04:00:00,0.0,285.6243499999997,0.0
2023-06-11 05:00:00,0.0,4860.329900000009,364.8759999999999
2023-06-11 06:00:00,1321.3270000000025,19319.18716666672,10222.13433333336
2023-06-11 07:00:00,1546.2970000000032,15207.274333333373,37735.83666666673
2023-06-11 08:00:00,0.0,2088.7242166666642,29638.918666666697
2023-06-11 09:00:00,0.0,572.3987333333299,17244.298000000028
2023-06-11 10:00:00,8.272000000000006,628.685649999996,16146.429833333372
2023-06-11 11:00:00,8.269000000000005,610.5198666666632,14423.648333333358
2023-06-11 12:00:00,0.0,581.7697833333301,0.0
2023-06-11 13:00:00,0.0,589.3543999999962,7296.713666666671
2023-06-11 14:00:00,0.0,599.6066999999967,7154.684666666669
2023-06-11 15:00:00,0.0,668.1063833333299,8442.574666666666
2023-06-11 16:00:00,0.0,2650.501033333329,33815.2246666667
2023-06-11 17:00:00,0.0,31182.89520000008,26768.475000000035
2023-06-11 18:00:00,1613.7880000000034,44867.14380000008,585.3480000000018
2023-06-11 19:00:00,1613.7880000000023,34590.32833333337,10520.599333333359
2023-06-11 20:00:00,0.0,33166.95478333336,10624.302666666697
2023-06-11 21:00:00,0.0,22472.549550000036,0.0
2023-06-11 22:00:00,0.0,5304.968416666674,0.0
2023-06-11 23:00:00,0.0,393.72534999999954,0.0
2023-06-12 00:00:00,0.0,2412.6124333333323,0.0
2023-06-12 01:00:00,0.0,7125.090500000004,0.0
2023-06-12 02:00:00,0.0,9615.073900000007,0.0
2023-06-12 03:00:00,0.0,9952.572733333342,0.0
2023-06-12 04:00:00,0.0,11932.448083333336,0.0
2023-06-12 05:00:00,0.0,17910.088316666683,435.55600000000044
2023-06-12 06:00:00,1598.7900000000006,29564.66088333339,10143.344666666697
2023-06-12 07:00:00,1508.8020000000024,34576.274783333385,31178.741333333382
2023-06-12 08:00:00,0.0,37330.43733333334,25871.305333333366
2023-06-12 09:00:00,0.0,57506.18588333334,17122.374166666697
2023-06-12 10:00:00,8.269000000000005,76058.73228333332,16007.01833333337
2023-06-12 11:00:00,8.272000000000006,110875.4293333333,13514.439000000026
2023-06-12 12:00:00,0.0,139604.26608333326,0.0
2023-06-12 13:00:00,0.0,150358.40253333325,7356.6976666666715
2023-06-12 14:00:00,0.0,143819.00663333328,10829.31666666667
2023-06-12 15:00:00,0.0,127158.45753333328,8703.363000000005
2023-06-12 16:00:00,0.0,92749.90823333334,35486.113333333364
2023-06-12 17:00:00,0.0,59147.51025000009,27701.175666666706
2023-06-12 18:00:00,1516.3010000000006,61638.081066666746,623.9120000000004
2023-06-12 19:00:00,1471.307000000002,48391.80618333336,9856.810666666694
2023-06-12 20:00:00,0.0,45632.26228333337,10907.466000000031
2023-06-12 21:00:00,0.0,34034.392166666716,0.0
2023-06-12 22:00:00,0.0,15286.211733333352,0.0
2023-06-12 23:00:00,0.0,4208.156133333336,0.0
2023-06-13 00:00:00,0.0,2187.6151499999987,0.0
2023-06-13 01:00:00,0.0,7360.088933333338,0.0
2023-06-13 02:00:00,0.0,9520.07453333334,0.0
2023-06-13 03:00:00,0.0,11085.065550000007,0.0
2023-06-13 04:00:00,0.0,11985.753633333341,0.0
2023-06-13 05:00:00,0.0,17911.412700000015,469.0360000000003
2023-06-13 06:00:00,1606.289000000003,27333.370383333386,10873.158333333356
2023-06-13 07:00:00,1471.307000000001,31983.062600000052,33728.303333333395
2023-06-13 08:00:00,0.0,32794.94441666668,36365.27600000003
2023-06-13 09:00:00,0.0,61484.84848333333,12797.335000000025
2023-06-13 10:00:00,8.260000000000005,74074.21411666664,16095.914000000033
2023-06-13 11:00:00,8.281000000000006,92433.31880000001,15406.977500000023
2023-06-13 12:00:00,0.0,152082.49531666658,0.0
2023-06-13 13:00:00,0.0,153138.72438333323,9008.862000000005
2023-06-13 14:00:00,0.0,145861.49394999992,10174.573333333341
2023-06-13 15:00:00,0.0,132896.36644999994,9074.996666666673
2023-06-13 16:00:00,0.0,93970.72286666665,19110.91600000003
2023-06-13 17:00:00,0.0,59933.70251666675,33027.985666666704
2023-06-13 18:00:00,1598.7900000000016,61511.84303333342,550.3800000000019
2023-06-13 19:00:00,1418.8140000000021,49733.82808333337,9950.98000000003
2023-06-13 20:00:00,0.0,44518.82236666671,9904.734666666696
2023-06-13 21:00:00,0.0,33845.49856666671,0.0
2023-06-13 22:00:00,0.0,14520.943216666681,0.0
2023-06-13 23:00:00,0.0,3685.9038833333348,0.0
2023-06-14 00:00:00,0.0,2215.114533333334,0.0
2023-06-14 01:00:00,0.0,6475.094833333339,0.0
2023-06-14 02:00:00,0.0,8050.08433333334,0.0
2023-06-14 03:00:00,0.0,9407.575800000004,0.0
2023-06-14 04:00:00,0.0,10992.495150000006,0.0
2023-06-14 05:00:00,0.0,17685.420283333347,450.0640000000003
2023-06-14 06:00:00,1546.2970000000025,29617.028866666722,10260.189333333361
2023-06-14 07:00:00,1546.2970000000034,37245.71475000005,28005.91333333338
2023-06-14 08:00:00,0.0,45957.691616666685,32110.638666666702
2023-06-14 09:00:00,0.0,70801.93494999998,15516.13333333336
2023-06-14 10:00:00,8.266000000000005,73546.2956333333,14361.699333333361
2023-06-14 11:00:00,8.275000000000006,98021.15571666665,13042.25216666669
2023-06-14 12:00:00,0.0,137910.2502833333,0.0
2023-06-14 13:00:00,0.0,147457.90524999992,8575.74133333334
2023-06-14 14:00:00,0.0,140715.91408333325,10552.824666666671
2023-06-14 15:00:00,0.0,129011.02279999995,12308.732666666676
2023-06-14 16:00:00,0.0,92905.13995000001,34490.96100000004
2023-06-14 17:00:00,0.0,60065.949400000085,35102.3066666667
2023-06-14 18:00:00,1583.7920000000024,60941.21281666676,630.1120000000006
2023-06-14 19:00:00,1418.8140000000033,48705.37593333337,9754.07600000003
2023-06-14 20:00:00,0.0,44730.15230000004,10477.724000000027
2023-06-14 21:00:00,0.0,34740.674166666715,0.0
2023-06-14 22:00:00,0.0,14612.208583333348,0.0
2023-06-14 23:00:00,0.0,4316.660183333334,0.0
2023-06-15 00:00:00,0.0,2097.616433333334,0.0
2023-06-15 01:00:00,0.0,5665.100233333341,0.0
2023-06-15 02:00:00,0.0,8657.58028333334,0.0
2023-06-15 03:00:00,0.0,10145.070900000006,0.0
2023-06-15 04:00:00,0.0,11474.28521666667,0.0
2023-06-15 05:00:00,0.0,16742.47006666668,451.80000000000075
2023-06-15 06:00:00,1486.3050000000023,32507.399050000055,9931.04066666669
2023-06-15 07:00:00,1546.2970000000014,35012.481583333385,34422.58000000007
2023-06-15 08:00:00,0.0,39353.015150000014,27708.8866666667
2023-06-15 09:00:00,0.0,63152.67876666664,14854.053333333357
2023-06-15 10:00:00,8.274000000000006,62004.22113333334,15973.335166666702
2023-06-15 11:00:00,8.267000000000007,107161.08123333332,14260.861500000028
2023-06-15 12:00:00,0.0,143433.90178333328,0.0
2023-06-15 13:00:00,0.0,150182.73783333326,6606.4163333333345
2023-06-15 14:00:00,0.0,157032.57938333327,10194.735000000004
2023-06-15 15:00:00,0.0,135304.17691666662,8782.178333333337
2023-06-15 16:00:00,0.0,88020.90850000002,35808.61133333336
2023-06-15 17:00:00,0.0,59714.78556666675,29909.144000000033
2023-06-15 18:00:00,1531.2990000000016,58596.78781666676,592.0440000000008
2023-06-15 19:00:00,1531.2990000000025,49535.40435000004,10259.61333333336
2023-06-15 20:00:00,0.0,45173.2652166667,10044.65066666669
2023-06-15 21:00:00,0.0,34185.148366666705,0.0
2023-06-15 22:00:00,0.0,14808.333166666682,0.0
2023-06-15 23:00:00,0.0,4449.152450000001,0.0
2023-06-16 00:00:00,0.0,2392.614116666667,0.0
2023-06-16 01:00:00,0.0,6622.593850000006,0.0
2023-06-16 02:00:00,0.0,9222.576516666672,0.0
2023-06-16 03:00:00,0.0,10746.316533333342,0.0
2023-06-16 04:00:00,0.0,12378.061466666673,0.0
2023-06-16 05:00:00,0.0,18754.99896666668,471.39200000000085
2023-06-16 06:00:00,1546.2970000000028,28930.162383333387,9833.219666666693
2023-06-16 07:00:00,1583.792000000002,32856.12016666672,38129.76300000006
2023-06-16 08:00:00,0.0,34581.27836666667,20803.376666666696
2023-06-16 09:00:00,0.0,64734.27155,15031.431500000024
2023-06-16 10:00:00,8.276000000000007,88513.38753333331,16347.348666666707
2023-06-16 11:00:00,8.265000000000006,113773.9236333333,13441.028666666694
2023-06-16 12:00:00,0.0,160643.58966666658,0.0
2023-06-16 13:00:00,0.0,144138.06958333327,7004.673666666667
2023-06-16 14:00:00,0.0,133803.82453333327,10124.697000000007
2023-06-16 15:00:00,0.0,129143.67213333327,8469.249333333337
2023-06-16 16:00:00,0.0,85330.58629999998,36147.489333333375
2023-06-16 17:00:00,0.0,57765.43871666675,35559.399000000034
2023-06-16 18:00:00,1426.3130000000012,65607.90145000009,553.2320000000013
2023-06-16 19:00:00,1538.7980000000014,46638.45733333337,10527.028666666693
2023-06-16 20:00:00,0.0,43629.49840000004,10634.29666666669
2023-06-16 21:00:00,0.0,33247.778883333376,0.0
2023-06-16 22:00:00,0.0,13985.78383333335,0.0
2023-06-16 23:00:00,0.0,5015.307183333336,0.0
2023-06-17 00:00:00,0.0,1990.1175833333327,0.0
2023-06-17 01:00:00,0.0,5170.103533333337,0.0
2023-06-17 02:00:00,0.0,8525.081166666676,0.0
2023-06-17 03:00:00,0.0,10912.565716666675,0.0
2023-06-17 04:00:00,0.0,11002.007383333339,0.0
2023-06-17 05:00:00,0.0,17913.107366666685,507.35200000000043
2023-06-17 06:00:00,1478.8060000000012,30409.41051666672,10300.507666666694
2023-06-17 07:00:00,1493.8040000000033,33527.513616666714,33681.97066666673
2023-06-17 08:00:00,0.0,38921.714983333346,33238.998333333366
2023-06-17 09:00:00,0.0,66525.02801666663,15295.07633333336
2023-06-17 10:00:00,8.286000000000007,73099.03998333332,17260.994500000037
2023-06-17 11:00:00,8.255000000000006,109645.32589999997,12524.753166666687
2023-06-17 12:00:00,0.0,133805.10313333324,0.0
2023-06-17 13:00:00,0.0,150068.99898333324,7255.87233333333
2023-06-17 14:00:00,0.0,143910.50408333328,11166.656000000008
2023-06-17 15:00:00,0.0,139742.17574999994,9173.835000000003
2023-06-17 16:00:00,0.0,94062.00178333333,26661.558000000034
2023-06-17 17:00:00,0.0,57898.187950000094,34504.91233333336
2023-06-17 18:00:00,1523.8000000000013,60171.97143333342,615.4800000000009
2023-06-17 19:00:00,1598.7900000000009,47623.68831666671,10310.61600000002
2023-06-17 20:00:00,0.0,43978.322416666706,10326.148333333364
2023-06-17 21:00:00,0.0,32891.37518333337,0.0
2023-06-17 22:00:00,0.0,14957.411133333351,0.0
2023-06-17 23:00:00,0.0,5665.485416666669,0.0
2023-06-18 00:00:00,0.0,0.0,0.0
2023-06-18 01:00:00,0.0,0.0,0.0
2023-06-18 02:00:00,0.0,0.0,0.0
2023-06-18 03:00:00,0.0,0.0,0.0
2023-06-18 04:00:00,0.0,273.9997666666664,0.0
2023-06-18 05:00:00,0.0,4845.33978333334,484.16400000000027
2023-06-18 06:00:00,1501.3030000000024,14430.987933333381,10074.480333333357
2023-06-18 07:00:00,1576.2930000000003,17375.148933333377,39576.420666666716
2023-06-18 08:00:00,0.0,2791.3651833333333,38678.46600000003
2023-06-18 09:00:00,0.0,641.1209666666639,16845.63133333336
2023-06-18 10:00:00,8.264000000000006,614.0255666666633,18357.95216666671
2023-06-18 11:00:00,8.277000000000006,556.3618999999968,12763.626833333354
2023-06-18 12:00:00,0.0,602.4377166666637,0.0
2023-06-18 13:00:00,0.0,655.8455666666638,5945.816666666664
2023-06-18 14:00:00,0.0,739.7573833333294,6591.075000000002
2023-06-18 15:00:00,0.0,725.1784333333294,9417.968666666671
2023-06-18 16:00:00,0.0,3802.9179999999988,20392.53333333337
2023-06-18 17:00:00,0.0,33289.08258333341,31867.224333333368
2023-06-18 18:00:00,1373.8200000000022,45807.134033333416,657.6400000000004
2023-06-18 19:00:00,1643.7840000000017,33755.6206166667,9917.6426666667
2023-06-18 20:00:00,0.0,31530.341283333368,9999.6776666667
2023-06-18 21:00:00,0.0,21619.47168333337,0.0
2023-06-18 22:00:00,0.0,5676.848133333343,0.0
2023-06-18 23:00:00,0.0,377.72009999999966,0.0
2023-06-19 00:00:00,0.0,2612.6133166666664,0.0
2023-06-19 01:00:00,0.0,7410.088600000004,0.0
2023-06-19 02:00:00,0.0,9702.57331666667,0.0
2023-06-19 03:00:00,0.0,10680.066800000004,0.0
2023-06-19 04:00:00,0.0,12476.097816666672,0.0
2023-06-19 05:00:00,0.0,18408.39146666668,471.26800000000077
2023-06-19 06:00:00,1471.3070000000027,29768.56123333339,9879.730666666692
2023-06-19 07:00:00,1411.315000000003,33587.20268333338,46062.325666666715
2023-06-19 08:00:00,0.0,36332.337566666676,23669.100666666694
2023-06-19 09:00:00,0.0,56968.011483333335,17286.867833333363
2023-06-19 10:00:00,8.271000000000006,63447.47298333334,18551.77583333337
2023-06-19 11:00:00,8.270000000000007,100482.24748333334,15963.5526666667
2023-06-19 12:00:00,0.0,133055.92783333326,0.0
2023-06-19 13:00:00,0.0,146334.7384666666,9638.77900000001
2023-06-19 14:00:00,0.0,162344.72824999996,8043.454000000004
2023-06-19 15:00:00,0.0,140647.92654999995,7576.005000000001
2023-06-19 16:00:00,0.0,99957.25736666664,22171.892666666692
2023-06-19 17:00:00,0.0,58002.44961666676,27705.53666666669
2023-06-19 18:00:00,1576.2930000000026,59494.36698333343,600.6000000000013
2023-06-19 19:00:00,1636.285000000002,47263.2898666667,9662.65700000003
2023-06-19 20:00:00,0.0,44783.0221166667,10862.49300000003
2023-06-19 21:00:00,0.0,34639.62820000004,0.0
2023-06-19 22:00:00,0.0,14850.448933333348,0.0
2023-06-19 23:00:00,0.0,4626.239433333336,0.0
2023-06-20 00:00:00,0.0,2532.612183333333,0.0
2023-06-20 01:00:00,0.0,7035.091100000004,0.0
2023-06-20 02:00:00,0.0,8547.58101666667,0.0
2023-06-20 03:00:00,0.0,9320.076416666674,0.0
2023-06-20 04:00:00,0.0,9630.766700000007,0.0
2023-06-20 05:00:00,0.0,16959.383950000014,474.4920000000005
2023-06-20 06:00:00,1433.8120000000042,33419.64725000006,10157.201000000034
2023-06-20 07:00:00,1471.3070000000025,28572.251933333384,33918.32800000005
2023-06-20 08:00:00,0.0,35792.49840000001,37384.536333333366
2023-06-20 09:00:00,0.0,53565.66545000001,16887.56250000003
2023-06-20 10:00:00,8.283000000000005,61999.62103333335,18854.77766666671
2023-06-20 11:00:00,8.258000000000006,101461.40133333331,11718.916333333349
2023-06-20 12:00:00,0.0,147831.65473333324,0.0
2023-06-20 13:00:00,0.0,148954.8233166666,6864.2326666666695
2023-06-20 14:00:00,0.0,152349.0813499999,10427.846666666672
2023-06-20 15:00:00,0.0,149451.10426666657,9949.081333333332
2023-06-20 16:00:00,0.0,94812.38733333332,30212.99733333337
2023-06-20 17:00:00,0.0,56214.475833333425,24449.24500000003
2023-06-20 18:00:00,1711.2750000000015,59734.61266666675,565.2600000000017
2023-06-20 19:00:00,1478.806000000003,47755.95060000004,10185.402333333357
2023-06-20 20:00:00,0.0,44118.58531666671,11317.220000000027
2023-06-20 21:00:00,0.0,33537.841183333374,0.0
2023-06-20 22:00:00,0.0,13967.129783333346,0.0
2023-06-20 23:00:00,0.0,4791.485750000002,0.0
2023-06-21 00:00:00,0.0,2442.6120000000005,0.0
2023-06-21 01:00:00,0.0,5315.102566666672,0.0
2023-06-21 02:00:00,0.0,8355.082300000005,0.0
2023-06-21 03:00:00,0.0,10197.57038333334,0.0
2023-06-21 04:00:00,0.0,11072.573616666672,0.0
2023-06-21 05:00:00,0.0,16643.51016666668,481.56000000000057
2023-06-21 06:00:00,1658.7820000000038,27448.164083333384,9616.71633333336
2023-06-21 07:00:00,1426.3130000000044,31402.639400000047,30100.959333333394
2023-06-21 08:00:00,0.0,43385.19550000001,34486.91666666669
2023-06-21 09:00:00,0.0,67422.51343333333,16337.925666666692
2023-06-21 10:00:00,8.267000000000007,69764.21975,14358.04400000003
2023-06-21 11:00:00,8.274000000000006,97694.25519999999,13042.775833333355
2023-06-21 12:00:00,0.0,138991.0859999999,0.0
2023-06-21 13:00:00,0.0,161220.91934999995,7546.358333333335
2023-06-21 14:00:00,0.0,137088.4107166666,10927.308666666675
2023-06-21 15:00:00,0.0,128149.36809999996,11339.472333333346
2023-06-21 16:00:00,0.0,99990.68943333332,27867.94600000003
2023-06-21 17:00:00,0.0,57443.68236666676,32180.51433333337
2023-06-21 18:00:00,1471.3070000000018,64066.66206666675,631.2280000000006
2023-06-21 19:00:00,1538.7980000000023,46542.842200000036,10696.16600000003
2023-06-21 20:00:00,0.0,42288.89478333337,9596.586333333356
2023-06-21 21:00:00,0.0,32798.90353333338,0.0
2023-06-21 22:00:00,0.0,13413.568816666684,0.0
2023-06-21 23:00:00,0.0,4263.154800000002,0.0
2023-06-22 00:00:00,0.0,1725.1195666666652,0.0
2023-06-22 01:00:00,0.0,6340.09573333334,0.0
2023-06-22 02:00:00,0.0,9192.576716666674,0.0
2023-06-22 03:00:00,0.0,11147.564366666673,0.0
2023-06-22 04:00:00,0.0,12378.990600000006,0.0
2023-06-22 05:00:00,0.0,18183.11551666668,439.64800000000116
2023-06-22 06:00:00,1583.7920000000024,31698.156966666727,10455.224000000031
2023-06-22 07:00:00,1531.2990000000023,30171.443383333386,24467.276333333386
2023-06-22 08:00:00,0.0,31746.130866666677,18744.864333333357
2023-06-22 09:00:00,0.0,54672.37906666667,15198.781833333367
2023-06-22 10:00:00,8.266000000000005,68241.12818333332,15611.748000000032
2023-06-22 11:00:00,8.275000000000006,109849.5722833333,15334.616000000027
2023-06-22 12:00:00,0.0,149125.17241666658,0.0
2023-06-22 13:00:00,0.0,146060.32351666657,6950.217666666666
2023-06-22 14:00:00,0.0,155647.84379999992,11597.58300000001
2023-06-22 15:00:00,0.0,146216.0239333333,9149.354000000007
2023-06-22 16:00:00,0.0,91149.39269999998,41788.66666666669
2023-06-22 17:00:00,0.0,57787.120916666754,39121.623333333366
2023-06-22 18:00:00,1538.798000000001,58922.27063333342,642.8840000000012
2023-06-22 19:00:00,1441.311000000001,47082.113183333364,10548.76933333336
2023-06-22 20:00:00,0.0,43339.73608333338,9731.50533333336
2023-06-22 21:00:00,0.0,32984.48435000004,0.0
2023-06-22 22:00:00,0.0,14311.611916666685,0.0
2023-06-22 23:00:00,0.0,4364.734533333336,0.0
2023-06-23 00:00:00,0.0,2432.614433333334,0.0
2023-06-23 01:00:00,0.0,6795.0927000000065,0.0
2023-06-23 02:00:00,0.0,8725.07983333334,0.0
2023-06-23 03:00:00,0.0,9685.073566666673,0.0
2023-06-23 04:00:00,0.0,10715.533466666671,0.0
2023-06-23 05:00:00,0.0,17122.478450000017,438.40800000000115
2023-06-23 06:00:00,1531.2990000000025,32185.847000000067,10006.841666666689
2023-06-23 07:00:00,1426.3130000000026,34373.56840000005,24876.602666666717
2023-06-23 08:00:00,0.0,40603.01091666667,29770.58233333337
2023-06-23 09:00:00,0.0,68525.02184999998,17355.634833333366
2023-06-23 10:00:00,8.264000000000006,79660.2333333333,16895.931333333367
2023-06-23 11:00:00,8.277000000000006,111927.89951666663,12187.056000000028
2023-06-23 12:00:00,0.0,140168.56508333326,0.0
2023-06-23 13:00:00,0.0,146956.14788333327,9912.593333333338
2023-06-23 14:00:00,0.0,142631.4090666666,8437.910000000003
2023-06-23 15:00:00,0.0,135279.84891666658,8488.737333333334
2023-06-23 16:00:00,0.0,91620.24368333332,29640.248333333366
2023-06-23 17:00:00,0.0,58092.595400000086,39898.87733333336
2023-06-23 18:00:00,1553.7960000000035,59663.78970000008,578.4040000000015
2023-06-23 19:00:00,1583.7920000000008,48236.67971666671,10067.541666666697
2023-06-23 20:00:00,0.0,44624.52353333337,10582.661000000033
2023-06-23 21:00:00,0.0,33588.63771666671,0.0
2023-06-23 22:00:00,0.0,13262.175016666679,0.0
2023-06-23 23:00:00,0.0,4564.150850000004,0.0
2023-06-24 00:00:00,0.0,2382.6151999999993,0.0
2023-06-24 01:00:00,0.0,6222.596516666672,0.0
2023-06-24 02:00:00,0.0,8297.58268333334,0.0
2023-06-24 03:00:00,0.0,9877.572700000004,0.0
2023-06-24 04:00:00,0.0,11159.190200000005,0.0
2023-06-24 05:00:00,0.0,17194.00973333335,478.0880000000002
2023-06-24 06:00:00,1576.2930000000028,29529.909116666728,10013.015333333364
2023-06-24 07:00:00,1523.8000000000025,30200.90653333338,40204.392666666725
2023-06-24 08:00:00,0.0,41113.46028333335,21834.447000000036
2023-06-24 09:00:00,0.0,52147.29108333333,14435.276333333359
2023-06-24 10:00:00,8.267000000000007,64744.46358333334,16411.0966666667
2023-06-24 11:00:00,8.274000000000006,115540.15004999997,14269.982333333359
2023-06-24 12:00:00,0.0,145574.0019333333,0.0
2023-06-24 13:00:00,0.0,147269.1490666666,5717.318666666663
2023-06-24 14:00:00,0.0,140473.41859999992,8866.349000000002
2023-06-24 15:00:00,0.0,141697.1958999999,8612.869000000004
2023-06-24 16:00:00,0.0,97629.32598333333,44157.017000000036
2023-06-24 17:00:00,0.0,62173.08150000009,26888.745000000035
2023-06-24 18:00:00,1343.8240000000033,61211.389500000085,591.4240000000012
2023-06-24 19:00:00,1651.2830000000038,49209.12233333337,10246.906333333358
2023-06-24 20:00:00,0.0,44738.456883333376,10436.08233333336
2023-06-24 21:00:00,0.0,33736.374066666714,0.0
2023-06-24 22:00:00,0.0,14823.384466666683,0.0
2023-06-24 23:00:00,0.0,5430.400650000005,0.0
2023-06-25 00:00:00,0.0,0.0,0.0
2023-06-25 01:00:00,0.0,0.0,0.0
2023-06-25 02:00:00,0.0,0.0,0.0
2023-06-25 03:00:00,0.0,0.0,0.0
2023-06-25 04:00:00,0.0,210.86118333333306,0.0
2023-06-25 05:00:00,0.0,6035.7544500000095,443.3680000000007
2023-06-25 06:00:00,1553.7960000000014,18448.868150000057,9916.982333333355
2023-06-25 07:00:00,1516.301000000003,15896.514200000047,37437.30333333339
2023-06-25 08:00:00,0.0,1908.372749999999,19302.63933333337
2023-06-25 09:00:00,0.0,580.31423333333,18365.637666666706
2023-06-25 10:00:00,8.269000000000005,684.7649166666631,16281.303166666705
2023-06-25 11:00:00,8.272000000000006,624.8523333333292,13367.943333333355
2023-06-25 12:00:00,0.0,640.5163499999965,0.0
2023-06-25 13:00:00,0.0,726.9265499999966,6603.755666666668
2023-06-25 14:00:00,0.0,739.2603833333297,11338.592000000004
2023-06-25 15:00:00,0.0,593.5260833333302,8253.259333333335
2023-06-25 16:00:00,0.0,2862.9023499999994,39847.818000000036
2023-06-25 17:00:00,0.0,30956.040400000078,34148.42333333337
2023-06-25 18:00:00,1471.3070000000025,43879.48198333341,665.7000000000002
2023-06-25 19:00:00,1553.7960000000035,34483.58663333337,9769.013333333365
2023-06-25 20:00:00,0.0,31682.940933333364,10204.554666666694
2023-06-25 21:00:00,0.0,22639.10925000004,0.0
2023-06-25 22:00:00,0.0,5418.730566666675,0.0
2023-06-25 23:00:00,0.0,342.29416666666634,0.0
2023-06-26 00:00:00,0.0,2075.115566666666,0.0
2023-06-26 01:00:00,0.0,5915.098566666675,0.0
2023-06-26 02:00:00,0.0,8510.081266666675,0.0
2023-06-26 03:00:00,0.0,10130.070800000005,0.0
2023-06-26 04:00:00,0.0,11387.74803333334,0.0
2023-06-26 05:00:00,0.0,18175.082216666684,465.5640000000007
2023-06-26 06:00:00,1553.7960000000019,34269.174483333394,9789.75333333336
2023-06-26 07:00:00,1501.3030000000022,32578.875633333377,42262.67266666673
2023-06-26 08:00:00,0.0,32132.51730000001,21938.6406666667
2023-06-26 09:00:00,0.0,59476.13423333333,17254.348166666696
2023-06-26 10:00:00,8.266000000000005,80157.31829999997,13739.406666666699
2023-06-26 11:00:00,8.275000000000006,103585.73354999999,16255.489166666695
2023-06-26 12:00:00,0.0,127116.8404833333,0.0
2023-06-26 13:00:00,0.0,149674.42329999994,5183.8906666666635
2023-06-26 14:00:00,0.0,153583.90873333326,10685.49033333334
2023-06-26 15:00:00,0.0,145793.8335166666,9389.30700000001
2023-06-26 16:00:00,0.0,91770.1345,27792.124000000025
2023-06-26 17:00:00,0.0,56459.118166666754,30108.911000000036
2023-06-26 18:00:00,1546.2970000000028,60150.864966666755,608.5360000000006
2023-06-26 19:00:00,1493.8040000000026,47838.515116666706,10425.847000000023
2023-06-26 20:00:00,0.0,42896.47118333338,10575.998333333357
2023-06-26 21:00:00,0.0,32556.979383333375,0.0
2023-06-26 22:00:00,0.0,13917.135416666682,0.0
2023-06-26 23:00:00,0.0,4346.981450000001,0.0
2023-06-27 00:00:00,0.0,2845.111800000001,0.0
2023-06-27 01:00:00,0.0,7675.086833333339,0.0
2023-06-27 02:00:00,0.0,9445.075033333338,0.0
2023-06-27 03:00:00,0.0,10747.56673333334,0.0
2023-06-27 04:00:00,0.0,11183.573050000006,0.0
2023-06-27 05:00:00,0.0,18372.23988333335,400.4640000000011
2023-06-27 06:00:00,1516.3010000000013,32838.851316666725,11086.400666666694
2023-06-27 07:00:00,1486.3050000000026,30717.912800000046,46498.80733333339
2023-06-27 08:00:00,0.0,42345.25930000001,34945.54266666669
2023-06-27 09:00:00,0.0,61688.61316666665,15975.459500000026
2023-06-27 10:00:00,8.267000000000007,76693.5588833333,19112.539166666706
2023-06-27 11:00:00,8.274000000000006,110201.16936666664,14066.390666666692
2023-06-27 12:00:00,0.0,146431.64988333324,0.0
2023-06-27 13:00:00,0.0,146176.14676666658,7418.1676666666635
2023-06-27 14:00:00,0.0,142243.84309999994,9291.487666666671
2023-06-27 15:00:00,0.0,140026.62024999995,9860.936666666676
2023-06-27 16:00:00,0.0,86392.77861666665,28279.9776666667
2023-06-27 17:00:00,0.0,58702.63631666675,19578.572666666692
2023-06-27 18:00:00,1493.804000000002,58378.02985000008,609.5280000000008
2023-06-27 19:00:00,1598.7900000000025,48350.985750000036,9700.752666666693
2023-06-27 20:00:00,0.0,45436.93138333337,10059.6416666667
2023-06-27 21:00:00,0.0,32591.455633333382,0.0
2023-06-27 22:00:00,0.0,13518.312766666682,0.0
2023-06-27 23:00:00,0.0,4177.491650000002,0.0
2023-06-28 00:00:00,0.0,1607.6175499999993,0.0
2023-06-28 01:00:00,0.0,6367.595550000007,0.0
2023-06-28 02:00:00,0.0,9625.073833333343,0.0
2023-06-28 03:00:00,0.0,10997.565750000007,0.0
2023-06-28 04:00:00,0.0,12935.010666666672,0.0
2023-06-28 05:00:00,0.0,18378.59503333335,466.5560000000006
2023-06-28 06:00:00,1613.7880000000016,29229.330733333387,9955.8866666667
2023-06-28 07:00:00,1553.7960000000028,35100.73906666672,45141.32433333339
2023-06-28 08:00:00,0.0,43380.20196666668,40406.24100000004
2023-06-28 09:00:00,0.0,62800.72504999999,16726.321500000035
2023-06-28 10:00:00,8.267000000000007,65955.88108333334,16739.120833333374
2023-06-28 11:00:00,8.274000000000004,109473.23026666664,13782.484000000022
2023-06-28 12:00:00,0.0,142143.1689166666,0.0
2023-06-28 13:00:00,0.0,148328.74033333326,6569.410333333334
2023-06-28 14:00:00,0.0,155040.08589999992,8919.715333333339
2023-06-28 15:00:00,0.0,136480.36186666662,12196.695666666676
2023-06-28 16:00:00,0.0,89091.51083333332,29762.30133333336
2023-06-28 17:00:00,0.0,57081.49461666676,14553.598666666701
2023-06-28 18:00:00,1358.8220000000026,61870.03810000009,618.2080000000008
2023-06-28 19:00:00,1568.7940000000033,47232.150633333375,10120.080333333357
2023-06-28 20:00:00,0.0,44368.06455000004,10452.739000000025
2023-06-28 21:00:00,0.0,33255.97803333338,0.0
2023-06-28 22:00:00,0.0,14001.218633333348,0.0
2023-06-28 23:00:00,0.0,4422.492333333335,0.0
2023-06-29 00:00:00,0.0,2597.6116666666676,0.0
2023-06-29 01:00:00,0.0,6602.593983333339,0.0
2023-06-29 02:00:00,0.0,10352.568983333342,0.0
2023-06-29 03:00:00,0.0,11132.565233333342,0.0
2023-06-29 04:00:00,0.0,11662.390250000008,0.0
2023-06-29 05:00:00,0.0,17345.54925000002,436.3000000000004
2023-06-29 06:00:00,1523.8000000000031,32622.545916666724,10446.934666666693
2023-06-29 07:00:00,1441.3110000000029,35751.03538333338,31959.011000000064
2023-06-29 08:00:00,0.0,44075.71250000001,29439.340000000037
2023-06-29 09:00:00,0.0,70587.69481666663,13063.924500000025
2023-06-29 10:00:00,8.271000000000006,81474.12131666666,16943.934166666702
2023-06-29 11:00:00,8.270000000000005,106572.32639999998,11603.469666666686
2023-06-29 12:00:00,0.0,124172.92331666661,0.0
2023-06-29 13:00:00,0.0,137711.40609999993,6594.8763333333345
2023-06-29 14:00:00,0.0,146462.49314999994,9414.962666666674
2023-06-29 15:00:00,0.0,141107.17553333324,10829.144000000004
2023-06-29 16:00:00,0.0,87872.14679999999,33201.47533333336
2023-06-29 17:00:00,0.0,62832.77455000009,36882.59500000003
2023-06-29 18:00:00,1531.2990000000023,59842.413750000094,577.7840000000014
2023-06-29 19:00:00,1598.7900000000034,47737.126883333374,10684.153000000028
2023-06-29 20:00:00,0.0,44091.44935000004,9361.72733333336
2023-06-29 21:00:00,0.0,32152.038783333377,0.0
2023-06-29 22:00:00,0.0,13505.298016666682,0.0
2023-06-29 23:00:00,0.0,4466.315750000002,0.0
2023-06-30 00:00:00,0.0,2357.611916666667,0.0
2023-06-30 01:00:00,0.0,6715.093233333339,0.0
2023-06-30 02:00:00,0.0,7890.085400000008,0.0
2023-06-30 03:00:00,0.0,9455.075400000007,0.0
2023-06-30 04:00:00,0.0,10849.839750000006,0.0
2023-06-30 05:00:00,0.0,17355.408150000017,463.5800000000008
2023-06-30 06:00:00,1583.7920000000017,32141.166450000062,10038.418666666696
2023-06-30 07:00:00,1561.295000000002,32092.81081666672,44338.93566666672
2023-06-30 08:00:00,0.0,42481.08826666668,27497.127333333367
2023-06-30 09:00:00,0.0,63647.60285000001,16066.65983333336
2023-06-30 10:00:00,8.262000000000006,64967.80108333333,17431.5691666667
2023-06-30 11:00:00,8.279000000000007,99787.15914999998,13683.644500000024
2023-06-30 12:00:00,0.0,152320.0865333333,0.0
2023-06-30 13:00:00,0.0,152286.0674666666,5765.485333333332
2023-06-30 14:00:00,0.0,143361.64528333323,9420.663333333341
2023-06-30 15:00:00,0.0,133736.24979999993,9798.464666666674
2023-06-30 16:00:00,0.0,90425.01871666666,26635.363333333364
2023-06-30 17:00:00,0.0,58063.36278333342,30805.532333333373
2023-06-30 18:00:00,1456.3090000000022,58936.65071666675,609.7760000000018
2023-06-30 19:00:00,1493.8040000000026,48692.632833333366,10350.318000000021
2023-06-30 20:00:00,0.0,45197.771566666706,9944.710666666695
2023-06-30 21:00:00,0.0,33522.28793333338,0.0
2023-06-30 22:00:00,0.0,14506.976266666683,0.0
2023-06-30 23:00:00,0.0,4956.732883333337,0.0
2023-07-01 00:00:00,0.0,2227.6142999999984,0.0
2023-07-01 01:00:00,0.0,6352.595650000005,0.0
2023-07-01 02:00:00,0.0,9315.075900000007,0.0
2023-07-01 03:00:00,0.0,11177.56353333334,0.0
2023-07-01 04:00:00,0.0,12010.874000000007,0.0
2023-07-01 05:00:00,0.0,17081.487500000017,462.7120000000009
2023-07-01 06:00:00,1411.315000000003,30617.87181666673,10455.54233333336
2023-07-01 07:00:00,1463.8080000000014,31272.22135000005,36392.46133333339
2023-07-01 08:00:00,0.0,44947.58453333334,33129.149000000034
2023-07-01 09:00:00,0.0,74966.6014333333,14250.951333333358
2023-07-01 10:00:00,8.264000000000006,78561.21064999998,17230.680833333372
2023-07-01 11:00:00,8.277000000000006,95730.66739999999,14616.739333333362
2023-07-01 12:00:00,0.0,133330.34293333325,0.0
2023-07-01 13:00:00,0.0,142935.64558333324,7560.819333333336
2023-07-01 14:00:00,0.0,147625.13663333328,9577.309000000007
2023-07-01 15:00:00,0.0,135897.0802833333,11087.789666666673
2023-07-01 16:00:00,0.0,101560.49476666664,35471.18833333336
2023-07-01 17:00:00,0.0,61571.37063333342,23212.35133333337
2023-07-01 18:00:00,1621.2870000000007,59732.20745000009,540.584000000002
2023-07-01 19:00:00,1598.7900000000006,49341.13743333337,10217.771666666695
2023-07-01 20:00:00,0.0,45628.15426666671,10492.715000000031
2023-07-01 21:00:00,0.0,34178.72168333338,0.0
2023-07-01 22:00:00,0.0,14436.775950000017,0.0
2023-07-01 23:00:00,0.0,4652.321516666669,0.0
2023-07-02 00:00:00,0.0,0.0,0.0
2023-07-02 01:00:00,0.0,0.0,0.0
2023-07-02 02:00:00,0.0,0.0,0.0
2023-07-02 03:00:00,0.0,0.0,0.0
2023-07-02 04:00:00,0.0,234.0078999999998,0.0
2023-07-02 05:00:00,0.0,5128.114116666675,444.8560000000008
2023-07-02 06:00:00,1531.2990000000025,14652.355466666717,10284.458000000024
2023-07-02 07:00:00,1463.808000000003,15255.006133333378,47135.31933333339
2023-07-02 08:00:00,0.0,2352.355266666664,42628.7386666667
2023-07-02 09:00:00,0.0,631.6445666666627,13962.383666666687
2023-07-02 10:00:00,8.267000000000007,641.1031333333293,16500.143666666703
2023-07-02 11:00:00,8.274000000000006,703.2638833333292,13883.52766666669
2023-07-02 12:00:00,0.0,765.2654833333296,0.0
2023-07-02 13:00:00,0.0,730.935566666663,5558.391666666668
2023-07-02 14:00:00,0.0,685.8573499999965,8778.688333333335
2023-07-02 15:00:00,0.0,690.4398166666626,10774.70500000001
2023-07-02 16:00:00,0.0,4186.630066666665,19254.306333333363
2023-07-02 17:00:00,0.0,32080.17316666675,21797.015333333366
2023-07-02 18:00:00,1531.299000000004,47678.61350000009,618.084000000001
2023-07-02 19:00:00,1568.7940000000033,35071.801333333366,10269.655666666697
2023-07-02 20:00:00,0.0,33704.26863333337,10013.00300000003
2023-07-02 21:00:00,0.0,23382.050916666703,0.0
2023-07-02 22:00:00,0.0,5641.024750000008,0.0
2023-07-02 23:00:00,0.0,339.5523499999995,0.0
2023-07-03 00:00:00,0.0,2560.111499999999,0.0
2023-07-03 01:00:00,0.0,5530.101133333337,0.0
2023-07-03 02:00:00,0.0,7930.08513333334,0.0
2023-07-03 03:00:00,0.0,10292.570000000007,0.0
2023-07-03 04:00:00,0.0,11312.069866666674,0.0
2023-07-03 05:00:00,0.0,17753.147466666684,463.3320000000007
2023-07-03 06:00:00,1471.307000000003,32046.530233333393,10400.109000000028
2023-07-03 07:00:00,1658.7820000000024,28464.407783333383,36738.58066666672
2023-07-03 08:00:00,0.0,33630.75643333334,36548.10066666671
2023-07-03 09:00:00,0.0,56168.23538333334,15693.206166666696
2023-07-03 10:00:00,8.269000000000005,77564.89425,17774.92383333337
2023-07-03 11:00:00,8.272000000000006,117108.56511666662,15476.211166666693
2023-07-03 12:00:00,0.0,131009.58128333323,0.0
2023-07-03 13:00:00,0.0,161142.2187499999,4694.638333333334
2023-07-03 14:00:00,0.0,149407.47409999993,8150.931000000001
2023-07-03 15:00:00,0.0,129362.26601666662,7440.316333333333
2023-07-03 16:00:00,0.0,93903.00681666668,35309.551333333366
2023-07-03 17:00:00,0.0,64710.993883333416,24247.3116666667
2023-07-03 18:00:00,1433.8120000000029,63007.06906666675,556.4560000000012
2023-07-03 19:00:00,1531.2990000000025,50018.204516666694,10899.470000000023
2023-07-03 20:00:00,0.0,44710.27341666671,9926.388333333365
2023-07-03 21:00:00,0.0,33619.55255000005,0.0
2023-07-03 22:00:00,0.0,13915.325233333348,0.0
2023-07-03 23:00:00,0.0,4899.9052666666685,0.0
2023-07-04 00:00:00,0.0,1765.1163166666665,0.0
2023-07-04 01:00:00,0.0,6062.597583333337,0.0
2023-07-04 02:00:00,0.0,8560.08093333334,0.0
2023-07-04 03:00:00,0.0,10457.568666666673,0.0
2023-07-04 04:00:00,0.0,10667.734766666672,0.0
2023-07-04 05:00:00,0.0,15907.919816666683,473.0040000000009
2023-07-04 06:00:00,1471.3070000000012,31980.046733333387,10460.143333333363
2023-07-04 07:00:00,1643.7840000000028,30759.208866666708,42748.50700000005
2023-07-04 08:00:00,0.0,37796.174050000016,26073.713666666703
2023-07-04 09:00:00,0.0,55573.60890000001,15889.707833333356
2023-07-04 10:00:00,8.264000000000006,80116.37671666664,19085.586500000045
2023-07-04 11:00:00,8.277000000000006,118740.15814999996,14774.618166666694
2023-07-04 12:00:00,0.0,138668.83389999994,0.0
2023-07-04 13:00:00,0.0,144303.3256833333,6093.1500000000015
2023-07-04 14:00:00,0.0,135459.15431666662,11636.904333333343
2023-07-04 15:00:00,0.0,139080.34464999996,7980.948000000001
2023-07-04 16:00:00,0.0,101718.81303333331,17193.205666666698
2023-07-04 17:00:00,0.0,57902.19018333342,34493.767666666696
2023-07-04 18:00:00,1516.3010000000036,60457.74736666676,596.260000000001
2023-07-04 19:00:00,1463.8080000000025,51253.41958333338,9525.55400000003
2023-07-04 20:00:00,0.0,46777.34991666671,11009.07166666669
2023-07-04 21:00:00,0.0,34952.68598333339,0.0
2023-07-04 22:00:00,0.0,16544.856900000017,0.0
2023-07-04 23:00:00,0.0,6228.22201666667,0.0
2023-07-05 00:00:00,0.0,2305.114483333334,0.0
2023-07-05 01:00:00,0.0,5615.100566666671,0.0
2023-07-05 02:00:00,0.0,8160.083600000004,0.0
2023-07-05 03:00:00,0.0,9179.077250000006,0.0
2023-07-05 04:00:00,0.0,11040.715850000004,0.0
2023-07-05 05:00:00,0.0,16818.02928333335,450.80800000000096
2023-07-05 06:00:00,1411.3150000000026,30879.36995000006,10762.628333333354
2023-07-05 07:00:00,1478.8060000000016,31706.47705000005,40720.19533333341
2023-07-05 08:00:00,0.0,44786.606850000004,34121.3626666667
2023-07-05 09:00:00,0.0,56202.900050000004,16357.72333333336
2023-07-05 10:00:00,8.262000000000006,72496.82596666666,16393.866333333368
2023-07-05 11:00:00,8.279000000000005,107441.25206666662,13031.454833333355
2023-07-05 12:00:00,0.0,139071.98264999993,0.0
2023-07-05 13:00:00,0.0,156132.8128833333,7612.510000000002
2023-07-05 14:00:00,0.0,147018.58961666664,8494.058666666668
2023-07-05 15:00:00,0.0,131250.26723333326,9982.218000000004
2023-07-05 16:00:00,0.0,103016.69076666664,23798.338333333366
2023-07-05 17:00:00,0.0,58887.40748333342,32315.91633333337
2023-07-05 18:00:00,1598.790000000003,62310.62383333342,581.6280000000015
2023-07-05 19:00:00,1606.2890000000023,49975.859050000035,10030.728666666684
2023-07-05 20:00:00,0.0,47630.01821666671,9543.285000000033
2023-07-05 21:00:00,0.0,36951.928616666715,0.0
2023-07-05 22:00:00,0.0,16878.371200000016,0.0
2023-07-05 23:00:00,0.0,5651.646266666669,0.0
2023-07-06 00:00:00,0.0,2285.1150166666666,0.0
2023-07-06 01:00:00,0.0,6100.097333333339,0.0
2023-07-06 02:00:00,0.0,8842.579050000008,0.0
2023-07-06 03:00:00,0.0,10445.06848333334,0.0
2023-07-06 04:00:00,0.0,11682.079416666671,0.0
2023-07-06 05:00:00,0.0,17466.054733333345,423.52800000000076
2023-07-06 06:00:00,1561.2950000000035,29774.796633333382,10064.316000000024
2023-07-06 07:00:00,1411.3150000000026,36970.47206666672,27146.037000000048
2023-07-06 08:00:00,0.0,41201.10168333334,29234.34400000004
2023-07-06 09:00:00,0.0,54116.45511666667,15401.768500000027
2023-07-06 10:00:00,8.274000000000006,73148.03749999999,16346.550500000034
2023-07-06 11:00:00,8.267000000000007,108712.33366666664,11553.124333333353
2023-07-06 12:00:00,0.0,138344.40358333325,0.0
2023-07-06 13:00:00,0.0,148119.4867666666,5944.313666666665
2023-07-06 14:00:00,0.0,157306.8140166666,9234.804000000002
2023-07-06 15:00:00,0.0,144073.9340666666,10936.032333333342
2023-07-06 16:00:00,0.0,89543.27359999997,33340.49100000004
2023-07-06 17:00:00,0.0,55817.45563333342,39853.88066666671
2023-07-06 18:00:00,1531.2990000000027,57100.189566666755,723.4839999999997
2023-07-06 19:00:00,1591.2910000000024,49855.14550000004,10583.076666666697
2023-07-06 20:00:00,0.0,46225.64951666671,10169.575666666693
2023-07-06 21:00:00,0.0,35206.76858333338,0.0
2023-07-06 22:00:00,0.0,14837.729483333349,0.0
2023-07-06 23:00:00,0.0,4993.9008666666705,0.0
2023-07-07 00:00:00,0.0,1652.6197333333325,0.0
2023-07-07 01:00:00,0.0,6240.096400000004,0.0
2023-07-07 02:00:00,0.0,8895.078700000005,0.0
2023-07-07 03:00:00,0.0,9317.577150000008,0.0
2023-07-07 04:00:00,0.0,11467.548750000005,0.0
2023-07-07 05:00:00,0.0,17942.798633333347,480.32000000000096
2023-07-07 06:00:00,1546.2970000000028,32737.792233333388,10174.797666666696
2023-07-07 07:00:00,1508.8020000000024,30556.685050000044,38875.30100000006
2023-07-07 08:00:00,0.0,42108.60961666667,31676.02100000003
2023-07-07 09:00:00,0.0,74720.95486666665,14527.767166666694
2023-07-07 10:00:00,8.279000000000007,84183.77094999995,15206.834833333363
2023-07-07 11:00:00,8.262000000000006,107643.99381666664,14207.310500000025
2023-07-07 12:00:00,0.0,135172.67196666662,0.0
2023-07-07 13:00:00,0.0,147797.41488333326,8184.430000000007
2023-07-07 14:00:00,0.0,133702.75584999996,7720.799333333334
2023-07-07 15:00:00,0.0,133969.17991666665,11804.243666666673
2023-07-07 16:00:00,0.0,98615.39954999997,25583.36366666669
2023-07-07 17:00:00,0.0,59248.30208333342,34492.88200000004
2023-07-07 18:00:00,1606.2890000000034,59445.989550000086,622.3000000000011
2023-07-07 19:00:00,1433.812000000001,49961.60478333337,10821.528000000026
2023-07-07 20:00:00,0.0,45702.25428333337,9491.64933333336
2023-07-07 21:00:00,0.0,33469.33156666671,0.0
2023-07-07 22:00:00,0.0,13867.900166666683,0.0
2023-07-07 23:00:00,0.0,4849.566150000002,0.0
2023-07-08 00:00:00,0.0,2427.613950000001,0.0
2023-07-08 01:00:00,0.0,7275.089500000008,0.0
2023-07-08 02:00:00,0.0,8915.078566666674,0.0
2023-07-08 03:00:00,0.0,10355.319800000007,0.0
2023-07-08 04:00:00,0.0,12160.397183333338,0.0
2023-07-08 05:00:00,0.0,17604.861200000014,451.0560000000003
2023-07-08 06:00:00,1621.2870000000014,29310.796666666727,9387.320666666694
2023-07-08 07:00:00,1463.8080000000043,29522.027700000046,28279.94500000005
2023-07-08 08:00:00,0.0,28499.107816666678,26915.32900000004
2023-07-08 09:00:00,0.0,67121.23529999997,16341.037333333365
2023-07-08 10:00:00,8.274000000000006,82378.04346666664,15124.372000000036
2023-07-08 11:00:00,8.267000000000007,103820.82889999998,14125.179166666692
2023-07-08 12:00:00,0.0,124636.84161666661,0.0
2023-07-08 13:00:00,0.0,151189.9104666666,7259.501000000001
2023-07-08 14:00:00,0.0,157818.40653333327,9403.301000000007
2023-07-08 15:00:00,0.0,153265.91999999993,10448.543333333339
2023-07-08 16:00:00,0.0,101802.50279999999,33367.93333333336
2023-07-08 17:00:00,0.0,58161.07991666675,35253.3666666667
2023-07-08 18:00:00,1561.2950000000008,62331.59998333341,603.5760000000009
2023-07-08 19:00:00,1448.810000000001,49452.462266666706,9979.714666666689
2023-07-08 20:00:00,0.0,45022.38715000004,11320.55133333336
2023-07-08 21:00:00,0.0,33453.72061666672,0.0
2023-07-08 22:00:00,0.0,14124.656100000018,0.0
2023-07-08 23:00:00,0.0,5061.805800000003,0.0
2023-07-09 00:00:00,0.0,0.0,0.0
2023-07-09 01:00:00,0.0,0.0,0.0
2023-07-09 02:00:00,0.0,0.0,0.0
2023-07-09 03:00:00,0.0,0.0,0.0
2023-07-09 04:00:00,0.0,283.1987999999997,0.0
2023-07-09 05:00:00,0.0,4969.399383333343,395.87600000000066
2023-07-09 06:00:00,1621.287000000001,20177.478183333387,10352.160000000027
2023-07-09 07:00:00,1508.8020000000017,14099.521166666711,31964.695000000058
2023-07-09 08:00:00,0.0,1400.5754666666649,33637.57166666671
2023-07-09 09:00:00,0.0,664.1319999999969,16097.726500000026
2023-07-09 10:00:00,8.269000000000005,756.252199999997,18364.585500000037
2023-07-09 11:00:00,8.272000000000006,644.0179999999968,13218.799333333358
2023-07-09 12:00:00,0.0,652.6918999999963,0.0
2023-07-09 13:00:00,0.0,663.7754499999963,6462.762666666666
2023-07-09 14:00:00,0.0,584.0309499999971,10379.419666666676
2023-07-09 15:00:00,0.0,617.4469833333301,9830.271000000004
2023-07-09 16:00:00,0.0,2717.2408333333283,33007.14266666669
2023-07-09 17:00:00,0.0,30719.386500000073,28332.797000000035
2023-07-09 18:00:00,1516.3010000000022,47280.43788333341,630.7320000000008
2023-07-09 19:00:00,1448.810000000003,35974.2949166667,10579.277000000026
2023-07-09 20:00:00,0.0,33583.61753333337,9744.830666666692
2023-07-09 21:00:00,0.0,22966.074933333373,0.0
2023-07-09 22:00:00,0.0,6007.138716666676,0.0
2023-07-09 23:00:00,0.0,309.46503333333305,0.0
2023-07-10 00:00:00,0.0,2587.6135333333336,0.0
2023-07-10 01:00:00,0.0,5752.599650000006,0.0
2023-07-10 02:00:00,0.0,9207.576616666673,0.0
2023-07-10 03:00:00,0.0,12150.05798333334,0.0
2023-07-10 04:00:00,0.0,13549.970516666672,0.0
2023-07-10 05:00:00,0.0,18878.11408333335,449.9400000000004
2023-07-10 06:00:00,1486.3050000000026,32628.36026666673,10283.288333333356
2023-07-10 07:00:00,1501.3030000000028,31861.875116666717,28781.999666666736
2023-07-10 08:00:00,0.0,38540.48506666668,31657.276000000034
2023-07-10 09:00:00,0.0,49171.29376666668,15383.263166666695
2023-07-10 10:00:00,8.278000000000006,67664.87603333333,17209.57450000004
2023-07-10 11:00:00,8.263000000000005,101810.16793333333,15585.692000000028
2023-07-10 12:00:00,0.0,138508.08844999995,0.0
2023-07-10 13:00:00,0.0,141280.42811666662,7303.175666666666
2023-07-10 14:00:00,0.0,162253.31903333325,10149.91966666668
2023-07-10 15:00:00,0.0,140209.75158333327,9983.254000000004
2023-07-10 16:00:00,0.0,98004.7867833333,32523.447000000026
2023-07-10 17:00:00,0.0,57313.08651666676,32703.63800000003
2023-07-10 18:00:00,1561.2950000000023,58550.630566666754,598.8640000000001
2023-07-10 19:00:00,1546.2970000000025,47116.62465000004,9854.947000000027
2023-07-10 20:00:00,0.0,44524.44255000004,10985.752333333356
2023-07-10 21:00:00,0.0,35137.631416666714,0.0
2023-07-10 22:00:00,0.0,14853.475316666685,0.0
2023-07-10 23:00:00,0.0,4664.155066666669,0.0
2023-07-11 00:00:00,0.0,1875.116916666666,0.0
2023-07-11 01:00:00,0.0,6685.093433333341,0.0
2023-07-11 02:00:00,0.0,9767.572883333341,0.0
2023-07-11 03:00:00,0.0,11503.312000000007,0.0
2023-07-11 04:00:00,0.0,11888.447166666672,0.0
2023-07-11 05:00:00,0.0,18040.621083333346,467.30000000000047
2023-07-11 06:00:00,1516.3010000000024,32347.92213333339,10640.649666666699
2023-07-11 07:00:00,1636.285000000002,29522.233000000044,28140.13366666672
2023-07-11 08:00:00,0.0,43424.505766666676,36868.50633333337
2023-07-11 09:00:00,0.0,60641.57104999999,14073.884666666692
2023-07-11 10:00:00,8.273000000000005,78056.38165,17903.02150000004
2023-07-11 11:00:00,8.268000000000006,115944.06914999995,12888.232333333357
2023-07-11 12:00:00,0.0,135349.42091666663,0.0
2023-07-11 13:00:00,0.0,152854.1437166666,8009.091666666672
2023-07-11 14:00:00,0.0,134152.82959999994,8673.872
2023-07-11 15:00:00,0.0,138553.93933333326,11663.26766666668
2023-07-11 16:00:00,0.0,103070.5648833333,30653.534666666696
2023-07-11 17:00:00,0.0,55107.48956666676,33580.8686666667
2023-07-11 18:00:00,1456.3090000000018,58831.466483333425,594.0280000000013
2023-07-11 19:00:00,1486.305000000002,50551.77753333338,10103.888333333354
2023-07-11 20:00:00,0.0,44215.18608333338,10321.15133333336
2023-07-11 21:00:00,0.0,33885.36015000005,0.0
2023-07-11 22:00:00,0.0,14883.389550000018,0.0
2023-07-11 23:00:00,0.0,5238.570400000004,0.0
2023-07-12 00:00:00,0.0,2067.6149333333324,0.0
2023-07-12 01:00:00,0.0,4522.607850000004,0.0
2023-07-12 02:00:00,0.0,7162.590250000005,0.0
2023-07-12 03:00:00,0.0,10275.070800000005,0.0
2023-07-12 04:00:00,0.0,11445.308950000006,0.0
2023-07-12 05:00:00,0.0,17730.898683333347,460.35600000000096
2023-07-12 06:00:00,1493.8040000000017,29619.654500000048,10484.234333333357
2023-07-12 07:00:00,1523.8000000000015,30039.373616666715,43225.54800000005
2023-07-12 08:00:00,0.0,39657.30048333335,38273.64300000003
2023-07-12 09:00:00,0.0,58596.166900000004,14507.86233333336
2023-07-12 10:00:00,8.269000000000007,66885.31166666666,16082.658500000036
2023-07-12 11:00:00,8.272000000000006,106334.5730333333,15087.837166666694
2023-07-12 12:00:00,0.0,144873.33614999993,0.0
2023-07-12 13:00:00,0.0,136979.49641666663,9902.969666666675
2023-07-12 14:00:00,0.0,160460.8923666666,11314.128000000012
2023-07-12 15:00:00,0.0,138314.90906666662,7183.329333333331
2023-07-12 16:00:00,0.0,94238.70673333334,18309.118000000024
2023-07-12 17:00:00,0.0,62849.19435000009,20861.910000000025
2023-07-12 18:00:00,1508.8020000000026,61826.14111666675,630.4840000000008
2023-07-12 19:00:00,1568.794000000003,50193.82513333337,9508.3236666667
2023-07-12 20:00:00,0.0,46649.86213333337,10574.332666666694
2023-07-12 21:00:00,0.0,35685.88533333338,0.0
2023-07-12 22:00:00,0.0,15496.692283333354,0.0
2023-07-12 23:00:00,0.0,4848.818000000004,0.0
2023-07-13 00:00:00,0.0,2080.116650000001,0.0
2023-07-13 01:00:00,0.0,6602.59398333334,0.0
2023-07-13 02:00:00,0.0,9205.076633333338,0.0
2023-07-13 03:00:00,0.0,10235.070750000006,0.0
2023-07-13 04:00:00,0.0,12468.83278333334,0.0
2023-07-13 05:00:00,0.0,18010.49116666668,456.01600000000076
2023-07-13 06:00:00,1561.295000000003,31777.66260000006,9916.449333333358
2023-07-13 07:00:00,1441.3110000000036,31526.13628333338,34880.01100000005
2023-07-13 08:00:00,0.0,45707.63315000001,37487.69866666671
2023-07-13 09:00:00,0.0,69989.76094999995,15929.747333333364
2023-07-13 10:00:00,8.278000000000006,74493.39194999998,17584.42950000004
2023-07-13 11:00:00,8.263000000000007,110926.67164999999,14591.7781666667
2023-07-13 12:00:00,0.0,143242.33996666662,0.0
2023-07-13 13:00:00,0.0,135018.1626666666,7393.168666666667
2023-07-13 14:00:00,0.0,134327.49404999992,6734.901333333331
2023-07-13 15:00:00,0.0,131744.76099999997,7143.22966666667
2023-07-13 16:00:00,0.0,102343.41875,25990.13300000003
2023-07-13 17:00:00,0.0,62894.62791666676,34779.15500000004
2023-07-13 18:00:00,1448.8100000000022,62379.49548333342,647.8440000000008
2023-07-13 19:00:00,1643.7840000000017,50619.012016666704,10087.983000000035
2023-07-13 20:00:00,0.0,47831.08790000004,10131.26533333336
2023-07-13 21:00:00,0.0,35382.64655000005,0.0
2023-07-13 22:00:00,0.0,14735.406166666682,0.0
2023-07-13 23:00:00,0.0,3954.9924833333334,0.0
2023-07-14 00:00:00,0.0,2610.1137833333355,0.0
2023-07-14 01:00:00,0.0,6492.594716666674,0.0
2023-07-14 02:00:00,0.0,8907.578616666673,0.0
2023-07-14 03:00:00,0.0,11322.56323333334,0.0
2023-07-14 04:00:00,0.0,12688.374900000006,0.0
2023-07-14 05:00:00,0.0,16777.783450000014,473.0040000000005
2023-07-14 06:00:00,1456.3090000000018,33601.855283333396,9878.701666666695
2023-07-14 07:00:00,1576.2930000000033,31037.220766666716,26662.007000000052
2023-07-14 08:00:00,0.0,39869.075116666674,30898.43533333337
2023-07-14 09:00:00,0.0,66234.63656666665,16944.97883333336
2023-07-14 10:00:00,8.279000000000005,81599.95163333332,15746.494666666702
2023-07-14 11:00:00,8.262000000000006,117009.56926666664,11753.430000000018
2023-07-14 12:00:00,0.0,153476.5897999999,0.0
2023-07-14 13:00:00,0.0,146045.83058333327,6785.400333333331
2023-07-14 14:00:00,0.0,147512.4166999999,11371.918333333348
2023-07-14 15:00:00,0.0,129884.78808333329,7518.681666666676
2023-07-14 16:00:00,0.0,80198.43504999999,39497.42333333337
2023-07-14 17:00:00,0.0,54625.41848333342,31238.636333333365
2023-07-14 18:00:00,1456.3090000000022,62365.306333333414,588.4480000000009
2023-07-14 19:00:00,1606.2889999999998,50440.692250000044,10248.416333333364
2023-07-14 20:00:00,0.0,46326.78400000004,10197.892000000025
2023-07-14 21:00:00,0.0,35448.896416666714,0.0
2023-07-14 22:00:00,0.0,15008.389166666686,0.0
2023-07-14 23:00:00,0.0,5151.906650000004,0.0
2023-07-15 00:00:00,0.0,1790.1187999999995,0.0
2023-07-15 01:00:00,0.0,6155.096966666672,0.0
2023-07-15 02:00:00,0.0,9400.07533333334,0.0
2023-07-15 03:00:00,0.0,10670.06803333334,0.0
2023-07-15 04:00:00,0.0,12578.85571666667,0.0
2023-07-15 05:00:00,0.0,17022.364216666676,404.0600000000009
2023-07-15 06:00:00,1463.8080000000023,30008.23883333338,10714.897666666691
2023-07-15 07:00:00,1486.3050000000028,30053.58165000005,45401.132333333386
2023-07-15 08:00:00,0.0,40934.65738333334,29239.350000000035
2023-07-15 09:00:00,0.0,65211.49068333332,14551.326500000025
2023-07-15 10:00:00,8.272000000000006,70031.71893333332,17672.788833333372
2023-07-15 11:00:00,8.269000000000005,101060.49879999999,14802.346666666694
2023-07-15 12:00:00,0.0,153535.83813333325,0.0
2023-07-15 13:00:00,0.0,143159.15613333325,7917.491000000007
2023-07-15 14:00:00,0.0,140989.32828333328,7918.459000000002
2023-07-15 15:00:00,0.0,142329.67259999993,10642.472333333335
2023-07-15 16:00:00,0.0,93147.32876666664,31162.811666666697
2023-07-15 17:00:00,0.0,59180.919000000096,17115.016000000032
2023-07-15 18:00:00,1576.2930000000017,62334.50243333342,576.5440000000012
2023-07-15 19:00:00,1568.794000000003,50361.708416666705,9731.562000000025
2023-07-15 20:00:00,0.0,45906.04106666671,10074.632666666697
2023-07-15 21:00:00,0.0,35462.75386666671,0.0
2023-07-15 22:00:00,0.0,14843.597566666682,0.0
2023-07-15 23:00:00,0.0,4603.317550000002,0.0
2023-07-16 00:00:00,0.0,0.0,0.0
2023-07-16 01:00:00,0.0,0.0,0.0
2023-07-16 02:00:00,0.0,0.0,0.0
2023-07-16 03:00:00,0.0,0.0,0.0
2023-07-16 04:00:00,0.0,220.22203333333312,0.0
2023-07-16 05:00:00,0.0,5511.714633333343,414.4760000000009
2023-07-16 06:00:00,1546.297000000004,19755.05341666672,9835.501666666692
2023-07-16 07:00:00,1493.8040000000026,14254.259800000043,24369.522666666722
2023-07-16 08:00:00,0.0,1982.9358666666665,25740.015333333373
2023-07-16 09:00:00,0.0,561.1477499999967,16121.993166666696
2023-07-16 10:00:00,8.271000000000006,590.773366666663,17121.345666666704
2023-07-16 11:00:00,8.270000000000005,773.9253333333297,14600.502500000024
2023-07-16 12:00:00,0.0,679.8553666666636,0.0
2023-07-16 13:00:00,0.0,704.0204333333295,5325.228999999999
2023-07-16 14:00:00,0.0,617.5268999999976,9909.760000000006
2023-07-16 15:00:00,0.0,642.1102333333299,8929.390000000007
2023-07-16 16:00:00,0.0,2719.422916666663,40841.28566666671
2023-07-16 17:00:00,0.0,32887.917200000076,33928.32600000003
2023-07-16 18:00:00,1456.3090000000025,43766.97466666675,644.1239999999998
2023-07-16 19:00:00,1598.7900000000013,35609.1137666667,10742.75100000003
2023-07-16 20:00:00,0.0,32757.716650000035,9888.07800000003
2023-07-16 21:00:00,0.0,23263.91913333337,0.0
2023-07-16 22:00:00,0.0,5862.084866666677,0.0
2023-07-16 23:00:00,0.0,342.1332166666663,0.0
2023-07-17 00:00:00,0.0,2605.112666666667,0.0
2023-07-17 01:00:00,0.0,7550.087666666673,0.0
2023-07-17 02:00:00,0.0,9622.573850000008,0.0
2023-07-17 03:00:00,0.0,12067.557600000007,0.0
2023-07-17 04:00:00,0.0,12973.145533333338,0.0
2023-07-17 05:00:00,0.0,18293.88901666668,415.0960000000006
2023-07-17 06:00:00,1591.2910000000024,32407.031350000056,10448.367000000026
2023-07-17 07:00:00,1516.3010000000024,31804.022150000048,35488.33500000006
2023-07-17 08:00:00,0.0,38808.27670000001,27206.247000000032
2023-07-17 09:00:00,0.0,54024.19913333334,15438.07700000003
2023-07-17 10:00:00,8.267000000000007,75294.28858333331,19332.82200000004
2023-07-17 11:00:00,8.274000000000006,116147.48041666663,14460.684333333356
2023-07-17 12:00:00,0.0,150225.66631666658,0.0
2023-07-17 13:00:00,0.0,156032.74369999993,5450.7080000000005
2023-07-17 14:00:00,0.0,126781.67243333328,10729.165000000008
2023-07-17 15:00:00,0.0,126302.77303333327,10439.508333333339
2023-07-17 16:00:00,0.0,91210.3035,36967.65533333336
2023-07-17 17:00:00,0.0,58761.62886666675,23006.495000000035
2023-07-17 18:00:00,1501.3030000000022,61813.888750000086,615.7280000000006
2023-07-17 19:00:00,1486.3050000000028,48210.72148333337,10241.872000000032
2023-07-17 20:00:00,0.0,44968.85538333337,9816.454333333364
2023-07-17 21:00:00,0.0,34437.92998333338,0.0
2023-07-17 22:00:00,0.0,14842.308683333351,0.0
2023-07-17 23:00:00,0.0,4766.23341666667,0.0
2023-07-18 00:00:00,0.0,2457.6124833333333,0.0
2023-07-18 01:00:00,0.0,7307.58928333334,0.0
2023-07-18 02:00:00,0.0,9542.57438333334,0.0
2023-07-18 03:00:00,0.0,9997.072400000008,0.0
2023-07-18 04:00:00,0.0,11419.222766666673,0.0
2023-07-18 05:00:00,0.0,18353.73686666668,495.0760000000003
2023-07-18 06:00:00,1486.305000000002,33090.81665000006,10837.09466666669
2023-07-18 07:00:00,1471.307000000002,34181.94630000005,36598.51333333339
2023-07-18 08:00:00,0.0,39053.922016666686,28969.157000000036
2023-07-18 09:00:00,0.0,53753.462,13903.169666666694
2023-07-18 10:00:00,8.265000000000006,70242.06863333333,16248.308833333367
2023-07-18 11:00:00,8.276000000000007,108890.25576666664,13571.746500000021
2023-07-18 12:00:00,0.0,142765.42209999994,0.0
2023-07-18 13:00:00,0.0,147394.48034999994,9213.000666666669
2023-07-18 14:00:00,0.0,136420.34304999994,9684.803
2023-07-18 15:00:00,0.0,136121.53336666664,7488.483
2023-07-18 16:00:00,0.0,103335.6877,39254.24866666671
2023-07-18 17:00:00,0.0,65740.37913333342,27224.18933333337
2023-07-18 18:00:00,1531.2990000000023,59888.63171666675,602.8320000000014
2023-07-18 19:00:00,1606.2890000000018,48922.28355000004,9878.507000000025
2023-07-18 20:00:00,0.0,45218.3690666667,10086.292333333366
2023-07-18 21:00:00,0.0,33930.72136666671,0.0
2023-07-18 22:00:00,0.0,15074.284866666683,0.0
2023-07-18 23:00:00,0.0,5343.315350000004,0.0
2023-07-19 00:00:00,0.0,1712.6176833333325,0.0
2023-07-19 01:00:00,0.0,5447.601683333336,0.0
2023-07-19 02:00:00,0.0,7995.084700000004,0.0
2023-07-19 03:00:00,0.0,9760.073583333342,0.0
2023-07-19 04:00:00,0.0,11137.97198333334,0.0
2023-07-19 05:00:00,0.0,17336.19276666668,407.6560000000005
2023-07-19 06:00:00,1471.307000000003,33623.70186666673,10055.01800000003
2023-07-19 07:00:00,1538.798000000002,31900.919350000047,34922.632333333386
2023-07-19 08:00:00,0.0,44993.97268333334,41133.975333333365
2023-07-19 09:00:00,0.0,66870.83224999999,17404.083333333365
2023-07-19 10:00:00,8.269000000000005,72579.45143333332,17443.625833333375
2023-07-19 11:00:00,8.272000000000006,109548.16888333332,12939.669500000024
2023-07-19 12:00:00,0.0,143852.42993333325,0.0
2023-07-19 13:00:00,0.0,148281.48736666658,6046.175000000002
2023-07-19 14:00:00,0.0,150993.64711666657,9780.083333333336
2023-07-19 15:00:00,0.0,125826.02736666659,11123.499333333342
2023-07-19 16:00:00,0.0,87104.21471666667,18385.770000000033
2023-07-19 17:00:00,0.0,56092.388266666756,30533.59533333337
2023-07-19 18:00:00,1576.2930000000024,61101.03753333342,653.3000000000011
2023-07-19 19:00:00,1508.8020000000017,50468.68485000004,10377.398333333358
2023-07-19 20:00:00,0.0,46635.360900000036,10406.100333333367
2023-07-19 21:00:00,0.0,35088.11863333338,0.0
2023-07-19 22:00:00,0.0,15238.935600000019,0.0
2023-07-19 23:00:00,0.0,5197.405800000004,0.0
2023-07-20 00:00:00,0.0,3002.608383333335,0.0
2023-07-20 01:00:00,0.0,6577.594150000006,0.0
2023-07-20 02:00:00,0.0,7752.586316666672,0.0
2023-07-20 03:00:00,0.0,9770.07383333334,0.0
2023-07-20 04:00:00,0.0,10723.087050000007,0.0
2023-07-20 05:00:00,0.0,16086.908466666682,443.98800000000136
2023-07-20 06:00:00,1576.2930000000026,31202.103316666726,11279.04233333336
2023-07-20 07:00:00,1508.8020000000035,29526.049333333383,33906.79000000006
2023-07-20 08:00:00,0.0,45693.420800000014,43663.9336666667
2023-07-20 09:00:00,0.0,68046.50591666663,16381.325333333363
2023-07-20 10:00:00,8.272000000000006,90017.63241666665,15605.943333333362
2023-07-20 11:00:00,8.269000000000005,115263.97489999997,13877.005833333362
2023-07-20 12:00:00,0.0,130512.58233333328,0.0
2023-07-20 13:00:00,0.0,141509.32249999995,5494.866666666667
2023-07-20 14:00:00,0.0,142025.1543666666,7780.9389999999985
2023-07-20 15:00:00,0.0,126019.77864999993,9739.276000000005
2023-07-20 16:00:00,0.0,92559.95934999999,20761.211333333362
2023-07-20 17:00:00,0.0,60399.426600000086,33540.43833333337
2023-07-20 18:00:00,1478.8060000000035,62737.43770000009,629.4920000000005
2023-07-20 19:00:00,1531.299000000003,47818.468666666704,10200.365666666692
2023-07-20 20:00:00,0.0,45479.00453333338,10392.775000000027
2023-07-20 21:00:00,0.0,34185.60470000005,0.0
2023-07-20 22:00:00,0.0,14098.335866666683,0.0
2023-07-20 23:00:00,0.0,4625.4037333333345,0.0
2023-07-21 00:00:00,0.0,1745.1194166666655,0.0
2023-07-21 01:00:00,0.0,6397.595350000008,0.0
2023-07-21 02:00:00,0.0,9332.575783333341,0.0
2023-07-21 03:00:00,0.0,10712.56760000001,0.0
2023-07-21 04:00:00,0.0,12337.13371666667,0.0
2023-07-21 05:00:00,0.0,19263.62381666668,417.82400000000035
2023-07-21 06:00:00,1418.8140000000026,30567.29143333339,10503.833666666695
2023-07-21 07:00:00,1598.790000000003,33223.18580000004,46642.41066666672
2023-07-21 08:00:00,0.0,46379.90668333334,37845.282000000036
2023-07-21 09:00:00,0.0,71609.17064999999,13566.474833333355
2023-07-21 10:00:00,8.262000000000006,73648.6222,15487.813500000037
2023-07-21 11:00:00,8.279000000000007,116622.74484999997,14291.712666666699
2023-07-21 12:00:00,0.0,138436.2661999999,0.0
2023-07-21 13:00:00,0.0,145084.4043999999,7476.458999999999
2023-07-21 14:00:00,0.0,140770.91664999994,10547.710000000006
2023-07-21 15:00:00,0.0,136598.9367666666,8392.732333333337
2023-07-21 16:00:00,0.0,82772.89236666667,28497.075666666697
2023-07-21 17:00:00,0.0,57834.41535000009,24894.52300000003
2023-07-21 18:00:00,1568.7940000000042,61020.19251666676,623.1680000000014
2023-07-21 19:00:00,1508.802000000004,48771.25531666671,9796.095333333362
2023-07-21 20:00:00,0.0,46883.21568333337,10481.05533333336
2023-07-21 21:00:00,0.0,34282.326266666714,0.0
2023-07-21 22:00:00,0.0,14371.779333333354,0.0
2023-07-21 23:00:00,0.0,5221.3108500000035,0.0
2023-07-22 00:00:00,0.0,2085.115183333333,0.0
2023-07-22 01:00:00,0.0,6465.094900000006,0.0
2023-07-22 02:00:00,0.0,8997.578016666674,0.0
2023-07-22 03:00:00,0.0,9790.07393333334,0.0
2023-07-22 04:00:00,0.0,11067.525233333341,0.0
2023-07-22 05:00:00,0.0,15757.227816666684,484.66000000000105
2023-07-22 06:00:00,1561.2950000000028,29942.549166666722,10708.107333333364
2023-07-22 07:00:00,1471.3070000000032,32233.63571666672,37073.200333333385
2023-07-22 08:00:00,0.0,42139.57578333334,31528.665666666693
2023-07-22 09:00:00,0.0,69994.96173333332,14490.275333333353
2023-07-22 10:00:00,8.268000000000006,76487.20181666664,15383.347500000034
2023-07-22 11:00:00,8.273000000000007,115449.72584999996,14079.598833333359
2023-07-22 12:00:00,0.0,126974.09313333328,0.0
2023-07-22 13:00:00,0.0,143019.91638333324,9876.10533333334
2023-07-22 14:00:00,0.0,148424.8464166666,12034.884333333343
2023-07-22 15:00:00,0.0,136572.27568333325,8653.226333333343
2023-07-22 16:00:00,0.0,98323.58679999999,20337.666333333364
2023-07-22 17:00:00,0.0,59889.95511666675,39094.49100000004
2023-07-22 18:00:00,1373.820000000002,60950.401566666755,550.2560000000014
2023-07-22 19:00:00,1688.778000000003,49525.27425000004,9847.529333333363
2023-07-22 20:00:00,0.0,46464.09131666671,10211.21733333336
2023-07-22 21:00:00,0.0,34781.42685000005,0.0
2023-07-22 22:00:00,0.0,15020.984983333348,0.0
2023-07-22 23:00:00,0.0,4918.731600000001,0.0
2023-07-23 00:00:00,0.0,0.0,0.0
2023-07-23 01:00:00,0.0,0.0,0.0
2023-07-23 02:00:00,0.0,0.0,0.0
2023-07-23 03:00:00,0.0,0.0,0.0
2023-07-23 04:00:00,0.0,249.45701666666645,0.0
2023-07-23 05:00:00,0.0,5207.075533333342,450.93200000000087
2023-07-23 06:00:00,1561.2950000000023,17771.78725000005,9970.74633333336
2023-07-23 07:00:00,1441.3110000000033,14200.557516666704,37048.635000000046
2023-07-23 08:00:00,0.0,2096.0154,36579.82333333338
2023-07-23 09:00:00,0.0,646.1916333333297,16595.8681666667
2023-07-23 10:00:00,8.275000000000006,714.1828666666629,15317.5751666667
2023-07-23 11:00:00,8.266000000000005,727.6855499999963,11749.888333333356
2023-07-23 12:00:00,0.0,651.1135999999968,0.0
2023-07-23 13:00:00,0.0,706.2715833333297,8487.908000000007
2023-07-23 14:00:00,0.0,760.2666833333292,9900.11933333334
2023-07-23 15:00:00,0.0,614.78213333333,10093.892666666678
2023-07-23 16:00:00,0.0,3182.7243666666636,28116.44200000003
2023-07-23 17:00:00,0.0,33955.26361666674,18041.15933333336
2023-07-23 18:00:00,1628.7860000000012,46706.65828333341,606.0560000000012
2023-07-23 19:00:00,1463.8080000000018,36012.85108333337,10560.54733333336
2023-07-23 20:00:00,0.0,32869.81148333337,9683.20100000003
2023-07-23 21:00:00,0.0,21941.34385000004,0.0
2023-07-23 22:00:00,0.0,5615.965200000011,0.0
2023-07-23 23:00:00,0.0,379.8024166666662,0.0
2023-07-24 00:00:00,0.0,2757.610783333334,0.0
2023-07-24 01:00:00,0.0,6467.594883333339,0.0
2023-07-24 02:00:00,0.0,9210.076600000004,0.0
2023-07-24 03:00:00,0.0,11160.064000000006,0.0
2023-07-24 04:00:00,0.0,11760.216350000006,0.0
2023-07-24 05:00:00,0.0,18066.32281666668,483.91600000000074
2023-07-24 06:00:00,1456.3090000000022,31801.233766666723,10391.810333333353
2023-07-24 07:00:00,1486.3050000000026,34032.49046666672,31344.7213333334
2023-07-24 08:00:00,0.0,34753.277966666676,35108.78433333336
2023-07-24 09:00:00,0.0,55188.49013333334,14979.741166666694
2023-07-24 10:00:00,8.278000000000006,70421.3872,18416.611833333372
2023-07-24 11:00:00,8.263000000000005,108035.82756666664,12984.193333333353
2023-07-24 12:00:00,0.0,137906.24479999993,0.0
2023-07-24 13:00:00,0.0,159438.87348333324,6881.889333333335
2023-07-24 14:00:00,0.0,167966.05963333327,9297.655333333341
2023-07-24 15:00:00,0.0,135951.12488333328,8958.657333333336
2023-07-24 16:00:00,0.0,84903.8282,35033.70933333337
2023-07-24 17:00:00,0.0,62756.361383333424,25229.660666666707
2023-07-24 18:00:00,1523.8000000000015,57865.65258333342,597.8720000000014
2023-07-24 19:00:00,1628.7860000000035,47361.39730000004,9562.124666666688
2023-07-24 20:00:00,0.0,44308.076450000044,10727.57400000003
2023-07-24 21:00:00,0.0,33984.83605000005,0.0
2023-07-24 22:00:00,0.0,14598.882216666683,0.0
2023-07-24 23:00:00,0.0,4489.731950000001,0.0
2023-07-25 00:00:00,0.0,2100.116866666666,0.0
2023-07-25 01:00:00,0.0,6302.595983333336,0.0
2023-07-25 02:00:00,0.0,8000.084666666671,0.0
2023-07-25 03:00:00,0.0,9280.078083333337,0.0
2023-07-25 04:00:00,0.0,10114.977666666673,0.0
2023-07-25 05:00:00,0.0,16914.40496666668,457.5040000000012
2023-07-25 06:00:00,1786.2650000000012,30660.18555000006,10140.359333333357
2023-07-25 07:00:00,1306.3290000000022,27988.867100000047,31591.66733333339
2023-07-25 08:00:00,0.0,42774.49670000001,37747.76100000003
2023-07-25 09:00:00,0.0,75620.81586666663,18596.7801666667
2023-07-25 10:00:00,8.272000000000006,70173.87538333332,17164.959666666706
2023-07-25 11:00:00,8.269000000000005,103345.5691333333,14328.439166666692
2023-07-25 12:00:00,0.0,151771.8234999999,0.0
2023-07-25 13:00:00,0.0,155380.89843333326,5349.398666666663
2023-07-25 14:00:00,0.0,146006.7303833333,5574.995333333329
2023-07-25 15:00:00,0.0,130787.49954999996,8638.247333333336
2023-07-25 16:00:00,0.0,89829.7195,37160.57533333336
2023-07-25 17:00:00,0.0,66160.46930000008,28183.524000000034
2023-07-25 18:00:00,1531.2990000000007,61154.781883333424,615.7280000000013
2023-07-25 19:00:00,1471.307000000001,49486.46955000004,10468.754333333363
2023-07-25 20:00:00,0.0,45810.62830000004,10585.992333333365
2023-07-25 21:00:00,0.0,35095.386650000044,0.0
2023-07-25 22:00:00,0.0,14956.614250000013,0.0
2023-07-25 23:00:00,0.0,4805.396100000004,0.0
2023-07-26 00:00:00,0.0,1255.1205833333324,0.0
2023-07-26 01:00:00,0.0,4955.1049666666695,0.0
2023-07-26 02:00:00,0.0,6610.093933333339,0.0
2023-07-26 03:00:00,0.0,8910.079233333341,0.0
2023-07-26 04:00:00,0.0,11578.197166666672,0.0
2023-07-26 05:00:00,0.0,17521.260166666685,479.32800000000043
2023-07-26 06:00:00,1576.2929999999994,32661.556516666726,10042.159000000023
2023-07-26 07:00:00,1418.8140000000012,33002.990066666716,46563.280333333394
2023-07-26 08:00:00,0.0,36958.22506666667,27881.202000000034
2023-07-26 09:00:00,0.0,72426.87226666664,14575.566500000024
2023-07-26 10:00:00,8.267000000000005,75776.60965,19673.885500000044
2023-07-26 11:00:00,8.274000000000006,130034.72558333329,14888.19283333336
2023-07-26 12:00:00,0.0,149155.76403333325,0.0
2023-07-26 13:00:00,0.0,135528.00679999994,5763.982333333331
2023-07-26 14:00:00,0.0,135420.50116666657,8651.06666666667
2023-07-26 15:00:00,0.0,129729.77388333328,7699.825333333334
2023-07-26 16:00:00,0.0,88132.2231,19346.7116666667
2023-07-26 17:00:00,0.0,61271.73941666675,34579.312000000034
2023-07-26 18:00:00,1538.798000000003,59636.534816666746,560.9200000000017
2023-07-26 19:00:00,1561.2950000000033,50124.36801666671,9878.181333333358
2023-07-26 20:00:00,0.0,45926.74726666671,10042.985000000028
2023-07-26 21:00:00,0.0,36004.923633333376,0.0
2023-07-26 22:00:00,0.0,15663.017950000012,0.0
2023-07-26 23:00:00,0.0,4694.479416666669,0.0
2023-07-27 00:00:00,0.0,2745.110566666667,0.0
2023-07-27 01:00:00,0.0,7422.588516666673,0.0
2023-07-27 02:00:00,0.0,9365.075566666676,0.0
2023-07-27 03:00:00,0.0,9595.325316666675,0.0
2023-07-27 04:00:00,0.0,11166.420516666676,0.0
2023-07-27 05:00:00,0.0,17906.250466666686,483.9160000000006
2023-07-27 06:00:00,1411.315000000002,30400.399466666728,10180.439000000028
2023-07-27 07:00:00,1471.3070000000018,34085.43346666672,45904.641666666736
2023-07-27 08:00:00,0.0,45980.90728333334,26506.804666666692
2023-07-27 09:00:00,0.0,64401.04133333332,16372.788666666696
2023-07-27 10:00:00,8.275000000000006,82197.12833333333,15454.588833333368
2023-07-27 11:00:00,8.266000000000007,110183.66691666664,12922.937000000024
2023-07-27 12:00:00,0.0,144792.3358166666,0.0
2023-07-27 13:00:00,0.0,133500.34383333326,4977.937666666668
2023-07-27 14:00:00,0.0,137813.4909333333,8304.553666666667
2023-07-27 15:00:00,0.0,122608.37574999996,11568.403333333341
2023-07-27 16:00:00,0.0,98012.87656666667,27973.539000000033
2023-07-27 17:00:00,0.0,64612.93026666674,29441.443666666702
2023-07-27 18:00:00,1546.2970000000025,61688.59418333342,611.0160000000011
2023-07-27 19:00:00,1666.2810000000027,47396.312750000034,10060.112666666695
2023-07-27 20:00:00,0.0,45815.36863333337,10394.440666666695
2023-07-27 21:00:00,0.0,35044.38151666671,0.0
2023-07-27 22:00:00,0.0,15035.70388333335,0.0
2023-07-27 23:00:00,0.0,5046.232766666671,0.0
2023-07-28 00:00:00,0.0,2542.6128000000003,0.0
2023-07-28 01:00:00,0.0,7332.589116666675,0.0
2023-07-28 02:00:00,0.0,9100.077333333342,0.0
2023-07-28 03:00:00,0.0,10797.56638333334,0.0
2023-07-28 04:00:00,0.0,12381.956483333337,0.0
2023-07-28 05:00:00,0.0,19263.71351666668,448.82400000000086
2023-07-28 06:00:00,1606.2890000000016,30462.924183333387,10457.55033333336
2023-07-28 07:00:00,1568.7940000000003,31507.102483333383,31760.285000000054
2023-07-28 08:00:00,0.0,37934.10448333334,30648.960000000036
2023-07-28 09:00:00,0.0,60614.96109999999,14178.657000000021
2023-07-28 10:00:00,8.272000000000006,75631.29658333331,16499.3616666667
2023-07-28 11:00:00,8.269000000000005,103461.50206666664,12341.047500000017
2023-07-28 12:00:00,0.0,135603.5907166666,0.0
2023-07-28 13:00:00,0.0,156464.4855166666,7820.501000000005
2023-07-28 14:00:00,0.0,157250.67841666657,9767.60933333334
2023-07-28 15:00:00,0.0,133822.7797333333,10835.345666666673
2023-07-28 16:00:00,0.0,91426.40568333335,33562.303000000036
2023-07-28 17:00:00,0.0,60619.27613333342,35135.68400000004
2023-07-28 18:00:00,1523.8000000000009,62126.75286666676,617.8360000000009
2023-07-28 19:00:00,1396.3170000000034,49374.67960000005,9706.789666666687
2023-07-28 20:00:00,0.0,44658.67403333337,10276.178333333371
2023-07-28 21:00:00,0.0,34608.00270000005,0.0
2023-07-28 22:00:00,0.0,15538.558916666685,0.0
2023-07-28 23:00:00,0.0,3978.9073333333354,0.0
2023-07-29 00:00:00,0.0,2770.11165,0.0
2023-07-29 01:00:00,0.0,6700.093333333339,0.0
2023-07-29 02:00:00,0.0,8595.080700000006,0.0
2023-07-29 03:00:00,0.0,10058.071733333338,0.0
2023-07-29 04:00:00,0.0,11776.428033333339,0.0
2023-07-29 05:00:00,0.0,18113.39990000002,472.3840000000006
2023-07-29 06:00:00,1583.7920000000013,33171.1328833334,10203.915666666697
2023-07-29 07:00:00,1591.2910000000036,29391.93440000005,35356.425000000054
2023-07-29 08:00:00,0.0,34274.32333333334,32662.308000000034
2023-07-29 09:00:00,0.0,68606.88804999997,13080.133500000022
2023-07-29 10:00:00,8.267000000000007,84242.97659999998,16831.322833333368
2023-07-29 11:00:00,8.274000000000006,113905.24831666664,12510.972500000025
2023-07-29 12:00:00,0.0,151388.33164999992,0.0
2023-07-29 13:00:00,0.0,136747.57489999995,9195.327000000003
2023-07-29 14:00:00,0.0,140312.65538333327,9812.77
2023-07-29 15:00:00,0.0,131333.78299999994,9025.655333333334
2023-07-29 16:00:00,0.0,99531.07339999998,30441.23433333337
2023-07-29 17:00:00,0.0,58531.54735000008,29359.85800000004
2023-07-29 18:00:00,1561.2950000000033,62170.88985000009,613.7440000000015
2023-07-29 19:00:00,1358.8220000000015,49794.67443333337,9915.477333333358
2023-07-29 20:00:00,0.0,48047.020950000035,10501.043333333362
2023-07-29 21:00:00,0.0,34582.899583333376,0.0
2023-07-29 22:00:00,0.0,15275.599533333352,0.0
2023-07-29 23:00:00,0.0,6064.14881666667,0.0
2023-07-30 00:00:00,0.0,0.0,0.0
2023-07-30 01:00:00,0.0,0.0,0.0
2023-07-30 02:00:00,0.0,0.0,0.0
2023-07-30 03:00:00,0.0,0.0,0.0
2023-07-30 04:00:00,0.0,232.83024999999975,0.0
2023-07-30 05:00:00,0.0,5632.79440000001,484.78400000000147
2023-07-30 06:00:00,1456.3090000000034,17387.708616666718,10352.051000000023
2023-07-30 07:00:00,1456.3090000000016,12569.753250000036,31901.854333333402
2023-07-30 08:00:00,0.0,1609.8667499999965,32056.793000000027
2023-07-30 09:00:00,0.0,637.4090666666632,15785.003166666693
2023-07-30 10:00:00,8.275000000000006,646.9394166666632,17213.921333333376
2023-07-30 11:00:00,8.266000000000005,722.434549999997,12204.541000000023
2023-07-30 12:00:00,0.0,669.4371166666638,0.0
2023-07-30 13:00:00,0.0,661.4374333333302,5403.40466666667
2023-07-30 14:00:00,0.0,680.3531499999964,8757.057666666677
2023-07-30 15:00:00,0.0,704.6051166666624,8773.038666666665
2023-07-30 16:00:00,0.0,3401.8855333333313,38697.512666666706
2023-07-30 17:00:00,0.0,34418.63906666674,30466.342000000033
2023-07-30 18:00:00,1613.7880000000023,46823.07885000008,596.136000000001
2023-07-30 19:00:00,1568.7940000000015,35188.87075000003,9853.78100000003
2023-07-30 20:00:00,0.0,33137.63228333337,10929.119666666695
2023-07-30 21:00:00,0.0,24219.665850000038,0.0
2023-07-30 22:00:00,0.0,5800.261083333343,0.0
2023-07-30 23:00:00,0.0,385.21739999999954,0.0
2023-07-31 00:00:00,0.0,2102.6158333333324,0.0
2023-07-31 01:00:00,0.0,6665.093566666671,0.0
2023-07-31 02:00:00,0.0,7682.586783333339,0.0
2023-07-31 03:00:00,0.0,9520.075633333337,0.0
2023-07-31 04:00:00,0.0,12331.626650000004,0.0
2023-07-31 05:00:00,0.0,18159.574650000017,476.3519999999999
2023-07-31 06:00:00,1681.2790000000002,30464.447366666718,9973.080333333357
2023-07-31 07:00:00,1246.3370000000002,30906.815616666714,29970.13233333338
2023-07-31 08:00:00,0.0,50741.03185000001,30343.166666666697
2023-07-31 09:00:00,0.0,74242.40446666666,17645.13533333336
2023-07-31 10:00:00,8.268000000000006,84816.0952833333,18931.326666666704
2023-07-31 11:00:00,8.273000000000007,115235.4804166666,12381.623000000023
2023-07-31 12:00:00,0.0,144794.17219999994,0.0
2023-07-31 13:00:00,0.0,135428.08964999995,4427.147333333332
2023-07-31 14:00:00,0.0,131262.27066666662,11222.92633333334
2023-07-31 15:00:00,0.0,132130.02014999994,7929.118666666666
2023-07-31 16:00:00,0.0,86655.20161666667,43767.38600000004
2023-07-31 17:00:00,0.0,59475.873183333424,30153.69700000004
2023-07-31 18:00:00,1718.7740000000035,62521.57523333342,566.0040000000016
2023-07-31 19:00:00,1448.8100000000024,51143.07671666671,10827.220666666693
2023-07-31 20:00:00,0.0,46674.23001666671,9288.438000000027
2023-07-31 21:00:00,0.0,34097.116483333375,0.0
2023-07-31 22:00:00,0.0,15127.270700000015,0.0
2023-07-31 23:00:00,0.0,4874.982633333337,0.0
2023-08-01 00:00:00,0.0,2242.615583333334,0.0
2023-08-01 01:00:00,0.0,7127.590483333339,0.0
2023-08-01 02:00:00,0.0,10347.569016666672,0.0
2023-08-01 03:00:00,0.0,11007.81518333334,0.0
2023-08-01 04:00:00,0.0,11586.729283333341,0.0
2023-08-01 05:00:00,0.0,17737.28065000002,458.49600000000106
2023-08-01 06:00:00,1463.8080000000014,30588.80920000006,10309.831666666696
2023-08-01 07:00:00,1606.2889999999993,33809.47571666672,32886.05900000007
2023-08-01 08:00:00,0.0,33369.61835000001,38496.793333333364
2023-08-01 09:00:00,0.0,62766.48031666667,14404.620833333362
2023-08-01 10:00:00,8.257000000000005,83155.8852333333,17763.519833333372
2023-08-01 11:00:00,8.284000000000006,108809.55853333333,13813.23666666669
2023-08-01 12:00:00,0.0,139179.0752666666,0.0
2023-08-01 13:00:00,0.0,139447.07029999993,8150.897000000004
2023-08-01 14:00:00,0.0,139511.41069999995,10012.77900000001
2023-08-01 15:00:00,0.0,123045.11004999996,10544.203000000005
2023-08-01 16:00:00,0.0,96486.99093333333,20353.93533333336
2023-08-01 17:00:00,0.0,63321.38330000009,30569.519000000033
2023-08-01 18:00:00,1456.309000000003,60483.418966666744,634.452000000001
2023-08-01 19:00:00,1568.7940000000015,49048.03775000005,9507.120666666695
2023-08-01 20:00:00,0.0,44839.71888333338,10845.836333333356
2023-08-01 21:00:00,0.0,33860.336933333376,0.0
2023-08-01 22:00:00,0.0,14787.702516666679,0.0
2023-08-01 23:00:00,0.0,4484.9970833333355,0.0
2023-08-02 00:00:00,0.0,2340.1130833333336,0.0
2023-08-02 01:00:00,0.0,7252.589650000007,0.0
2023-08-02 02:00:00,0.0,9477.574816666674,0.0
2023-08-02 03:00:00,0.0,10520.068433333341,0.0
2023-08-02 04:00:00,0.0,10714.840033333341,0.0
2023-08-02 05:00:00,0.0,16663.768883333352,468.6640000000011
2023-08-02 06:00:00,1471.3070000000032,30882.413433333393,9918.79233333336
2023-08-02 07:00:00,1493.804000000003,32644.34733333338,25905.619666666727
2023-08-02 08:00:00,0.0,40646.86706666668,38121.74400000003
2023-08-02 09:00:00,0.0,67234.70455,15403.38783333336
2023-08-02 10:00:00,8.275000000000006,79128.29273333332,16913.10733333337
2023-08-02 11:00:00,8.266000000000005,108685.89016666664,14422.575833333365
2023-08-02 12:00:00,0.0,133170.65473333327,0.0
2023-08-02 13:00:00,0.0,140516.14763333325,6342.310666666665
2023-08-02 14:00:00,0.0,139151.00343333327,10779.007333333342
2023-08-02 15:00:00,0.0,139014.28248333326,10064.540333333338
2023-08-02 16:00:00,0.0,95970.11648333332,36974.75600000002
2023-08-02 17:00:00,0.0,62674.412166666756,28395.331666666698
2023-08-02 18:00:00,1583.792000000001,60780.42620000009,583.7360000000014
2023-08-02 19:00:00,1546.2970000000023,50147.14596666671,10922.774333333362
2023-08-02 20:00:00,0.0,44865.88108333337,10124.602666666691
2023-08-02 21:00:00,0.0,33015.86441666671,0.0
2023-08-02 22:00:00,0.0,14447.584716666683,0.0
2023-08-02 23:00:00,0.0,4533.151700000001,0.0
2023-08-03 00:00:00,0.0,2372.614566666668,0.0
2023-08-03 01:00:00,0.0,6150.097000000006,0.0
2023-08-03 02:00:00,0.0,8180.083466666672,0.0
2023-08-03 03:00:00,0.0,9357.576183333342,0.0
2023-08-03 04:00:00,0.0,10894.152750000007,0.0
2023-08-03 05:00:00,0.0,17197.584266666683,459.860000000001
2023-08-03 06:00:00,1546.2970000000028,27849.759966666712,9544.085666666691
2023-08-03 07:00:00,1426.3130000000028,29716.84611666672,30054.710333333387
2023-08-03 08:00:00,0.0,35856.46456666668,21603.282666666702
2023-08-03 09:00:00,0.0,53201.88833333334,16103.806000000031
2023-08-03 10:00:00,8.265000000000006,74242.87905,16440.25200000004
2023-08-03 11:00:00,8.276000000000005,116696.24733333332,12515.769000000024
2023-08-03 12:00:00,0.0,144825.0787499999,0.0
2023-08-03 13:00:00,0.0,143196.7308999999,7085.855333333333
2023-08-03 14:00:00,0.0,141444.81473333325,9171.313000000002
2023-08-03 15:00:00,0.0,134227.5991166666,9220.17033333334
2023-08-03 16:00:00,0.0,100719.24003333334,36603.12300000002
2023-08-03 17:00:00,0.0,65932.47666666676,40317.536333333366
2023-08-03 18:00:00,1471.307000000001,64174.57498333342,645.1160000000003
2023-08-03 19:00:00,1651.283000000003,50238.63995000004,10392.615000000029
2023-08-03 20:00:00,0.0,45561.191383333375,10954.104666666693
2023-08-03 21:00:00,0.0,32692.31323333338,0.0
2023-08-03 22:00:00,0.0,14857.08783333335,0.0
2023-08-03 23:00:00,0.0,5913.139733333337,0.0
2023-08-04 00:00:00,0.0,2030.1162999999983,0.0
2023-08-04 01:00:00,0.0,5397.602016666671,0.0
2023-08-04 02:00:00,0.0,8920.07853333334,0.0
2023-08-04 03:00:00,0.0,10740.067233333342,0.0
2023-08-04 04:00:00,0.0,11875.155450000006,0.0
2023-08-04 05:00:00,0.0,18682.538950000016,478.95600000000087
2023-08-04 06:00:00,1546.2970000000018,31824.833000000057,10246.175333333358
2023-08-04 07:00:00,1478.8060000000044,34722.313983333384,43808.84666666672
2023-08-04 08:00:00,0.0,45258.859266666674,39028.70500000003
2023-08-04 09:00:00,0.0,54455.86631666668,17275.050833333364
2023-08-04 10:00:00,8.275000000000006,71565.22441666668,17673.54883333337
2023-08-04 11:00:00,8.266000000000007,101751.58364999999,13530.645833333356
2023-08-04 12:00:00,0.0,130309.92378333326,0.0
2023-08-04 13:00:00,0.0,137878.85074999993,6798.25366666667
2023-08-04 14:00:00,0.0,147156.59819999992,8629.056666666671
2023-08-04 15:00:00,0.0,144289.10016666655,11153.284666666677
2023-08-04 16:00:00,0.0,107310.17231666665,19910.668666666697
2023-08-04 17:00:00,0.0,60568.233933333424,23701.017000000036
2023-08-04 18:00:00,1463.8080000000023,63002.09411666675,611.0160000000013
2023-08-04 19:00:00,1606.2890000000027,51311.76110000004,9641.384666666694
2023-08-04 20:00:00,0.0,45162.30083333338,10337.808000000028
2023-08-04 21:00:00,0.0,33210.00473333338,0.0
2023-08-04 22:00:00,0.0,13668.76821666668,0.0
2023-08-04 23:00:00,0.0,4862.4860166666695,0.0
2023-08-05 00:00:00,0.0,2115.115316666666,0.0
2023-08-05 01:00:00,0.0,6520.094533333338,0.0
2023-08-05 02:00:00,0.0,9372.575516666675,0.0
2023-08-05 03:00:00,0.0,10631.317416666674,0.0
2023-08-05 04:00:00,0.0,11307.59888333334,0.0
2023-08-05 05:00:00,0.0,16875.229616666682,420.05600000000055
2023-08-05 06:00:00,1613.788000000001,30712.09385000006,10225.828666666692
2023-08-05 07:00:00,1426.313000000004,36657.26645000005,31461.733666666714
2023-08-05 08:00:00,0.0,39819.16950000001,35756.29633333336
2023-08-05 09:00:00,0.0,57265.17724999999,14679.461500000027
2023-08-05 10:00:00,8.274000000000006,72760.05829999999,20310.75733333337
2023-08-05 11:00:00,8.267000000000007,98776.59899999999,14185.812833333364
2023-08-05 12:00:00,0.0,134602.07969999994,0.0
2023-08-05 13:00:00,0.0,151663.39168333323,6636.770666666673
2023-08-05 14:00:00,0.0,145689.23713333326,8049.621666666675
2023-08-05 15:00:00,0.0,149054.42029999994,9591.631333333335
2023-08-05 16:00:00,0.0,92759.0606,29844.164333333363
2023-08-05 17:00:00,0.0,60634.62230000009,28567.95333333336
2023-08-05 18:00:00,1523.8000000000025,61130.29943333342,579.0240000000016
2023-08-05 19:00:00,1531.2990000000023,51708.01585000004,9375.63666666669
2023-08-05 20:00:00,0.0,46126.45106666671,9961.367333333363
2023-08-05 21:00:00,0.0,34474.276766666706,0.0
2023-08-05 22:00:00,0.0,13843.921400000014,0.0
2023-08-05 23:00:00,0.0,4546.326933333335,0.0
2023-08-06 00:00:00,0.0,0.0,0.0
2023-08-06 01:00:00,0.0,0.0,0.0
2023-08-06 02:00:00,0.0,0.0,0.0
2023-08-06 03:00:00,0.0,0.0,0.0
2023-08-06 04:00:00,0.0,251.5096666666664,0.0
2023-08-06 05:00:00,0.0,5382.091833333343,443.24400000000065
2023-08-06 06:00:00,1576.2930000000022,19544.16541666672,9983.190666666695
2023-08-06 07:00:00,1441.3110000000036,15484.113116666715,44095.12966666673
2023-08-06 08:00:00,0.0,2016.569449999999,24729.271666666697
2023-08-06 09:00:00,0.0,605.0919666666632,13960.173500000024
2023-08-06 10:00:00,8.275000000000006,609.3541499999967,15958.492833333368
2023-08-06 11:00:00,8.266000000000005,655.9326666666634,16027.377333333357
2023-08-06 12:00:00,0.0,748.2598499999957,0.0
2023-08-06 13:00:00,0.0,592.4414833333302,7726.828333333338
2023-08-06 14:00:00,0.0,565.6957333333308,9254.67133333334
2023-08-06 15:00:00,0.0,638.1902999999962,11730.871333333342
2023-08-06 16:00:00,0.0,2760.5830499999956,31386.68800000004
2023-08-06 17:00:00,0.0,30961.568466666744,25594.90100000003
2023-08-06 18:00:00,1493.8040000000017,43583.97845000009,611.0160000000016
2023-08-06 19:00:00,1583.7920000000024,35924.3525666667,10593.137333333361
2023-08-06 20:00:00,0.0,32302.650750000033,10316.154333333361
2023-08-06 21:00:00,0.0,22908.044883333372,0.0
2023-08-06 22:00:00,0.0,5414.930516666675,0.0
2023-08-06 23:00:00,0.0,448.21406666666616,0.0
2023-08-07 00:00:00,0.0,2082.6156666666666,0.0
2023-08-07 01:00:00,0.0,6917.591883333337,0.0
2023-08-07 02:00:00,0.0,8887.578750000008,0.0
2023-08-07 03:00:00,0.0,10895.066166666675,0.0
2023-08-07 04:00:00,0.0,11695.702050000007,0.0
2023-08-07 05:00:00,0.0,17794.719550000016,481.9320000000011
2023-08-07 06:00:00,1613.7880000000014,33125.34076666672,10366.122000000032
2023-08-07 07:00:00,1426.3130000000024,35066.91838333339,38741.217000000055
2023-08-07 08:00:00,0.0,35588.76968333335,30990.009000000027
2023-08-07 09:00:00,0.0,61261.58888333334,14393.62266666669
2023-08-07 10:00:00,8.266000000000005,74476.64319999999,17413.592833333372
2023-08-07 11:00:00,8.275000000000006,107673.9036333333,13153.788166666687
2023-08-07 12:00:00,0.0,126972.40859999994,0.0
2023-08-07 13:00:00,0.0,149015.56573333326,5248.366666666666
2023-08-07 14:00:00,0.0,137310.58644999994,12187.53900000001
2023-08-07 15:00:00,0.0,129843.86966666661,10966.18000000001
2023-08-07 16:00:00,0.0,112887.07746666664,33342.462333333366
2023-08-07 17:00:00,0.0,65181.119900000085,27629.066666666702
2023-08-07 18:00:00,1561.2950000000028,60151.35090000008,558.4400000000019
2023-08-07 19:00:00,1493.8040000000008,49487.62021666671,9958.81066666669
2023-08-07 20:00:00,0.0,44855.340133333375,10750.893333333357
2023-08-07 21:00:00,0.0,33426.08276666671,0.0
2023-08-07 22:00:00,0.0,14294.50311666668,0.0
2023-08-07 23:00:00,0.0,4710.159716666669,0.0
2023-08-08 00:00:00,0.0,2232.6154166666674,0.0
2023-08-08 01:00:00,0.0,6067.597550000005,0.0
2023-08-08 02:00:00,0.0,8857.578950000006,0.0
2023-08-08 03:00:00,0.0,10570.067633333343,0.0
2023-08-08 04:00:00,0.0,10807.416566666674,0.0
2023-08-08 05:00:00,0.0,18054.80873333335,425.26400000000086
2023-08-08 06:00:00,1711.2750000000035,30898.517583333392,9247.412000000028
2023-08-08 07:00:00,1471.3070000000027,35931.63115000005,40951.33700000006
2023-08-08 08:00:00,0.0,48209.458600000005,33790.384333333364
2023-08-08 09:00:00,0.0,73250.79983333331,16120.322166666696
2023-08-08 10:00:00,8.278000000000006,80567.0436333333,17395.09433333337
2023-08-08 11:00:00,8.263000000000005,101210.82666666665,14617.873166666694
2023-08-08 12:00:00,0.0,136921.07818333327,0.0
2023-08-08 13:00:00,0.0,135354.15294999996,7537.184666666675
2023-08-08 14:00:00,0.0,135186.32488333326,7584.004
2023-08-08 15:00:00,0.0,149738.0109166666,10677.992333333343
2023-08-08 16:00:00,0.0,88284.25788333334,24937.783000000018
2023-08-08 17:00:00,0.0,56176.676133333414,26491.79333333337
2023-08-08 18:00:00,1426.3130000000035,59777.611300000084,632.3440000000005
2023-08-08 19:00:00,1486.3050000000014,50584.50243333337,10730.14200000003
2023-08-08 20:00:00,0.0,45224.29883333337,11135.662333333361
2023-08-08 21:00:00,0.0,31390.389633333376,0.0
2023-08-08 22:00:00,0.0,14020.399050000015,0.0
2023-08-08 23:00:00,0.0,5475.731066666669,0.0
2023-08-09 00:00:00,0.0,2260.1144166666654,0.0
2023-08-09 01:00:00,0.0,5987.598083333338,0.0
2023-08-09 02:00:00,0.0,7900.085333333341,0.0
2023-08-09 03:00:00,0.0,9340.575966666675,0.0
2023-08-09 04:00:00,0.0,10921.920233333341,0.0
2023-08-09 05:00:00,0.0,16219.004766666681,466.5560000000008
2023-08-09 06:00:00,1591.2909999999993,30430.49635000006,10236.901333333359
2023-08-09 07:00:00,1336.3250000000032,33208.22525000005,40037.214666666725
2023-08-09 08:00:00,0.0,35667.34446666668,36146.16566666671
2023-08-09 09:00:00,0.0,58971.44636666666,15136.54933333336
2023-08-09 10:00:00,8.274000000000006,84136.29663333332,16484.26683333337
2023-08-09 11:00:00,8.267000000000007,114836.65894999997,13846.807500000026
2023-08-09 12:00:00,0.0,140745.49723333327,0.0
2023-08-09 13:00:00,0.0,138293.72199999995,6007.648999999999
2023-08-09 14:00:00,0.0,146192.64799999996,9190.818000000003
2023-08-09 15:00:00,0.0,130258.6817166666,9829.753000000004
2023-08-09 16:00:00,0.0,93925.76911666666,32090.74033333337
2023-08-09 17:00:00,0.0,64569.7692000001,28474.234000000033
2023-08-09 18:00:00,1576.293000000002,60765.10166666676,568.9800000000018
2023-08-09 19:00:00,1591.2910000000036,48437.6546666667,10104.025333333359
2023-08-09 20:00:00,0.0,44649.0410166667,9871.421333333363
2023-08-09 21:00:00,0.0,34435.03461666671,0.0
2023-08-09 22:00:00,0.0,14234.393200000013,0.0
2023-08-09 23:00:00,0.0,4886.733000000002,0.0
2023-08-10 00:00:00,0.0,2025.1175000000003,0.0
2023-08-10 01:00:00,0.0,6657.593616666673,0.0
2023-08-10 02:00:00,0.0,9525.07450000001,0.0
2023-08-10 03:00:00,0.0,9827.573033333341,0.0
2023-08-10 04:00:00,0.0,10814.99068333334,0.0
2023-08-10 05:00:00,0.0,16666.518450000018,432.5800000000007
2023-08-10 06:00:00,1576.2930000000026,30369.62915000006,9581.841000000028
2023-08-10 07:00:00,1343.8240000000044,33925.56588333338,35638.119000000064
2023-08-10 08:00:00,0.0,29851.054933333347,19826.224000000024
2023-08-10 09:00:00,0.0,59704.00934999998,14474.935166666692
2023-08-10 10:00:00,8.269000000000005,71316.72011666665,16640.362000000034
2023-08-10 11:00:00,8.272000000000006,111732.33526666665,12944.989500000025
2023-08-10 12:00:00,0.0,134388.5184666666,0.0
2023-08-10 13:00:00,0.0,148721.82313333327,7698.495000000004
2023-08-10 14:00:00,0.0,151010.99104999992,11238.14600000001
2023-08-10 15:00:00,0.0,141951.09111666662,11222.47633333334
2023-08-10 16:00:00,0.0,96693.72205,38528.84133333336
2023-08-10 17:00:00,0.0,62055.27075000009,33986.16533333337
2023-08-10 18:00:00,1628.786000000005,61639.93891666675,561.4160000000019
2023-08-10 19:00:00,1546.2970000000014,49396.7944666667,10483.928666666694
2023-08-10 20:00:00,0.0,45195.90535000004,10744.23066666669
2023-08-10 21:00:00,0.0,35207.76656666671,0.0
2023-08-10 22:00:00,0.0,14346.10396666668,0.0
2023-08-10 23:00:00,0.0,4103.242766666668,0.0
2023-08-11 00:00:00,0.0,2310.114733333334,0.0
2023-08-11 01:00:00,0.0,6737.59308333334,0.0
2023-08-11 02:00:00,0.0,10115.070566666673,0.0
2023-08-11 03:00:00,0.0,10617.56795000001,0.0
2023-08-11 04:00:00,0.0,12585.441683333342,0.0
2023-08-11 05:00:00,0.0,18597.72048333335,515.5359999999996
2023-08-11 06:00:00,1471.3070000000032,32361.05421666673,10747.446666666698
2023-08-11 07:00:00,1688.778000000002,32422.674450000053,34283.97066666672
2023-08-11 08:00:00,0.0,32033.817933333346,32396.2916666667
2023-08-11 09:00:00,0.0,65647.28253333332,16231.291666666697
2023-08-11 10:00:00,8.273000000000007,84051.89911666664,16329.732333333373
2023-08-11 11:00:00,8.268000000000006,105228.42429999997,15864.587000000032
2023-08-11 12:00:00,0.0,141060.00661666662,0.0
2023-08-11 13:00:00,0.0,148683.9077666666,5209.580333333333
2023-08-11 14:00:00,0.0,141289.65731666662,9734.956666666669
2023-08-11 15:00:00,0.0,132989.01469999994,9507.115333333335
2023-08-11 16:00:00,0.0,91199.2281,34742.7776666667
2023-08-11 17:00:00,0.0,55785.16255000008,22019.775333333368
2023-08-11 18:00:00,1516.301000000001,59340.11321666675,587.5800000000014
2023-08-11 19:00:00,1418.814000000002,49178.4623166667,9500.907666666695
2023-08-11 20:00:00,0.0,44415.37711666671,10474.392666666694
2023-08-11 21:00:00,0.0,32712.028200000044,0.0
2023-08-11 22:00:00,0.0,14057.396733333346,0.0
2023-08-11 23:00:00,0.0,4994.316016666669,0.0
2023-08-12 00:00:00,0.0,2122.6153499999996,0.0
2023-08-12 01:00:00,0.0,6747.593016666672,0.0
2023-08-12 02:00:00,0.0,8205.083300000006,0.0
2023-08-12 03:00:00,0.0,9815.073916666674,0.0
2023-08-12 04:00:00,0.0,11354.336550000007,0.0
2023-08-12 05:00:00,0.0,18997.452750000015,412.8640000000009
2023-08-12 06:00:00,1598.7900000000009,29843.730233333386,10876.54700000003
2023-08-12 07:00:00,1471.3070000000018,30257.751900000054,43391.460333333394
2023-08-12 08:00:00,0.0,32411.979200000005,33921.49933333337
2023-08-12 09:00:00,0.0,63506.53303333332,14718.173666666697
2023-08-12 10:00:00,8.262000000000006,72733.38731666665,16195.976500000043
2023-08-12 11:00:00,8.279000000000007,114921.64571666665,14165.179666666689
2023-08-12 12:00:00,0.0,134767.58894999995,0.0
2023-08-12 13:00:00,0.0,154116.48534999992,8036.802333333339
2023-08-12 14:00:00,0.0,142587.98544999992,10797.131000000007
2023-08-12 15:00:00,0.0,129808.43214999994,7913.449
2023-08-12 16:00:00,0.0,97975.01215,28174.136666666695
2023-08-12 17:00:00,0.0,60545.23280000009,23656.9456666667
2023-08-12 18:00:00,1538.798000000002,60842.10333333341,677.9760000000006
2023-08-12 19:00:00,1486.3050000000017,51062.35230000004,10689.607000000027
2023-08-12 20:00:00,0.0,45371.69970000004,9658.216000000033
2023-08-12 21:00:00,0.0,33913.77981666671,0.0
2023-08-12 22:00:00,0.0,14023.257700000016,0.0
2023-08-12 23:00:00,0.0,4930.565600000004,0.0
2023-08-13 00:00:00,0.0,0.0,0.0
2023-08-13 01:00:00,0.0,0.0,0.0
2023-08-13 02:00:00,0.0,0.0,0.0
2023-08-13 03:00:00,0.0,0.0,0.0
2023-08-13 04:00:00,0.0,251.1610499999997,0.0
2023-08-13 05:00:00,0.0,5167.254633333345,473.500000000001
2023-08-13 06:00:00,1433.8120000000015,16912.412500000057,10785.477666666695
2023-08-13 07:00:00,1651.2830000000004,18179.574083333377,43740.854666666724
2023-08-13 08:00:00,0.0,1790.3794666666654,39785.75666666671
2023-08-13 09:00:00,0.0,645.8563333333299,15890.129166666693
2023-08-13 10:00:00,8.282000000000005,589.0248666666635,16421.825000000044
2023-08-13 11:00:00,8.259000000000006,535.2813666666631,11831.342333333356
2023-08-13 12:00:00,0.0,618.9393333333301,0.0
2023-08-13 13:00:00,0.0,694.5161166666632,6331.7896666666675
2023-08-13 14:00:00,0.0,789.5109999999962,9317.817000000005
2023-08-13 15:00:00,0.0,744.5999999999965,9033.170333333333
2023-08-13 16:00:00,0.0,3698.0354833333313,30290.091333333366
2023-08-13 17:00:00,0.0,31202.840100000074,18664.085333333365
2023-08-13 18:00:00,1568.7940000000035,45630.77271666675,599.8560000000014
2023-08-13 19:00:00,1441.3110000000029,35502.635850000035,10962.41733333336
2023-08-13 20:00:00,0.0,32627.118816666698,9398.37200000003
2023-08-13 21:00:00,0.0,21884.09343333337,0.0
2023-08-13 22:00:00,0.0,5610.752766666676,0.0
2023-08-13 23:00:00,0.0,374.05036666666626,0.0
2023-08-14 00:00:00,0.0,2765.1114833333345,0.0
2023-08-14 01:00:00,0.0,6840.092400000004,0.0
2023-08-14 02:00:00,0.0,8427.581816666672,0.0
2023-08-14 03:00:00,0.0,9020.079050000004,0.0
2023-08-14 04:00:00,0.0,10720.810766666671,0.0
2023-08-14 05:00:00,0.0,17627.37235000002,471.51600000000155
2023-08-14 06:00:00,1501.303000000003,32259.621216666725,10201.446666666694
2023-08-14 07:00:00,1426.3130000000021,30282.48218333338,39002.3143333334
2023-08-14 08:00:00,0.0,37344.99968333334,37326.288333333374
2023-08-14 09:00:00,0.0,62288.02523333331,13479.411500000024
2023-08-14 10:00:00,8.272000000000006,80618.37031666661,16855.27050000004
2023-08-14 11:00:00,8.269000000000005,100685.2455333333,13411.59816666669
2023-08-14 12:00:00,0.0,134326.6761666666,0.0
2023-08-14 13:00:00,0.0,145415.58124999996,7541.832333333337
2023-08-14 14:00:00,0.0,156474.75266666658,11512.288666666675
2023-08-14 15:00:00,0.0,129153.71046666663,9576.117333333335
2023-08-14 16:00:00,0.0,90108.35925,22272.016000000025
2023-08-14 17:00:00,0.0,59091.338350000085,28982.787000000037
2023-08-14 18:00:00,1448.810000000003,61038.40051666676,654.4160000000008
2023-08-14 19:00:00,1718.774000000002,49622.35261666671,10535.41633333336
2023-08-14 20:00:00,0.0,46437.33565000004,10526.02833333336
2023-08-14 21:00:00,0.0,35317.876850000044,0.0
2023-08-14 22:00:00,0.0,15763.127266666681,0.0
2023-08-14 23:00:00,0.0,6558.222966666672,0.0
2023-08-15 00:00:00,0.0,2172.6146166666667,0.0
2023-08-15 01:00:00,0.0,6477.594816666673,0.0
2023-08-15 02:00:00,0.0,9145.077033333342,0.0
2023-08-15 03:00:00,0.0,11052.564733333342,0.0
2023-08-15 04:00:00,0.0,11950.908733333341,0.0
2023-08-15 05:00:00,0.0,17984.157166666682,393.76800000000037
2023-08-15 06:00:00,1538.7980000000025,29904.96151666672,10475.067666666693
2023-08-15 07:00:00,1606.2890000000007,32186.410100000052,29587.34366666672
2023-08-15 08:00:00,0.0,31573.81806666668,35612.22133333337
2023-08-15 09:00:00,0.0,56632.96875,12818.17850000002
2023-08-15 10:00:00,8.275000000000006,77901.65269999999,17371.77633333337
2023-08-15 11:00:00,8.266000000000005,124158.65978333328,14702.579666666694
2023-08-15 12:00:00,0.0,138872.99834999992,0.0
2023-08-15 13:00:00,0.0,138645.98381666662,6345.610999999999
2023-08-15 14:00:00,0.0,127857.81681666663,10619.010333333343
2023-08-15 15:00:00,0.0,150551.58399999992,10259.055333333341
2023-08-15 16:00:00,0.0,98000.09721666666,31740.771000000033
2023-08-15 17:00:00,0.0,57235.15178333342,32043.619000000028
2023-08-15 18:00:00,1486.3050000000019,60424.71685000009,613.7440000000014
2023-08-15 19:00:00,1463.8080000000036,48995.571766666704,9727.514333333362
2023-08-15 20:00:00,0.0,45682.225416666704,10154.584666666695
2023-08-15 21:00:00,0.0,33589.81948333338,0.0
2023-08-15 22:00:00,0.0,14619.35748333335,0.0
2023-08-15 23:00:00,0.0,4049.2369166666685,0.0
2023-08-16 00:00:00,0.0,2530.112983333334,0.0
2023-08-16 01:00:00,0.0,6742.593050000005,0.0
2023-08-16 02:00:00,0.0,9765.072900000005,0.0
2023-08-16 03:00:00,0.0,10872.566983333338,0.0
2023-08-16 04:00:00,0.0,11040.962333333335,0.0
2023-08-16 05:00:00,0.0,17495.647533333344,445.35200000000077
2023-08-16 06:00:00,1486.305000000003,30939.731000000058,10184.09966666669
2023-08-16 07:00:00,1471.3070000000023,32307.093083333377,32132.699000000066
2023-08-16 08:00:00,0.0,40792.30856666668,35160.062666666694
2023-08-16 09:00:00,0.0,64198.612916666665,13750.866666666687
2023-08-16 10:00:00,8.281000000000006,85326.38278333332,14970.5311666667
2023-08-16 11:00:00,8.260000000000005,98513.92564999996,14699.067666666688
2023-08-16 12:00:00,0.0,135408.19144999993,0.0
2023-08-16 13:00:00,0.0,146749.24459999995,8237.417000000001
2023-08-16 14:00:00,0.0,153443.9971333333,10857.355666666675
2023-08-16 15:00:00,0.0,141194.91581666662,11073.501333333343
2023-08-16 16:00:00,0.0,88773.91363333332,24794.524333333356
2023-08-16 17:00:00,0.0,63197.054416666746,31603.004333333367
2023-08-16 18:00:00,1493.8040000000033,63820.77876666675,631.7240000000006
2023-08-16 19:00:00,1643.7840000000022,49373.74618333337,10502.43233333336
2023-08-16 20:00:00,0.0,44662.78971666671,9786.472333333368
2023-08-16 21:00:00,0.0,32853.74343333337,0.0
2023-08-16 22:00:00,0.0,13981.678766666679,0.0
2023-08-16 23:00:00,0.0,3936.6526500000004,0.0
2023-08-17 00:00:00,0.0,2350.1108166666672,0.0
2023-08-17 01:00:00,0.0,6230.096466666672,0.0
2023-08-17 02:00:00,0.0,8257.582950000005,0.0
2023-08-17 03:00:00,0.0,9442.575266666672,0.0
2023-08-17 04:00:00,0.0,11419.098516666674,0.0
2023-08-17 05:00:00,0.0,18001.65058333335,409.39200000000096
2023-08-17 06:00:00,1531.2990000000018,32651.143116666724,11066.675333333362
2023-08-17 07:00:00,1568.7940000000012,32849.17463333338,38276.92866666673
2023-08-17 08:00:00,0.0,42184.30850000002,24794.2616666667
2023-08-17 09:00:00,0.0,59239.973000000005,14038.11666666669
2023-08-17 10:00:00,8.276000000000007,59576.32236666668,14796.200833333365
2023-08-17 11:00:00,8.265000000000006,100156.17861666663,13206.736000000023
2023-08-17 12:00:00,0.0,144590.8482999999,0.0
2023-08-17 13:00:00,0.0,157433.05458333326,4254.848999999998
2023-08-17 14:00:00,0.0,146096.2580833333,11879.84633333334
2023-08-17 15:00:00,0.0,141376.33784999992,12184.861333333341
2023-08-17 16:00:00,0.0,93240.33634999998,35328.192000000025
2023-08-17 17:00:00,0.0,58938.30953333342,31362.993666666705
2023-08-17 18:00:00,1531.2990000000038,63341.45230000009,631.7240000000006
2023-08-17 19:00:00,1463.8079999999993,51162.15008333337,10148.993000000028
2023-08-17 20:00:00,0.0,44474.33393333338,10096.286333333363
2023-08-17 21:00:00,0.0,34581.244233333375,0.0
2023-08-17 22:00:00,0.0,13957.003650000013,0.0
2023-08-17 23:00:00,0.0,3719.6569666666674,0.0
2023-08-18 00:00:00,0.0,3497.606650000002,0.0
2023-08-18 01:00:00,0.0,9070.07753333334,0.0
2023-08-18 02:00:00,0.0,10672.566850000008,0.0
2023-08-18 03:00:00,0.0,10647.568200000007,0.0
2023-08-18 04:00:00,0.0,11753.699450000007,0.0
2023-08-18 05:00:00,0.0,18841.369766666685,504.37600000000094
2023-08-18 06:00:00,1538.7980000000032,33121.9008833334,10350.927333333359
2023-08-18 07:00:00,1433.812000000003,35015.511966666716,39865.498333333395
2023-08-18 08:00:00,0.0,43935.90641666667,27002.24400000003
2023-08-18 09:00:00,0.0,64149.29446666665,16803.31483333336
2023-08-18 10:00:00,8.259000000000006,85296.12676666662,14183.85500000003
2023-08-18 11:00:00,8.282000000000007,107185.42506666666,13429.685166666692
2023-08-18 12:00:00,0.0,133548.01574999993,0.0
2023-08-18 13:00:00,0.0,129581.25983333329,7990.6226666666735
2023-08-18 14:00:00,0.0,137117.49784999996,9552.448666666673
2023-08-18 15:00:00,0.0,150862.01024999993,10916.47633333334
2023-08-18 16:00:00,0.0,90493.05328333333,24443.277000000035
2023-08-18 17:00:00,0.0,55174.49566666675,35390.848000000035
2023-08-18 18:00:00,1531.299000000003,60027.57410000008,564.0200000000011
2023-08-18 19:00:00,1591.2910000000036,49944.31365000004,9425.127333333357
2023-08-18 20:00:00,0.0,45012.97568333337,10477.72400000003
2023-08-18 21:00:00,0.0,33681.57846666671,0.0
2023-08-18 22:00:00,0.0,14598.466300000015,0.0
2023-08-18 23:00:00,0.0,3914.5698333333357,0.0
2023-08-19 00:00:00,0.0,2232.61525,0.0
2023-08-19 01:00:00,0.0,5845.099033333339,0.0
2023-08-19 02:00:00,0.0,8997.578016666674,0.0
2023-08-19 03:00:00,0.0,10037.571433333342,0.0
2023-08-19 04:00:00,0.0,11478.397000000008,0.0
2023-08-19 05:00:00,0.0,16546.452600000015,441.63200000000023
2023-08-19 06:00:00,1501.3030000000028,28495.845766666724,10695.274333333358
2023-08-19 07:00:00,1583.7920000000026,27382.005500000054,37766.598000000056
2023-08-19 08:00:00,0.0,43805.33005000001,25922.202333333375
2023-08-19 09:00:00,0.0,55684.47553333334,18989.948333333363
2023-08-19 10:00:00,8.276000000000007,73105.21963333331,17155.143500000035
2023-08-19 11:00:00,8.265000000000006,107741.73901666663,13743.48766666669
2023-08-19 12:00:00,0.0,132727.92134999996,0.0
2023-08-19 13:00:00,0.0,153750.38884999993,7924.799333333335
2023-08-19 14:00:00,0.0,153205.22824999996,8297.072666666665
2023-08-19 15:00:00,0.0,148207.65943333326,7976.456000000002
2023-08-19 16:00:00,0.0,94444.13805000001,29932.358000000022
2023-08-19 17:00:00,0.0,59577.28983333343,27805.077000000027
2023-08-19 18:00:00,1321.3270000000016,60812.95196666675,650.3240000000015
2023-08-19 19:00:00,1688.7779999999998,48364.06993333337,10459.819000000027
2023-08-19 20:00:00,0.0,43785.863233333366,9378.384000000035
2023-08-19 21:00:00,0.0,32267.77606666671,0.0
2023-08-19 22:00:00,0.0,13900.058666666686,0.0
2023-08-19 23:00:00,0.0,5200.237616666671,0.0
2023-08-20 00:00:00,0.0,0.0,0.0
2023-08-20 01:00:00,0.0,0.0,0.0
2023-08-20 02:00:00,0.0,0.0,0.0
2023-08-20 03:00:00,0.0,0.0,0.0
2023-08-20 04:00:00,0.0,211.81351666666652,0.0
2023-08-20 05:00:00,0.0,4721.274100000008,452.9160000000009
2023-08-20 06:00:00,1613.788000000002,16308.286983333384,10453.430666666696
2023-08-20 07:00:00,1546.2970000000032,14790.48988333338,46704.52666666673
2023-08-20 08:00:00,0.0,2247.3124,32246.30400000003
2023-08-20 09:00:00,0.0,698.7670499999957,15054.879833333362
2023-08-20 10:00:00,8.274000000000006,660.1024499999968,14824.262500000039
2023-08-20 11:00:00,8.267000000000007,620.107699999997,12082.027333333355
2023-08-20 12:00:00,0.0,604.3563166666631,0.0
2023-08-20 13:00:00,0.0,732.7599666666626,8901.852000000003
2023-08-20 14:00:00,0.0,755.0125499999958,9913.38866666667
2023-08-20 15:00:00,0.0,765.2675333333294,9432.826000000006
2023-08-20 16:00:00,0.0,3368.599649999997,28891.407666666702
2023-08-20 17:00:00,0.0,33944.05800000008,19367.982666666696
2023-08-20 18:00:00,1486.3050000000028,46908.016350000085,582.0000000000011
2023-08-20 19:00:00,1448.810000000002,35734.079150000034,9750.902000000031
2023-08-20 20:00:00,0.0,32200.434000000034,10837.508000000029
2023-08-20 21:00:00,0.0,22031.019783333373,0.0
2023-08-20 22:00:00,0.0,5289.387866666675,0.0
2023-08-20 23:00:00,0.0,415.5495499999995,0.0
2023-08-21 00:00:00,0.0,2615.1124166666677,0.0
2023-08-21 01:00:00,0.0,6815.092566666674,0.0
2023-08-21 02:00:00,0.0,8630.080466666674,0.0
2023-08-21 03:00:00,0.0,10709.817833333342,0.0
2023-08-21 04:00:00,0.0,11909.066083333342,0.0
2023-08-21 05:00:00,0.0,18953.795666666687,488.25600000000026
2023-08-21 06:00:00,1516.3010000000031,32047.613116666726,10759.243333333361
2023-08-21 07:00:00,1336.3250000000016,31184.00208333338,39683.83000000005
2023-08-21 08:00:00,0.0,36775.98116666667,27797.932333333363
2023-08-21 09:00:00,0.0,59412.4502,14484.090166666692
2023-08-21 10:00:00,8.261000000000005,78250.13904999997,18016.42250000004
2023-08-21 11:00:00,8.280000000000006,117123.57609999996,15428.36250000003
2023-08-21 12:00:00,0.0,132941.24616666656,0.0
2023-08-21 13:00:00,0.0,136377.17289999995,6537.604000000003
2023-08-21 14:00:00,0.0,136505.35143333327,9855.564333333336
2023-08-21 15:00:00,0.0,136218.6960666666,8998.825000000003
2023-08-21 16:00:00,0.0,112415.44976666663,17153.686000000027
2023-08-21 17:00:00,0.0,61664.44015000008,34699.615000000034
2023-08-21 18:00:00,1681.2790000000039,61293.988266666754,617.7120000000017
2023-08-21 19:00:00,1561.295000000002,50057.804050000035,9884.257333333358
2023-08-21 20:00:00,0.0,43863.727050000045,9883.081000000033
2023-08-21 21:00:00,0.0,32926.248533333375,0.0
2023-08-21 22:00:00,0.0,14334.044100000014,0.0
2023-08-21 23:00:00,0.0,5707.891216666669,0.0
2023-08-22 00:00:00,0.0,2145.1154499999993,0.0
2023-08-22 01:00:00,0.0,6407.5952833333395,0.0
2023-08-22 02:00:00,0.0,8140.083733333339,0.0
2023-08-22 03:00:00,0.0,9167.577566666672,0.0
2023-08-22 04:00:00,0.0,11117.50298333334,0.0
2023-08-22 05:00:00,0.0,17849.730216666678,446.220000000001
2023-08-22 06:00:00,1546.297000000003,32387.618666666727,10099.297000000026
2023-08-22 07:00:00,1381.319000000002,31126.36881666672,43519.95100000005
2023-08-22 08:00:00,0.0,41445.81696666667,37251.075000000026
2023-08-22 09:00:00,0.0,63204.47994999998,14609.144833333356
2023-08-22 10:00:00,8.279000000000005,65402.64156666667,17469.342833333376
2023-08-22 11:00:00,8.262000000000006,114647.07729999999,13899.97783333336
2023-08-22 12:00:00,0.0,133976.6755666666,0.0
2023-08-22 13:00:00,0.0,135464.8346666666,8499.068666666673
2023-08-22 14:00:00,0.0,144705.16651666662,7288.680666666668
2023-08-22 15:00:00,0.0,135773.01364999992,7396.174666666669
2023-08-22 16:00:00,0.0,101010.37548333332,28988.83200000004
2023-08-22 17:00:00,0.0,58833.19380000009,25341.996000000036
2023-08-22 18:00:00,1501.3030000000028,62006.11743333342,615.6040000000012
2023-08-22 19:00:00,1666.281000000003,50819.32360000005,9464.75900000002
2023-08-22 20:00:00,0.0,46886.01911666671,10474.392666666692
2023-08-22 21:00:00,0.0,36735.34780000004,0.0
2023-08-22 22:00:00,0.0,15522.25528333335,0.0
2023-08-22 23:00:00,0.0,4634.315500000001,0.0
2023-08-23 00:00:00,0.0,2202.613816666666,0.0
2023-08-23 01:00:00,0.0,6622.593850000006,0.0
2023-08-23 02:00:00,0.0,8942.57838333334,0.0
2023-08-23 03:00:00,0.0,11052.564566666675,0.0
2023-08-23 04:00:00,0.0,11645.112533333344,0.0
2023-08-23 05:00:00,0.0,16455.03715000002,463.45600000000053
2023-08-23 06:00:00,1456.3090000000022,31753.499483333395,9572.59833333336
2023-08-23 07:00:00,1643.784000000001,30364.617666666712,44562.63366666672
2023-08-23 08:00:00,0.0,33940.16375000001,28597.148666666697
2023-08-23 09:00:00,0.0,60929.24179999999,15184.902666666694
2023-08-23 10:00:00,8.273000000000007,78693.63724999997,16382.887500000037
2023-08-23 11:00:00,8.268000000000006,108470.57448333329,12099.620333333354
2023-08-23 12:00:00,0.0,138546.67723333326,0.0
2023-08-23 13:00:00,0.0,154913.31944999992,7136.544
2023-08-23 14:00:00,0.0,151995.04853333326,9845.94066666668
2023-08-23 15:00:00,0.0,129804.91146666663,9389.635333333339
2023-08-23 16:00:00,0.0,93091.09243333332,34903.881666666704
2023-08-23 17:00:00,0.0,57131.07883333342,30897.85733333337
2023-08-23 18:00:00,1546.2970000000014,59461.73965000008,630.4840000000008
2023-08-23 19:00:00,1448.8100000000015,48217.694883333366,9962.50466666669
2023-08-23 20:00:00,0.0,43744.355933333376,10452.739000000034
2023-08-23 21:00:00,0.0,32626.977950000044,0.0
2023-08-23 22:00:00,0.0,14405.963666666681,0.0
2023-08-23 23:00:00,0.0,5078.485000000002,0.0
2023-08-24 00:00:00,0.0,2405.1136833333326,0.0
2023-08-24 01:00:00,0.0,5962.598250000004,0.0
2023-08-24 02:00:00,0.0,7812.585916666675,0.0
2023-08-24 03:00:00,0.0,9352.576800000006,0.0
2023-08-24 04:00:00,0.0,11281.243900000007,0.0
2023-08-24 05:00:00,0.0,19148.975433333348,522.6040000000003
2023-08-24 06:00:00,1516.3010000000024,29380.919650000054,10532.479666666693
2023-08-24 07:00:00,1471.3070000000007,31585.088383333383,39981.76566666672
2023-08-24 08:00:00,0.0,34194.344616666676,33208.4536666667
2023-08-24 09:00:00,0.0,58279.54706666667,16816.675500000027
2023-08-24 10:00:00,8.276000000000007,75323.29518333334,17033.08283333337
2023-08-24 11:00:00,8.265000000000006,112794.66984999996,14492.093166666695
2023-08-24 12:00:00,0.0,149081.75053333325,0.0
2023-08-24 13:00:00,0.0,164661.78526666661,5843.159999999999
2023-08-24 14:00:00,0.0,143083.1440833333,9433.777000000004
2023-08-24 15:00:00,0.0,132536.76983333327,7694.642666666668
2023-08-24 16:00:00,0.0,89521.48901666667,31050.421333333372
2023-08-24 17:00:00,0.0,55936.368350000084,31674.93233333336
2023-08-24 18:00:00,1538.7980000000014,60529.039683333416,542.692000000002
2023-08-24 19:00:00,1568.7940000000017,49976.413916666716,9252.790000000026
2023-08-24 20:00:00,0.0,44807.471433333376,10669.275666666694
2023-08-24 21:00:00,0.0,32894.89605000005,0.0
2023-08-24 22:00:00,0.0,13437.757016666681,0.0
2023-08-24 23:00:00,0.0,4479.737000000001,0.0
2023-08-25 00:00:00,0.0,2212.616533333333,0.0
2023-08-25 01:00:00,0.0,6940.091733333336,0.0
2023-08-25 02:00:00,0.0,9672.573516666671,0.0
2023-08-25 03:00:00,0.0,11670.061116666671,0.0
2023-08-25 04:00:00,0.0,12387.512283333339,0.0
2023-08-25 05:00:00,0.0,17573.154866666682,443.9880000000005
2023-08-25 06:00:00,1561.2950000000037,30028.087283333385,10176.343333333358
2023-08-25 07:00:00,1538.798000000003,34757.93798333338,36186.35600000007
2023-08-25 08:00:00,0.0,37523.46758333335,24240.852000000035
2023-08-25 09:00:00,0.0,60786.6195,14965.805000000028
2023-08-25 10:00:00,8.270000000000005,73710.472,15885.927500000038
2023-08-25 11:00:00,8.271000000000006,113386.49399999996,15620.74900000003
2023-08-25 12:00:00,0.0,141708.31868333326,0.0
2023-08-25 13:00:00,0.0,138963.0678666666,9044.970666666672
2023-08-25 14:00:00,0.0,147104.2527999999,7954.066666666669
2023-08-25 15:00:00,0.0,139880.10858333326,7998.4320000000025
2023-08-25 16:00:00,0.0,86221.70074999999,34430.212666666695
2023-08-25 17:00:00,0.0,55657.69295000009,35081.663666666704
2023-08-25 18:00:00,1493.804000000003,61120.82495000009,638.6680000000007
2023-08-25 19:00:00,1501.3030000000003,47840.58125000004,10424.35333333336
2023-08-25 20:00:00,0.0,43780.04085000004,10271.18133333336
2023-08-25 21:00:00,0.0,32839.82895000005,0.0
2023-08-25 22:00:00,0.0,14285.393983333346,0.0
2023-08-25 23:00:00,0.0,4427.403100000001,0.0
2023-08-26 00:00:00,0.0,2160.1146333333336,0.0
2023-08-26 01:00:00,0.0,5680.100133333338,0.0
2023-08-26 02:00:00,0.0,8587.580750000008,0.0
2023-08-26 03:00:00,0.0,10737.566716666674,0.0
2023-08-26 04:00:00,0.0,12418.527716666673,0.0
2023-08-26 05:00:00,0.0,18306.248000000014,497.68
2023-08-26 06:00:00,1538.798000000002,30229.91586666672,10857.884333333357
2023-08-26 07:00:00,1621.2870000000014,36224.287150000055,33571.12333333338
2023-08-26 08:00:00,0.0,39975.69818333334,30138.64700000003
2023-08-26 09:00:00,0.0,55515.62379999999,12298.200166666687
2023-08-26 10:00:00,8.256000000000006,70006.57014999999,20662.914333333374
2023-08-26 11:00:00,8.285000000000005,107184.07374999998,15115.14600000002
2023-08-26 12:00:00,0.0,133270.58696666663,0.0
2023-08-26 13:00:00,0.0,130932.49134999995,8634.378000000008
2023-08-26 14:00:00,0.0,151970.25149999993,10630.689000000006
2023-08-26 15:00:00,0.0,146918.84464999993,9067.170333333339
2023-08-26 16:00:00,0.0,102535.67774999997,42154.332000000024
2023-08-26 17:00:00,0.0,62320.97106666676,21422.819666666703
2023-08-26 18:00:00,1456.3090000000016,59033.74851666675,543.064000000002
2023-08-26 19:00:00,1478.8060000000035,49995.17093333337,9863.553000000027
2023-08-26 20:00:00,0.0,44227.506866666714,10141.259333333364
2023-08-26 21:00:00,0.0,32875.257583333376,0.0
2023-08-26 22:00:00,0.0,14193.93641666668,0.0
2023-08-26 23:00:00,0.0,4520.739433333334,0.0
2023-08-27 00:00:00,0.0,0.0,0.0
2023-08-27 01:00:00,0.0,0.0,0.0
2023-08-27 02:00:00,0.0,0.0,0.0
2023-08-27 03:00:00,0.0,0.0,0.0
2023-08-27 04:00:00,0.0,243.53739999999974,0.0
2023-08-27 05:00:00,0.0,5006.184550000009,508.9640000000003
2023-08-27 06:00:00,1418.814000000003,17926.228350000056,9987.231000000023
2023-08-27 07:00:00,1448.8100000000018,14683.921333333376,39753.63400000006
2023-08-27 08:00:00,0.0,2072.9965833333317,32440.325000000033
2023-08-27 09:00:00,0.0,723.8995166666624,12625.940666666682
2023-08-27 10:00:00,8.266000000000005,762.6768333333291,16001.740000000034
2023-08-27 11:00:00,8.275000000000006,607.6085166666628,14587.205666666696
2023-08-27 12:00:00,0.0,633.8511166666633,0.0
2023-08-27 13:00:00,0.0,584.6897666666634,9849.447666666674
2023-08-27 14:00:00,0.0,613.3600999999958,12201.187666666683
2023-08-27 15:00:00,0.0,701.769433333329,7829.935000000003
2023-08-27 16:00:00,0.0,3119.6536999999967,21700.663666666696
2023-08-27 17:00:00,0.0,33514.19683333341,30004.032333333365
2023-08-27 18:00:00,1546.2970000000023,45562.78815000008,570.8400000000016
2023-08-27 19:00:00,1681.2790000000023,35563.651650000036,10750.452000000028
2023-08-27 20:00:00,0.0,33052.370766666696,10769.215666666694
2023-08-27 21:00:00,0.0,22508.45268333337,0.0
2023-08-27 22:00:00,0.0,5225.733616666673,0.0
2023-08-27 23:00:00,0.0,352.3829666666662,0.0
2023-08-28 00:00:00,0.0,2280.1153499999996,0.0
2023-08-28 01:00:00,0.0,6245.096366666672,0.0
2023-08-28 02:00:00,0.0,8482.581450000007,0.0
2023-08-28 03:00:00,0.0,11090.065083333338,0.0
2023-08-28 04:00:00,0.0,12121.283166666673,0.0
2023-08-28 05:00:00,0.0,18629.19948333335,484.2880000000004
2023-08-28 06:00:00,1733.772000000002,33476.90761666672,9978.247333333356
2023-08-28 07:00:00,1381.319000000003,31918.236900000044,36566.70966666673
2023-08-28 08:00:00,0.0,41457.1468,23972.223000000024
2023-08-28 09:00:00,0.0,64929.73408333331,15981.509166666698
2023-08-28 10:00:00,8.266000000000005,67691.37393333334,14670.088000000032
2023-08-28 11:00:00,8.275000000000006,109652.66386666665,13004.058333333356
2023-08-28 12:00:00,0.0,138873.0966499999,0.0
2023-08-28 13:00:00,0.0,148266.99974999993,7524.849333333336
2023-08-28 14:00:00,0.0,135809.26188333327,10233.399666666675
2023-08-28 15:00:00,0.0,127236.43884999996,9499.94566666667
2023-08-28 16:00:00,0.0,104926.46981666665,39001.28466666671
2023-08-28 17:00:00,0.0,60866.42238333342,36347.025666666705
2023-08-28 18:00:00,1418.8140000000012,57765.292016666746,676.2400000000001
2023-08-28 19:00:00,1561.2950000000026,49741.59076666671,10506.172666666691
2023-08-28 20:00:00,0.0,45735.92485000004,10311.157333333364
2023-08-28 21:00:00,0.0,33835.58046666671,0.0
2023-08-28 22:00:00,0.0,14848.16038333335,0.0
2023-08-28 23:00:00,0.0,5282.481683333336,0.0
2023-08-29 00:00:00,0.0,2085.1159000000007,0.0
2023-08-29 01:00:00,0.0,5540.1010666666725,0.0
2023-08-29 02:00:00,0.0,8305.082633333339,0.0
2023-08-29 03:00:00,0.0,9127.578450000008,0.0
2023-08-29 04:00:00,0.0,10340.49073333334,0.0
2023-08-29 05:00:00,0.0,16787.91013333335,441.6320000000009
2023-08-29 06:00:00,1523.8000000000025,33968.63736666673,9979.715000000026
2023-08-29 07:00:00,1478.806000000002,30342.15678333338,43840.38766666672
2023-08-29 08:00:00,0.0,41065.31195000001,31422.7316666667
2023-08-29 09:00:00,0.0,67786.47079999998,13448.097833333357
2023-08-29 10:00:00,8.282000000000005,92143.63059999997,15455.261333333367
2023-08-29 11:00:00,8.259000000000006,119161.81989999993,12755.186833333357
2023-08-29 12:00:00,0.0,136041.2526166666,0.0
2023-08-29 13:00:00,0.0,146723.97639999993,7145.044000000003
2023-08-29 14:00:00,0.0,136300.96719999993,10384.741000000007
2023-08-29 15:00:00,0.0,128462.18783333329,11275.706666666672
2023-08-29 16:00:00,0.0,88789.40065,30772.983000000033
2023-08-29 17:00:00,0.0,57673.980233333416,20747.023000000037
2023-08-29 18:00:00,1441.3110000000033,62204.29611666675,546.0400000000021
2023-08-29 19:00:00,1651.2830000000026,49353.243266666715,9965.131000000025
2023-08-29 20:00:00,0.0,43940.93041666671,10347.80200000003
2023-08-29 21:00:00,0.0,33132.25681666671,0.0
2023-08-29 22:00:00,0.0,13152.136850000014,0.0
2023-08-29 23:00:00,0.0,4541.324133333335,0.0
2023-08-30 00:00:00,0.0,1940.1159500000022,0.0
2023-08-30 01:00:00,0.0,6312.595916666674,0.0
2023-08-30 02:00:00,0.0,8570.080866666674,0.0
2023-08-30 03:00:00,0.0,11132.564066666673,0.0
2023-08-30 04:00:00,0.0,13143.614883333341,0.0
2023-08-30 05:00:00,0.0,17347.517416666684,447.33600000000126
2023-08-30 06:00:00,1576.293000000003,32934.14966666673,9882.014333333358
2023-08-30 07:00:00,1478.8060000000037,26867.198116666714,35697.66266666673
2023-08-30 08:00:00,0.0,39390.979416666676,39015.20633333338
2023-08-30 09:00:00,0.0,55714.81826666667,16515.79283333336
2023-08-30 10:00:00,8.280000000000006,61814.47881666667,14895.542833333364
2023-08-30 11:00:00,8.261000000000006,108573.91166666664,13321.125833333357
2023-08-30 12:00:00,0.0,143759.5744666666,0.0
2023-08-30 13:00:00,0.0,144198.65848333327,7221.51
2023-08-30 14:00:00,0.0,147837.1654499999,9101.326000000003
2023-08-30 15:00:00,0.0,143688.1075666666,11374.785666666672
2023-08-30 16:00:00,0.0,109248.15375,32338.546000000028
2023-08-30 17:00:00,0.0,60154.39623333342,22088.274666666704
2023-08-30 18:00:00,1501.3030000000012,61674.97671666675,642.5120000000004
2023-08-30 19:00:00,1538.7980000000025,50628.965800000035,9680.39633333336
2023-08-30 20:00:00,0.0,45422.29071666671,10137.928000000029
2023-08-30 21:00:00,0.0,34195.641216666714,0.0
2023-08-30 22:00:00,0.0,14600.556750000014,0.0
2023-08-30 23:00:00,0.0,4755.816900000005,0.0
2023-08-31 00:00:00,0.0,3092.6090000000017,0.0
2023-08-31 01:00:00,0.0,7385.088766666674,0.0
2023-08-31 02:00:00,0.0,9147.577016666673,0.0
2023-08-31 03:00:00,0.0,9952.572050000006,0.0
2023-08-31 04:00:00,0.0,11254.888050000005,0.0
2023-08-31 05:00:00,0.0,18034.694633333347,482.92400000000043
2023-08-31 06:00:00,1658.7820000000017,35056.35426666672,10663.878333333361
2023-08-31 07:00:00,1403.8160000000028,35080.25333333338,31392.160666666718
2023-08-31 08:00:00,0.0,39184.79333333334,38225.0116666667
2023-08-31 09:00:00,0.0,60717.53546666666,19796.313666666705
2023-08-31 10:00:00,8.270000000000005,67386.71186666666,16216.118666666705
2023-08-31 11:00:00,8.271000000000006,98165.66168333332,14276.553166666696
2023-08-31 12:00:00,0.0,137577.8528166666,0.0
2023-08-31 13:00:00,0.0,146801.5786166666,7262.852333333332
2023-08-31 14:00:00,0.0,146976.4075666666,7425.475999999996
2023-08-31 15:00:00,0.0,136104.26498333327,9209.47666666667
2023-08-31 16:00:00,0.0,101479.48941666665,21491.080000000024
2023-08-31 17:00:00,0.0,60675.84605000008,32823.27600000003
2023-08-31 18:00:00,1441.311000000003,58015.61528333341,560.1760000000021
2023-08-31 19:00:00,1591.2910000000027,48598.90948333337,10274.047333333358
2023-08-31 20:00:00,0.0,45452.20070000004,10447.742000000026
2023-08-31 21:00:00,0.0,32723.21495000004,0.0
2023-08-31 22:00:00,0.0,14373.747650000016,0.0
2023-08-31 23:00:00,0.0,3953.66111666667,0.0
2023-09-01 00:00:00,0.0,2250.114216666666,0.0
2023-09-01 01:00:00,0.0,6660.093600000006,0.0
2023-09-01 02:00:00,0.0,7922.585183333339,0.0
2023-09-01 03:00:00,0.0,10087.07153333334,0.0
2023-09-01 04:00:00,0.0,11265.88378333334,0.0
2023-09-01 05:00:00,0.0,17761.57418333335,523.2240000000004
2023-09-01 06:00:00,1388.8180000000038,29348.013933333394,9979.813000000033
2023-09-01 07:00:00,1576.2930000000026,32874.95228333337,46626.82433333338
2023-09-01 08:00:00,0.0,48123.7323,25186.723000000035
2023-09-01 09:00:00,0.0,58911.40756666667,16324.029333333365
2023-09-01 10:00:00,8.269000000000007,74636.86376666666,16781.142333333366
2023-09-01 11:00:00,8.272000000000006,101304.83664999998,14182.44833333336
2023-09-01 12:00:00,0.0,141445.74123333325,0.0
2023-09-01 13:00:00,0.0,146865.32814999996,6099.974333333333
2023-09-01 14:00:00,0.0,144055.33168333326,10429.211000000003
2023-09-01 15:00:00,0.0,131115.35523333328,8206.561666666665
2023-09-01 16:00:00,0.0,94360.89659999998,26770.850666666705
2023-09-01 17:00:00,0.0,59733.73641666674,31093.1936666667
2023-09-01 18:00:00,1718.7740000000008,65503.22536666676,589.0680000000013
2023-09-01 19:00:00,1411.3150000000028,50056.35346666671,10037.831666666692
2023-09-01 20:00:00,0.0,45230.53460000004,10332.811000000025
2023-09-01 21:00:00,0.0,32901.92973333338,0.0
2023-09-01 22:00:00,0.0,14176.762833333349,0.0
2023-09-01 23:00:00,0.0,5437.3961166666695,0.0
2023-09-02 00:00:00,0.0,2370.113816666668,0.0
2023-09-02 01:00:00,0.0,6247.596350000006,0.0
2023-09-02 02:00:00,0.0,8692.580050000008,0.0
2023-09-02 03:00:00,0.0,11346.313116666675,0.0
2023-09-02 04:00:00,0.0,12990.21428333334,0.0
2023-09-02 05:00:00,0.0,19109.259583333347,461.2240000000012
2023-09-02 06:00:00,1493.8040000000037,32587.983633333395,10491.635333333357
2023-09-02 07:00:00,1583.7920000000017,30546.615183333375,30686.342333333396
2023-09-02 08:00:00,0.0,49673.278483333335,34987.149000000034
2023-09-02 09:00:00,0.0,69402.98028333331,13757.204500000022
2023-09-02 10:00:00,8.269000000000005,78386.61913333331,16056.318333333369
2023-09-02 11:00:00,8.272000000000006,113116.98986666663,13917.675666666692
2023-09-02 12:00:00,0.0,130958.17929999995,0.0
2023-09-02 13:00:00,0.0,143979.00358333325,11427.755666666671
2023-09-02 14:00:00,0.0,141329.08754999994,8260.60166666667
2023-09-02 15:00:00,0.0,128264.19816666663,6862.729666666666
2023-09-02 16:00:00,0.0,91970.0609,33146.00333333337
2023-09-02 17:00:00,0.0,60579.390450000086,30504.02700000003
2023-09-02 18:00:00,1568.794000000003,60975.06021666675,596.1360000000014
2023-09-02 19:00:00,1448.8100000000022,47663.714416666706,9845.288000000031
2023-09-02 20:00:00,0.0,44687.38083333337,10187.898000000021
2023-09-02 21:00:00,0.0,33103.08450000005,0.0
2023-09-02 22:00:00,0.0,14444.924833333353,0.0
2023-09-02 23:00:00,0.0,4517.902050000002,0.0
2023-09-03 00:00:00,0.0,0.0,0.0
2023-09-03 01:00:00,0.0,0.0,0.0
2023-09-03 02:00:00,0.0,0.0,0.0
2023-09-03 03:00:00,0.0,0.0,0.0
2023-09-03 04:00:00,0.0,221.39848333333308,0.0
2023-09-03 05:00:00,0.0,4372.195900000006,489.6200000000007
2023-09-03 06:00:00,1523.8000000000022,15719.322800000045,10413.193666666693
2023-09-03 07:00:00,1636.2850000000026,15723.578800000045,41362.752333333396
2023-09-03 08:00:00,0.0,1601.8394499999972,25606.17000000003
2023-09-03 09:00:00,0.0,693.0020999999963,15394.575000000026
2023-09-03 10:00:00,8.272000000000006,635.5240999999969,15828.3821666667
2023-09-03 11:00:00,8.269000000000007,638.1879833333298,12641.64066666669
2023-09-03 12:00:00,0.0,604.688799999997,0.0
2023-09-03 13:00:00,0.0,558.8608833333302,7623.498000000003
2023-09-03 14:00:00,0.0,544.2781499999961,9939.90766666667
2023-09-03 15:00:00,0.0,529.363516666664,11024.160000000009
2023-09-03 16:00:00,0.0,3086.6950999999985,20508.879333333363
2023-09-03 17:00:00,0.0,32773.04815000008,41380.78566666671
2023-09-03 18:00:00,1396.317000000002,47253.80965000008,608.4120000000007
2023-09-03 19:00:00,1538.798000000002,35559.32916666669,10511.567666666693
2023-09-03 20:00:00,0.0,32155.01723333337,10479.389666666691
2023-09-03 21:00:00,0.0,21864.905850000036,0.0
2023-09-03 22:00:00,0.0,5324.958200000006,0.0
2023-09-03 23:00:00,0.0,342.63848333333294,0.0
2023-09-04 00:00:00,0.0,2432.613533333334,0.0
2023-09-04 01:00:00,0.0,6892.592050000007,0.0
2023-09-04 02:00:00,0.0,9330.075800000008,0.0
2023-09-04 03:00:00,0.0,9907.572316666674,0.0
2023-09-04 04:00:00,0.0,10860.81183333334,0.0
2023-09-04 05:00:00,0.0,17960.876166666687,447.4600000000003
2023-09-04 06:00:00,1471.307000000002,31099.76463333339,10082.259000000025
2023-09-04 07:00:00,1501.3030000000028,33427.213516666714,37078.239000000045
2023-09-04 08:00:00,0.0,42782.82890000001,35627.18600000004
2023-09-04 09:00:00,0.0,64368.62499999998,15098.047166666693
2023-09-04 10:00:00,8.260000000000005,71381.459,17181.287666666707
2023-09-04 11:00:00,8.281000000000006,102016.42429999998,11063.623500000018
2023-09-04 12:00:00,0.0,130114.51443333329,0.0
2023-09-04 13:00:00,0.0,145128.50373333323,6492.097999999999
2023-09-04 14:00:00,0.0,146321.8425666666,10460.083333333343
2023-09-04 15:00:00,0.0,139167.02071666656,9923.926666666674
2023-09-04 16:00:00,0.0,96936.61093333332,27790.336333333362
2023-09-04 17:00:00,0.0,58869.16763333342,34502.077333333364
2023-09-04 18:00:00,1508.8020000000029,61369.53195000009,620.6880000000009
2023-09-04 19:00:00,1613.7880000000027,49344.83385000004,9793.19900000003
2023-09-04 20:00:00,0.0,46010.3921666667,10497.712000000032
2023-09-04 21:00:00,0.0,33505.97593333338,0.0
2023-09-04 22:00:00,0.0,14430.031166666682,0.0
2023-09-04 23:00:00,0.0,4632.061116666669,0.0
2023-09-05 00:00:00,0.0,1665.1177500000006,0.0
2023-09-05 01:00:00,0.0,5547.601016666672,0.0
2023-09-05 02:00:00,0.0,8800.07933333334,0.0
2023-09-05 03:00:00,0.0,9555.07558333334,0.0
2023-09-05 04:00:00,0.0,10812.739550000006,0.0
2023-09-05 05:00:00,0.0,17680.880250000017,488.0080000000011
2023-09-05 06:00:00,1583.792000000002,35316.40381666673,11144.430666666693
2023-09-05 07:00:00,1373.820000000003,25995.67293333338,24891.499666666714
2023-09-05 08:00:00,0.0,32177.880916666676,17474.551000000025
2023-09-05 09:00:00,0.0,62950.27526666665,17226.234833333365
2023-09-05 10:00:00,8.274000000000006,84921.80754999995,20753.386333333376
2023-09-05 11:00:00,8.267000000000007,110044.8296833333,15158.63383333336
2023-09-05 12:00:00,0.0,129723.0102166666,0.0
2023-09-05 13:00:00,0.0,139388.6664666666,5510.397666666667
2023-09-05 14:00:00,0.0,137108.1583833333,10486.378666666671
2023-09-05 15:00:00,0.0,133782.26329999993,9241.127333333337
2023-09-05 16:00:00,0.0,99116.12933333332,43345.7356666667
2023-09-05 17:00:00,0.0,62643.87176666676,34886.16000000003
2023-09-05 18:00:00,1598.7900000000016,59711.740516666745,656.5240000000005
2023-09-05 19:00:00,1538.7980000000025,48658.14280000004,9487.049333333358
2023-09-05 20:00:00,0.0,44692.19196666671,10436.082333333365
2023-09-05 21:00:00,0.0,34364.71853333338,0.0
2023-09-05 22:00:00,0.0,15575.256233333346,0.0
2023-09-05 23:00:00,0.0,5903.894883333336,0.0
2023-09-06 00:00:00,0.0,2342.612150000001,0.0
2023-09-06 01:00:00,0.0,6212.5965833333385,0.0
2023-09-06 02:00:00,0.0,8807.57928333334,0.0
2023-09-06 03:00:00,0.0,10735.066483333343,0.0
2023-09-06 04:00:00,0.0,11840.524750000008,0.0
2023-09-06 05:00:00,0.0,16783.745000000017,474.2440000000006
2023-09-06 06:00:00,1568.7940000000033,31122.387833333392,10799.038000000024
2023-09-06 07:00:00,1576.2930000000017,33962.15578333338,29081.84066666673
2023-09-06 08:00:00,0.0,44507.566500000015,27787.29633333337
2023-09-06 09:00:00,0.0,62992.51054999999,14625.014333333358
2023-09-06 10:00:00,8.265000000000006,73451.19959999998,19186.98716666671
2023-09-06 11:00:00,8.276000000000007,95008.56611666665,14089.428000000024
2023-09-06 12:00:00,0.0,133430.58639999994,0.0
2023-09-06 13:00:00,0.0,143444.1680166666,4389.968666666666
2023-09-06 14:00:00,0.0,139473.01661666657,10353.039333333338
2023-09-06 15:00:00,0.0,135630.01974999992,9493.639333333336
2023-09-06 16:00:00,0.0,111724.92166666665,41165.819666666706
2023-09-06 17:00:00,0.0,60436.66631666676,30114.09800000003
2023-09-06 18:00:00,1546.297000000002,60125.69930000009,650.82
2023-09-06 19:00:00,1403.8159999999998,48071.54755000004,9803.220666666699
2023-09-06 20:00:00,0.0,45301.212416666705,10372.787000000028
2023-09-06 21:00:00,0.0,32644.819883333374,0.0
2023-09-06 22:00:00,0.0,13933.049766666682,0.0
2023-09-06 23:00:00,0.0,4559.577300000001,0.0
2023-09-07 00:00:00,0.0,3445.106350000002,0.0
2023-09-07 01:00:00,0.0,8035.084433333339,0.0
2023-09-07 02:00:00,0.0,10292.569383333339,0.0
2023-09-07 03:00:00,0.0,10823.817200000005,0.0
2023-09-07 04:00:00,0.0,12064.49001666667,0.0
2023-09-07 05:00:00,0.0,16677.392250000015,440.14400000000086
2023-09-07 06:00:00,1636.2850000000014,30779.84138333339,10994.589000000022
2023-09-07 07:00:00,1471.307000000003,27414.36455000005,38314.11366666673
2023-09-07 08:00:00,0.0,35368.31466666667,32191.718666666697
2023-09-07 09:00:00,0.0,57821.96250000001,14216.535666666692
2023-09-07 10:00:00,8.267000000000007,75972.81254999999,16888.649333333375
2023-09-07 11:00:00,8.274000000000006,101397.56319999998,13233.37650000002
2023-09-07 12:00:00,0.0,131428.8161666666,0.0
2023-09-07 13:00:00,0.0,148297.57388333324,7591.346333333341
2023-09-07 14:00:00,0.0,153985.32813333327,10262.718000000008
2023-09-07 15:00:00,0.0,147283.66988333323,9296.463666666674
2023-09-07 16:00:00,0.0,95372.71133333333,41371.69700000004
2023-09-07 17:00:00,0.0,59216.481683333426,17504.588666666707
2023-09-07 18:00:00,1606.2890000000048,60313.563716666744,630.1120000000003
2023-09-07 19:00:00,1381.3190000000034,47544.13376666671,9808.099333333364
2023-09-07 20:00:00,0.0,44406.115916666706,10122.937000000034
2023-09-07 21:00:00,0.0,32042.927816666714,0.0
2023-09-07 22:00:00,0.0,12823.971250000013,0.0
2023-09-07 23:00:00,0.0,4046.3201833333346,0.0
2023-09-08 00:00:00,0.0,2417.613050000001,0.0
2023-09-08 01:00:00,0.0,6460.094933333339,0.0
2023-09-08 02:00:00,0.0,8610.080600000005,0.0
2023-09-08 03:00:00,0.0,9472.575016666673,0.0
2023-09-08 04:00:00,0.0,10029.100166666674,0.0
2023-09-08 05:00:00,0.0,15852.49616666668,481.8080000000007
2023-09-08 06:00:00,1666.2810000000031,31451.725483333394,11060.159000000029
2023-09-08 07:00:00,1411.3150000000019,34057.554783333384,24060.14766666672
2023-09-08 08:00:00,0.0,34379.162283333346,26916.534666666696
2023-09-08 09:00:00,0.0,51206.472366666676,12756.375833333354
2023-09-08 10:00:00,8.269000000000005,76295.46163333331,18659.302166666705
2023-09-08 11:00:00,8.272000000000006,107691.1504333333,13482.80833333336
2023-09-08 12:00:00,0.0,142732.9755833333,0.0
2023-09-08 13:00:00,0.0,160990.30003333327,6871.575000000005
2023-09-08 14:00:00,0.0,147745.31768333327,11336.777666666676
2023-09-08 15:00:00,0.0,143203.41386666658,12401.853333333345
2023-09-08 16:00:00,0.0,97721.3098833333,37561.4446666667
2023-09-08 17:00:00,0.0,56197.90180000008,35166.553666666696
2023-09-08 18:00:00,1546.2970000000012,59984.61136666675,597.0040000000012
2023-09-08 19:00:00,1471.3070000000025,48495.841750000036,8981.343666666697
2023-09-08 20:00:00,0.0,44057.59245000004,10371.121333333362
2023-09-08 21:00:00,0.0,33432.579050000044,0.0
2023-09-08 22:00:00,0.0,13847.585000000014,0.0
2023-09-08 23:00:00,0.0,4627.481566666669,0.0
2023-09-09 00:00:00,0.0,2395.1150833333345,0.0
2023-09-09 01:00:00,0.0,7782.586116666673,0.0
2023-09-09 02:00:00,0.0,9912.571916666675,0.0
2023-09-09 03:00:00,0.0,11983.558716666674,0.0
2023-09-09 04:00:00,0.0,11600.382200000005,0.0
2023-09-09 05:00:00,0.0,16709.880583333346,539.4680000000008
2023-09-09 06:00:00,1741.2710000000027,29685.592883333393,9733.213000000029
2023-09-09 07:00:00,1531.2990000000027,30328.932433333383,43621.02466666673
2023-09-09 08:00:00,0.0,31557.622783333343,36267.6896666667
2023-09-09 09:00:00,0.0,51688.31231666667,14635.143666666689
2023-09-09 10:00:00,8.273000000000005,71301.64043333333,16643.48150000004
2023-09-09 11:00:00,8.268000000000006,116704.08164999998,13479.125333333355
2023-09-09 12:00:00,0.0,146843.4142166666,0.0
2023-09-09 13:00:00,0.0,139132.07409999994,8487.925000000007
2023-09-09 14:00:00,0.0,152827.9107999999,8487.891000000003
2023-09-09 15:00:00,0.0,139647.35796666658,7569.4749999999985
2023-09-09 16:00:00,0.0,89491.74541666666,30870.369666666695
2023-09-09 17:00:00,0.0,59919.43823333342,14754.618000000035
2023-09-09 18:00:00,1441.3110000000024,61509.88420000009,574.0640000000019
2023-09-09 19:00:00,1381.319000000001,47978.3520666667,11034.252000000026
2023-09-09 20:00:00,0.0,44175.55020000004,10006.34033333336
2023-09-09 21:00:00,0.0,31571.52893333338,0.0
2023-09-09 22:00:00,0.0,14332.200450000017,0.0
2023-09-09 23:00:00,0.0,5479.894916666672,0.0
2023-09-10 00:00:00,0.0,0.0,0.0
2023-09-10 01:00:00,0.0,0.0,0.0
2023-09-10 02:00:00,0.0,0.0,0.0
2023-09-10 03:00:00,0.0,0.0,0.0
2023-09-10 04:00:00,0.0,285.5101499999997,0.0
2023-09-10 05:00:00,0.0,5907.055866666677,403.1920000000004
2023-09-10 06:00:00,1441.3110000000029,17008.02868333338,9676.976333333358
2023-09-10 07:00:00,1576.2930000000013,15650.99318333338,42526.390000000065
2023-09-10 08:00:00,0.0,2197.252116666667,39055.51300000003
2023-09-10 09:00:00,0.0,621.9437499999977,13899.752166666694
2023-09-10 10:00:00,8.272000000000006,667.094716666664,15497.5096666667
2023-09-10 11:00:00,8.269000000000007,607.6044333333299,13982.350166666689
2023-09-10 12:00:00,0.0,604.1058999999958,0.0
2023-09-10 13:00:00,0.0,629.8544499999964,7115.035000000004
2023-09-10 14:00:00,0.0,630.273266666663,10996.466333333343
2023-09-10 15:00:00,0.0,633.9362999999963,7853.793333333334
2023-09-10 16:00:00,0.0,3081.934049999997,20249.645333333367
2023-09-10 17:00:00,0.0,31945.701150000077,28313.953000000038
2023-09-10 18:00:00,1486.305000000002,46666.9541833334,667.5600000000005
2023-09-10 19:00:00,1591.2910000000027,34621.86435000003,10679.681666666691
2023-09-10 20:00:00,0.0,31862.364650000036,10427.754000000026
2023-09-10 21:00:00,0.0,22264.210050000038,0.0
2023-09-10 22:00:00,0.0,5467.405416666674,0.0
2023-09-10 23:00:00,0.0,408.8037666666662,0.0
2023-09-11 00:00:00,0.0,2715.1110166666663,0.0
2023-09-11 01:00:00,0.0,6670.093533333339,0.0
2023-09-11 02:00:00,0.0,8942.57838333334,0.0
2023-09-11 03:00:00,0.0,9872.572933333342,0.0
2023-09-11 04:00:00,0.0,11593.46868333334,0.0
2023-09-11 05:00:00,0.0,17362.77226666668,442.3760000000014
2023-09-11 06:00:00,1523.8000000000031,29047.900916666724,10357.17166666669
2023-09-11 07:00:00,1568.7940000000015,33240.21791666671,32016.955000000056
2023-09-11 08:00:00,0.0,48066.96823333335,39049.637666666706
2023-09-11 09:00:00,0.0,64057.29773333332,16035.541333333362
2023-09-11 10:00:00,8.271000000000006,71186.22081666665,14966.859833333368
2023-09-11 11:00:00,8.270000000000007,96623.92286666663,13478.567833333356
2023-09-11 12:00:00,0.0,121226.25689999993,0.0
2023-09-11 13:00:00,0.0,147784.57088333328,6526.944333333334
2023-09-11 14:00:00,0.0,151359.4888999999,8028.112666666666
2023-09-11 15:00:00,0.0,134220.92154999994,9299.815000000006
2023-09-11 16:00:00,0.0,96143.64094999999,36828.076333333374
2023-09-11 17:00:00,0.0,67206.52158333342,22982.01533333337
2023-09-11 18:00:00,1291.3310000000013,59591.59045000009,639.7840000000006
2023-09-11 19:00:00,1711.2750000000015,48197.302133333375,10733.775000000027
2023-09-11 20:00:00,0.0,45573.90603333337,10452.73900000003
2023-09-11 21:00:00,0.0,33039.59995000005,0.0
2023-09-11 22:00:00,0.0,14781.442050000016,0.0
2023-09-11 23:00:00,0.0,6249.390866666671,0.0
2023-09-12 00:00:00,0.0,3452.6063500000023,0.0
2023-09-12 01:00:00,0.0,7885.08543333334,0.0
2023-09-12 02:00:00,0.0,10295.069366666674,0.0
2023-09-12 03:00:00,0.0,11480.062733333341,0.0
2023-09-12 04:00:00,0.0,11051.396766666676,0.0
2023-09-12 05:00:00,0.0,17152.454933333356,452.66800000000075
2023-09-12 06:00:00,1546.2970000000012,32412.39200000006,10136.149000000027
2023-09-12 07:00:00,1598.7900000000038,31382.273183333386,44777.38300000006
2023-09-12 08:00:00,0.0,35601.29865000001,35231.80633333337
2023-09-12 09:00:00,0.0,53444.961350000005,14201.65233333336
2023-09-12 10:00:00,8.276000000000007,74388.46098333332,19273.79100000004
2023-09-12 11:00:00,8.265000000000006,109583.99426666665,17400.752166666694
2023-09-12 12:00:00,0.0,140096.57549999992,0.0
2023-09-12 13:00:00,0.0,141971.65539999993,6636.2866666666705
2023-09-12 14:00:00,0.0,143629.1734666666,8190.286333333336
2023-09-12 15:00:00,0.0,149350.6892166666,8886.493666666669
2023-09-12 16:00:00,0.0,92330.95688333332,23524.706666666698
2023-09-12 17:00:00,0.0,58264.45438333342,18451.939000000028
2023-09-12 18:00:00,1388.8180000000032,60261.76371666675,602.3360000000017
2023-09-12 19:00:00,1561.2950000000012,48673.98580000004,11108.52400000003
2023-09-12 20:00:00,0.0,45210.420883333376,9091.88933333336
2023-09-12 21:00:00,0.0,33501.61870000004,0.0
2023-09-12 22:00:00,0.0,13777.64556666668,0.0
2023-09-12 23:00:00,0.0,4501.397233333336,0.0
2023-09-13 00:00:00,0.0,1767.6168999999993,0.0
2023-09-13 01:00:00,0.0,5000.104666666672,0.0
2023-09-13 02:00:00,0.0,7762.586250000005,0.0
2023-09-13 03:00:00,0.0,10605.068866666674,0.0
2023-09-13 04:00:00,0.0,12278.884850000008,0.0
2023-09-13 05:00:00,0.0,18556.356300000014,488.75200000000075
2023-09-13 06:00:00,1298.8300000000024,32008.544950000054,9143.428333333364
2023-09-13 07:00:00,1456.309000000002,27465.51641666671,40154.324333333396
2023-09-13 08:00:00,0.0,35821.99550000001,30018.76500000003
2023-09-13 09:00:00,0.0,70844.15741666665,14437.40450000003
2023-09-13 10:00:00,8.272000000000006,73456.29468333333,17879.557833333372
2023-09-13 11:00:00,8.269000000000005,99643.34829999997,15925.356000000029
2023-09-13 12:00:00,0.0,149957.0838999999,0.0
2023-09-13 13:00:00,0.0,162786.23451666662,9898.61633333334
2023-09-13 14:00:00,0.0,143464.58808333328,9993.240000000003
2023-09-13 15:00:00,0.0,123894.04048333327,7426.010999999999
2023-09-13 16:00:00,0.0,84804.20455,26755.00700000002
2023-09-13 17:00:00,0.0,61945.21846666676,29160.905000000028
2023-09-13 18:00:00,1688.7780000000023,62571.18308333342,481.06400000000167
2023-09-13 19:00:00,1651.2830000000006,49687.17010000004,10814.36933333336
2023-09-13 20:00:00,0.0,43557.984700000045,11044.050666666688
2023-09-13 21:00:00,0.0,33997.66251666671,0.0
2023-09-13 22:00:00,0.0,14202.738616666682,0.0
2023-09-13 23:00:00,0.0,4609.156816666669,0.0
2023-09-14 00:00:00,0.0,2130.115716666667,0.0
2023-09-14 01:00:00,0.0,6752.592983333339,0.0
2023-09-14 02:00:00,0.0,8800.079333333342,0.0
2023-09-14 03:00:00,0.0,9977.572150000007,0.0
2023-09-14 04:00:00,0.0,11338.614000000007,0.0
2023-09-14 05:00:00,0.0,17990.443150000014,464.82000000000073
2023-09-14 06:00:00,1471.307000000001,32771.494566666726,9032.409666666692
2023-09-14 07:00:00,1523.8000000000031,32117.240850000046,52243.83666666673
2023-09-14 08:00:00,0.0,45249.700650000006,32985.15000000003
2023-09-14 09:00:00,0.0,69751.73511666665,15738.274000000027
2023-09-14 10:00:00,8.279000000000005,81083.29914999996,18091.128333333374
2023-09-14 11:00:00,8.262000000000006,103594.16889999996,12445.52566666669
2023-09-14 12:00:00,0.0,132549.26823333325,0.0
2023-09-14 13:00:00,0.0,138271.3261166666,6415.787666666666
2023-09-14 14:00:00,0.0,140832.39351666663,9405.823000000011
2023-09-14 15:00:00,0.0,136912.00084999992,9377.48966666667
2023-09-14 16:00:00,0.0,95348.5976,16822.207333333357
2023-09-14 17:00:00,0.0,61973.94236666676,27484.659333333362
2023-09-14 18:00:00,1508.802,57874.843233333406,649.7040000000007
2023-09-14 19:00:00,1591.2910000000027,49037.0824666667,10767.09566666669
2023-09-14 20:00:00,0.0,43632.46400000004,10714.248666666694
2023-09-14 21:00:00,0.0,32811.337050000046,0.0
2023-09-14 22:00:00,0.0,13627.72981666668,0.0
2023-09-14 23:00:00,0.0,4149.824083333337,0.0
2023-09-15 00:00:00,0.0,3247.608083333334,0.0
2023-09-15 01:00:00,0.0,8155.083633333336,0.0
2023-09-15 02:00:00,0.0,9520.074533333336,0.0
2023-09-15 03:00:00,0.0,10475.068500000005,0.0
2023-09-15 04:00:00,0.0,11591.07928333334,0.0
2023-09-15 05:00:00,0.0,17242.663000000015,526.2000000000004
2023-09-15 06:00:00,1546.2970000000012,29939.90855000006,9229.661666666694
2023-09-15 07:00:00,1478.806000000002,33831.12990000006,32937.02666666672
2023-09-15 08:00:00,0.0,45554.66885000001,32866.55500000003
2023-09-15 09:00:00,0.0,69197.33189999999,15107.299500000023
2023-09-15 10:00:00,8.266000000000005,76503.78914999997,17244.842333333374
2023-09-15 11:00:00,8.275000000000006,101622.31978333331,14004.823500000024
2023-09-15 12:00:00,0.0,141491.83448333328,0.0
2023-09-15 13:00:00,0.0,135723.3987666666,5147.402666666666
2023-09-15 14:00:00,0.0,141269.7458166666,8951.05466666667
2023-09-15 15:00:00,0.0,143150.16778333328,9499.79
2023-09-15 16:00:00,0.0,85255.36271666666,30844.50300000003
2023-09-15 17:00:00,0.0,56613.21008333342,33649.544666666705
2023-09-15 18:00:00,1516.3010000000027,59922.45530000009,539.5920000000017
2023-09-15 19:00:00,1553.7960000000023,49018.328816666704,10596.503666666695
2023-09-15 20:00:00,0.0,42902.91875000005,10609.311666666696
2023-09-15 21:00:00,0.0,33269.10736666671,0.0
2023-09-15 22:00:00,0.0,14921.510050000014,0.0
2023-09-15 23:00:00,0.0,5094.982066666667,0.0
2023-09-16 00:00:00,0.0,1780.117466666666,0.0
2023-09-16 01:00:00,0.0,6320.095866666672,0.0
2023-09-16 02:00:00,0.0,8802.579316666674,0.0
2023-09-16 03:00:00,0.0,9845.073133333337,0.0
2023-09-16 04:00:00,0.0,12022.367266666672,0.0
2023-09-16 05:00:00,0.0,17011.457750000012,503.0120000000006
2023-09-16 06:00:00,1561.2950000000012,26773.057350000054,10089.8876666667
2023-09-16 07:00:00,1636.2850000000028,33867.63076666672,31366.574333333396
2023-09-16 08:00:00,0.0,33193.153933333335,43514.31433333337
2023-09-16 09:00:00,0.0,62513.79298333332,14527.721333333357
2023-09-16 10:00:00,8.263000000000005,76520.78279999997,15549.198333333368
2023-09-16 11:00:00,8.278000000000008,117513.55029999996,13314.637500000028
2023-09-16 12:00:00,0.0,143187.41546666657,0.0
2023-09-16 13:00:00,0.0,140472.16274999993,5391.207999999996
2023-09-16 14:00:00,0.0,130614.91696666661,10567.837666666674
2023-09-16 15:00:00,0.0,141348.24969999993,10096.035333333333
2023-09-16 16:00:00,0.0,98724.16426666667,33290.635666666705
2023-09-16 17:00:00,0.0,58856.50858333342,26198.800333333365
2023-09-16 18:00:00,1418.8140000000014,62487.54333333343,656.0280000000016
2023-09-16 19:00:00,1478.8060000000023,50022.20846666671,10421.579000000023
2023-09-16 20:00:00,0.0,45471.38528333337,10605.98033333336
2023-09-16 21:00:00,0.0,32607.75443333338,0.0
2023-09-16 22:00:00,0.0,13442.765733333348,0.0
2023-09-16 23:00:00,0.0,4795.73801666667,0.0
2023-09-17 00:00:00,0.0,0.0,0.0
2023-09-17 01:00:00,0.0,0.0,0.0
2023-09-17 02:00:00,0.0,0.0,0.0
2023-09-17 03:00:00,0.0,0.0,0.0
2023-09-17 04:00:00,0.0,224.17653333333305,0.0
2023-09-17 05:00:00,0.0,5368.466383333342,467.4240000000009
2023-09-17 06:00:00,1403.8160000000037,19757.668933333392,9964.015333333356
2023-09-17 07:00:00,1463.8080000000014,15000.36715000004,25435.171000000057
2023-09-17 08:00:00,0.0,2074.3075333333313,29359.06533333337
2023-09-17 09:00:00,0.0,655.8394999999969,16081.263333333362
2023-09-17 10:00:00,8.264000000000006,542.7759333333308,17530.59300000004
2023-09-17 11:00:00,8.277000000000006,560.6079499999977,13103.259166666689
2023-09-17 12:00:00,0.0,559.8570833333301,0.0
2023-09-17 13:00:00,0.0,545.8632166666634,6469.309666666667
2023-09-17 14:00:00,0.0,659.2719999999962,9363.16733333334
2023-09-17 15:00:00,0.0,616.6075833333293,10069.946666666674
2023-09-17 16:00:00,0.0,3252.9881666666615,36432.91933333336
2023-09-17 17:00:00,0.0,33386.05740000008,33325.5076666667
2023-09-17 18:00:00,1546.297000000002,43024.5772333334,557.9440000000018
2023-09-17 19:00:00,1681.2790000000016,34677.010283333366,10443.797333333356
2023-09-17 20:00:00,0.0,31452.1558666667,10334.476666666696
2023-09-17 21:00:00,0.0,21957.35343333337,0.0
2023-09-17 22:00:00,0.0,5544.155700000008,0.0
2023-09-17 23:00:00,0.0,373.55611666666624,0.0
2023-09-18 00:00:00,0.0,1697.6181999999994,0.0
2023-09-18 01:00:00,0.0,6360.095600000005,0.0
2023-09-18 02:00:00,0.0,8727.579816666672,0.0
2023-09-18 03:00:00,0.0,10702.567700000007,0.0
2023-09-18 04:00:00,0.0,11758.058316666673,0.0
2023-09-18 05:00:00,0.0,18512.612700000016,417.82400000000024
2023-09-18 06:00:00,1411.3150000000014,29899.86321666672,11292.071666666696
2023-09-18 07:00:00,1568.7940000000021,31905.71186666671,30117.48266666672
2023-09-18 08:00:00,0.0,40587.59318333334,28140.777333333375
2023-09-18 09:00:00,0.0,61476.55688333332,15715.365666666698
2023-09-18 10:00:00,8.275000000000006,68302.21516666663,17318.74600000004
2023-09-18 11:00:00,8.266000000000005,90108.24006666667,13125.95350000002
2023-09-18 12:00:00,0.0,137792.58959999992,0.0
2023-09-18 13:00:00,0.0,155788.67383333328,6366.774666666668
2023-09-18 14:00:00,0.0,156284.2496166666,7978.9270000000015
2023-09-18 15:00:00,0.0,142234.95678333327,10208.746000000006
2023-09-18 16:00:00,0.0,102969.30986666665,38407.681000000026
2023-09-18 17:00:00,0.0,60036.58091666675,27859.339000000025
2023-09-18 18:00:00,1456.3090000000022,61541.50130000009,612.2560000000012
2023-09-18 19:00:00,1658.782000000002,47769.50033333337,9798.103333333358
2023-09-18 20:00:00,0.0,44392.54076666671,10084.626666666696
2023-09-18 21:00:00,0.0,34244.646183333374,0.0
2023-09-18 22:00:00,0.0,14574.347716666683,0.0
2023-09-18 23:00:00,0.0,4521.821966666668,0.0
2023-09-19 00:00:00,0.0,2052.6163,0.0
2023-09-19 01:00:00,0.0,6330.095800000005,0.0
2023-09-19 02:00:00,0.0,8755.079633333338,0.0
2023-09-19 03:00:00,0.0,9637.574416666672,0.0
2023-09-19 04:00:00,0.0,10678.369600000005,0.0
2023-09-19 05:00:00,0.0,16590.737266666678,447.460000000001
2023-09-19 06:00:00,1591.2910000000006,33414.58206666672,10821.741000000022
2023-09-19 07:00:00,1441.3110000000027,32022.77240000005,46777.71733333339
2023-09-19 08:00:00,0.0,46571.85728333334,36298.08100000004
2023-09-19 09:00:00,0.0,68276.5606,15550.332333333361
2023-09-19 10:00:00,8.267000000000007,81002.53951666666,17170.648833333376
2023-09-19 11:00:00,8.274000000000006,112252.17086666664,13186.57533333336
2023-09-19 12:00:00,0.0,145903.98458333325,0.0
2023-09-19 13:00:00,0.0,143902.63898333325,6308.79466666667
2023-09-19 14:00:00,0.0,132465.17824999994,8181.9420000000055
2023-09-19 15:00:00,0.0,130175.76398333328,8731.144333333335
2023-09-19 16:00:00,0.0,93585.38213333333,24941.9636666667
2023-09-19 17:00:00,0.0,59408.600633333415,21980.250333333363
2023-09-19 18:00:00,1546.2970000000025,57481.92358333342,612.7520000000006
2023-09-19 19:00:00,1516.3010000000013,47562.35491666671,9579.751000000026
2023-09-19 20:00:00,0.0,42997.509700000046,10469.395666666695
2023-09-19 21:00:00,0.0,32494.194550000047,0.0
2023-09-19 22:00:00,0.0,14432.356183333348,0.0
2023-09-19 23:00:00,0.0,4941.65031666667,0.0
2023-09-20 00:00:00,0.0,1937.616233333333,0.0
2023-09-20 01:00:00,0.0,6377.595483333338,0.0
2023-09-20 02:00:00,0.0,8250.083000000006,0.0
2023-09-20 03:00:00,0.0,10395.06953333334,0.0
2023-09-20 04:00:00,0.0,12153.133216666676,0.0
2023-09-20 05:00:00,0.0,19651.56475000002,435.92800000000045
2023-09-20 06:00:00,1591.2910000000018,35884.62725000006,11258.70833333336
2023-09-20 07:00:00,1411.315000000002,31013.50680000005,49705.27433333339
2023-09-20 08:00:00,0.0,37852.632716666674,31069.850000000035
2023-09-20 09:00:00,0.0,69060.12821666664,16958.44950000003
2023-09-20 10:00:00,8.266000000000007,82429.80228333331,15294.498500000036
2023-09-20 11:00:00,8.275000000000006,110852.48156666664,14785.847500000029
2023-09-20 12:00:00,0.0,135893.00206666658,0.0
2023-09-20 13:00:00,0.0,146997.73898333326,7270.367333333335
2023-09-20 14:00:00,0.0,136867.1621833333,8768.062666666672
2023-09-20 15:00:00,0.0,126241.28196666662,9044.486666666668
2023-09-20 16:00:00,0.0,99696.35416666664,20514.963666666696
2023-09-20 17:00:00,0.0,58641.49866666676,32002.99833333337
2023-09-20 18:00:00,1658.782000000001,58646.78765000008,557.4480000000013
2023-09-20 19:00:00,1433.8120000000017,48247.00438333338,9928.78433333336
2023-09-20 20:00:00,0.0,45625.64930000004,9826.44833333336
2023-09-20 21:00:00,0.0,34649.519383333376,0.0
2023-09-20 22:00:00,0.0,14289.078600000015,0.0
2023-09-20 23:00:00,0.0,5624.901533333337,0.0
2023-09-21 00:00:00,0.0,2082.617799999999,0.0
2023-09-21 01:00:00,0.0,6250.0963333333375,0.0
2023-09-21 02:00:00,0.0,8190.083400000005,0.0
2023-09-21 03:00:00,0.0,9430.07583333334,0.0
2023-09-21 04:00:00,0.0,11933.25028333334,0.0
2023-09-21 05:00:00,0.0,17227.077466666684,502.26800000000094
2023-09-21 06:00:00,1261.3350000000014,31110.194666666728,9733.99766666669
2023-09-21 07:00:00,1598.7900000000034,36635.06085000005,31712.686333333386
2023-09-21 08:00:00,0.0,42928.44930000001,36629.86033333337
2023-09-21 09:00:00,0.0,61390.63384999999,15216.994000000032
2023-09-21 10:00:00,8.268000000000006,66496.39244999998,16318.517000000036
2023-09-21 11:00:00,8.273000000000007,113442.64676666661,13652.858833333357
2023-09-21 12:00:00,0.0,139396.4035166666,0.0
2023-09-21 13:00:00,0.0,139564.57649999997,9399.17133333334
2023-09-21 14:00:00,0.0,144913.40963333324,8547.062666666669
2023-09-21 15:00:00,0.0,135153.50744999995,8604.196333333337
2023-09-21 16:00:00,0.0,89930.28083333332,33750.08233333337
2023-09-21 17:00:00,0.0,61520.044550000086,29801.469000000037
2023-09-21 18:00:00,1531.2990000000034,59395.437483333415,580.5120000000015
2023-09-21 19:00:00,1703.7760000000019,47552.826066666705,11326.819000000023
2023-09-21 20:00:00,0.0,44957.399383333366,10531.025333333359
2023-09-21 21:00:00,0.0,33930.25025000004,0.0
2023-09-21 22:00:00,0.0,15019.962350000014,0.0
2023-09-21 23:00:00,0.0,5204.48461666667,0.0
2023-09-22 00:00:00,0.0,1982.6182166666663,0.0
2023-09-22 01:00:00,0.0,5177.603483333338,0.0
2023-09-22 02:00:00,0.0,7912.585250000007,0.0
2023-09-22 03:00:00,0.0,10045.572150000007,0.0
2023-09-22 04:00:00,0.0,12367.41898333334,0.0
2023-09-22 05:00:00,0.0,18860.401450000012,451.30400000000105
2023-09-22 06:00:00,1621.2870000000028,32160.78008333339,9771.316000000024
2023-09-22 07:00:00,1426.3130000000026,31921.917333333386,24365.26566666672
2023-09-22 08:00:00,0.0,46870.91111666667,38203.02866666671
2023-09-22 09:00:00,0.0,75357.61514999997,16811.30050000003
2023-09-22 10:00:00,8.273000000000007,72859.87753333329,16993.874666666707
2023-09-22 11:00:00,8.268000000000006,111245.90296666663,13763.812666666696
2023-09-22 12:00:00,0.0,143924.82211666662,0.0
2023-09-22 13:00:00,0.0,134634.0803833333,5903.662
2023-09-22 14:00:00,0.0,147742.92543333326,9031.01066666667
2023-09-22 15:00:00,0.0,129213.28063333326,9140.837000000003
2023-09-22 16:00:00,0.0,87223.29956666667,30667.653666666694
2023-09-22 17:00:00,0.0,64329.01865000009,38996.33033333337
2023-09-22 18:00:00,1516.3010000000024,61413.514283333425,606.9240000000015
2023-09-22 19:00:00,1531.2990000000023,47688.84040000004,10295.612333333358
2023-09-22 20:00:00,0.0,45622.29506666671,11427.154000000028
2023-09-22 21:00:00,0.0,34008.22696666671,0.0
2023-09-22 22:00:00,0.0,14118.621550000014,0.0
2023-09-22 23:00:00,0.0,4147.570200000001,0.0
2023-09-23 00:00:00,0.0,2815.1111833333343,0.0
2023-09-23 01:00:00,0.0,7085.0907666666735,0.0
2023-09-23 02:00:00,0.0,10202.56998333334,0.0
2023-09-23 03:00:00,0.0,11270.06351666667,0.0
2023-09-23 04:00:00,0.0,12517.145783333339,0.0
2023-09-23 05:00:00,0.0,18296.224500000015,442.7480000000009
2023-09-23 06:00:00,1501.3030000000033,31515.401450000056,10674.113000000023
2023-09-23 07:00:00,1658.7820000000047,29903.075416666714,25000.008333333386
2023-09-23 08:00:00,0.0,47406.43231666667,35524.361666666686
2023-09-23 09:00:00,0.0,60385.31526666666,17080.724166666696
2023-09-23 10:00:00,8.267000000000007,73223.5421333333,17366.08550000004
2023-09-23 11:00:00,8.274000000000006,95002.1637,12531.460500000025
2023-09-23 12:00:00,0.0,145170.4904166666,0.0
2023-09-23 13:00:00,0.0,148672.99571666657,7737.833333333338
2023-09-23 14:00:00,0.0,140245.16423333326,10752.539333333341
2023-09-23 15:00:00,0.0,139343.26573333328,9635.617333333343
2023-09-23 16:00:00,0.0,91268.84655,39441.65100000003
2023-09-23 17:00:00,0.0,58414.87291666676,27093.512000000035
2023-09-23 18:00:00,1396.3170000000023,61871.76890000009,636.6840000000002
2023-09-23 19:00:00,1538.7980000000011,46700.634916666706,9266.450333333363
2023-09-23 20:00:00,0.0,44703.24293333337,10412.763000000024
2023-09-23 21:00:00,0.0,33784.429883333374,0.0
2023-09-23 22:00:00,0.0,14634.218550000012,0.0
2023-09-23 23:00:00,0.0,4581.155666666669,0.0
2023-09-24 00:00:00,0.0,0.0,0.0
2023-09-24 01:00:00,0.0,0.0,0.0
2023-09-24 02:00:00,0.0,0.0,0.0
2023-09-24 03:00:00,0.0,0.0,0.0
2023-09-24 04:00:00,0.0,270.31094999999976,0.0
2023-09-24 05:00:00,0.0,5196.385016666676,497.3080000000005
2023-09-24 06:00:00,1651.2830000000022,15473.02028333338,10500.902333333359
2023-09-24 07:00:00,1471.307000000002,13515.680533333378,34408.211333333384
2023-09-24 08:00:00,0.0,2798.789166666667,26933.175000000032
2023-09-24 09:00:00,0.0,803.3296666666633,13580.87466666669
2023-09-24 10:00:00,8.281000000000006,737.1820833333292,15913.638333333374
2023-09-24 11:00:00,8.260000000000007,671.3484166666625,13008.00700000002
2023-09-24 12:00:00,0.0,614.9391999999965,0.0
2023-09-24 13:00:00,0.0,657.9350333333307,5865.342666666671
2023-09-24 14:00:00,0.0,587.7723499999973,12037.890333333342
2023-09-24 15:00:00,0.0,615.8528333333301,10505.227000000006
2023-09-24 16:00:00,0.0,3979.940583333331,38916.8986666667
2023-09-24 17:00:00,0.0,33878.833933333415,31667.294333333364
2023-09-24 18:00:00,1388.818000000002,47146.84538333341,546.6600000000013
2023-09-24 19:00:00,1583.7920000000029,34515.2646666667,9590.733333333363
2023-09-24 20:00:00,0.0,31610.6017166667,10189.5636666667
2023-09-24 21:00:00,0.0,22678.531100000037,0.0
2023-09-24 22:00:00,0.0,5247.145266666673,0.0
2023-09-24 23:00:00,0.0,405.7128166666663,0.0
2023-09-25 00:00:00,0.0,1910.1175333333322,0.0
2023-09-25 01:00:00,0.0,6802.592650000007,0.0
2023-09-25 02:00:00,0.0,9677.57348333334,0.0
2023-09-25 03:00:00,0.0,10945.066383333342,0.0
2023-09-25 04:00:00,0.0,11942.279216666675,0.0
2023-09-25 05:00:00,0.0,17878.64923333335,457.0080000000009
2023-09-25 06:00:00,1493.8040000000021,31712.48568333339,9752.048000000028
2023-09-25 07:00:00,1441.3110000000029,37238.09788333339,30673.428666666732
2023-09-25 08:00:00,0.0,41374.87456666668,34029.26133333337
2023-09-25 09:00:00,0.0,59204.257616666655,15655.701500000028
2023-09-25 10:00:00,8.273000000000007,81019.44094999997,17436.376500000042
2023-09-25 11:00:00,8.268000000000006,112332.14363333328,14834.186666666694
2023-09-25 12:00:00,0.0,135643.0125499999,0.0
2023-09-25 13:00:00,0.0,140737.3420999999,6158.95633333333
2023-09-25 14:00:00,0.0,145133.67334999994,8369.097666666672
2023-09-25 15:00:00,0.0,134144.1069333333,11311.071000000004
2023-09-25 16:00:00,0.0,79397.58663333334,31129.959333333365
2023-09-25 17:00:00,0.0,62348.28661666676,29635.740000000023
2023-09-25 18:00:00,1448.8100000000036,61226.73570000008,558.6880000000021
2023-09-25 19:00:00,1711.2750000000033,47477.180066666704,10584.725666666696
2023-09-25 20:00:00,0.0,45351.18131666671,10179.569666666695
2023-09-25 21:00:00,0.0,33183.33056666671,0.0
2023-09-25 22:00:00,0.0,14320.673850000014,0.0
2023-09-25 23:00:00,0.0,4830.817950000002,0.0
2023-09-26 00:00:00,0.0,2217.6147999999994,0.0
2023-09-26 01:00:00,0.0,5925.0985000000055,0.0
2023-09-26 02:00:00,0.0,8337.582416666673,0.0
2023-09-26 03:00:00,0.0,9847.573000000011,0.0
2023-09-26 04:00:00,0.0,11800.46565000001,0.0
2023-09-26 05:00:00,0.0,17923.116700000017,432.82800000000105
2023-09-26 06:00:00,1606.2890000000007,30937.096833333388,9128.492666666692
2023-09-26 07:00:00,1538.7980000000039,32442.303666666714,47962.03133333339
2023-09-26 08:00:00,0.0,37671.00503333334,37919.23500000003
2023-09-26 09:00:00,0.0,62136.91698333333,16877.763666666695
2023-09-26 10:00:00,8.280000000000006,76020.79669999999,17345.187000000038
2023-09-26 11:00:00,8.261000000000006,121316.66286666664,15287.492666666694
2023-09-26 12:00:00,0.0,146014.91158333325,0.0
2023-09-26 13:00:00,0.0,154773.72364999988,6320.300666666671
2023-09-26 14:00:00,0.0,131938.01359999995,9126.169333333337
2023-09-26 15:00:00,0.0,129586.09696666656,9374.829000000005
2023-09-26 16:00:00,0.0,93760.11513333333,30913.86933333336
2023-09-26 17:00:00,0.0,61375.84840000008,13944.8386666667
2023-09-26 18:00:00,1448.810000000002,62257.96846666675,614.4880000000015
2023-09-26 19:00:00,1501.3030000000015,48309.78855000005,10729.57766666669
2023-09-26 20:00:00,0.0,43261.120033333376,10459.401666666698
2023-09-26 21:00:00,0.0,33510.057983333376,0.0
2023-09-26 22:00:00,0.0,15232.227733333351,0.0
2023-09-26 23:00:00,0.0,4635.986466666671,0.0
2023-09-27 00:00:00,0.0,2542.613566666665,0.0
2023-09-27 01:00:00,0.0,6810.092600000007,0.0
2023-09-27 02:00:00,0.0,8712.579916666677,0.0
2023-09-27 03:00:00,0.0,8740.080866666674,0.0
2023-09-27 04:00:00,0.0,9431.699316666673,0.0
2023-09-27 05:00:00,0.0,15378.088116666684,503.5080000000002
2023-09-27 06:00:00,1591.291000000002,31819.910916666726,10872.729000000025
2023-09-27 07:00:00,1403.8160000000032,30775.775533333388,38348.00133333338
2023-09-27 08:00:00,0.0,37166.34770000001,29343.56500000004
2023-09-27 09:00:00,0.0,70419.39811666665,15520.052833333364
2023-09-27 10:00:00,8.271000000000006,85479.70441666663,16126.876500000037
2023-09-27 11:00:00,8.270000000000007,107982.39471666662,13136.004333333354
2023-09-27 12:00:00,0.0,126282.42569999995,0.0
2023-09-27 13:00:00,0.0,144445.3285166666,10154.912666666678
2023-09-27 14:00:00,0.0,145719.91458333327,8214.422000000002
2023-09-27 15:00:00,0.0,128296.26414999994,7031.382333333333
2023-09-27 16:00:00,0.0,93908.88603333333,30980.50566666669
2023-09-27 17:00:00,0.0,61279.06856666676,31339.642000000036
2023-09-27 18:00:00,1531.299000000002,60335.43656666675,553.9760000000016
2023-09-27 19:00:00,1568.7940000000021,47592.56115000004,9975.896666666693
2023-09-27 20:00:00,0.0,45110.091533333376,9723.177000000032
2023-09-27 21:00:00,0.0,34470.29901666671,0.0
2023-09-27 22:00:00,0.0,16159.56378333335,0.0
2023-09-27 23:00:00,0.0,5216.230416666669,0.0
2023-09-28 00:00:00,0.0,2862.610183333334,0.0
2023-09-28 01:00:00,0.0,7095.090700000004,0.0
2023-09-28 02:00:00,0.0,8787.579416666675,0.0
2023-09-28 03:00:00,0.0,10352.56948333334,0.0
2023-09-28 04:00:00,0.0,11632.999316666674,0.0
2023-09-28 05:00:00,0.0,17010.962866666683,432.8280000000003
2023-09-28 06:00:00,1636.2850000000035,29324.93543333339,10193.277666666698
2023-09-28 07:00:00,1531.2990000000043,33719.41196666672,29224.107000000065
2023-09-28 08:00:00,0.0,34732.61071666668,24727.61100000004
2023-09-28 09:00:00,0.0,53959.73590000001,14875.318333333358
2023-09-28 10:00:00,8.268000000000006,71715.80808333332,15096.203000000034
2023-09-28 11:00:00,8.273000000000005,105678.74454999997,12837.12850000002
2023-09-28 12:00:00,0.0,132731.07414999994,0.0
2023-09-28 13:00:00,0.0,143838.89933333328,5038.923666666667
2023-09-28 14:00:00,0.0,161173.46219999992,8849.833000000002
2023-09-28 15:00:00,0.0,142683.8464666666,12021.87533333334
2023-09-28 16:00:00,0.0,97251.80473333331,36357.384000000035
2023-09-28 17:00:00,0.0,60990.90550000009,40681.58233333337
2023-09-28 18:00:00,1448.810000000003,61197.261183333416,585.7200000000016
2023-09-28 19:00:00,1478.8060000000023,49319.72390000004,9701.015333333356
2023-09-28 20:00:00,0.0,42625.47051666671,10680.935333333362
2023-09-28 21:00:00,0.0,33295.784566666705,0.0
2023-09-28 22:00:00,0.0,14189.968500000012,0.0
2023-09-28 23:00:00,0.0,4563.239716666671,0.0
2023-09-29 00:00:00,0.0,2565.1119,0.0
2023-09-29 01:00:00,0.0,6240.096400000005,0.0
2023-09-29 02:00:00,0.0,7795.086033333339,0.0
2023-09-29 03:00:00,0.0,10483.069416666673,0.0
2023-09-29 04:00:00,0.0,12765.79988333334,0.0
2023-09-29 05:00:00,0.0,17551.82728333335,519.7520000000006
2023-09-29 06:00:00,1433.8120000000022,31867.44351666673,11490.867000000024
2023-09-29 07:00:00,1546.2970000000032,33740.85671666672,30582.189666666723
2023-09-29 08:00:00,0.0,51023.41193333334,36032.89600000004
2023-09-29 09:00:00,0.0,68802.53895,15244.202833333358
2023-09-29 10:00:00,8.272000000000006,76407.88045,15140.783000000032
2023-09-29 11:00:00,8.269000000000005,97771.85665,13051.909666666686
2023-09-29 12:00:00,0.0,129150.77264999993,0.0
2023-09-29 13:00:00,0.0,140501.25501666658,6742.416333333333
2023-09-29 14:00:00,0.0,141692.52326666657,10003.226000000004
2023-09-29 15:00:00,0.0,132187.95464999997,7670.991000000004
2023-09-29 16:00:00,0.0,106447.76601666663,31087.5556666667
2023-09-29 17:00:00,0.0,61531.844600000084,33797.25666666671
2023-09-29 18:00:00,1531.299000000002,62991.39981666676,579.1480000000017
2023-09-29 19:00:00,1583.792000000002,50194.371350000045,9285.476000000033
2023-09-29 20:00:00,0.0,44502.73328333338,9626.568333333365
2023-09-29 21:00:00,0.0,33652.01533333338,0.0
2023-09-29 22:00:00,0.0,14374.75353333335,0.0
2023-09-29 23:00:00,0.0,4764.98116666667,0.0
2023-09-30 00:00:00,0.0,2097.616666666667,0.0
2023-09-30 01:00:00,0.0,5662.600250000006,0.0
2023-09-30 02:00:00,0.0,7595.087366666671,0.0
2023-09-30 03:00:00,0.0,9517.575133333337,0.0
2023-09-30 04:00:00,0.0,11845.601466666674,0.0
2023-09-30 05:00:00,0.0,18002.465466666683,478.4600000000008
2023-09-30 06:00:00,1381.3190000000027,34224.735750000065,10495.485000000026
2023-09-30 07:00:00,1516.3010000000013,32479.100983333377,35845.131666666726
2023-09-30 08:00:00,0.0,43037.82961666668,28442.268333333363
2023-09-30 09:00:00,0.0,69798.3553333333,13717.607500000024
2023-09-30 10:00:00,8.266000000000005,86715.79469999997,14897.343166666704
2023-09-30 11:00:00,8.275000000000006,118405.22696666664,13789.73716666669
2023-09-30 12:00:00,0.0,141071.24946666663,0.0
2023-09-30 13:00:00,0.0,142201.65628333326,9165.31800000001
2023-09-30 14:00:00,0.0,118802.25579999997,10427.085333333342
2023-09-30 15:00:00,0.0,128444.68736666662,10421.350666666673
2023-09-30 16:00:00,0.0,97534.71074999998,33656.08900000004
2023-09-30 17:00:00,0.0,57976.071016666756,31315.174666666695
2023-09-30 18:00:00,1508.8020000000029,61033.79996666676,544.3040000000015
2023-09-30 19:00:00,1688.7780000000025,49155.94401666671,9364.569333333366
2023-09-30 20:00:00,0.0,45584.48761666671,9669.875666666696
2023-09-30 21:00:00,0.0,33490.211716666716,0.0
2023-09-30 22:00:00,0.0,15452.777066666684,0.0
2023-09-30 23:00:00,0.0,5031.47606666667,0.0
2023-10-01 00:00:00,0.0,0.0,0.0
2023-10-01 01:00:00,0.0,0.0,0.0
2023-10-01 02:00:00,0.0,0.0,0.0
2023-10-01 03:00:00,0.0,0.0,0.0
2023-10-01 04:00:00,0.0,304.911583333333,0.0
2023-10-01 05:00:00,0.0,5008.381100000009,486.0240000000004
2023-10-01 06:00:00,1583.792000000002,18488.159633333387,10204.060000000027
2023-10-01 07:00:00,1456.3090000000034,15467.253916666712,47560.801666666724
2023-10-01 08:00:00,0.0,1914.8180833333313,21170.3726666667
2023-10-01 09:00:00,0.0,668.4534499999958,14606.89033333336
2023-10-01 10:00:00,8.275000000000006,687.0986166666626,15322.231666666703
2023-10-01 11:00:00,8.266000000000005,687.7666499999966,13428.20733333336
2023-10-01 12:00:00,0.0,670.2705666666637,0.0
2023-10-01 13:00:00,0.0,628.8597166666638,8395.877
2023-10-01 14:00:00,0.0,558.9504333333299,9791.088333333337
2023-10-01 15:00:00,0.0,571.4504833333301,10091.92266666667
2023-10-01 16:00:00,0.0,3098.7995333333324,42654.693000000036
2023-10-01 17:00:00,0.0,33268.80205000008,18611.042333333367
2023-10-01 18:00:00,1568.7940000000021,45269.40086666674,551.8680000000019
2023-10-01 19:00:00,1486.3050000000017,35380.020300000026,9800.576000000025
2023-10-01 20:00:00,0.0,32433.396816666704,9919.725666666698
2023-10-01 21:00:00,0.0,22505.984450000036,0.0
2023-10-01 22:00:00,0.0,5394.528600000009,0.0
2023-10-01 23:00:00,0.0,348.1359499999996,0.0
2023-10-02 00:00:00,0.0,3285.1078333333353,0.0
2023-10-02 01:00:00,0.0,7107.590616666674,0.0
2023-10-02 02:00:00,0.0,8537.581083333342,0.0
2023-10-02 03:00:00,0.0,9692.574016666673,0.0
2023-10-02 04:00:00,0.0,10894.232600000005,0.0
2023-10-02 05:00:00,0.0,15285.011233333345,435.1840000000007
2023-10-02 06:00:00,1658.7820000000015,30088.63876666673,10231.750666666689
2023-10-02 07:00:00,1606.289000000001,33414.31716666672,43538.668000000056
2023-10-02 08:00:00,0.0,44579.758066666676,27883.5406666667
2023-10-02 09:00:00,0.0,73099.11604999998,13908.693500000027
2023-10-02 10:00:00,8.269000000000005,74938.63865,18011.397833333376
2023-10-02 11:00:00,8.272000000000006,106909.82136666666,15797.94816666669
2023-10-02 12:00:00,0.0,135671.83058333324,0.0
2023-10-02 13:00:00,0.0,138492.85068333324,7595.147666666665
2023-10-02 14:00:00,0.0,141564.5831666666,8576.709333333336
2023-10-02 15:00:00,0.0,125977.52508333331,9322.17033333334
2023-10-02 16:00:00,0.0,97440.94133333332,22435.402000000035
2023-10-02 17:00:00,0.0,60661.18546666676,33292.56333333337
2023-10-02 18:00:00,1441.3110000000013,61784.70773333342,611.2640000000009
2023-10-02 19:00:00,1388.818000000002,50106.38558333338,9670.53200000003
2023-10-02 20:00:00,0.0,46051.55658333338,10561.007333333357
2023-10-02 21:00:00,0.0,35234.872966666706,0.0
2023-10-02 22:00:00,0.0,15040.503283333346,0.0
2023-10-02 23:00:00,0.0,5956.809116666671,0.0
2023-10-03 00:00:00,0.0,2692.6089833333335,0.0
2023-10-03 01:00:00,0.0,6280.096133333341,0.0
2023-10-03 02:00:00,0.0,8710.079933333343,0.0
2023-10-03 03:00:00,0.0,9135.078216666676,0.0
2023-10-03 04:00:00,0.0,11190.566350000008,0.0
2023-10-03 05:00:00,0.0,17706.214083333347,476.84800000000047
2023-10-03 06:00:00,1628.7860000000028,29650.928150000054,10702.72000000003
2023-10-03 07:00:00,1493.8040000000024,33910.04150000006,42908.62233333339
2023-10-03 08:00:00,0.0,31548.724883333343,25043.805666666703
2023-10-03 09:00:00,0.0,56252.41325000001,15837.456833333363
2023-10-03 10:00:00,8.270000000000007,75765.69671666666,16429.710666666702
2023-10-03 11:00:00,8.271000000000006,114114.89944999997,16221.716333333363
2023-10-03 12:00:00,0.0,140445.4103166666,0.0
2023-10-03 13:00:00,0.0,141510.65601666662,7318.205666666669
2023-10-03 14:00:00,0.0,147425.74538333327,9475.793000000005
2023-10-03 15:00:00,0.0,144619.34444999995,11703.401333333342
2023-10-03 16:00:00,0.0,98874.8260833333,36862.726000000024
2023-10-03 17:00:00,0.0,62735.656700000094,19413.213666666696
2023-10-03 18:00:00,1463.8080000000034,60986.26343333342,650.6960000000009
2023-10-03 19:00:00,1508.8020000000033,49307.515450000035,10388.380333333356
2023-10-03 20:00:00,0.0,44307.373833333375,9671.541333333364
2023-10-03 21:00:00,0.0,32713.664200000047,0.0
2023-10-03 22:00:00,0.0,12588.504100000013,0.0
2023-10-03 23:00:00,0.0,3550.6601166666683,0.0
2023-10-04 00:00:00,0.0,2782.6113166666682,0.0
2023-10-04 01:00:00,0.0,7097.590683333338,0.0
2023-10-04 02:00:00,0.0,8975.078166666672,0.0
2023-10-04 03:00:00,0.0,9305.07628333334,0.0
2023-10-04 04:00:00,0.0,10699.533166666672,0.0
2023-10-04 05:00:00,0.0,16797.77393333335,432.0840000000008
2023-10-04 06:00:00,1321.3270000000016,31195.77568333339,10516.681666666691
2023-10-04 07:00:00,1486.305000000003,31848.67658333338,41043.594666666715
2023-10-04 08:00:00,0.0,35037.31436666668,20179.625000000036
2023-10-04 09:00:00,0.0,64954.97949999998,13679.009166666696
2023-10-04 10:00:00,8.276000000000007,77110.65289999999,15880.24183333337
2023-10-04 11:00:00,8.265000000000006,108784.24534999995,12946.429333333352
2023-10-04 12:00:00,0.0,138960.0852166666,0.0
2023-10-04 13:00:00,0.0,143684.99974999993,9276.14633333334
2023-10-04 14:00:00,0.0,135379.91886666662,10913.660000000009
2023-10-04 15:00:00,0.0,132389.84248333328,8140.772333333337
2023-10-04 16:00:00,0.0,100680.48418333333,38138.18133333337
2023-10-04 17:00:00,0.0,59562.974466666754,26488.717333333374
2023-10-04 18:00:00,1613.788000000003,60480.518500000086,550.132000000002
2023-10-04 19:00:00,1673.780000000003,50058.811900000044,10129.228666666693
2023-10-04 20:00:00,0.0,45273.29108333337,10082.961000000028
2023-10-04 21:00:00,0.0,33910.61820000005,0.0
2023-10-04 22:00:00,0.0,16189.95473333335,0.0
2023-10-04 23:00:00,0.0,5083.818466666669,0.0
2023-10-05 00:00:00,0.0,2480.113383333333,0.0
2023-10-05 01:00:00,0.0,6205.096633333338,0.0
2023-10-05 02:00:00,0.0,9360.075600000007,0.0
2023-10-05 03:00:00,0.0,10617.56848333334,0.0
2023-10-05 04:00:00,0.0,11135.437150000005,0.0
2023-10-05 05:00:00,0.0,16784.639183333347,464.6960000000008
2023-10-05 06:00:00,1538.7980000000032,31001.627833333387,10053.474666666692
2023-10-05 07:00:00,1501.3030000000026,29641.28850000005,30922.70766666673
2023-10-05 08:00:00,0.0,34986.63458333334,22459.680333333363
2023-10-05 09:00:00,0.0,60121.95154999999,14145.10316666669
2023-10-05 10:00:00,8.267000000000007,86809.90869999997,17744.104166666708
2023-10-05 11:00:00,8.274000000000006,120848.76351666664,11947.870333333352
2023-10-05 12:00:00,0.0,131774.1783166666,0.0
2023-10-05 13:00:00,0.0,138689.4914666666,8755.209333333336
2023-10-05 14:00:00,0.0,149801.16499999992,7796.435999999998
2023-10-05 15:00:00,0.0,140272.26079999996,10213.04833333334
2023-10-05 16:00:00,0.0,88238.80525,44326.6256666667
2023-10-05 17:00:00,0.0,59773.10220000009,27855.114666666705
2023-10-05 18:00:00,1546.2970000000032,61626.63326666675,536.4920000000011
2023-10-05 19:00:00,1508.8020000000015,51528.56903333338,10246.961666666692
2023-10-05 20:00:00,0.0,45466.171966666705,10219.5456666667
2023-10-05 21:00:00,0.0,33547.41000000005,0.0
2023-10-05 22:00:00,0.0,15357.538900000014,0.0
2023-10-05 23:00:00,0.0,5498.313733333337,0.0
2023-10-06 00:00:00,0.0,2305.1136333333343,0.0
2023-10-06 01:00:00,0.0,7765.08623333334,0.0
2023-10-06 02:00:00,0.0,9700.073333333341,0.0
2023-10-06 03:00:00,0.0,10960.066400000007,0.0
2023-10-06 04:00:00,0.0,11539.302716666676,0.0
2023-10-06 05:00:00,0.0,17879.915650000014,465.44000000000096
2023-10-06 06:00:00,1328.8260000000028,32218.309216666727,11220.945666666687
2023-10-06 07:00:00,1546.2970000000023,33834.72616666671,29062.31633333339
2023-10-06 08:00:00,0.0,38209.076216666675,25530.869333333365
2023-10-06 09:00:00,0.0,55078.74921666667,16634.817166666697
2023-10-06 10:00:00,8.276000000000007,77392.89096666663,14935.64833333337
2023-10-06 11:00:00,8.265000000000006,117138.06304999995,14741.372833333357
2023-10-06 12:00:00,0.0,139640.40719999993,0.0
2023-10-06 13:00:00,0.0,120683.69133333329,8235.135666666676
2023-10-06 14:00:00,0.0,142167.91944999993,8854.030666666666
2023-10-06 15:00:00,0.0,139624.52791666662,8833.317000000003
2023-10-06 16:00:00,0.0,99670.79495,36069.89400000004
2023-10-06 17:00:00,0.0,62956.82046666676,37424.52966666669
2023-10-06 18:00:00,1508.8020000000026,59836.34831666675,654.5400000000003
2023-10-06 19:00:00,1711.2750000000005,50598.61888333337,10030.50833333336
2023-10-06 20:00:00,0.0,44716.30038333337,9614.908666666706
2023-10-06 21:00:00,0.0,33591.13183333338,0.0
2023-10-06 22:00:00,0.0,13757.486050000014,0.0
2023-10-06 23:00:00,0.0,3963.410416666668,0.0
2023-10-07 00:00:00,0.0,2092.6155666666664,0.0
2023-10-07 01:00:00,0.0,6722.59318333334,0.0
2023-10-07 02:00:00,0.0,9060.077600000008,0.0
2023-10-07 03:00:00,0.0,10960.066000000006,0.0
2023-10-07 04:00:00,0.0,11517.051050000007,0.0
2023-10-07 05:00:00,0.0,17586.011966666687,474.1200000000007
2023-10-07 06:00:00,1448.8100000000031,31103.03815000006,10472.77466666669
2023-10-07 07:00:00,1576.293000000002,31141.183083333384,38845.5943333334
2023-10-07 08:00:00,0.0,35063.62980000001,27778.12933333337
2023-10-07 09:00:00,0.0,52236.04303333334,16282.940500000028
2023-10-07 10:00:00,8.265000000000006,60426.88798333335,17604.853333333376
2023-10-07 11:00:00,8.276000000000005,103940.58408333332,14469.863166666692
2023-10-07 12:00:00,0.0,137363.83573333325,0.0
2023-10-07 13:00:00,0.0,136952.42453333328,6703.924333333335
2023-10-07 14:00:00,0.0,153326.66269999993,10999.47233333334
2023-10-07 15:00:00,0.0,158193.01674999992,9308.626333333334
2023-10-07 16:00:00,0.0,96888.54656666666,29222.018666666703
2023-10-07 17:00:00,0.0,58294.19715000009,30153.45400000003
2023-10-07 18:00:00,1628.7860000000007,61052.71418333342,547.9000000000018
2023-10-07 19:00:00,1441.3110000000024,50054.31518333337,10296.61333333336
2023-10-07 20:00:00,0.0,43736.07785000004,10627.634000000031
2023-10-07 21:00:00,0.0,33254.986466666705,0.0
2023-10-07 22:00:00,0.0,13591.409733333348,0.0
2023-10-07 23:00:00,0.0,3872.904683333334,0.0
2023-10-08 00:00:00,0.0,0.0,0.0
2023-10-08 01:00:00,0.0,0.0,0.0
2023-10-08 02:00:00,0.0,0.0,0.0
2023-10-08 03:00:00,0.0,0.0,0.0
2023-10-08 04:00:00,0.0,191.2424333333331,0.0
2023-10-08 05:00:00,0.0,4763.768050000006,413.112000000001
2023-10-08 06:00:00,1343.8240000000021,18541.616866666718,10654.062000000027
2023-10-08 07:00:00,1658.7820000000008,15021.289300000042,30677.46833333339
2023-10-08 08:00:00,0.0,1983.4848166666654,36210.730333333355
2023-10-08 09:00:00,0.0,608.4066333333295,13728.418500000022
2023-10-08 10:00:00,8.267000000000007,590.6029499999962,18168.55450000004
2023-10-08 11:00:00,8.274000000000006,604.1910166666639,16841.09483333336
2023-10-08 12:00:00,0.0,577.2732166666642,0.0
2023-10-08 13:00:00,0.0,709.4312499999968,8955.892000000003
2023-10-08 14:00:00,0.0,731.0173499999962,8479.59766666667
2023-10-08 15:00:00,0.0,742.1005999999962,10104.897666666675
2023-10-08 16:00:00,0.0,3466.0267999999983,18714.734333333363
2023-10-08 17:00:00,0.0,33766.22738333342,31291.646000000044
2023-10-08 18:00:00,1591.2910000000034,44966.12968333341,657.5160000000002
2023-10-08 19:00:00,1501.3030000000026,35797.01553333337,10220.807000000024
2023-10-08 20:00:00,0.0,32993.480166666704,9851.433333333356
2023-10-08 21:00:00,0.0,22345.275566666704,0.0
2023-10-08 22:00:00,0.0,5268.884233333341,0.0
2023-10-08 23:00:00,0.0,340.053333333333,0.0
2023-10-09 00:00:00,0.0,2035.1149666666665,0.0
2023-10-09 01:00:00,0.0,5397.602016666672,0.0
2023-10-09 02:00:00,0.0,7875.0855000000065,0.0
2023-10-09 03:00:00,0.0,9711.074016666673,0.0
2023-10-09 04:00:00,0.0,11621.250616666672,0.0
2023-10-09 05:00:00,0.0,16792.18476666668,435.06000000000114
2023-10-09 06:00:00,1538.7980000000018,30070.868766666725,10163.858333333363
2023-10-09 07:00:00,1583.7920000000033,30768.029683333378,37492.22866666673
2023-10-09 08:00:00,0.0,31929.601766666678,35362.37833333337
2023-10-09 09:00:00,0.0,56838.42788333333,17530.274333333364
2023-10-09 10:00:00,8.274000000000006,74249.79776666664,18791.028333333372
2023-10-09 11:00:00,8.267000000000007,116629.73459999997,13962.251833333354
2023-10-09 12:00:00,0.0,144360.58789999995,0.0
2023-10-09 13:00:00,0.0,152364.07438333327,7414.366333333335
2023-10-09 14:00:00,0.0,150537.07894999994,6803.730666666665
2023-10-09 15:00:00,0.0,130543.27411666664,6464.40433333333
2023-10-09 16:00:00,0.0,94225.99621666668,24824.588000000032
2023-10-09 17:00:00,0.0,61282.459583333424,30420.638333333376
2023-10-09 18:00:00,1591.2910000000024,62512.04113333342,591.4240000000012
2023-10-09 19:00:00,1381.3190000000022,47999.919900000044,9899.409333333362
2023-10-09 20:00:00,0.0,44069.31933333338,10224.542666666694
2023-10-09 21:00:00,0.0,31354.231166666716,0.0
2023-10-09 22:00:00,0.0,13509.668166666685,0.0
2023-10-09 23:00:00,0.0,4049.157400000001,0.0
2023-10-10 00:00:00,0.0,1932.6157500000002,0.0
2023-10-10 01:00:00,0.0,7625.087166666674,0.0
2023-10-10 02:00:00,0.0,9555.074300000007,0.0
2023-10-10 03:00:00,0.0,11512.562350000007,0.0
2023-10-10 04:00:00,0.0,12773.378133333339,0.0
2023-10-10 05:00:00,0.0,18270.528616666685,440.2680000000007
2023-10-10 06:00:00,1651.283000000003,30591.586200000063,9824.695000000027
2023-10-10 07:00:00,1546.2970000000003,31813.84948333339,42501.34166666672
2023-10-10 08:00:00,0.0,33306.187533333345,30395.564000000028
2023-10-10 09:00:00,0.0,53388.84471666668,14135.901333333357
2023-10-10 10:00:00,8.268000000000006,80704.87776666664,18105.16700000004
2023-10-10 11:00:00,8.273000000000005,109051.16119999999,15103.583333333361
2023-10-10 12:00:00,0.0,143947.5853666666,0.0
2023-10-10 13:00:00,0.0,154183.39324999994,6092.165000000002
2023-10-10 14:00:00,0.0,143354.58328333325,11612.596000000009
2023-10-10 15:00:00,0.0,135082.34839999996,8273.265333333338
2023-10-10 16:00:00,0.0,90432.13376666665,39077.53700000003
2023-10-10 17:00:00,0.0,58136.99431666676,23596.706333333364
2023-10-10 18:00:00,1456.3090000000016,61064.44050000009,586.4640000000016
2023-10-10 19:00:00,1441.3110000000045,50665.10195000004,10714.148000000027
2023-10-10 20:00:00,0.0,45931.52248333338,10008.00600000003
2023-10-10 21:00:00,0.0,34506.80115000004,0.0
2023-10-10 22:00:00,0.0,13515.807416666681,0.0
2023-10-10 23:00:00,0.0,4613.566016666671,0.0
2023-10-11 00:00:00,0.0,2495.1140000000005,0.0
2023-10-11 01:00:00,0.0,7197.5900166666715,0.0
2023-10-11 02:00:00,0.0,10165.07023333334,0.0
2023-10-11 03:00:00,0.0,11590.811200000007,0.0
2023-10-11 04:00:00,0.0,12894.11873333334,0.0
2023-10-11 05:00:00,0.0,17992.40725000002,440.1440000000005
2023-10-11 06:00:00,1628.7860000000035,32195.891533333393,10065.758000000033
2023-10-11 07:00:00,1568.794000000002,31676.063283333384,35189.00600000005
2023-10-11 08:00:00,0.0,39439.62235000001,39356.74600000003
2023-10-11 09:00:00,0.0,68807.11401666666,17826.17050000003
2023-10-11 10:00:00,8.264000000000006,75463.57761666665,19034.76583333338
2023-10-11 11:00:00,8.277000000000006,108690.2561833333,14675.159000000025
2023-10-11 12:00:00,0.0,137518.3322499999,0.0
2023-10-11 13:00:00,0.0,149023.4855999999,5776.5413333333345
2023-10-11 14:00:00,0.0,146645.2513166666,7632.810333333332
2023-10-11 15:00:00,0.0,130772.68236666663,8531.738333333335
2023-10-11 16:00:00,0.0,89690.08423333334,25043.556666666693
2023-10-11 17:00:00,0.0,56601.214666666754,27072.518666666707
2023-10-11 18:00:00,1366.3210000000008,57649.448383333416,595.0200000000013
2023-10-11 19:00:00,1531.2990000000032,48697.72260000004,9636.824333333358
2023-10-11 20:00:00,0.0,46419.4942166667,10922.457000000031
2023-10-11 21:00:00,0.0,33865.16835000004,0.0
2023-10-11 22:00:00,0.0,13913.615450000012,0.0
2023-10-11 23:00:00,0.0,4418.738416666669,0.0
2023-10-12 00:00:00,0.0,2142.6155500000013,0.0
2023-10-12 01:00:00,0.0,5337.602416666673,0.0
2023-10-12 02:00:00,0.0,7145.090366666675,0.0
2023-10-12 03:00:00,0.0,8260.083800000008,0.0
2023-10-12 04:00:00,0.0,10612.528183333343,0.0
2023-10-12 05:00:00,0.0,17412.767416666684,520.1240000000004
2023-10-12 06:00:00,1546.297000000001,33533.90125000006,9664.284333333359
2023-10-12 07:00:00,1486.3050000000023,37726.47750000005,30014.660333333388
2023-10-12 08:00:00,0.0,43426.60010000001,21460.237000000034
2023-10-12 09:00:00,0.0,57768.170583333325,15564.007666666694
2023-10-12 10:00:00,8.266000000000005,80644.95889999998,17215.33216666671
2023-10-12 11:00:00,8.275000000000006,106102.24333333327,13442.790333333352
2023-10-12 12:00:00,0.0,139355.01263333324,0.0
2023-10-12 13:00:00,0.0,148633.65123333325,7683.810333333336
2023-10-12 14:00:00,0.0,143072.9959166666,9024.013666666671
2023-10-12 15:00:00,0.0,130321.44363333329,8576.881999999998
2023-10-12 16:00:00,0.0,88858.48268333332,38408.027666666705
2023-10-12 17:00:00,0.0,59999.507450000085,38530.90400000004
2023-10-12 18:00:00,1546.2970000000025,62950.17536666675,598.1200000000007
2023-10-12 19:00:00,1516.301000000003,49984.9948166667,11162.671000000028
2023-10-12 20:00:00,0.0,44540.18340000004,10166.244333333365
2023-10-12 21:00:00,0.0,33673.01121666671,0.0
2023-10-12 22:00:00,0.0,14865.632200000015,0.0
2023-10-12 23:00:00,0.0,5787.813716666669,0.0
2023-10-13 00:00:00,0.0,1642.618616666665,0.0
2023-10-13 01:00:00,0.0,6422.595183333338,0.0
2023-10-13 02:00:00,0.0,10822.565850000006,0.0
2023-10-13 03:00:00,0.0,12005.059850000009,0.0
2023-10-13 04:00:00,0.0,12259.534966666673,0.0
2023-10-13 05:00:00,0.0,16337.650833333348,431.96000000000015
2023-10-13 06:00:00,1508.802000000002,32413.599850000057,10047.222666666694
2023-10-13 07:00:00,1666.2810000000022,30922.776883333383,45673.36800000006
2023-10-13 08:00:00,0.0,45773.58756666667,34124.11966666671
2023-10-13 09:00:00,0.0,63840.31906666665,16463.370500000026
2023-10-13 10:00:00,8.265000000000006,79364.47658333331,18906.391833333375
2023-10-13 11:00:00,8.276000000000005,102987.75589999999,13936.283000000025
2023-10-13 12:00:00,0.0,141077.58619999993,0.0
2023-10-13 13:00:00,0.0,140345.7520333333,7773.49200000001
2023-10-13 14:00:00,0.0,136962.58384999994,7482.6776666666665
2023-10-13 15:00:00,0.0,137965.3422166666,8696.05466666667
2023-10-13 16:00:00,0.0,89986.16386666667,17768.140000000032
2023-10-13 17:00:00,0.0,59621.34301666676,27806.959000000024
2023-10-13 18:00:00,1591.291000000002,61703.535266666746,602.2120000000011
2023-10-13 19:00:00,1328.8260000000018,48427.366750000045,9987.391666666692
2023-10-13 20:00:00,0.0,45941.14593333338,10609.311666666701
2023-10-13 21:00:00,0.0,34228.28141666671,0.0
2023-10-13 22:00:00,0.0,14135.706733333347,0.0
2023-10-13 23:00:00,0.0,5099.068933333334,0.0
2023-10-14 00:00:00,0.0,2420.114966666667,0.0
2023-10-14 01:00:00,0.0,6747.593016666672,0.0
2023-10-14 02:00:00,0.0,8890.078733333341,0.0
2023-10-14 03:00:00,0.0,9735.07393333334,0.0
2023-10-14 04:00:00,0.0,11206.368700000006,0.0
2023-10-14 05:00:00,0.0,17935.929450000018,493.46400000000057
2023-10-14 06:00:00,1486.3050000000023,31831.14176666673,9993.98433333336
2023-10-14 07:00:00,1523.8000000000022,35933.43026666671,40184.88566666673
2023-10-14 08:00:00,0.0,48034.340466666676,32348.81733333336
2023-10-14 09:00:00,0.0,55491.60613333334,14531.712500000023
2023-10-14 10:00:00,8.272000000000006,78204.47774999998,15157.295166666705
2023-10-14 11:00:00,8.269000000000005,108632.40574999998,14126.37000000003
2023-10-14 12:00:00,0.0,138344.9973999999,0.0
2023-10-14 13:00:00,0.0,146009.06561666657,6677.232666666665
2023-10-14 14:00:00,0.0,131004.07034999997,10926.669000000005
2023-10-14 15:00:00,0.0,128369.92674999997,9562.780000000006
2023-10-14 16:00:00,0.0,100011.01565,37856.44300000003
2023-10-14 17:00:00,0.0,60389.45831666675,23744.79133333337
2023-10-14 18:00:00,1538.798000000001,60334.31836666675,559.0600000000015
2023-10-14 19:00:00,1546.2970000000018,49072.530933333364,10429.75366666669
2023-10-14 20:00:00,0.0,45303.23585000004,10650.953333333362
2023-10-14 21:00:00,0.0,34591.387033333376,0.0
2023-10-14 22:00:00,0.0,14202.11996666668,0.0
2023-10-14 23:00:00,0.0,4398.988483333334,0.0
2023-10-15 00:00:00,0.0,0.0,0.0
2023-10-15 01:00:00,0.0,0.0,0.0
2023-10-15 02:00:00,0.0,0.0,0.0
2023-10-15 03:00:00,0.0,0.0,0.0
2023-10-15 04:00:00,0.0,256.07229999999976,0.0
2023-10-15 05:00:00,0.0,4846.773816666675,501.4000000000003
2023-10-15 06:00:00,1508.8020000000022,19015.245466666718,9900.13700000003
2023-10-15 07:00:00,1568.7940000000028,13251.206833333375,40047.79166666673
2023-10-15 08:00:00,0.0,2331.1240999999986,33124.101666666706
2023-10-15 09:00:00,0.0,680.8162666666634,14070.377666666689
2023-10-15 10:00:00,8.275000000000006,643.0223166666638,17466.922500000044
2023-10-15 11:00:00,8.266000000000005,685.4369166666636,14438.823666666693
2023-10-15 12:00:00,0.0,644.9376333333298,0.0
2023-10-15 13:00:00,0.0,618.2765166666629,9561.761000000008
2023-10-15 14:00:00,0.0,725.0202333333295,11616.587000000003
2023-10-15 15:00:00,0.0,821.9272166666628,8667.54866666667
2023-10-15 16:00:00,0.0,3454.5245166666637,24636.277666666698
2023-10-15 17:00:00,0.0,32335.248533333408,21441.185000000027
2023-10-15 18:00:00,1523.8000000000031,45785.72258333341,567.9880000000014
2023-10-15 19:00:00,1493.8040000000035,36279.00010000004,11065.60533333336
2023-10-15 20:00:00,0.0,32166.2290666667,10169.575666666693
2023-10-15 21:00:00,0.0,22317.898550000038,0.0
2023-10-15 22:00:00,0.0,5655.904050000008,0.0
2023-10-15 23:00:00,0.0,455.21984999999955,0.0
2023-10-16 00:00:00,0.0,2295.112916666666,0.0
2023-10-16 01:00:00,0.0,6445.095033333338,0.0
2023-10-16 02:00:00,0.0,9567.574216666675,0.0
2023-10-16 03:00:00,0.0,10165.070433333341,0.0
2023-10-16 04:00:00,0.0,11237.519383333343,0.0
2023-10-16 05:00:00,0.0,17534.54683333335,494.08400000000046
2023-10-16 06:00:00,1486.3050000000014,30554.019000000062,10142.441333333361
2023-10-16 07:00:00,1508.802000000002,32906.56386666671,33069.3773333334
2023-10-16 08:00:00,0.0,38316.97428333334,39024.3136666667
2023-10-16 09:00:00,0.0,60066.19916666665,14934.737500000023
2023-10-16 10:00:00,8.266000000000007,80895.79636666665,17832.598166666707
2023-10-16 11:00:00,8.275000000000006,107611.75091666666,15635.153666666698
2023-10-16 12:00:00,0.0,133457.6984166666,0.0
2023-10-16 13:00:00,0.0,147479.9223666666,7171.2006666666675
2023-10-16 14:00:00,0.0,147281.3424666666,9382.499666666674
2023-10-16 15:00:00,0.0,137191.18154999992,7407.853333333336
2023-10-16 16:00:00,0.0,108408.77871666665,26872.14300000003
2023-10-16 17:00:00,0.0,64455.07080000009,30001.83233333337
2023-10-16 18:00:00,1478.8060000000028,63641.61130000009,558.6880000000016
2023-10-16 19:00:00,1621.2870000000034,50035.89433333337,10624.02966666669
2023-10-16 20:00:00,0.0,45328.75360000004,10092.955000000025
2023-10-16 21:00:00,0.0,31994.396333333374,0.0
2023-10-16 22:00:00,0.0,14381.768516666682,0.0
2023-10-16 23:00:00,0.0,5187.823550000001,0.0
2023-10-17 00:00:00,0.0,2732.6115666666683,0.0
2023-10-17 01:00:00,0.0,6202.596650000008,0.0
2023-10-17 02:00:00,0.0,8665.08023333334,0.0
2023-10-17 03:00:00,0.0,10745.067066666672,0.0
2023-10-17 04:00:00,0.0,11393.143066666673,0.0
2023-10-17 05:00:00,0.0,17945.190616666685,444.2360000000008
2023-10-17 06:00:00,1546.2970000000003,31688.714350000053,10587.463000000027
2023-10-17 07:00:00,1486.3050000000028,31040.454950000054,39899.509000000064
2023-10-17 08:00:00,0.0,35028.068300000006,26149.369666666687
2023-10-17 09:00:00,0.0,59250.57101666666,14483.147333333362
2023-10-17 10:00:00,8.281000000000006,81926.45559999997,18549.337000000036
2023-10-17 11:00:00,8.260000000000005,117436.22669999997,13602.65550000002
2023-10-17 12:00:00,0.0,131151.83394999994,0.0
2023-10-17 13:00:00,0.0,133312.40254999994,5515.718999999999
2023-10-17 14:00:00,0.0,155452.3240166666,6811.073
2023-10-17 15:00:00,0.0,151386.59263333326,10478.17300000001
2023-10-17 16:00:00,0.0,84250.03514999998,43053.009000000035
2023-10-17 17:00:00,0.0,60385.46925000009,24690.346000000034
2023-10-17 18:00:00,1523.800000000002,61977.71456666675,691.8639999999997
2023-10-17 19:00:00,1538.7980000000025,48191.43205000003,10377.104000000025
2023-10-17 20:00:00,0.0,44807.243183333376,9766.484333333367
2023-10-17 21:00:00,0.0,33460.42631666671,0.0
2023-10-17 22:00:00,0.0,13761.216633333348,0.0
2023-10-17 23:00:00,0.0,4410.9925833333355,0.0
2023-10-18 00:00:00,0.0,2390.114200000001,0.0
2023-10-18 01:00:00,0.0,6147.597016666674,0.0
2023-10-18 02:00:00,0.0,8750.079666666672,0.0
2023-10-18 03:00:00,0.0,10382.569916666675,0.0
2023-10-18 04:00:00,0.0,10806.852566666672,0.0
2023-10-18 05:00:00,0.0,16728.61846666668,521.4880000000003
2023-10-18 06:00:00,1471.3070000000018,31032.82973333339,10055.221666666692
2023-10-18 07:00:00,1546.2970000000025,31080.058266666718,38678.16100000005
2023-10-18 08:00:00,0.0,34484.66671666668,41217.61000000003
2023-10-18 09:00:00,0.0,49951.90621666667,14538.184000000021
2023-10-18 10:00:00,8.265000000000006,81278.89794999997,15900.089000000042
2023-10-18 11:00:00,8.276000000000005,119585.68784999997,15634.123500000032
2023-10-18 12:00:00,0.0,149042.2756166666,0.0
2023-10-18 13:00:00,0.0,148170.07113333326,6838.404333333336
2023-10-18 14:00:00,0.0,143112.57248333326,9421.458666666666
2023-10-18 15:00:00,0.0,138891.83788333327,9009.691333333336
2023-10-18 16:00:00,0.0,90623.25363333331,28129.3256666667
2023-10-18 17:00:00,0.0,57699.14620000008,20924.816000000035
2023-10-18 18:00:00,1538.7980000000036,63098.488416666754,576.668000000001
2023-10-18 19:00:00,1538.7980000000014,49956.82838333337,10184.377000000028
2023-10-18 20:00:00,0.0,45000.908466666704,10491.049333333365
2023-10-18 21:00:00,0.0,33729.72563333338,0.0
2023-10-18 22:00:00,0.0,13869.493166666682,0.0
2023-10-18 23:00:00,0.0,3979.3321000000024,0.0
2023-10-19 00:00:00,0.0,1372.6207333333323,0.0
2023-10-19 01:00:00,0.0,5007.604616666671,0.0
2023-10-19 02:00:00,0.0,8235.083100000007,0.0
2023-10-19 03:00:00,0.0,10007.571816666674,0.0
2023-10-19 04:00:00,0.0,12387.295283333338,0.0
2023-10-19 05:00:00,0.0,17550.136450000016,438.6560000000011
2023-10-19 06:00:00,1501.3030000000024,32316.05270000006,9294.787333333363
2023-10-19 07:00:00,1396.3170000000011,33502.77701666671,42127.12900000006
2023-10-19 08:00:00,0.0,44205.40516666667,32175.867666666698
2023-10-19 09:00:00,0.0,65350.195599999985,14487.297500000026
2023-10-19 10:00:00,8.266000000000005,72124.14115,18115.515666666703
2023-10-19 11:00:00,8.275000000000006,104668.1609833333,14384.317000000025
2023-10-19 12:00:00,0.0,145531.82244999995,0.0
2023-10-19 13:00:00,0.0,151165.56131666663,6382.617000000001
2023-10-19 14:00:00,0.0,132100.8298666666,7145.061000000002
2023-10-19 15:00:00,0.0,136445.0215166666,10557.401666666672
2023-10-19 16:00:00,0.0,91952.51736666665,26009.0396666667
2023-10-19 17:00:00,0.0,61082.042516666756,28078.74966666671
2023-10-19 18:00:00,1591.2910000000013,61871.60956666676,638.9160000000003
2023-10-19 19:00:00,1606.2890000000014,50512.54346666671,10363.451000000028
2023-10-19 20:00:00,0.0,45180.55998333337,10665.94433333336
2023-10-19 21:00:00,0.0,33415.726183333376,0.0
2023-10-19 22:00:00,0.0,14308.016233333346,0.0
2023-10-19 23:00:00,0.0,4533.566766666669,0.0
2023-10-20 00:00:00,0.0,1932.6172500000002,0.0
2023-10-20 01:00:00,0.0,6900.092000000007,0.0
2023-10-20 02:00:00,0.0,9532.574450000006,0.0
2023-10-20 03:00:00,0.0,9487.57493333334,0.0
2023-10-20 04:00:00,0.0,10764.737766666673,0.0
2023-10-20 05:00:00,0.0,16428.12933333335,492.72000000000037
2023-10-20 06:00:00,1696.2770000000014,28882.339800000056,10300.846333333355
2023-10-20 07:00:00,1493.8040000000026,37971.97011666672,25082.499666666725
2023-10-20 08:00:00,0.0,49026.20130000001,31397.78866666671
2023-10-20 09:00:00,0.0,59778.037233333336,15936.433000000026
2023-10-20 10:00:00,8.276000000000005,72959.63984999998,17399.52650000004
2023-10-20 11:00:00,8.265000000000006,100321.42534999998,14342.775500000023
2023-10-20 12:00:00,0.0,139815.1652166666,0.0
2023-10-20 13:00:00,0.0,144947.4763666666,5104.107333333333
2023-10-20 14:00:00,0.0,144716.00853333328,8937.026666666674
2023-10-20 15:00:00,0.0,141801.69938333327,8709.53066666667
2023-10-20 16:00:00,0.0,94025.84059999998,38187.00333333337
2023-10-20 17:00:00,0.0,60810.25528333343,33689.28500000003
2023-10-20 18:00:00,1351.3230000000012,59933.99725000008,604.0720000000013
2023-10-20 19:00:00,1553.7960000000023,49157.67263333337,10056.874000000025
2023-10-20 20:00:00,0.0,46666.54385000004,10404.434666666695
2023-10-20 21:00:00,0.0,34535.050900000046,0.0
2023-10-20 22:00:00,0.0,14462.994600000016,0.0
2023-10-20 23:00:00,0.0,5078.2336833333375,0.0
2023-10-21 00:00:00,0.0,2270.113433333332,0.0
2023-10-21 01:00:00,0.0,6570.094200000005,0.0
2023-10-21 02:00:00,0.0,8747.57968333334,0.0
2023-10-21 03:00:00,0.0,9620.574700000005,0.0
2023-10-21 04:00:00,0.0,11380.331600000005,0.0
2023-10-21 05:00:00,0.0,17052.026450000016,486.5200000000007
2023-10-21 06:00:00,1516.3010000000008,31928.312050000062,10580.336000000027
2023-10-21 07:00:00,1523.8000000000036,28540.64343333338,43511.65633333339
2023-10-21 08:00:00,0.0,39719.07175000001,39114.8826666667
2023-10-21 09:00:00,0.0,62800.57324999999,16215.997500000025
2023-10-21 10:00:00,8.266000000000005,74332.37673333331,15598.6221666667
2023-10-21 11:00:00,8.275000000000006,104236.92476666665,11913.568333333355
2023-10-21 12:00:00,0.0,143339.58309999993,0.0
2023-10-21 13:00:00,0.0,137843.9132666666,5077.415666666663
2023-10-21 14:00:00,0.0,150146.72719999994,9947.128333333345
2023-10-21 15:00:00,0.0,131526.59478333328,9833.260000000006
2023-10-21 16:00:00,0.0,106874.78036666664,20752.559333333364
2023-10-21 17:00:00,0.0,60925.66535000009,27196.742666666698
2023-10-21 18:00:00,1441.3110000000024,59815.564800000095,533.268000000002
2023-10-21 19:00:00,1613.788000000003,50838.40175000004,10284.776000000027
2023-10-21 20:00:00,0.0,46347.79440000004,9984.686666666696
2023-10-21 21:00:00,0.0,34774.047683333374,0.0
2023-10-21 22:00:00,0.0,13733.009900000014,0.0
2023-10-21 23:00:00,0.0,4572.9030500000035,0.0
2023-10-22 00:00:00,0.0,0.0,0.0
2023-10-22 01:00:00,0.0,0.0,0.0
2023-10-22 02:00:00,0.0,0.0,0.0
2023-10-22 03:00:00,0.0,0.0,0.0
2023-10-22 04:00:00,0.0,320.59703333333294,0.0
2023-10-22 05:00:00,0.0,5826.178883333342,447.2120000000007
2023-10-22 06:00:00,1553.7960000000026,18900.201383333388,10085.653333333361
2023-10-22 07:00:00,1681.2790000000016,13190.134750000043,47791.954000000056
2023-10-22 08:00:00,0.0,1842.9521166666655,31233.0456666667
2023-10-22 09:00:00,0.0,634.6083166666632,16189.777000000027
2023-10-22 10:00:00,8.273000000000005,601.107099999997,14416.704333333366
2023-10-22 11:00:00,8.268000000000006,586.6922499999969,11323.897000000024
2023-10-22 12:00:00,0.0,657.6882999999974,0.0
2023-10-22 13:00:00,0.0,669.9353666666632,6149.799666666664
2023-10-22 14:00:00,0.0,594.0294833333302,8978.663333333338
2023-10-22 15:00:00,0.0,608.19618333333,11848.903333333343
2023-10-22 16:00:00,0.0,3013.0960166666623,31441.56500000003
2023-10-22 17:00:00,0.0,33380.44171666675,26688.817000000032
2023-10-22 18:00:00,1351.3230000000017,44320.80136666675,609.4040000000009
2023-10-22 19:00:00,1508.8020000000008,35444.81308333337,9643.675666666693
2023-10-22 20:00:00,0.0,33226.085116666705,11072.367000000026
2023-10-22 21:00:00,0.0,23004.074000000037,0.0
2023-10-22 22:00:00,0.0,5316.780983333341,0.0
2023-10-22 23:00:00,0.0,290.638383333333,0.0
2023-10-23 00:00:00,0.0,2757.6106333333346,0.0
2023-10-23 01:00:00,0.0,6180.096800000007,0.0
2023-10-23 02:00:00,0.0,8840.079066666673,0.0
2023-10-23 03:00:00,0.0,10172.571416666673,0.0
2023-10-23 04:00:00,0.0,10480.479350000005,0.0
2023-10-23 05:00:00,0.0,17097.577466666684,487.7600000000006
2023-10-23 06:00:00,1441.3110000000027,31878.149083333396,10031.28400000003
2023-10-23 07:00:00,1636.2850000000035,28981.24416666671,45616.83600000006
2023-10-23 08:00:00,0.0,39289.330900000015,33656.60733333336
2023-10-23 09:00:00,0.0,63356.190716666664,16452.437166666696
2023-10-23 10:00:00,8.271000000000006,91306.13396666663,15513.639666666706
2023-10-23 11:00:00,8.270000000000007,109930.40699999995,12480.736166666687
2023-10-23 12:00:00,0.0,146304.91758333324,0.0
2023-10-23 13:00:00,0.0,141327.6619833333,8153.937000000004
2023-10-23 14:00:00,0.0,124180.24641666663,9009.674333333336
2023-10-23 15:00:00,0.0,127337.26384999994,8671.695333333337
2023-10-23 16:00:00,0.0,102303.69661666664,24234.355666666692
2023-10-23 17:00:00,0.0,59659.69980000008,23558.591666666696
2023-10-23 18:00:00,1501.3030000000022,62774.59428333343,617.5880000000006
2023-10-23 19:00:00,1516.301000000003,49644.31795000004,10094.732666666689
2023-10-23 20:00:00,0.0,45720.52518333337,10482.72100000003
2023-10-23 21:00:00,0.0,33438.02016666671,0.0
2023-10-23 22:00:00,0.0,14427.588933333349,0.0
2023-10-23 23:00:00,0.0,3899.4897333333356,0.0
2023-10-24 00:00:00,0.0,2157.614533333332,0.0
2023-10-24 01:00:00,0.0,6862.592250000007,0.0
2023-10-24 02:00:00,0.0,8480.081466666674,0.0
2023-10-24 03:00:00,0.0,9172.577666666673,0.0
2023-10-24 04:00:00,0.0,11964.914816666673,0.0
2023-10-24 05:00:00,0.0,15997.227366666677,459.2400000000009
2023-10-24 06:00:00,1741.271000000004,28439.866416666726,9569.592666666695
2023-10-24 07:00:00,1463.8080000000023,30433.040500000043,42695.191000000064
2023-10-24 08:00:00,0.0,42957.10288333334,34925.84600000004
2023-10-24 09:00:00,0.0,69232.08258333331,16516.74800000003
2023-10-24 10:00:00,8.280000000000006,75290.80551666665,17863.70466666671
2023-10-24 11:00:00,8.261000000000005,111232.7484833333,13326.920166666689
2023-10-24 12:00:00,0.0,139056.60603333326,0.0
2023-10-24 13:00:00,0.0,148379.17646666657,6398.9433333333345
2023-10-24 14:00:00,0.0,136631.1620666666,10899.303666666674
2023-10-24 15:00:00,0.0,136059.5019666666,9085.673333333336
2023-10-24 16:00:00,0.0,91608.36048333334,28526.78666666669
2023-10-24 17:00:00,0.0,64055.44465000009,22416.86433333336
2023-10-24 18:00:00,1328.8260000000005,62984.32183333342,597.2520000000009
2023-10-24 19:00:00,1561.2950000000023,49998.55893333337,10872.910000000029
2023-10-24 20:00:00,0.0,45345.894183333374,10386.11233333336
2023-10-24 21:00:00,0.0,33826.09460000005,0.0
2023-10-24 22:00:00,0.0,15114.769283333346,0.0
2023-10-24 23:00:00,0.0,5899.892550000004,0.0
2023-10-25 00:00:00,0.0,2752.6110166666676,0.0
2023-10-25 01:00:00,0.0,5857.598950000005,0.0
2023-10-25 02:00:00,0.0,8275.082833333341,0.0
2023-10-25 03:00:00,0.0,9507.575266666678,0.0
2023-10-25 04:00:00,0.0,12333.44208333334,0.0
2023-10-25 05:00:00,0.0,18169.840733333345,506.8560000000007
2023-10-25 06:00:00,1478.806000000001,29068.550466666726,10491.45600000003
2023-10-25 07:00:00,1583.7920000000013,33484.39200000004,36749.84166666672
2023-10-25 08:00:00,0.0,34740.99861666668,33500.44800000003
2023-10-25 09:00:00,0.0,58173.319866666665,14553.59883333336
2023-10-25 10:00:00,8.265000000000006,77822.56041666662,14468.960666666697
2023-10-25 11:00:00,8.276000000000005,107225.92773333329,11738.743666666687
2023-10-25 12:00:00,0.0,131041.09488333325,0.0
2023-10-25 13:00:00,0.0,142715.23854999995,6374.0999999999985
2023-10-25 14:00:00,0.0,154569.4026833333,8631.216333333337
2023-10-25 15:00:00,0.0,140444.33709999998,11090.17300000001
2023-10-25 16:00:00,0.0,98259.65988333333,25000.02300000003
2023-10-25 17:00:00,0.0,56941.187083333425,32430.309333333367
2023-10-25 18:00:00,1403.8160000000018,63371.539650000086,545.6680000000019
2023-10-25 19:00:00,1628.7860000000016,51348.300500000034,9817.541666666692
2023-10-25 20:00:00,0.0,46436.503766666705,10136.262333333363
2023-10-25 21:00:00,0.0,34620.52240000004,0.0
2023-10-25 22:00:00,0.0,14373.718483333347,0.0
2023-10-25 23:00:00,0.0,4589.067866666667,0.0
2023-10-26 00:00:00,0.0,2530.112183333334,0.0
2023-10-26 01:00:00,0.0,6937.591750000003,0.0
2023-10-26 02:00:00,0.0,9150.077000000005,0.0
2023-10-26 03:00:00,0.0,10107.571766666671,0.0
2023-10-26 04:00:00,0.0,12889.660983333339,0.0
2023-10-26 05:00:00,0.0,17795.707166666685,476.6000000000008
2023-10-26 06:00:00,1516.3010000000015,34269.89611666673,9345.061000000023
2023-10-26 07:00:00,1426.3130000000037,30029.128466666712,40473.022000000055
2023-10-26 08:00:00,0.0,38610.19648333335,29939.6036666667
2023-10-26 09:00:00,0.0,55364.21249999999,14550.06033333336
2023-10-26 10:00:00,8.266000000000005,81054.88061666662,14891.142000000033
2023-10-26 11:00:00,8.275000000000006,105895.33446666662,14911.79733333336
2023-10-26 12:00:00,0.0,139801.51244999995,0.0
2023-10-26 13:00:00,0.0,144057.42014999996,8776.701333333342
2023-10-26 14:00:00,0.0,128534.00526666662,8158.947000000006
2023-10-26 15:00:00,0.0,134896.85064999995,10022.731000000003
2023-10-26 16:00:00,0.0,107887.81353333332,32352.646000000037
2023-10-26 17:00:00,0.0,60524.003616666756,26169.641333333362
2023-10-26 18:00:00,1471.3069999999998,59152.726350000084,538.2280000000022
2023-10-26 19:00:00,1681.279000000002,48372.83053333338,10015.504333333363
2023-10-26 20:00:00,0.0,42169.727500000045,10724.242666666696
2023-10-26 21:00:00,0.0,34699.56633333338,0.0
2023-10-26 22:00:00,0.0,15642.387300000017,0.0
2023-10-26 23:00:00,0.0,4808.821116666669,0.0
2023-10-27 00:00:00,0.0,1960.1161999999995,0.0
2023-10-27 01:00:00,0.0,5617.600550000001,0.0
2023-10-27 02:00:00,0.0,7712.58658333334,0.0
2023-10-27 03:00:00,0.0,9366.327000000005,0.0
2023-10-27 04:00:00,0.0,10244.596216666672,0.0
2023-10-27 05:00:00,0.0,17767.40011666668,488.87600000000094
2023-10-27 06:00:00,1516.3010000000017,32058.468866666728,10093.45600000003
2023-10-27 07:00:00,1546.297000000003,37176.69408333338,29070.353666666724
2023-10-27 08:00:00,0.0,40190.568866666676,35249.845666666704
2023-10-27 09:00:00,0.0,59109.79976666667,16826.347166666696
2023-10-27 10:00:00,8.272000000000006,83313.12838333327,14883.475833333367
2023-10-27 11:00:00,8.269000000000007,113938.47624999993,10021.315666666684
2023-10-27 12:00:00,0.0,121175.16823333327,0.0
2023-10-27 13:00:00,0.0,149402.81786666662,7447.381333333337
2023-10-27 14:00:00,0.0,154439.41408333325,11216.430333333346
2023-10-27 15:00:00,0.0,129279.11879999997,10619.010333333339
2023-10-27 16:00:00,0.0,90093.35466666667,27065.268333333366
2023-10-27 17:00:00,0.0,59682.60693333342,34550.604000000036
2023-10-27 18:00:00,1598.790000000004,60732.984483333414,626.0200000000009
2023-10-27 19:00:00,1433.8120000000029,49294.301533333375,10416.865333333362
2023-10-27 20:00:00,0.0,46411.47190000004,9506.640333333362
2023-10-27 21:00:00,0.0,35134.77656666671,0.0
2023-10-27 22:00:00,0.0,14182.044350000015,0.0
2023-10-27 23:00:00,0.0,4859.144533333336,0.0
2023-10-28 00:00:00,0.0,2340.113033333334,0.0
2023-10-28 01:00:00,0.0,6255.096300000005,0.0
2023-10-28 02:00:00,0.0,8497.581350000008,0.0
2023-10-28 03:00:00,0.0,8725.081633333339,0.0
2023-10-28 04:00:00,0.0,10495.24463333334,0.0
2023-10-28 05:00:00,0.0,16108.302733333348,461.59600000000086
2023-10-28 06:00:00,1568.7940000000008,32574.449683333394,9676.882000000027
2023-10-28 07:00:00,1598.7900000000022,29761.44868333338,25307.018333333388
2023-10-28 08:00:00,0.0,41805.74615000001,20786.604333333366
2023-10-28 09:00:00,0.0,53155.87780000001,14224.928833333355
2023-10-28 10:00:00,8.266000000000005,77749.96246666664,16315.620166666706
2023-10-28 11:00:00,8.275000000000006,96898.15193333333,14799.582000000024
2023-10-28 12:00:00,0.0,131508.98791666664,0.0
2023-10-28 13:00:00,0.0,152554.80438333328,5157.405666666665
2023-10-28 14:00:00,0.0,155437.09409999993,10927.342666666678
2023-10-28 15:00:00,0.0,137527.7136666666,10876.671000000013
2023-10-28 16:00:00,0.0,96574.39956666666,40953.4406666667
2023-10-28 17:00:00,0.0,66385.3458500001,35874.979000000036
2023-10-28 18:00:00,1486.3050000000019,61786.52658333343,567.6160000000012
2023-10-28 19:00:00,1441.3110000000015,50102.906200000034,10457.963000000027
2023-10-28 20:00:00,0.0,47443.28913333337,10989.083666666695
2023-10-28 21:00:00,0.0,35956.10463333338,0.0
2023-10-28 22:00:00,0.0,15150.620500000015,0.0
2023-10-28 23:00:00,0.0,4603.978616666669,0.0
2023-10-29 00:00:00,0.0,0.0,0.0
2023-10-29 01:00:00,0.0,0.0,0.0
2023-10-29 02:00:00,0.0,0.0,0.0
2023-10-29 03:00:00,0.0,0.0,0.0
2023-10-29 04:00:00,0.0,240.04313333333315,0.0
2023-10-29 05:00:00,0.0,4867.0346833333415,459.86000000000104
2023-10-29 06:00:00,1568.7940000000003,19307.46260000005,10463.64866666669
2023-10-29 07:00:00,1478.806000000002,11993.728783333372,30930.509000000064
2023-10-29 08:00:00,0.0,2539.636033333333,36619.2836666667
2023-10-29 09:00:00,0.0,647.15563333333,16376.170000000031
2023-10-29 10:00:00,8.272000000000006,666.6836833333305,15307.939666666703
2023-10-29 11:00:00,8.269000000000007,663.8512499999969,13740.614666666688
2023-10-29 12:00:00,0.0,639.2678333333298,0.0
2023-10-29 13:00:00,0.0,621.4391999999959,7381.317333333334
2023-10-29 14:00:00,0.0,692.2694999999961,10819.831666666674
2023-10-29 15:00:00,0.0,702.1026499999964,9144.361
2023-10-29 16:00:00,0.0,3575.6926999999987,26484.2096666667
2023-10-29 17:00:00,0.0,32860.18786666674,31478.6076666667
2023-10-29 18:00:00,1538.7980000000039,46601.446233333416,581.5040000000016
2023-10-29 19:00:00,1508.8020000000017,36010.548250000036,10149.692333333356
2023-10-29 20:00:00,0.0,32943.21975000004,10384.446666666696
2023-10-29 21:00:00,0.0,21541.886883333373,0.0
2023-10-29 22:00:00,0.0,5556.467900000009,0.0
2023-10-29 23:00:00,0.0,350.47074999999955,0.0
2023-10-30 00:00:00,0.0,2467.614733333334,0.0
2023-10-30 01:00:00,0.0,5970.098200000004,0.0
2023-10-30 02:00:00,0.0,10025.071166666672,0.0
2023-10-30 03:00:00,0.0,11292.563400000006,0.0
2023-10-30 04:00:00,0.0,12085.450483333341,0.0
2023-10-30 05:00:00,0.0,16896.580250000014,411.9960000000008
2023-10-30 06:00:00,1643.7840000000024,30926.17236666672,10157.390000000025
2023-10-30 07:00:00,1441.3110000000027,35953.30243333338,44587.499333333384
2023-10-30 08:00:00,0.0,43087.63078333334,35443.18833333337
2023-10-30 09:00:00,0.0,57447.84228333333,14402.017666666692
2023-10-30 10:00:00,8.270000000000005,72019.22388333332,16890.39433333337
2023-10-30 11:00:00,8.271000000000006,115200.30316666664,13962.249000000027
2023-10-30 12:00:00,0.0,143490.89183333327,0.0
2023-10-30 13:00:00,0.0,150936.83709999995,8785.563666666674
2023-10-30 14:00:00,0.0,143889.9276666666,11593.402333333343
2023-10-30 15:00:00,0.0,131685.69136666664,9897.235000000004
2023-10-30 16:00:00,0.0,84285.72131666668,17781.861333333367
2023-10-30 17:00:00,0.0,58278.43031666675,26516.47666666669
2023-10-30 18:00:00,1418.8140000000008,61391.10450000009,599.7320000000014
2023-10-30 19:00:00,1591.2910000000034,48410.833350000044,9982.120666666691
2023-10-30 20:00:00,0.0,44272.892833333375,10171.241333333366
2023-10-30 21:00:00,0.0,35013.60905000004,0.0
2023-10-30 22:00:00,0.0,14527.912666666682,0.0
2023-10-30 23:00:00,0.0,4551.488383333337,0.0
2023-10-31 00:00:00,0.0,1632.6172499999993,0.0
2023-10-31 01:00:00,0.0,5727.599816666671,0.0
2023-10-31 02:00:00,0.0,8860.078933333338,0.0
2023-10-31 03:00:00,0.0,10720.067283333341,0.0
2023-10-31 04:00:00,0.0,10843.388766666672,0.0
2023-10-31 05:00:00,0.0,16190.741150000014,413.98000000000076
2023-10-31 06:00:00,1553.7960000000019,29220.123016666716,9509.743666666689
2023-10-31 07:00:00,1546.297000000003,32118.121833333378,35467.15266666672
2023-10-31 08:00:00,0.0,46742.284066666674,33310.63133333337
2023-10-31 09:00:00,0.0,65457.31669999998,15423.524666666692
2023-10-31 10:00:00,8.270000000000007,63844.20855,17316.606000000036
2023-10-31 11:00:00,8.271000000000006,108652.23651666666,13170.205166666692
2023-10-31 12:00:00,0.0,140249.5144499999,0.0
2023-10-31 13:00:00,0.0,148423.65748333326,7094.717666666669
2023-10-31 14:00:00,0.0,141569.09669999997,11337.485333333341
2023-10-31 15:00:00,0.0,130067.02103333331,8162.5926666666655
2023-10-31 16:00:00,0.0,106279.25954999997,34538.89866666669
2023-10-31 17:00:00,0.0,63854.85770000009,25215.0596666667
2023-10-31 18:00:00,1433.8120000000013,61237.07491666676,583.7360000000012
2023-10-31 19:00:00,1561.2950000000021,50261.01715000004,10538.627333333361
2023-10-31 20:00:00,0.0,45566.721400000046,9944.710666666697
2023-10-31 21:00:00,0.0,33870.552866666716,0.0
2023-10-31 22:00:00,0.0,14316.509116666683,0.0
2023-10-31 23:00:00,0.0,5385.475366666669,0.0
2023-11-01 00:00:00,0.0,2620.1139500000013,0.0
2023-11-01 01:00:00,0.0,5862.598916666671,0.0
2023-11-01 02:00:00,0.0,8652.58031666667,0.0
2023-11-01 03:00:00,0.0,10517.568650000005,0.0
2023-11-01 04:00:00,0.0,11329.986150000004,0.0
2023-11-01 05:00:00,0.0,17291.604766666682,477.3440000000009
2023-11-01 06:00:00,1553.796000000002,31063.981216666725,10241.644666666696
2023-11-01 07:00:00,1598.790000000002,34451.16201666672,35565.48700000007
2023-11-01 08:00:00,0.0,44424.500816666674,32736.768333333363
2023-11-01 09:00:00,0.0,69006.38881666661,14153.670666666692
2023-11-01 10:00:00,8.264000000000006,78039.62821666662,14906.175000000032
2023-11-01 11:00:00,8.277000000000006,101249.66671666664,14990.442000000028
2023-11-01 12:00:00,0.0,134451.58716666658,0.0
2023-11-01 13:00:00,0.0,141373.07271666662,6951.8933333333325
2023-11-01 14:00:00,0.0,135143.5877666666,10445.192000000003
2023-11-01 15:00:00,0.0,138891.0926666666,10350.724000000006
2023-11-01 16:00:00,0.0,103380.75295,34784.36166666669
2023-11-01 17:00:00,0.0,56321.72753333342,23596.9206666667
2023-11-01 18:00:00,1448.8100000000018,61464.54540000008,599.3600000000014
2023-11-01 19:00:00,1493.8040000000024,46907.10326666671,10734.180333333365
2023-11-01 20:00:00,0.0,43581.540300000044,10077.964000000025
2023-11-01 21:00:00,0.0,34577.90933333338,0.0
2023-11-01 22:00:00,0.0,14958.896833333347,0.0
2023-11-01 23:00:00,0.0,5231.070500000003,0.0
2023-11-02 00:00:00,0.0,1462.619283333332,0.0
2023-11-02 01:00:00,0.0,5155.1036333333395,0.0
2023-11-02 02:00:00,0.0,8382.582116666676,0.0
2023-11-02 03:00:00,0.0,10579.818500000007,0.0
2023-11-02 04:00:00,0.0,11855.402500000006,0.0
2023-11-02 05:00:00,0.0,16709.881033333346,491.10800000000063
2023-11-02 06:00:00,1381.3190000000018,30142.277583333387,10843.581666666692
2023-11-02 07:00:00,1553.796000000002,30623.406783333387,34055.180666666725
2023-11-02 08:00:00,0.0,41014.92085000001,32164.04300000004
2023-11-02 09:00:00,0.0,65773.53653333332,14591.60333333336
2023-11-02 10:00:00,8.273000000000005,75480.2131333333,16506.534833333368
2023-11-02 11:00:00,8.268000000000006,104579.33246666659,14461.765333333358
2023-11-02 12:00:00,0.0,144097.74856666656,0.0
2023-11-02 13:00:00,0.0,146940.91373333326,6989.072000000003
2023-11-02 14:00:00,0.0,139173.16948333327,11871.05200000001
2023-11-02 15:00:00,0.0,142320.00803333332,8048.602666666667
2023-11-02 16:00:00,0.0,98249.18964999999,25881.21633333336
2023-11-02 17:00:00,0.0,59861.37553333343,35068.60700000004
2023-11-02 18:00:00,1606.2890000000016,64011.80740000008,611.6360000000016
2023-11-02 19:00:00,1553.7960000000035,48505.018050000035,9705.542333333362
2023-11-02 20:00:00,0.0,44312.18145000004,10524.362666666691
2023-11-02 21:00:00,0.0,34171.10583333338,0.0
2023-11-02 22:00:00,0.0,13632.092300000015,0.0
2023-11-02 23:00:00,0.0,4440.73506666667,0.0
2023-11-03 00:00:00,0.0,2027.6163833333333,0.0
2023-11-03 01:00:00,0.0,6815.092566666671,0.0
2023-11-03 02:00:00,0.0,9272.576183333338,0.0
2023-11-03 03:00:00,0.0,10333.071716666673,0.0
2023-11-03 04:00:00,0.0,11529.916366666672,0.0
2023-11-03 05:00:00,0.0,15262.66243333335,454.7760000000007
2023-11-03 06:00:00,1426.3130000000026,31138.104000000058,10074.236000000024
2023-11-03 07:00:00,1501.3030000000044,32526.977533333382,37984.88866666672
2023-11-03 08:00:00,0.0,31275.975733333344,36661.103666666706
2023-11-03 09:00:00,0.0,54612.5978,15530.469000000028
2023-11-03 10:00:00,8.268000000000006,75068.12621666666,17016.168166666706
2023-11-03 11:00:00,8.273000000000007,103733.97731666664,12740.786500000026
2023-11-03 12:00:00,0.0,133089.35064999995,0.0
2023-11-03 13:00:00,0.0,159170.42244999993,7103.339333333333
2023-11-03 14:00:00,0.0,153821.06901666662,7964.086666666666
2023-11-03 15:00:00,0.0,139588.00804999995,9472.320000000007
2023-11-03 16:00:00,0.0,102925.99695,30755.116666666698
2023-11-03 17:00:00,0.0,61327.67125000009,22284.748333333366
2023-11-03 18:00:00,1456.309000000002,62573.46283333342,658.1360000000002
2023-11-03 19:00:00,1711.2750000000024,48918.300666666706,10408.242666666694
2023-11-03 20:00:00,0.0,45454.33933333338,10171.241333333362
2023-11-03 21:00:00,0.0,34040.80256666671,0.0
2023-11-03 22:00:00,0.0,14399.326650000012,0.0
2023-11-03 23:00:00,0.0,4245.570550000002,0.0
2023-11-04 00:00:00,0.0,1972.6163,0.0
2023-11-04 01:00:00,0.0,6282.596116666671,0.0
2023-11-04 02:00:00,0.0,8625.080500000007,0.0
2023-11-04 03:00:00,0.0,10102.822266666673,0.0
2023-11-04 04:00:00,0.0,10698.660183333337,0.0
2023-11-04 05:00:00,0.0,17961.97658333335,485.4040000000004
2023-11-04 06:00:00,1546.2970000000037,32308.112800000054,11033.056666666691
2023-11-04 07:00:00,1463.8080000000016,33419.32818333339,25762.855000000054
2023-11-04 08:00:00,0.0,37345.84715000001,37989.159000000036
2023-11-04 09:00:00,0.0,67472.50548333331,17386.454000000034
2023-11-04 10:00:00,8.265000000000006,81412.79484999998,15699.602500000037
2023-11-04 11:00:00,8.276000000000007,118438.06984999997,10300.975166666687
2023-11-04 12:00:00,0.0,152723.75821666658,0.0
2023-11-04 13:00:00,0.0,137027.84341666658,9065.806000000004
2023-11-04 14:00:00,0.0,143711.00281666662,11176.919333333342
2023-11-04 15:00:00,0.0,120378.28006666663,10358.377666666674
2023-11-04 16:00:00,0.0,94087.32979999998,32438.310666666697
2023-11-04 17:00:00,0.0,62187.78510000009,26177.411000000026
2023-11-04 18:00:00,1666.281000000004,61420.07615000009,596.2600000000002
2023-11-04 19:00:00,1418.8140000000033,50056.69190000004,9703.149333333366
2023-11-04 20:00:00,0.0,44751.74128333337,10292.835000000028
2023-11-04 21:00:00,0.0,33390.03676666671,0.0
2023-11-04 22:00:00,0.0,14337.774233333348,0.0
2023-11-04 23:00:00,0.0,5185.48436666667,0.0
2023-11-05 00:00:00,0.0,0.0,0.0
2023-11-05 01:00:00,0.0,0.0,0.0
2023-11-05 02:00:00,0.0,0.0,0.0
2023-11-05 03:00:00,0.0,0.0,0.0
2023-11-05 04:00:00,0.0,302.25821666666644,0.0
2023-11-05 05:00:00,0.0,5187.360450000011,479.8240000000012
2023-11-05 06:00:00,1546.2970000000032,21188.440133333388,11133.143000000024
2023-11-05 07:00:00,1553.7960000000028,13797.367333333374,34842.70266666672
2023-11-05 08:00:00,0.0,2068.598216666665,27742.9766666667
2023-11-05 09:00:00,0.0,732.8334833333295,15983.142333333359
2023-11-05 10:00:00,8.280000000000006,736.6763499999965,17152.813500000037
2023-11-05 11:00:00,8.261000000000006,662.8495333333307,15506.453500000023
2023-11-05 12:00:00,0.0,583.6904499999969,0.0
2023-11-05 13:00:00,0.0,551.9473999999968,7008.0760000000055
2023-11-05 14:00:00,0.0,604.1087833333302,7150.02
2023-11-05 15:00:00,0.0,669.5177833333297,9141.99466666667
2023-11-05 16:00:00,0.0,3216.7898999999975,31629.260333333368
2023-11-05 17:00:00,0.0,30002.682750000076,36327.184666666704
2023-11-05 18:00:00,1568.7940000000026,45539.77665000008,608.2880000000009
2023-11-05 19:00:00,1426.3130000000028,35449.77638333337,9937.107000000027
2023-11-05 20:00:00,0.0,31576.7165166667,9423.357000000025
2023-11-05 21:00:00,0.0,21701.805616666705,0.0
2023-11-05 22:00:00,0.0,5373.775750000007,0.0
2023-11-05 23:00:00,0.0,385.13554999999957,0.0
2023-11-06 00:00:00,0.0,1915.1174666666666,0.0
2023-11-06 01:00:00,0.0,6342.595716666672,0.0
2023-11-06 02:00:00,0.0,9227.576483333341,0.0
2023-11-06 03:00:00,0.0,10677.817183333342,0.0
2023-11-06 04:00:00,0.0,11434.227366666673,0.0
2023-11-06 05:00:00,0.0,17335.802900000017,443.98800000000074
2023-11-06 06:00:00,1621.2870000000032,32302.348566666726,10437.973333333359
2023-11-06 07:00:00,1448.8100000000022,34788.50866666672,45197.00100000008
2023-11-06 08:00:00,0.0,41381.157716666676,35880.54600000003
2023-11-06 09:00:00,0.0,58940.07081666666,14518.788000000026
2023-11-06 10:00:00,8.264000000000006,74878.55826666665,16295.783000000036
2023-11-06 11:00:00,8.277000000000006,110231.33066666663,13956.788000000022
2023-11-06 12:00:00,0.0,145451.67028333325,0.0
2023-11-06 13:00:00,0.0,135610.34359999996,5413.546333333334
2023-11-06 14:00:00,0.0,140532.50063333326,7920.307333333338
2023-11-06 15:00:00,0.0,134819.3470499999,9977.604333333338
2023-11-06 16:00:00,0.0,95163.01654999999,26449.562333333368
2023-11-06 17:00:00,0.0,59886.56931666676,25462.832333333365
2023-11-06 18:00:00,1576.2930000000024,60868.617400000076,639.0400000000005
2023-11-06 19:00:00,1448.8100000000009,48854.81143333337,10449.412333333361
2023-11-06 20:00:00,0.0,45758.052550000044,9856.430333333365
2023-11-06 21:00:00,0.0,34580.24783333338,0.0
2023-11-06 22:00:00,0.0,14242.03740000002,0.0
2023-11-06 23:00:00,0.0,4854.563183333337,0.0
2023-11-07 00:00:00,0.0,2300.113666666666,0.0
2023-11-07 01:00:00,0.0,7507.587950000006,0.0
2023-11-07 02:00:00,0.0,9395.075366666675,0.0
2023-11-07 03:00:00,0.0,10270.070200000007,0.0
2023-11-07 04:00:00,0.0,10911.27153333334,0.0
2023-11-07 05:00:00,0.0,17781.610000000015,446.71600000000046
2023-11-07 06:00:00,1471.3070000000027,30617.83175000006,10610.56966666669
2023-11-07 07:00:00,1493.8040000000015,32098.00025000005,28502.489666666726
2023-11-07 08:00:00,0.0,39377.47791666667,30711.297000000028
2023-11-07 09:00:00,0.0,68622.23734999998,18214.694000000032
2023-11-07 10:00:00,8.276000000000007,71946.47756666665,17698.63850000004
2023-11-07 11:00:00,8.265000000000006,110420.82841666664,13134.692000000021
2023-11-07 12:00:00,0.0,134557.82874999993,0.0
2023-11-07 13:00:00,0.0,148310.90548333328,6510.445333333333
2023-11-07 14:00:00,0.0,146444.4848166666,10879.849666666674
2023-11-07 15:00:00,0.0,128636.51564999994,7835.13466666667
2023-11-07 16:00:00,0.0,100488.65948333331,36423.937333333364
2023-11-07 17:00:00,0.0,59973.01391666675,29862.52066666669
2023-11-07 18:00:00,1561.295000000002,59662.912800000086,654.4160000000007
2023-11-07 19:00:00,1568.794000000003,47856.40471666671,9319.018666666692
2023-11-07 20:00:00,0.0,45010.62413333337,10787.538000000026
2023-11-07 21:00:00,0.0,31878.569983333375,0.0
2023-11-07 22:00:00,0.0,13514.007166666683,0.0
2023-11-07 23:00:00,0.0,4639.8167833333355,0.0
2023-11-08 00:00:00,0.0,2890.111250000001,0.0
2023-11-08 01:00:00,0.0,5952.598316666672,0.0
2023-11-08 02:00:00,0.0,8830.07913333334,0.0
2023-11-08 03:00:00,0.0,10502.56868333334,0.0
2023-11-08 04:00:00,0.0,12978.578116666671,0.0
2023-11-08 05:00:00,0.0,17960.45400000002,465.44000000000005
2023-11-08 06:00:00,1553.7959999999998,30622.93385000006,10810.59766666669
2023-11-08 07:00:00,1516.301000000004,34734.23713333339,45366.13166666673
2023-11-08 08:00:00,0.0,45314.989450000015,30572.183333333363
2023-11-08 09:00:00,0.0,63305.60911666665,14416.643333333359
2023-11-08 10:00:00,8.259000000000006,70581.05129999999,14526.292333333364
2023-11-08 11:00:00,8.282000000000005,104572.40983333331,12173.38700000002
2023-11-08 12:00:00,0.0,132698.41963333328,0.0
2023-11-08 13:00:00,0.0,138577.5772333333,6737.250666666667
2023-11-08 14:00:00,0.0,135702.8311499999,8682.561666666668
2023-11-08 15:00:00,0.0,136813.26156666662,9511.296000000006
2023-11-08 16:00:00,0.0,112749.58404999998,35434.65000000004
2023-11-08 17:00:00,0.0,65803.29851666675,29425.606333333373
2023-11-08 18:00:00,1516.3010000000027,62459.56563333342,610.5200000000008
2023-11-08 19:00:00,1508.8019999999992,48514.76593333337,9819.092666666696
2023-11-08 20:00:00,0.0,45029.28941666671,10042.985000000026
2023-11-08 21:00:00,0.0,34838.44466666671,0.0
2023-11-08 22:00:00,0.0,14279.294233333349,0.0
2023-11-08 23:00:00,0.0,4755.146400000003,0.0
2023-11-09 00:00:00,0.0,1740.1187333333323,0.0
2023-11-09 01:00:00,0.0,6155.09696666667,0.0
2023-11-09 02:00:00,0.0,8557.580950000007,0.0
2023-11-09 03:00:00,0.0,10487.31883333334,0.0
2023-11-09 04:00:00,0.0,10495.046166666672,0.0
2023-11-09 05:00:00,0.0,16829.891866666687,432.95200000000114
2023-11-09 06:00:00,1456.3090000000018,32113.155366666724,9739.078000000034
2023-11-09 07:00:00,1651.2830000000029,30134.305700000055,32915.47833333338
2023-11-09 08:00:00,0.0,37962.54010000001,24779.977666666706
2023-11-09 09:00:00,0.0,68658.64504999996,14063.785833333355
2023-11-09 10:00:00,8.264000000000006,82994.12076666665,16031.070166666705
2023-11-09 11:00:00,8.277000000000006,111656.40504999999,13089.295833333355
2023-11-09 12:00:00,0.0,144195.07934999996,0.0
2023-11-09 13:00:00,0.0,145826.1501166666,7212.854333333331
2023-11-09 14:00:00,0.0,139106.17403333326,11493.90733333334
2023-11-09 15:00:00,0.0,128106.2062166666,8665.043666666668
2023-11-09 16:00:00,0.0,89005.94793333331,26181.02366666669
2023-11-09 17:00:00,0.0,54243.81620000009,39388.854333333366
2023-11-09 18:00:00,1508.8020000000029,59821.03111666675,659.5000000000003
2023-11-09 19:00:00,1478.806000000004,48188.580333333375,9922.760000000024
2023-11-09 20:00:00,0.0,45727.43385000004,10604.31466666669
2023-11-09 21:00:00,0.0,34129.35900000004,0.0
2023-11-09 22:00:00,0.0,15498.970833333347,0.0
2023-11-09 23:00:00,0.0,4602.074650000001,0.0
2023-11-10 00:00:00,0.0,2060.1163333333334,0.0
2023-11-10 01:00:00,0.0,6207.596616666671,0.0
2023-11-10 02:00:00,0.0,9392.57538333334,0.0
2023-11-10 03:00:00,0.0,11135.064116666674,0.0
2023-11-10 04:00:00,0.0,11680.785583333341,0.0
2023-11-10 05:00:00,0.0,17142.973100000017,418.1960000000004
2023-11-10 06:00:00,1448.8100000000045,31678.136616666725,9996.044000000029
2023-11-10 07:00:00,1673.7800000000013,32105.44655000005,27266.590000000062
2023-11-10 08:00:00,0.0,42542.79515000001,35164.48533333336
2023-11-10 09:00:00,0.0,57489.89278333332,15596.237833333356
2023-11-10 10:00:00,8.264000000000006,80301.07058333328,15830.764500000036
2023-11-10 11:00:00,8.277000000000005,119473.25858333327,13758.04483333336
2023-11-10 12:00:00,0.0,139953.9164166666,0.0
2023-11-10 13:00:00,0.0,142504.96809999997,9632.645333333341
2023-11-10 14:00:00,0.0,153126.90288333327,10209.920666666672
2023-11-10 15:00:00,0.0,130441.68126666662,9583.94366666667
2023-11-10 16:00:00,0.0,81506.17311666666,36235.95333333337
2023-11-10 17:00:00,0.0,60178.555016666745,30303.411666666696
2023-11-10 18:00:00,1366.3210000000026,60781.81555000009,635.5680000000008
2023-11-10 19:00:00,1606.289000000002,48408.1310166667,10327.258000000025
2023-11-10 20:00:00,0.0,44074.12578333337,11225.608333333363
2023-11-10 21:00:00,0.0,32774.61568333337,0.0
2023-11-10 22:00:00,0.0,13520.166933333348,0.0
2023-11-10 23:00:00,0.0,4724.485333333336,0.0
2023-11-11 00:00:00,0.0,2495.1140999999993,0.0
2023-11-11 01:00:00,0.0,6407.595283333338,0.0
2023-11-11 02:00:00,0.0,7907.585283333339,0.0
2023-11-11 03:00:00,0.0,9710.074366666675,0.0
2023-11-11 04:00:00,0.0,11918.121983333338,0.0
2023-11-11 05:00:00,0.0,17031.483250000012,428.2400000000007
2023-11-11 06:00:00,1448.8100000000022,30520.270083333387,9517.550000000028
2023-11-11 07:00:00,1411.315000000003,29545.417283333387,38035.85066666672
2023-11-11 08:00:00,0.0,40635.83875000001,37553.84833333337
2023-11-11 09:00:00,0.0,58570.76993333334,14552.255500000021
2023-11-11 10:00:00,8.269000000000005,77127.14954999997,17253.15850000004
2023-11-11 11:00:00,8.272000000000006,120707.49719999995,12347.060500000023
2023-11-11 12:00:00,0.0,141319.09288333327,0.0
2023-11-11 13:00:00,0.0,151444.23478333326,7748.320333333336
2023-11-11 14:00:00,0.0,132928.42139999993,8510.03966666667
2023-11-11 15:00:00,0.0,115061.35858333328,12259.53000000001
2023-11-11 16:00:00,0.0,95258.25073333333,33255.9506666667
2023-11-11 17:00:00,0.0,63979.60890000009,25579.785666666692
2023-11-11 18:00:00,1531.2990000000027,62133.510350000084,561.9120000000015
2023-11-11 19:00:00,1703.776000000002,49116.72633333337,10045.427000000027
2023-11-11 20:00:00,0.0,45484.31881666671,10650.953333333362
2023-11-11 21:00:00,0.0,35266.79786666672,0.0
2023-11-11 22:00:00,0.0,15394.223016666685,0.0
2023-11-11 23:00:00,0.0,5185.238183333336,0.0
2023-11-12 00:00:00,0.0,0.0,0.0
2023-11-12 01:00:00,0.0,0.0,0.0
2023-11-12 02:00:00,0.0,0.0,0.0
2023-11-12 03:00:00,0.0,0.0,0.0
2023-11-12 04:00:00,0.0,222.8313833333331,0.0
2023-11-12 05:00:00,0.0,5234.962533333343,420.6760000000009
2023-11-12 06:00:00,1486.3050000000044,18078.75226666672,10250.204666666696
2023-11-12 07:00:00,1553.796000000002,13957.159300000045,45024.34633333339
2023-11-12 08:00:00,0.0,1874.6681333333327,18273.88833333336
2023-11-12 09:00:00,0.0,660.9278333333301,13901.371666666691
2023-11-12 10:00:00,8.272000000000006,577.9460999999972,16225.500833333368
2023-11-12 11:00:00,8.269000000000005,577.0266499999974,14533.78816666669
2023-11-12 12:00:00,0.0,647.7728833333291,0.0
2023-11-12 13:00:00,0.0,676.1035333333293,7477.495000000001
2023-11-12 14:00:00,0.0,717.0167999999964,11425.751666666676
2023-11-12 15:00:00,0.0,751.1012999999964,6983.042999999999
2023-11-12 16:00:00,0.0,3696.2140499999978,24973.001666666696
2023-11-12 17:00:00,0.0,32543.65178333341,34618.233333333366
2023-11-12 18:00:00,1553.7960000000003,44346.464350000075,582.7440000000015
2023-11-12 19:00:00,1501.3030000000024,35056.57868333336,10022.559333333362
2023-11-12 20:00:00,0.0,32596.6407666667,10667.610000000024
2023-11-12 21:00:00,0.0,22614.98848333337,0.0
2023-11-12 22:00:00,0.0,5882.33335000001,0.0
2023-11-12 23:00:00,0.0,461.883733333333,0.0
2023-11-13 00:00:00,0.0,2230.1133,0.0
2023-11-13 01:00:00,0.0,5015.104566666672,0.0
2023-11-13 02:00:00,0.0,8170.083533333341,0.0
2023-11-13 03:00:00,0.0,10060.071366666674,0.0
2023-11-13 04:00:00,0.0,11076.067516666673,0.0
2023-11-13 05:00:00,0.0,17897.565133333348,432.8280000000002
2023-11-13 06:00:00,1508.8020000000026,31975.25080000006,10532.179666666689
2023-11-13 07:00:00,1523.8000000000036,31403.747966666717,47467.70233333339
2023-11-13 08:00:00,0.0,39416.08728333334,40199.479000000036
2023-11-13 09:00:00,0.0,57467.0207,12726.523166666688
2023-11-13 10:00:00,8.272000000000006,86786.73019999996,18007.069666666706
2023-11-13 11:00:00,8.269000000000005,112312.00408333329,11989.331666666685
2023-11-13 12:00:00,0.0,129264.10586666662,0.0
2023-11-13 13:00:00,0.0,142928.65188333325,6320.30066666667
2023-11-13 14:00:00,0.0,133635.2550166666,9299.642333333337
2023-11-13 15:00:00,0.0,141487.67203333325,10609.698000000008
2023-11-13 16:00:00,0.0,99363.70804999999,23951.695333333362
2023-11-13 17:00:00,0.0,56637.41413333342,21961.60200000004
2023-11-13 18:00:00,1463.808000000003,61984.568716666756,626.6400000000007
2023-11-13 19:00:00,1598.7900000000027,48515.87026666671,9720.587000000029
2023-11-13 20:00:00,0.0,44288.62788333338,9793.135000000033
2023-11-13 21:00:00,0.0,33925.68741666671,0.0
2023-11-13 22:00:00,0.0,14312.616150000013,0.0
2023-11-13 23:00:00,0.0,4563.652883333334,0.0
2023-11-14 00:00:00,0.0,2422.614883333335,0.0
2023-11-14 01:00:00,0.0,7342.589050000007,0.0
2023-11-14 02:00:00,0.0,10367.56888333334,0.0
2023-11-14 03:00:00,0.0,12222.556966666674,0.0
2023-11-14 04:00:00,0.0,13201.693716666674,0.0
2023-11-14 05:00:00,0.0,17250.99653333335,457.00800000000066
2023-11-14 06:00:00,1696.2770000000035,33829.61836666673,10309.195000000022
2023-11-14 07:00:00,1531.299000000001,34123.85286666671,29907.648000000052
2023-11-14 08:00:00,0.0,37894.42008333334,40357.00033333337
2023-11-14 09:00:00,0.0,55887.49401666667,14042.063166666692
2023-11-14 10:00:00,8.268000000000006,69378.06150000001,16208.032000000036
2023-11-14 11:00:00,8.273000000000007,106769.5723,14499.114666666692
2023-11-14 12:00:00,0.0,133022.83083333328,0.0
2023-11-14 13:00:00,0.0,141555.92073333327,7550.833333333337
2023-11-14 14:00:00,0.0,148315.17554999993,8906.361000000004
2023-11-14 15:00:00,0.0,155027.93743333325,12252.499000000007
2023-11-14 16:00:00,0.0,99681.09144999998,30428.789666666704
2023-11-14 17:00:00,0.0,60040.11228333342,24612.441000000028
2023-11-14 18:00:00,1546.2970000000012,60579.866700000086,618.0840000000007
2023-11-14 19:00:00,1321.327000000003,49045.68345000004,10390.140666666695
2023-11-14 20:00:00,0.0,43599.27353333338,10311.157333333365
2023-11-14 21:00:00,0.0,32049.297666666705,0.0
2023-11-14 22:00:00,0.0,12858.429250000012,0.0
2023-11-14 23:00:00,0.0,3546.3229500000007,0.0
2023-11-15 00:00:00,0.0,2702.6113166666682,0.0
2023-11-15 01:00:00,0.0,5912.598583333339,0.0
2023-11-15 02:00:00,0.0,8665.080233333341,0.0
2023-11-15 03:00:00,0.0,10082.572450000007,0.0
2023-11-15 04:00:00,0.0,11829.300450000008,0.0
2023-11-15 05:00:00,0.0,17673.03538333335,471.640000000001
2023-11-15 06:00:00,1576.2930000000022,31341.02645000006,11308.106333333357
2023-11-15 07:00:00,1501.3030000000028,33866.85193333338,37205.890333333395
2023-11-15 08:00:00,0.0,46791.32280000001,27757.614666666697
2023-11-15 09:00:00,0.0,67890.76583333332,17278.99333333336
2023-11-15 10:00:00,8.276000000000007,84188.62241666664,18155.503833333376
2023-11-15 11:00:00,8.265000000000006,119173.23611666662,13558.222666666687
2023-11-15 12:00:00,0.0,134621.5980166666,0.0
2023-11-15 13:00:00,0.0,143145.5002666666,6480.747666666666
2023-11-15 14:00:00,0.0,134140.33941666663,8237.952000000008
2023-11-15 15:00:00,0.0,131413.69073333326,9660.271000000004
2023-11-15 16:00:00,0.0,90125.37333333334,19252.737000000023
2023-11-15 17:00:00,0.0,54306.31681666675,36286.51233333337
2023-11-15 18:00:00,1621.2870000000025,60823.279966666756,587.8280000000017
2023-11-15 19:00:00,1396.3170000000036,48401.66738333337,9390.024333333358
2023-11-15 20:00:00,0.0,44673.21686666671,10244.530666666691
2023-11-15 21:00:00,0.0,33449.580783333375,0.0
2023-11-15 22:00:00,0.0,14034.070416666684,0.0
2023-11-15 23:00:00,0.0,4775.991033333336,0.0
2023-11-16 00:00:00,0.0,2827.6114666666676,0.0
2023-11-16 01:00:00,0.0,6622.593850000006,0.0
2023-11-16 02:00:00,0.0,10002.571316666672,0.0
2023-11-16 03:00:00,0.0,11014.315650000004,0.0
2023-11-16 04:00:00,0.0,11040.010783333339,0.0
2023-11-16 05:00:00,0.0,15662.823100000012,454.6520000000008
2023-11-16 06:00:00,1613.7880000000018,28495.416983333394,10936.276000000023
2023-11-16 07:00:00,1576.2930000000026,33374.864566666714,50800.56433333339
2023-11-16 08:00:00,0.0,40282.33176666668,40236.75700000003
2023-11-16 09:00:00,0.0,65984.21903333331,14692.214500000024
2023-11-16 10:00:00,8.274000000000006,76534.21053333333,16362.983000000035
2023-11-16 11:00:00,8.267000000000007,108383.17174999995,16100.211666666693
2023-11-16 12:00:00,0.0,131554.27529999992,0.0
2023-11-16 13:00:00,0.0,140738.33629999994,7009.856333333335
2023-11-16 14:00:00,0.0,153238.89418333326,10838.991333333339
2023-11-16 15:00:00,0.0,142076.34538333328,10369.382666666681
2023-11-16 16:00:00,0.0,94161.75308333333,15875.301666666694
2023-11-16 17:00:00,0.0,56499.11220000009,17349.216333333366
2023-11-16 18:00:00,1471.3070000000032,62733.29150000008,573.5680000000015
2023-11-16 19:00:00,1433.8120000000026,48610.215616666705,10087.959000000032
2023-11-16 20:00:00,0.0,44265.073916666704,9658.216000000028
2023-11-16 21:00:00,0.0,33647.33658333338,0.0
2023-11-16 22:00:00,0.0,15437.663433333351,0.0
2023-11-16 23:00:00,0.0,4605.156350000005,0.0
2023-11-17 00:00:00,0.0,2462.613816666667,0.0
2023-11-17 01:00:00,0.0,6557.594283333339,0.0
2023-11-17 02:00:00,0.0,9797.572683333341,0.0
2023-11-17 03:00:00,0.0,11823.560100000006,0.0
2023-11-17 04:00:00,0.0,12621.04523333334,0.0
2023-11-17 05:00:00,0.0,16135.60421666668,398.35600000000085
2023-11-17 06:00:00,1388.8180000000004,30490.812300000056,9411.726333333367
2023-11-17 07:00:00,1471.3070000000025,30813.95868333338,47644.29966666673
2023-11-17 08:00:00,0.0,39869.78216666667,30389.981333333373
2023-11-17 09:00:00,0.0,48725.72755,16282.552166666695
2023-11-17 10:00:00,8.273000000000007,77533.9592333333,17224.759166666707
2023-11-17 11:00:00,8.268000000000006,104569.89979999996,12223.87516666669
2023-11-17 12:00:00,0.0,141573.83553333324,0.0
2023-11-17 13:00:00,0.0,155365.31726666662,7206.358333333333
2023-11-17 14:00:00,0.0,149459.25681666663,8693.51566666667
2023-11-17 15:00:00,0.0,124371.88351666662,10463.366666666672
2023-11-17 16:00:00,0.0,96169.80004999999,33605.34533333336
2023-11-17 17:00:00,0.0,59437.92628333342,25109.621333333373
2023-11-17 18:00:00,1538.798,59873.32658333342,661.9799999999998
2023-11-17 19:00:00,1696.2770000000007,47656.27108333338,10803.542333333355
2023-11-17 20:00:00,0.0,44155.70365000004,10699.25766666669
2023-11-17 21:00:00,0.0,35162.254333333374,0.0
2023-11-17 22:00:00,0.0,14068.660933333347,0.0
2023-11-17 23:00:00,0.0,4048.0778666666674,0.0
2023-11-18 00:00:00,0.0,1300.1205333333323,0.0
2023-11-18 01:00:00,0.0,4992.60471666667,0.0
2023-11-18 02:00:00,0.0,7585.087433333338,0.0
2023-11-18 03:00:00,0.0,9197.577366666672,0.0
2023-11-18 04:00:00,0.0,10204.856816666674,0.0
2023-11-18 05:00:00,0.0,16145.600850000015,519.0080000000005
2023-11-18 06:00:00,1568.794000000003,31580.209433333395,10250.413666666691
2023-11-18 07:00:00,1411.3150000000012,32161.797633333383,40952.855666666714
2023-11-18 08:00:00,0.0,46165.08670000001,22667.106000000033
2023-11-18 09:00:00,0.0,53451.87310000001,16505.4056666667
2023-11-18 10:00:00,8.274000000000006,70918.54803333334,17191.977500000045
2023-11-18 11:00:00,8.267000000000007,102735.59171666665,14323.828000000023
2023-11-18 12:00:00,0.0,133530.51683333327,0.0
2023-11-18 13:00:00,0.0,147225.56333333327,5315.398666666663
2023-11-18 14:00:00,0.0,152157.7254499999,7808.321333333333
2023-11-18 15:00:00,0.0,132795.34308333328,9420.267
2023-11-18 16:00:00,0.0,105446.23098333333,27215.694000000032
2023-11-18 17:00:00,0.0,62850.64913333341,37203.618666666705
2023-11-18 18:00:00,1606.2890000000032,62854.77936666676,619.5720000000006
2023-11-18 19:00:00,1508.8020000000042,49112.82130000004,10671.941666666697
2023-11-18 20:00:00,0.0,44476.67206666671,9150.187666666698
2023-11-18 21:00:00,0.0,34010.86153333338,0.0
2023-11-18 22:00:00,0.0,13244.570883333348,0.0
2023-11-18 23:00:00,0.0,4439.905016666669,0.0
2023-11-19 00:00:00,0.0,0.0,0.0
2023-11-19 01:00:00,0.0,0.0,0.0
2023-11-19 02:00:00,0.0,0.0,0.0
2023-11-19 03:00:00,0.0,0.0,0.0
2023-11-19 04:00:00,0.0,242.85293333333317,0.0
2023-11-19 05:00:00,0.0,4874.470600000007,411.376000000001
2023-11-19 06:00:00,1523.8000000000031,17089.963016666716,10053.513333333365
2023-11-19 07:00:00,1756.269000000003,14789.928733333376,33636.35566666673
2023-11-19 08:00:00,0.0,1778.587599999999,29100.454000000034
2023-11-19 09:00:00,0.0,666.673499999997,14917.620000000024
2023-11-19 10:00:00,8.259000000000006,608.5249333333301,16342.365333333371
2023-11-19 11:00:00,8.282000000000007,569.6917833333299,13988.8736666667
2023-11-19 12:00:00,0.0,645.8530333333292,0.0
2023-11-19 13:00:00,0.0,700.0153666666628,7421.864333333338
2023-11-19 14:00:00,0.0,644.6062833333301,9558.46066666667
2023-11-19 15:00:00,0.0,694.2678499999959,9009.985666666671
2023-11-19 16:00:00,0.0,3118.686666666663,42685.90900000003
2023-11-19 17:00:00,0.0,32221.228900000082,26277.970333333375
2023-11-19 18:00:00,1441.3110000000015,48466.26741666675,646.6040000000007
2023-11-19 19:00:00,1373.8200000000022,34502.82803333336,9685.263666666688
2023-11-19 20:00:00,0.0,32025.573666666704,10319.485666666691
2023-11-19 21:00:00,0.0,21952.748250000037,0.0
2023-11-19 22:00:00,0.0,5281.437100000008,0.0
2023-11-19 23:00:00,0.0,314.71761666666623,0.0
2023-11-20 00:00:00,0.0,2595.1129,0.0
2023-11-20 01:00:00,0.0,6840.092400000005,0.0
2023-11-20 02:00:00,0.0,9102.577316666673,0.0
2023-11-20 03:00:00,0.0,11595.060916666673,0.0
2023-11-20 04:00:00,0.0,12226.206833333337,0.0
2023-11-20 05:00:00,0.0,17113.74396666668,455.3960000000011
2023-11-20 06:00:00,1471.3070000000025,33049.97791666672,10693.159000000021
2023-11-20 07:00:00,1516.3010000000022,32100.134733333383,30953.306000000062
2023-11-20 08:00:00,0.0,36064.63735000001,33535.51133333337
2023-11-20 09:00:00,0.0,57312.48099999999,18115.059666666697
2023-11-20 10:00:00,8.269000000000005,62278.21906666668,14545.547666666704
2023-11-20 11:00:00,8.272000000000006,112671.55943333331,14269.32883333336
2023-11-20 12:00:00,0.0,144346.58596666664,0.0
2023-11-20 13:00:00,0.0,143966.6620666666,7860.272333333336
2023-11-20 14:00:00,0.0,142078.08616666662,10392.672000000004
2023-11-20 15:00:00,0.0,137454.6695666666,8219.60466666667
2023-11-20 16:00:00,0.0,93534.43603333333,31776.94466666669
2023-11-20 17:00:00,0.0,59065.08105000009,30317.772666666697
2023-11-20 18:00:00,1553.7960000000032,62508.869866666755,544.4280000000016
2023-11-20 19:00:00,1553.7960000000014,48103.28963333338,10149.283333333355
2023-11-20 20:00:00,0.0,45569.28215000004,10057.976000000028
2023-11-20 21:00:00,0.0,32655.18181666671,0.0
2023-11-20 22:00:00,0.0,12775.281450000013,0.0
2023-11-20 23:00:00,0.0,4247.487616666671,0.0
2023-11-21 00:00:00,0.0,2115.1147666666666,0.0
2023-11-21 01:00:00,0.0,5507.601283333337,0.0
2023-11-21 02:00:00,0.0,8262.582916666672,0.0
2023-11-21 03:00:00,0.0,10026.821700000008,0.0
2023-11-21 04:00:00,0.0,10204.058050000007,0.0
2023-11-21 05:00:00,0.0,16478.19328333335,479.70000000000044
2023-11-21 06:00:00,1508.8020000000038,28757.80443333339,10327.415666666691
2023-11-21 07:00:00,1583.792000000003,35341.93158333338,26239.775000000063
2023-11-21 08:00:00,0.0,33172.967950000006,34778.5586666667
2023-11-21 09:00:00,0.0,52936.23158333334,14239.682166666687
2023-11-21 10:00:00,8.276000000000007,76517.13019999997,14593.516000000032
2023-11-21 11:00:00,8.265000000000006,118880.70909999996,14628.97966666669
2023-11-21 12:00:00,0.0,142126.88923333326,0.0
2023-11-21 13:00:00,0.0,135288.07054999995,7225.501000000002
2023-11-21 14:00:00,0.0,145558.84803333328,10280.219000000005
2023-11-21 15:00:00,0.0,139394.62059999994,7430.174666666665
2023-11-21 16:00:00,0.0,99434.90926666665,29651.5166666667
2023-11-21 17:00:00,0.0,65567.60628333341,35941.46100000003
2023-11-21 18:00:00,1636.2849999999999,62028.14521666676,577.7840000000019
2023-11-21 19:00:00,1366.3210000000017,50570.72575000004,10026.795666666696
2023-11-21 20:00:00,0.0,44992.72775000004,10356.130333333362
2023-11-21 21:00:00,0.0,33607.10126666671,0.0
2023-11-21 22:00:00,0.0,14047.936100000017,0.0
2023-11-21 23:00:00,0.0,4115.570600000004,0.0
2023-11-22 00:00:00,0.0,2640.1112000000007,0.0
2023-11-22 01:00:00,0.0,5860.09893333334,0.0
2023-11-22 02:00:00,0.0,7812.585916666672,0.0
2023-11-22 03:00:00,0.0,9194.077916666673,0.0
2023-11-22 04:00:00,0.0,11067.22578333334,0.0
2023-11-22 05:00:00,0.0,17222.002316666683,458.0000000000006
2023-11-22 06:00:00,1516.3010000000013,30635.187816666723,10800.801666666692
2023-11-22 07:00:00,1538.7980000000027,30076.602250000047,45664.19033333339
2023-11-22 08:00:00,0.0,38498.889550000014,19534.134666666698
2023-11-22 09:00:00,0.0,61911.554483333326,14637.858166666694
2023-11-22 10:00:00,8.263000000000005,75434.61371666663,17685.14500000004
2023-11-22 11:00:00,8.278000000000006,94670.57139999999,12700.24716666669
2023-11-22 12:00:00,0.0,130987.8404666666,0.0
2023-11-22 13:00:00,0.0,144830.82703333328,6854.747666666669
2023-11-22 14:00:00,0.0,154766.82123333326,10134.751000000002
2023-11-22 15:00:00,0.0,154325.43299999996,11067.80066666667
2023-11-22 16:00:00,0.0,97845.60319999998,37613.07233333336
2023-11-22 17:00:00,0.0,61288.31376666676,30365.464666666707
2023-11-22 18:00:00,1486.3050000000026,62776.79185000008,574.0640000000011
2023-11-22 19:00:00,1553.796000000002,49629.60493333337,9792.80666666669
2023-11-22 20:00:00,0.0,44722.42526666671,10092.955000000027
2023-11-22 21:00:00,0.0,33764.41520000005,0.0
2023-11-22 22:00:00,0.0,15257.821950000016,0.0
2023-11-22 23:00:00,0.0,4868.732050000003,0.0
2023-11-23 00:00:00,0.0,2345.1143333333343,0.0
2023-11-23 01:00:00,0.0,6815.092566666673,0.0
2023-11-23 02:00:00,0.0,9670.07353333334,0.0
2023-11-23 03:00:00,0.0,10735.067166666673,0.0
2023-11-23 04:00:00,0.0,10930.734433333342,0.0
2023-11-23 05:00:00,0.0,16950.66413333335,453.4120000000011
2023-11-23 06:00:00,1591.291000000002,29717.56416666672,9990.577000000028
2023-11-23 07:00:00,1471.3070000000002,32075.660733333385,41137.96533333339
2023-11-23 08:00:00,0.0,33859.51868333335,40822.72233333337
2023-11-23 09:00:00,0.0,57592.64800000001,15188.343500000028
2023-11-23 10:00:00,8.264000000000006,75493.65531666663,15823.930000000037
2023-11-23 11:00:00,8.277000000000006,110908.99694999994,13808.549000000023
2023-11-23 12:00:00,0.0,134862.6799166666,0.0
2023-11-23 13:00:00,0.0,152930.65533333324,7294.899333333336
2023-11-23 14:00:00,0.0,146679.9913166666,8696.037666666667
2023-11-23 15:00:00,0.0,138454.3465833333,9599.112333333334
2023-11-23 16:00:00,0.0,93231.77668333334,23547.0166666667
2023-11-23 17:00:00,0.0,64029.32073333342,29371.032333333365
2023-11-23 18:00:00,1538.7980000000002,61167.28215000007,625.7720000000005
2023-11-23 19:00:00,1493.8040000000037,51498.77466666671,10125.48266666669
2023-11-23 20:00:00,0.0,45600.72720000004,10732.571000000024
2023-11-23 21:00:00,0.0,33438.93210000004,0.0
2023-11-23 22:00:00,0.0,13983.460633333349,0.0
2023-11-23 23:00:00,0.0,5045.409066666669,0.0
2023-11-24 00:00:00,0.0,1760.11575,0.0
2023-11-24 01:00:00,0.0,5775.099500000004,0.0
2023-11-24 02:00:00,0.0,8692.580050000004,0.0
2023-11-24 03:00:00,0.0,9965.072833333339,0.0
2023-11-24 04:00:00,0.0,11641.377250000005,0.0
2023-11-24 05:00:00,0.0,18170.800933333347,445.848000000001
2023-11-24 06:00:00,1613.7880000000027,30616.977033333395,10304.586666666695
2023-11-24 07:00:00,1448.8100000000015,33622.965633333384,47503.88633333339
2023-11-24 08:00:00,0.0,41031.59191666668,37642.630000000034
2023-11-24 09:00:00,0.0,66001.16718333332,14328.243833333354
2023-11-24 10:00:00,8.280000000000006,76434.38461666663,17194.386500000037
2023-11-24 11:00:00,8.261000000000006,106245.49944999999,15626.033666666699
2023-11-24 12:00:00,0.0,145781.1593166666,0.0
2023-11-24 13:00:00,0.0,153336.31336666658,6502.429333333338
2023-11-24 14:00:00,0.0,137002.08074999994,11348.283666666677
2023-11-24 15:00:00,0.0,135816.6817666666,10199.24400000001
2023-11-24 16:00:00,0.0,87229.31883333334,25300.92633333336
2023-11-24 17:00:00,0.0,63779.38673333342,17301.517666666696
2023-11-24 18:00:00,1358.8220000000022,60929.05553333343,623.0440000000016
2023-11-24 19:00:00,1673.7800000000022,48261.422416666705,10155.078000000025
2023-11-24 20:00:00,0.0,43432.81153333337,9778.144000000033
2023-11-24 21:00:00,0.0,33287.700316666705,0.0
2023-11-24 22:00:00,0.0,12766.291483333349,0.0
2023-11-24 23:00:00,0.0,5234.812483333339,0.0
2023-11-25 00:00:00,0.0,3485.1071333333366,0.0
2023-11-25 01:00:00,0.0,6980.091466666673,0.0
2023-11-25 02:00:00,0.0,9282.576116666674,0.0
2023-11-25 03:00:00,0.0,10882.566116666672,0.0
2023-11-25 04:00:00,0.0,12297.909783333342,0.0
2023-11-25 05:00:00,0.0,18246.421900000012,504.2520000000004
2023-11-25 06:00:00,1501.3030000000017,33365.00080000006,10009.558333333367
2023-11-25 07:00:00,1501.3030000000024,30772.151733333383,35273.494333333394
2023-11-25 08:00:00,0.0,36912.69585000001,24955.19066666669
2023-11-25 09:00:00,0.0,54278.2819,14983.151500000024
2023-11-25 10:00:00,8.276000000000005,78171.48691666665,18929.78916666671
2023-11-25 11:00:00,8.265000000000006,110095.6822333333,14746.315000000031
2023-11-25 12:00:00,0.0,141034.9225666666,0.0
2023-11-25 13:00:00,0.0,146300.74783333327,5995.848666666668
2023-11-25 14:00:00,0.0,136871.3953833333,8598.391000000003
2023-11-25 15:00:00,0.0,143003.58254999993,8512.060666666668
2023-11-25 16:00:00,0.0,102679.74611666665,33377.869000000035
2023-11-25 17:00:00,0.0,59546.23780000009,35654.3546666667
2023-11-25 18:00:00,1486.3050000000032,61275.23676666675,575.8000000000014
2023-11-25 19:00:00,1606.289000000003,48109.65885000004,10919.13966666669
2023-11-25 20:00:00,0.0,43806.78045000004,10186.232333333366
2023-11-25 21:00:00,0.0,33035.04635000004,0.0
2023-11-25 22:00:00,0.0,13523.639983333347,0.0
2023-11-25 23:00:00,0.0,4157.996883333335,0.0
2023-11-26 00:00:00,0.0,0.0,0.0
2023-11-26 01:00:00,0.0,0.0,0.0
2023-11-26 02:00:00,0.0,0.0,0.0
2023-11-26 03:00:00,0.0,0.0,0.0
2023-11-26 04:00:00,0.0,249.80684999999968,0.0
2023-11-26 05:00:00,0.0,5429.701266666677,406.1680000000007
2023-11-26 06:00:00,1388.8180000000025,16222.645100000049,11160.702333333362
2023-11-26 07:00:00,1516.3010000000022,14012.967700000041,41476.60833333339
2023-11-26 08:00:00,0.0,2434.017849999998,32889.32533333336
2023-11-26 09:00:00,0.0,656.0774999999968,17205.05533333336
2023-11-26 10:00:00,8.267000000000007,609.0228833333307,17504.188500000037
2023-11-26 11:00:00,8.274000000000006,605.3502666666643,12416.440166666694
2023-11-26 12:00:00,0.0,560.857166666664,0.0
2023-11-26 13:00:00,0.0,571.1948833333292,6750.019000000004
2023-11-26 14:00:00,0.0,680.9348666666632,10543.529333333347
2023-11-26 15:00:00,0.0,744.2640166666632,5752.354666666669
2023-11-26 16:00:00,0.0,3161.04233333333,30523.3596666667
2023-11-26 17:00:00,0.0,33034.91856666675,16393.6786666667
2023-11-26 18:00:00,1771.2670000000007,45742.62670000008,580.5120000000012
2023-11-26 19:00:00,1418.8140000000037,35596.334200000034,9937.501000000027
2023-11-26 20:00:00,0.0,32180.341250000038,9918.060000000027
2023-11-26 21:00:00,0.0,22281.45428333337,0.0
2023-11-26 22:00:00,0.0,5164.3992666666745,0.0
2023-11-26 23:00:00,0.0,436.2978499999996,0.0
2023-11-27 00:00:00,0.0,2317.6137500000004,0.0
2023-11-27 01:00:00,0.0,5925.098500000004,0.0
2023-11-27 02:00:00,0.0,8015.084566666673,0.0
2023-11-27 03:00:00,0.0,10702.56703333334,0.0
2023-11-27 04:00:00,0.0,12378.125400000006,0.0
2023-11-27 05:00:00,0.0,18184.85636666668,418.81600000000077
2023-11-27 06:00:00,1576.2930000000026,29671.453133333394,10420.685333333358
2023-11-27 07:00:00,1553.796000000002,30977.340633333384,42049.59166666673
2023-11-27 08:00:00,0.0,50488.102716666675,42278.87733333336
2023-11-27 09:00:00,0.0,55306.14176666668,14257.60950000002
2023-11-27 10:00:00,8.276000000000007,69861.7045333333,17978.640833333375
2023-11-27 11:00:00,8.265000000000006,97826.91681666663,14007.06316666669
2023-11-27 12:00:00,0.0,116620.93386666664,0.0
2023-11-27 13:00:00,0.0,134812.8432333333,8290.973000000005
2023-11-27 14:00:00,0.0,161802.5940166666,7070.375333333335
2023-11-27 15:00:00,0.0,149390.86618333324,8447.395000000004
2023-11-27 16:00:00,0.0,108894.42069999999,19684.63400000004
2023-11-27 17:00:00,0.0,63155.51018333343,25852.254333333367
2023-11-27 18:00:00,1456.3090000000013,60082.458000000086,606.9240000000012
2023-11-27 19:00:00,1508.8020000000013,49036.95661666671,9487.90266666669
2023-11-27 20:00:00,0.0,45077.20738333337,10507.706000000027
2023-11-27 21:00:00,0.0,33333.90438333338,0.0
2023-11-27 22:00:00,0.0,13580.388350000012,0.0
2023-11-27 23:00:00,0.0,4711.401783333336,0.0
2023-11-28 00:00:00,0.0,2110.1152500000003,0.0
2023-11-28 01:00:00,0.0,6615.0939000000035,0.0
2023-11-28 02:00:00,0.0,8917.578550000006,0.0
2023-11-28 03:00:00,0.0,11212.564033333341,0.0
2023-11-28 04:00:00,0.0,12388.246800000008,0.0
2023-11-28 05:00:00,0.0,17178.70501666668,444.8560000000008
2023-11-28 06:00:00,1643.7840000000044,30678.021583333393,9724.649666666697
2023-11-28 07:00:00,1456.3090000000022,34781.423000000046,27562.732000000065
2023-11-28 08:00:00,0.0,36197.115316666685,29431.875000000036
2023-11-28 09:00:00,0.0,66292.98319999999,16699.93600000003
2023-11-28 10:00:00,8.275000000000006,63556.46355,18868.261000000042
2023-11-28 11:00:00,8.266000000000005,110882.42658333332,14121.228666666695
2023-11-28 12:00:00,0.0,143149.17723333326,0.0
2023-11-28 13:00:00,0.0,148539.08113333324,4948.757999999996
2023-11-28 14:00:00,0.0,142698.7591499999,8457.570666666667
2023-11-28 15:00:00,0.0,137564.1910166666,8126.761333333334
2023-11-28 16:00:00,0.0,80142.26365,36006.54166666669
2023-11-28 17:00:00,0.0,63569.69486666676,38728.902666666705
2023-11-28 18:00:00,1441.3110000000013,59703.24781666675,597.5000000000013
2023-11-28 19:00:00,1553.7960000000032,48785.66330000004,10639.463000000029
2023-11-28 20:00:00,0.0,44157.79068333338,10126.26833333336
2023-11-28 21:00:00,0.0,34579.28996666671,0.0
2023-11-28 22:00:00,0.0,15373.845283333347,0.0
2023-11-28 23:00:00,0.0,5209.314250000003,0.0
2023-11-29 00:00:00,0.0,2715.1115833333347,0.0
2023-11-29 01:00:00,0.0,6332.595783333338,0.0
2023-11-29 02:00:00,0.0,7720.08653333334,0.0
2023-11-29 03:00:00,0.0,9047.578700000007,0.0
2023-11-29 04:00:00,0.0,10588.522050000007,0.0
2023-11-29 05:00:00,0.0,16258.303400000015,458.6200000000008
2023-11-29 06:00:00,1568.7940000000026,32551.493083333396,10211.522000000028
2023-11-29 07:00:00,1613.7880000000025,32995.833733333384,29949.06666666673
2023-11-29 08:00:00,0.0,32072.93690000001,40384.00733333337
2023-11-29 09:00:00,0.0,61636.66428333333,12725.56450000002
2023-11-29 10:00:00,8.272000000000006,79635.13034999996,16450.430666666703
2023-11-29 11:00:00,8.269000000000005,103693.81784999996,15761.191333333361
2023-11-29 12:00:00,0.0,135569.23919999992,0.0
2023-11-29 13:00:00,0.0,158885.04919999992,7504.843333333337
2023-11-29 14:00:00,0.0,148260.14273333325,10250.24400000001
2023-11-29 15:00:00,0.0,144425.01503333327,10683.209000000003
2023-11-29 16:00:00,0.0,98620.3729833333,27698.51633333336
2023-11-29 17:00:00,0.0,59043.487016666746,29928.150000000027
2023-11-29 18:00:00,1471.3070000000025,57335.947466666745,649.5800000000003
2023-11-29 19:00:00,1441.3110000000024,47447.70058333337,10568.707333333361
2023-11-29 20:00:00,0.0,45725.169866666714,9964.698666666694
2023-11-29 21:00:00,0.0,34436.213550000044,0.0
2023-11-29 22:00:00,0.0,13981.404750000016,0.0
2023-11-29 23:00:00,0.0,5214.39421666667,0.0
2023-11-30 00:00:00,0.0,2660.1109833333358,0.0
2023-11-30 01:00:00,0.0,7232.58978333334,0.0
2023-11-30 02:00:00,0.0,9765.072900000006,0.0
2023-11-30 03:00:00,0.0,11212.563466666676,0.0
2023-11-30 04:00:00,0.0,12303.710966666673,0.0
2023-11-30 05:00:00,0.0,18133.29768333335,423.90000000000043
2023-11-30 06:00:00,1568.7940000000049,31639.419933333393,10848.045666666689
2023-11-30 07:00:00,1426.313000000001,34407.509050000044,37167.53433333339
2023-11-30 08:00:00,0.0,41622.800466666675,31806.150000000027
2023-11-30 09:00:00,0.0,58443.10024999999,15436.627666666694
2023-11-30 10:00:00,8.279000000000005,67771.30573333331,18163.560166666703
2023-11-30 11:00:00,8.262000000000006,108516.57416666664,15118.210666666695
2023-11-30 12:00:00,0.0,129283.93974999992,0.0
2023-11-30 13:00:00,0.0,151046.33264999994,6102.669000000001
2023-11-30 14:00:00,0.0,148527.09683333326,9033.187333333342
2023-11-30 15:00:00,0.0,143775.60573333324,9388.806000000002
2023-11-30 16:00:00,0.0,91971.36368333333,36900.55233333336
2023-11-30 17:00:00,0.0,59694.63090000009,26014.512666666706
2023-11-30 18:00:00,1793.764000000001,58789.19666666675,603.4520000000012
2023-11-30 19:00:00,1306.329000000002,49871.47573333338,9631.335000000032
2023-11-30 20:00:00,0.0,46068.99618333337,10121.271333333361
2023-11-30 21:00:00,0.0,33961.07221666671,0.0
2023-11-30 22:00:00,0.0,13943.366500000013,0.0
2023-11-30 23:00:00,0.0,4688.983466666668,0.0
2023-12-01 00:00:00,0.0,2620.1116500000026,0.0
2023-12-01 01:00:00,0.0,6115.097233333339,0.0
2023-12-01 02:00:00,0.0,8785.079433333343,0.0
2023-12-01 03:00:00,0.0,9630.075433333343,0.0
2023-12-01 04:00:00,0.0,10462.393583333342,0.0
2023-12-01 05:00:00,0.0,16725.29416666668,404.3080000000007
2023-12-01 06:00:00,1441.3110000000036,29480.72410000006,10295.89366666669
2023-12-01 07:00:00,1456.309000000001,33210.25790000005,38874.63600000006
2023-12-01 08:00:00,0.0,38169.40405000001,36354.59833333337
2023-12-01 09:00:00,0.0,52795.483183333345,14421.239000000027
2023-12-01 10:00:00,8.284000000000006,81787.4047833333,14385.846666666708
2023-12-01 11:00:00,8.257000000000007,115088.22119999994,14767.167166666692
2023-12-01 12:00:00,0.0,140891.4895166666,0.0
2023-12-01 13:00:00,0.0,138645.80568333328,7260.537000000001
2023-12-01 14:00:00,0.0,156192.74213333326,9530.990666666672
2023-12-01 15:00:00,0.0,131041.27466666662,10054.381666666672
2023-12-01 16:00:00,0.0,86800.42683333333,30489.562666666705
2023-12-01 17:00:00,0.0,62551.41968333343,25097.39133333336
2023-12-01 18:00:00,1621.287000000002,59048.64833333342,663.0960000000008
2023-12-01 19:00:00,1576.2930000000026,49229.205666666705,9953.017666666694
2023-12-01 20:00:00,0.0,45728.08646666671,10197.89200000003
2023-12-01 21:00:00,0.0,32988.47993333338,0.0
2023-12-01 22:00:00,0.0,14565.189616666681,0.0
2023-12-01 23:00:00,0.0,5448.723783333336,0.0
2023-12-02 00:00:00,0.0,2310.1136166666665,0.0
2023-12-02 01:00:00,0.0,5772.599516666673,0.0
2023-12-02 02:00:00,0.0,8952.578316666673,0.0
2023-12-02 03:00:00,0.0,10638.06803333334,0.0
2023-12-02 04:00:00,0.0,10518.81975000001,0.0
2023-12-02 05:00:00,0.0,17031.27608333335,481.5600000000007
2023-12-02 06:00:00,1523.8000000000025,31648.11145000007,10448.441000000026
2023-12-02 07:00:00,1508.8020000000033,32375.410933333384,39690.37033333339
2023-12-02 08:00:00,0.0,36889.95701666668,38921.480666666685
2023-12-02 09:00:00,0.0,57798.12621666667,17635.985833333365
2023-12-02 10:00:00,8.272000000000006,71368.5548,15184.501166666701
2023-12-02 11:00:00,8.269000000000005,104460.9780666666,13305.658333333355
2023-12-02 12:00:00,0.0,143767.3334166666,0.0
2023-12-02 13:00:00,0.0,155310.15258333326,6219.665000000007
2023-12-02 14:00:00,0.0,157766.90003333322,9071.489666666666
2023-12-02 15:00:00,0.0,134980.2739166666,10511.222000000003
2023-12-02 16:00:00,0.0,85933.41891666666,20872.309000000037
2023-12-02 17:00:00,0.0,59872.56418333342,28692.803666666696
2023-12-02 18:00:00,1598.7900000000027,59736.28173333342,549.2640000000018
2023-12-02 19:00:00,1463.808000000002,49159.82708333337,9985.642666666696
2023-12-02 20:00:00,0.0,45909.59283333337,10041.319333333362
2023-12-02 21:00:00,0.0,32608.737000000045,0.0
2023-12-02 22:00:00,0.0,13247.052966666679,0.0
2023-12-02 23:00:00,0.0,4300.4059166666675,0.0
2023-12-03 00:00:00,0.0,0.0,0.0
2023-12-03 01:00:00,0.0,0.0,0.0
2023-12-03 02:00:00,0.0,0.0,0.0
2023-12-03 03:00:00,0.0,0.0,0.0
2023-12-03 04:00:00,0.0,246.61364999999978,0.0
2023-12-03 05:00:00,0.0,5433.245083333343,458.6200000000015
2023-12-03 06:00:00,1591.2910000000027,21322.539266666725,10993.921000000031
2023-12-03 07:00:00,1531.2990000000027,13358.491733333376,47374.59833333339
2023-12-03 08:00:00,0.0,1871.8596666666658,31267.055666666703
2023-12-03 09:00:00,0.0,542.9328166666636,18618.823833333365
2023-12-03 10:00:00,8.271000000000006,643.2679999999968,18136.558833333376
2023-12-03 11:00:00,8.270000000000007,664.3483333333302,15037.863500000025
2023-12-03 12:00:00,0.0,695.1824833333299,0.0
2023-12-03 13:00:00,0.0,662.2724666666631,7305.179666666668
2023-12-03 14:00:00,0.0,637.9357333333301,8208.911
2023-12-03 15:00:00,0.0,626.1000333333301,9056.338000000002
2023-12-03 16:00:00,0.0,3127.242683333331,21495.338000000025
2023-12-03 17:00:00,0.0,30545.46853333341,17092.725666666694
2023-12-03 18:00:00,1486.3050000000014,44634.93756666675,651.3160000000014
2023-12-03 19:00:00,1486.3050000000012,34496.2620166667,9318.09533333336
2023-12-03 20:00:00,0.0,32440.39380000003,10014.668666666697
2023-12-03 21:00:00,0.0,22229.776433333373,0.0
2023-12-03 22:00:00,0.0,5583.607150000008,0.0
2023-12-03 23:00:00,0.0,338.7142333333329,0.0
2023-12-04 00:00:00,0.0,2555.113166666667,0.0
2023-12-04 01:00:00,0.0,6580.09413333334,0.0
2023-12-04 02:00:00,0.0,8522.581183333341,0.0
2023-12-04 03:00:00,0.0,9817.573050000008,0.0
2023-12-04 04:00:00,0.0,10842.88758333334,0.0
2023-12-04 05:00:00,0.0,16965.798566666686,462.0920000000008
2023-12-04 06:00:00,1373.8200000000015,31055.56486666673,10412.94000000003
2023-12-04 07:00:00,1651.2830000000026,32756.67785000005,37830.59100000005
2023-12-04 08:00:00,0.0,37245.67026666668,34262.98500000004
2023-12-04 09:00:00,0.0,56646.77371666667,15151.12750000003
2023-12-04 10:00:00,8.269000000000005,64333.23335,19316.07466666671
2023-12-04 11:00:00,8.272000000000007,103473.49861666663,14997.635166666694
2023-12-04 12:00:00,0.0,136814.18033333326,0.0
2023-12-04 13:00:00,0.0,148879.4881833333,5452.228000000003
2023-12-04 14:00:00,0.0,147482.0497999999,11487.411333333344
2023-12-04 15:00:00,0.0,140458.35358333323,8478.873
2023-12-04 16:00:00,0.0,98599.23733333332,29422.868666666698
2023-12-04 17:00:00,0.0,62159.478883333424,21799.348333333368
2023-12-04 18:00:00,1523.8000000000036,60814.01391666674,634.4520000000009
2023-12-04 19:00:00,1546.2970000000012,49546.09520000004,10078.163000000024
2023-12-04 20:00:00,0.0,44082.50918333338,9966.364333333364
2023-12-04 21:00:00,0.0,33401.24998333338,0.0
2023-12-04 22:00:00,0.0,13918.190483333346,0.0
2023-12-04 23:00:00,0.0,4882.984233333335,0.0
2023-12-05 00:00:00,0.0,2607.611933333336,0.0
2023-12-05 01:00:00,0.0,6092.59738333334,0.0
2023-12-05 02:00:00,0.0,9110.077266666674,0.0
2023-12-05 03:00:00,0.0,10362.569500000007,0.0
2023-12-05 04:00:00,0.0,11529.519016666673,0.0
2023-12-05 05:00:00,0.0,16576.429300000014,464.944
2023-12-05 06:00:00,1426.3130000000028,30359.404866666726,10206.02733333336
2023-12-05 07:00:00,1381.3190000000025,29847.92601666671,33455.62866666673
2023-12-05 08:00:00,0.0,32222.496916666674,21810.18200000003
2023-12-05 09:00:00,0.0,54999.00653333333,15668.92616666669
2023-12-05 10:00:00,8.273000000000007,85671.71756666664,15924.917833333377
2023-12-05 11:00:00,8.268000000000006,124050.63766666663,13554.308000000023
2023-12-05 12:00:00,0.0,144569.2494666666,0.0
2023-12-05 13:00:00,0.0,158641.90039999993,7176.366333333335
2023-12-05 14:00:00,0.0,126474.83984999995,8482.55266666667
2023-12-05 15:00:00,0.0,118089.0262166666,9023.150333333333
2023-12-05 16:00:00,0.0,107007.71216666665,41657.06433333337
2023-12-05 17:00:00,0.0,58307.434966666755,31402.881000000038
2023-12-05 18:00:00,1613.7880000000046,62640.76125000009,579.7680000000017
2023-12-05 19:00:00,1673.7800000000016,48305.97065000005,9751.220333333362
2023-12-05 20:00:00,0.0,44845.7814666667,10492.715000000027
2023-12-05 21:00:00,0.0,34002.469700000045,0.0
2023-12-05 22:00:00,0.0,15157.028150000016,0.0
2023-12-05 23:00:00,0.0,3978.2478166666683,0.0
2023-12-06 00:00:00,0.0,2537.612400000001,0.0
2023-12-06 01:00:00,0.0,5577.6008166666725,0.0
2023-12-06 02:00:00,0.0,8180.083466666673,0.0
2023-12-06 03:00:00,0.0,10263.569950000008,0.0
2023-12-06 04:00:00,0.0,10939.12208333334,0.0
2023-12-06 05:00:00,0.0,16462.09241666668,433.07600000000053
2023-12-06 06:00:00,1538.798000000002,30529.30900000006,10049.60833333336
2023-12-06 07:00:00,1478.8060000000028,29799.86168333338,37786.270000000055
2023-12-06 08:00:00,0.0,36214.86313333335,30488.131666666704
2023-12-06 09:00:00,0.0,53907.67231666668,16189.031500000028
2023-12-06 10:00:00,8.267000000000007,74525.97616666666,16418.653166666703
2023-12-06 11:00:00,8.274000000000006,117142.66244999996,13635.334666666691
2023-12-06 12:00:00,0.0,140488.90806666657,0.0
2023-12-06 13:00:00,0.0,141522.31621666657,6158.800666666666
2023-12-06 14:00:00,0.0,152388.50134999992,11231.115000000007
2023-12-06 15:00:00,0.0,138891.26904999992,10104.051333333338
2023-12-06 16:00:00,0.0,92347.56393333332,24243.52866666669
2023-12-06 17:00:00,0.0,59855.49010000008,29680.764000000036
2023-12-06 18:00:00,1471.3070000000023,61836.03128333342,567.4920000000017
2023-12-06 19:00:00,1606.2890000000004,49309.1798666667,10764.765666666692
2023-12-06 20:00:00,0.0,44449.238766666705,10229.539666666697
2023-12-06 21:00:00,0.0,33377.76996666671,0.0
2023-12-06 22:00:00,0.0,14129.483550000014,0.0
2023-12-06 23:00:00,0.0,4582.4050000000025,0.0
2023-12-07 00:00:00,0.0,2785.1106500000005,0.0
2023-12-07 01:00:00,0.0,7192.590050000005,0.0
2023-12-07 02:00:00,0.0,8695.080033333339,0.0
2023-12-07 03:00:00,0.0,9902.572916666673,0.0
2023-12-07 04:00:00,0.0,11348.765166666675,0.0
2023-12-07 05:00:00,0.0,17261.484350000017,454.6520000000009
2023-12-07 06:00:00,1621.2870000000041,28391.469983333387,9720.09500000003
2023-12-07 07:00:00,1456.3090000000025,28276.020116666718,36698.36866666673
2023-12-07 08:00:00,0.0,38121.691116666676,29794.95600000004
2023-12-07 09:00:00,0.0,63840.56986666665,14759.836333333358
2023-12-07 10:00:00,8.262000000000006,82265.95469999999,15870.203333333375
2023-12-07 11:00:00,8.279000000000005,106237.07496666665,13647.442500000026
2023-12-07 12:00:00,0.0,139764.49081666663,0.0
2023-12-07 13:00:00,0.0,140040.31118333328,5973.527333333338
2023-12-07 14:00:00,0.0,135090.99773333326,8866.176333333333
2023-12-07 15:00:00,0.0,136990.19494999992,11703.090000000007
2023-12-07 16:00:00,0.0,93722.43788333332,30596.712333333366
2023-12-07 17:00:00,0.0,64655.664916666756,31748.304333333366
2023-12-07 18:00:00,1583.7920000000015,61249.60065000009,594.0280000000009
2023-12-07 19:00:00,1433.8120000000022,50408.95743333337,9705.327666666693
2023-12-07 20:00:00,0.0,44034.02391666671,11133.996666666691
2023-12-07 21:00:00,0.0,33628.51393333338,0.0
2023-12-07 22:00:00,0.0,14800.80168333335,0.0
2023-12-07 23:00:00,0.0,4688.494600000004,0.0
2023-12-08 00:00:00,0.0,1485.1183833333323,0.0
2023-12-08 01:00:00,0.0,5725.099833333336,0.0
2023-12-08 02:00:00,0.0,9060.077600000008,0.0
2023-12-08 03:00:00,0.0,9400.576583333339,0.0
2023-12-08 04:00:00,0.0,11021.91843333334,0.0
2023-12-08 05:00:00,0.0,17998.066200000016,482.05600000000084
2023-12-08 06:00:00,1561.2950000000012,31921.742416666726,10949.899333333355
2023-12-08 07:00:00,1591.2910000000018,30014.697283333375,22967.356000000058
2023-12-08 08:00:00,0.0,37362.312116666675,23185.063333333368
2023-12-08 09:00:00,0.0,59630.75608333333,13546.26033333336
2023-12-08 10:00:00,8.269000000000005,86100.95849999998,17127.27083333337
2023-12-08 11:00:00,8.272000000000006,112372.23413333332,13126.75216666669
2023-12-08 12:00:00,0.0,138118.50294999994,0.0
2023-12-08 13:00:00,0.0,147761.75628333326,7913.449000000002
2023-12-08 14:00:00,0.0,127376.51058333331,10331.547333333347
2023-12-08 15:00:00,0.0,131059.10056666659,11934.732666666676
2023-12-08 16:00:00,0.0,95508.24333333332,43136.806333333356
2023-12-08 17:00:00,0.0,59606.42933333342,37403.0796666667
2023-12-08 18:00:00,1366.321000000003,60423.53310000009,571.8320000000014
2023-12-08 19:00:00,1576.2930000000024,48177.21440000004,9932.885333333359
2023-12-08 20:00:00,0.0,44368.8808666667,9701.523333333365
2023-12-08 21:00:00,0.0,34253.185400000046,0.0
2023-12-08 22:00:00,0.0,14650.894816666683,0.0
2023-12-08 23:00:00,0.0,4425.237616666669,0.0
2023-12-09 00:00:00,0.0,2900.111483333335,0.0
2023-12-09 01:00:00,0.0,8085.084100000006,0.0
2023-12-09 02:00:00,0.0,9132.577116666675,0.0
2023-12-09 03:00:00,0.0,10521.069583333345,0.0
2023-12-09 04:00:00,0.0,11109.715950000007,0.0
2023-12-09 05:00:00,0.0,16746.36288333335,385.7080000000008
2023-12-09 06:00:00,1621.2870000000016,31837.97480000006,10380.841000000022
2023-12-09 07:00:00,1418.8140000000012,32680.719033333382,39873.72266666673
2023-12-09 08:00:00,0.0,39448.61733333334,34163.16900000003
2023-12-09 09:00:00,0.0,61737.12233333333,17925.938833333366
2023-12-09 10:00:00,8.257000000000005,77695.73158333333,15075.939000000035
2023-12-09 11:00:00,8.284000000000006,109394.41204999998,13285.475000000028
2023-12-09 12:00:00,0.0,147029.25189999992,0.0
2023-12-09 13:00:00,0.0,150910.3229499999,5968.621999999998
2023-12-09 14:00:00,0.0,137730.39508333325,8992.467666666671
2023-12-09 15:00:00,0.0,121653.76744999998,8545.749333333337
2023-12-09 16:00:00,0.0,100822.80431666665,26407.77600000003
2023-12-09 17:00:00,0.0,59770.60830000009,35042.0976666667
2023-12-09 18:00:00,1388.8180000000027,58875.848933333415,653.1759999999999
2023-12-09 19:00:00,1666.281000000002,48694.50888333337,10152.461000000028
2023-12-09 20:00:00,0.0,44361.84356666671,9969.695666666694
2023-12-09 21:00:00,0.0,34080.97421666671,0.0
2023-12-09 22:00:00,0.0,13571.01771666668,0.0
2023-12-09 23:00:00,0.0,4436.074766666669,0.0
2023-12-10 00:00:00,0.0,0.0,0.0
2023-12-10 01:00:00,0.0,0.0,0.0
2023-12-10 02:00:00,0.0,0.0,0.0
2023-12-10 03:00:00,0.0,0.0,0.0
2023-12-10 04:00:00,0.0,238.92881666666642,0.0
2023-12-10 05:00:00,0.0,4647.231200000007,454.7760000000001
2023-12-10 06:00:00,1538.7980000000005,18437.66475000005,10124.846333333366
2023-12-10 07:00:00,1553.7960000000023,15074.828916666713,35814.37900000006
2023-12-10 08:00:00,0.0,2101.5972833333317,35912.8856666667
2023-12-10 09:00:00,0.0,601.2919166666642,15544.291500000025
2023-12-10 10:00:00,8.272000000000006,629.7713333333303,15522.956666666701
2023-12-10 11:00:00,8.269000000000005,590.6094333333307,13650.042333333357
2023-12-10 12:00:00,0.0,606.6890666666637,0.0
2023-12-10 13:00:00,0.0,635.1039333333296,7079.894333333334
2023-12-10 14:00:00,0.0,759.7599333333294,8984.347000000009
2023-12-10 15:00:00,0.0,690.3518166666628,9473.650333333331
2023-12-10 16:00:00,0.0,3466.470216666664,40001.34533333336
2023-12-10 17:00:00,0.0,31216.527533333418,16305.2916666667
2023-12-10 18:00:00,1411.3150000000014,44142.560250000075,576.7920000000018
2023-12-10 19:00:00,1591.2910000000013,34417.97970000003,10746.452666666693
2023-12-10 20:00:00,0.0,32733.09023333337,10114.608666666692
2023-12-10 21:00:00,0.0,22394.8540166667,0.0
2023-12-10 22:00:00,0.0,5577.475066666675,0.0
2023-12-10 23:00:00,0.0,367.7210833333329,0.0
2023-12-11 00:00:00,0.0,1867.6168666666656,0.0
2023-12-11 01:00:00,0.0,5445.101700000004,0.0
2023-12-11 02:00:00,0.0,8440.081733333338,0.0
2023-12-11 03:00:00,0.0,10065.072366666674,0.0
2023-12-11 04:00:00,0.0,11624.32298333334,0.0
2023-12-11 05:00:00,0.0,16560.34686666668,467.6720000000004
2023-12-11 06:00:00,1471.307000000003,30317.397233333388,10350.981000000027
2023-12-11 07:00:00,1486.3050000000014,27857.44980000005,44096.463333333384
2023-12-11 08:00:00,0.0,36415.12116666668,25660.46033333336
2023-12-11 09:00:00,0.0,51079.30131666668,16975.998333333366
2023-12-11 10:00:00,8.261000000000005,73250.16288333331,17562.33216666671
2023-12-11 11:00:00,8.280000000000006,115097.91894999996,12875.472166666694
2023-12-11 12:00:00,0.0,153313.76194999996,0.0
2023-12-11 13:00:00,0.0,145540.32631666661,7679.629666666667
2023-12-11 14:00:00,0.0,138414.41193333326,6886.571000000002
2023-12-11 15:00:00,0.0,137681.01969999992,10988.311666666674
2023-12-11 16:00:00,0.0,102616.33793333331,31046.04433333336
2023-12-11 17:00:00,0.0,64783.12146666676,22949.854000000036
2023-12-11 18:00:00,1643.7840000000026,62025.004283333416,604.072000000001
2023-12-11 19:00:00,1493.804000000002,50251.671550000035,10308.363666666692
2023-12-11 20:00:00,0.0,44018.93981666671,9886.412333333365
2023-12-11 21:00:00,0.0,35636.70553333337,0.0
2023-12-11 22:00:00,0.0,14954.506733333346,0.0
2023-12-11 23:00:00,0.0,4441.658166666669,0.0
2023-12-12 00:00:00,0.0,2302.613733333333,0.0
2023-12-12 01:00:00,0.0,5567.600883333336,0.0
2023-12-12 02:00:00,0.0,9055.077633333342,0.0
2023-12-12 03:00:00,0.0,10113.322283333342,0.0
2023-12-12 04:00:00,0.0,12366.428950000007,0.0
2023-12-12 05:00:00,0.0,17890.12176666668,449.6920000000005
2023-12-12 06:00:00,1388.8180000000011,29799.404250000058,10017.925333333356
2023-12-12 07:00:00,1471.3070000000016,33382.33635000004,47265.79533333339
2023-12-12 08:00:00,0.0,41704.64616666667,36330.27833333337
2023-12-12 09:00:00,0.0,63894.75341666666,15470.897833333356
2023-12-12 10:00:00,8.269000000000005,76331.69859999999,18242.955166666707
2023-12-12 11:00:00,8.272000000000006,100414.97348333332,14505.576333333363
2023-12-12 12:00:00,0.0,131925.0024666666,0.0
2023-12-12 13:00:00,0.0,138051.6705666666,7106.552
2023-12-12 14:00:00,0.0,147954.7590166666,9486.141333333338
2023-12-12 15:00:00,0.0,133995.7915666666,8118.952000000006
2023-12-12 16:00:00,0.0,95249.62454999998,25107.933000000034
2023-12-12 17:00:00,0.0,61637.592416666754,25631.96000000003
2023-12-12 18:00:00,1456.3090000000007,62929.55693333342,576.7920000000018
2023-12-12 19:00:00,1778.7660000000012,48004.188183333375,11294.603333333358
2023-12-12 20:00:00,0.0,43784.82371666671,10054.644666666696
2023-12-12 21:00:00,0.0,31273.440783333375,0.0
2023-12-12 22:00:00,0.0,12617.530616666681,0.0
2023-12-12 23:00:00,0.0,5678.558300000003,0.0
2023-12-13 00:00:00,0.0,2877.6117333333336,0.0
2023-12-13 01:00:00,0.0,6712.593250000004,0.0
2023-12-13 02:00:00,0.0,8942.578383333337,0.0
2023-12-13 03:00:00,0.0,10082.571000000009,0.0
2023-12-13 04:00:00,0.0,11074.753350000008,0.0
2023-12-13 05:00:00,0.0,16956.103100000015,440.14400000000074
2023-12-13 06:00:00,1523.8000000000022,32057.82998333339,9752.842000000031
2023-12-13 07:00:00,1658.782000000003,36473.68396666672,27649.05700000004
2023-12-13 08:00:00,0.0,42240.10990000001,27565.179000000033
2023-12-13 09:00:00,0.0,60951.663916666665,16695.199000000026
2023-12-13 10:00:00,8.275000000000006,86458.7231833333,17385.26400000004
2023-12-13 11:00:00,8.266000000000005,124434.6556833333,15371.324500000028
2023-12-13 12:00:00,0.0,140408.15229999993,0.0
2023-12-13 13:00:00,0.0,136919.91208333327,5458.551333333334
2023-12-13 14:00:00,0.0,124980.09098333327,8416.746333333336
2023-12-13 15:00:00,0.0,126248.57891666662,10535.357666666672
2023-12-13 16:00:00,0.0,95878.85351666667,37234.47600000004
2023-12-13 17:00:00,0.0,59682.86780000009,32996.69933333337
2023-12-13 18:00:00,1591.2909999999988,61018.16220000008,590.5560000000017
2023-12-13 19:00:00,1321.327000000003,48579.13375000004,10605.293000000027
2023-12-13 20:00:00,0.0,44547.10720000004,10574.332666666696
2023-12-13 21:00:00,0.0,32887.37265000005,0.0
2023-12-13 22:00:00,0.0,14145.482583333349,0.0
2023-12-13 23:00:00,0.0,4248.403000000003,0.0
2023-12-14 00:00:00,0.0,2690.1140499999997,0.0
2023-12-14 01:00:00,0.0,6682.593450000006,0.0
2023-12-14 02:00:00,0.0,10310.069266666673,0.0
2023-12-14 03:00:00,0.0,10930.065816666673,0.0
2023-12-14 04:00:00,0.0,12243.167116666673,0.0
2023-12-14 05:00:00,0.0,17952.32351666668,417.57600000000105
2023-12-14 06:00:00,1403.8160000000016,31627.925350000056,10191.830333333364
2023-12-14 07:00:00,1433.8120000000006,34089.76251666671,38985.295333333386
2023-12-14 08:00:00,0.0,40413.30343333334,25408.03833333336
2023-12-14 09:00:00,0.0,61571.88173333332,17154.898500000025
2023-12-14 10:00:00,8.276000000000007,80637.87826666665,16291.354500000041
2023-12-14 11:00:00,8.265000000000006,114804.67148333331,12554.649000000021
2023-12-14 12:00:00,0.0,136579.35494999995,0.0
2023-12-14 13:00:00,0.0,138304.01233333332,8149.583666666671
2023-12-14 14:00:00,0.0,136465.90318333326,9504.092333333345
2023-12-14 15:00:00,0.0,138598.34304999994,11864.745666666679
2023-12-14 16:00:00,0.0,91794.11981666666,34518.356000000036
2023-12-14 17:00:00,0.0,58780.86848333343,31000.45233333337
2023-12-14 18:00:00,1763.7680000000034,60576.34478333342,636.8080000000012
2023-12-14 19:00:00,1493.8040000000026,47957.879816666704,10228.273000000027
2023-12-14 20:00:00,0.0,44551.42745000004,10326.14833333336
2023-12-14 21:00:00,0.0,33829.86450000004,0.0
2023-12-14 22:00:00,0.0,14324.512483333343,0.0
2023-12-14 23:00:00,0.0,4945.400950000003,0.0
2023-12-15 00:00:00,0.0,2560.11335,0.0
2023-12-15 01:00:00,0.0,6135.097100000004,0.0
2023-12-15 02:00:00,0.0,8962.578250000006,0.0
2023-12-15 03:00:00,0.0,11102.564416666675,0.0
2023-12-15 04:00:00,0.0,11927.498066666674,0.0
2023-12-15 05:00:00,0.0,17099.10678333335,525.5800000000003
2023-12-15 06:00:00,1381.3190000000006,28955.520216666722,10283.432666666693
2023-12-15 07:00:00,1441.311000000002,33620.26335000005,35238.119333333394
2023-12-15 08:00:00,0.0,47937.43756666666,36437.13066666671
2023-12-15 09:00:00,0.0,68197.17346666665,15888.831833333363
2023-12-15 10:00:00,8.274000000000006,68383.55063333332,18253.17666666671
2023-12-15 11:00:00,8.267000000000007,99963.49193333332,14494.659333333359
2023-12-15 12:00:00,0.0,152591.23313333324,0.0
2023-12-15 13:00:00,0.0,141088.15804999994,8295.742333333335
2023-12-15 14:00:00,0.0,138115.83041666663,8016.969000000004
2023-12-15 15:00:00,0.0,137979.92829999997,7354.331333333331
2023-12-15 16:00:00,0.0,87614.12501666667,20789.081000000027
2023-12-15 17:00:00,0.0,57754.65818333342,32127.999333333362
2023-12-15 18:00:00,1643.7840000000024,59861.066716666755,587.8280000000007
2023-12-15 19:00:00,1628.7860000000012,46984.743666666705,9805.791333333362
2023-12-15 20:00:00,0.0,44264.86405000004,10204.554666666698
2023-12-15 21:00:00,0.0,34258.16068333337,0.0
2023-12-15 22:00:00,0.0,14765.554550000013,0.0
2023-12-15 23:00:00,0.0,4533.658333333335,0.0
2023-12-16 00:00:00,0.0,2225.1138833333316,0.0
2023-12-16 01:00:00,0.0,6050.097666666672,0.0
2023-12-16 02:00:00,0.0,9322.575850000007,0.0
2023-12-16 03:00:00,0.0,11177.563716666673,0.0
2023-12-16 04:00:00,0.0,12837.072766666672,0.0
2023-12-16 05:00:00,0.0,18921.25345000002,507.97200000000095
2023-12-16 06:00:00,1726.2730000000008,30547.69178333339,9986.736666666691
2023-12-16 07:00:00,1576.2930000000017,33718.477283333385,32783.511000000064
2023-12-16 08:00:00,0.0,45483.21661666667,32275.140666666695
2023-12-16 09:00:00,0.0,68026.87833333331,15987.296666666693
2023-12-16 10:00:00,8.265000000000006,80640.14601666665,13659.539500000035
2023-12-16 11:00:00,8.276000000000005,112003.08156666662,12445.482666666687
2023-12-16 12:00:00,0.0,124869.42691666662,0.0
2023-12-16 13:00:00,0.0,148648.80626666662,7069.891333333339
2023-12-16 14:00:00,0.0,141654.57453333327,11492.093000000012
2023-12-16 15:00:00,0.0,129218.35354999996,11350.59900000001
2023-12-16 16:00:00,0.0,90820.3726,24520.266333333366
2023-12-16 17:00:00,0.0,62681.71680000009,35459.9246666667
2023-12-16 18:00:00,1396.3170000000025,58672.182283333415,622.176
2023-12-16 19:00:00,1396.3170000000007,46610.82955000003,11238.581000000024
2023-12-16 20:00:00,0.0,43202.35723333337,10479.389666666691
2023-12-16 21:00:00,0.0,32776.090916666704,0.0
2023-12-16 22:00:00,0.0,14324.91846666668,0.0
2023-12-16 23:00:00,0.0,5212.153483333336,0.0
2023-12-17 00:00:00,0.0,0.0,0.0
2023-12-17 01:00:00,0.0,0.0,0.0
2023-12-17 02:00:00,0.0,0.0,0.0
2023-12-17 03:00:00,0.0,0.0,0.0
2023-12-17 04:00:00,0.0,215.14298333333315,0.0
2023-12-17 05:00:00,0.0,5473.37255000001,421.42000000000047
2023-12-17 06:00:00,1351.3230000000012,17691.90286666672,10244.069333333358
2023-12-17 07:00:00,1531.2990000000018,12716.426116666704,43199.390333333395
2023-12-17 08:00:00,0.0,2295.428599999999,35310.39833333336
2023-12-17 09:00:00,0.0,749.8475333333296,16185.051333333362
2023-12-17 10:00:00,8.276000000000005,743.6806333333292,17722.406833333374
2023-12-17 11:00:00,8.265000000000006,617.6885166666627,14290.823833333357
2023-12-17 12:00:00,0.0,530.9470833333296,0.0
2023-12-17 13:00:00,0.0,624.4373666666628,8176.932000000007
2023-12-17 14:00:00,0.0,577.3593333333299,8688.22833333334
2023-12-17 15:00:00,0.0,569.7771666666633,9893.450666666675
2023-12-17 16:00:00,0.0,3825.078183333333,28416.885666666698
2023-12-17 17:00:00,0.0,33363.13543333341,24336.637000000024
2023-12-17 18:00:00,1478.8060000000016,46717.573600000076,570.0960000000014
2023-12-17 19:00:00,1733.772000000003,33843.50860000003,9611.872666666688
2023-12-17 20:00:00,0.0,32193.826533333366,10685.932333333361
2023-12-17 21:00:00,0.0,21935.007850000035,0.0
2023-12-17 22:00:00,0.0,5114.612650000007,0.0
2023-12-17 23:00:00,0.0,322.2115333333331,0.0
2023-12-18 00:00:00,0.0,1572.620749999999,0.0
2023-12-18 01:00:00,0.0,5380.102133333337,0.0
2023-12-18 02:00:00,0.0,9322.575850000005,0.0
2023-12-18 03:00:00,0.0,11245.063616666674,0.0
2023-12-18 04:00:00,0.0,11264.697533333343,0.0
2023-12-18 05:00:00,0.0,16753.856150000018,383.84800000000087
2023-12-18 06:00:00,1598.7900000000018,30231.392950000063,10555.484000000031
2023-12-18 07:00:00,1591.2910000000024,32420.44065000005,35062.4463333334
2023-12-18 08:00:00,0.0,33734.540183333345,41277.4296666667
2023-12-18 09:00:00,0.0,58925.68751666665,16802.249500000027
2023-12-18 10:00:00,8.282000000000005,75747.70264999999,18345.84766666671
2023-12-18 11:00:00,8.259000000000006,113925.89634999998,14457.462500000023
2023-12-18 12:00:00,0.0,146393.9170166666,0.0
2023-12-18 13:00:00,0.0,145283.5060166666,6960.410333333334
2023-12-18 14:00:00,0.0,155587.43128333325,8275.235333333334
2023-12-18 15:00:00,0.0,138980.44749999992,7485.528000000002
2023-12-18 16:00:00,0.0,85635.40023333333,31320.163000000037
2023-12-18 17:00:00,0.0,56474.27081666675,27467.67533333336
2023-12-18 18:00:00,1366.3210000000026,60193.87293333341,661.6080000000005
2023-12-18 19:00:00,1538.798000000001,47193.51108333337,9989.525666666694
2023-12-18 20:00:00,0.0,44617.034083333376,10854.164666666695
2023-12-18 21:00:00,0.0,35096.79741666671,0.0
2023-12-18 22:00:00,0.0,15460.70723333335,0.0
2023-12-18 23:00:00,0.0,5593.809900000005,0.0
2023-12-19 00:00:00,0.0,2367.6137666666664,0.0
2023-12-19 01:00:00,0.0,6397.595350000006,0.0
2023-12-19 02:00:00,0.0,8747.57968333334,0.0
2023-12-19 03:00:00,0.0,10615.067850000007,0.0
2023-12-19 04:00:00,0.0,12355.708916666672,0.0
2023-12-19 05:00:00,0.0,17516.34588333335,455.7680000000005
2023-12-19 06:00:00,1426.3130000000015,32321.89788333339,9770.629333333362
2023-12-19 07:00:00,1606.289000000003,31156.122700000047,43100.516666666736
2023-12-19 08:00:00,0.0,36151.725566666675,24484.451333333367
2023-12-19 09:00:00,0.0,58026.591,17136.55016666669
2023-12-19 10:00:00,8.269000000000005,80402.06869999999,19821.072333333377
2023-12-19 11:00:00,8.272000000000006,99196.9916,12863.415500000025
2023-12-19 12:00:00,0.0,133138.6622666666,0.0
2023-12-19 13:00:00,0.0,146246.25566666664,5155.2289999999975
2023-12-19 14:00:00,0.0,151220.15413333327,9172.003666666671
2023-12-19 15:00:00,0.0,136699.99219999995,9173.835000000006
2023-12-19 16:00:00,0.0,93883.17123333333,34636.562000000034
2023-12-19 17:00:00,0.0,59941.57635000009,22795.37833333337
2023-12-19 18:00:00,1471.307000000004,62401.44915000009,649.0840000000011
2023-12-19 19:00:00,1591.290999999999,47670.86846666671,10181.949000000026
2023-12-19 20:00:00,0.0,45857.766583333374,10614.308666666695
2023-12-19 21:00:00,0.0,33133.13396666671,0.0
2023-12-19 22:00:00,0.0,14643.750466666681,0.0
2023-12-19 23:00:00,0.0,4556.822116666669,0.0
2023-12-20 00:00:00,0.0,2510.113333333333,0.0
2023-12-20 01:00:00,0.0,5797.599350000005,0.0
2023-12-20 02:00:00,0.0,9075.077500000007,0.0
2023-12-20 03:00:00,0.0,10640.317783333341,0.0
2023-12-20 04:00:00,0.0,12004.474016666674,0.0
2023-12-20 05:00:00,0.0,18458.12046666668,441.88000000000056
2023-12-20 06:00:00,1516.301000000003,29214.710350000052,11194.289666666686
2023-12-20 07:00:00,1621.2870000000028,36252.887116666716,49041.77566666673
2023-12-20 08:00:00,0.0,39481.89913333334,36533.2816666667
2023-12-20 09:00:00,0.0,65599.51344999998,15885.401166666696
2023-12-20 10:00:00,8.263000000000005,71537.12874999997,16857.149666666708
2023-12-20 11:00:00,8.278000000000006,94032.57481666667,13646.203833333358
2023-12-20 12:00:00,0.0,147098.08599999992,0.0
2023-12-20 13:00:00,0.0,161460.98409999994,8365.936000000005
2023-12-20 14:00:00,0.0,140701.24781666658,8397.914999999997
2023-12-20 15:00:00,0.0,129361.93569999993,8503.249333333339
2023-12-20 16:00:00,0.0,94655.11978333333,16794.153000000028
2023-12-20 17:00:00,0.0,55537.81631666676,22641.661666666703
2023-12-20 18:00:00,1501.3030000000026,62618.79603333342,582.4960000000018
2023-12-20 19:00:00,1456.3090000000038,48821.585983333374,9512.376666666694
2023-12-20 20:00:00,0.0,44066.92308333337,10031.32533333336
2023-12-20 21:00:00,0.0,32554.406183333376,0.0
2023-12-20 22:00:00,0.0,13909.598550000017,0.0
2023-12-20 23:00:00,0.0,4762.818500000003,0.0
2023-12-21 00:00:00,0.0,1972.6171000000002,0.0
2023-12-21 01:00:00,0.0,6265.096233333339,0.0
2023-12-21 02:00:00,0.0,9590.074066666675,0.0
2023-12-21 03:00:00,0.0,10865.06638333334,0.0
2023-12-21 04:00:00,0.0,11710.302350000005,0.0
2023-12-21 05:00:00,0.0,18611.642683333353,461.2240000000007
2023-12-21 06:00:00,1546.2970000000012,31146.206666666723,10370.132666666694
2023-12-21 07:00:00,1426.313000000003,32716.088000000054,30411.001333333395
2023-12-21 08:00:00,0.0,33373.71325000001,17138.06300000003
2023-12-21 09:00:00,0.0,54073.786583333334,14108.696000000024
2023-12-21 10:00:00,8.268000000000006,72733.21343333331,16882.037666666707
2023-12-21 11:00:00,8.273000000000007,104171.49329999997,15929.17433333336
2023-12-21 12:00:00,0.0,148097.8350666666,0.0
2023-12-21 13:00:00,0.0,151490.82348333325,9645.931666666671
2023-12-21 14:00:00,0.0,146388.07354999994,9163.831999999999
2023-12-21 15:00:00,0.0,139393.9223166666,8527.73033333334
2023-12-21 16:00:00,0.0,95536.33171666665,42538.918000000034
2023-12-21 17:00:00,0.0,58679.62441666675,29786.776333333368
2023-12-21 18:00:00,1583.7920000000033,58605.78438333342,505.86400000000197
2023-12-21 19:00:00,1538.7980000000032,46758.64455000004,9980.351333333358
2023-12-21 20:00:00,0.0,43269.365050000044,10477.724000000031
2023-12-21 21:00:00,0.0,34981.93028333338,0.0
2023-12-21 22:00:00,0.0,15130.560916666682,0.0
2023-12-21 23:00:00,0.0,4598.402983333336,0.0
2023-12-22 00:00:00,0.0,1942.6161666666662,0.0
2023-12-22 01:00:00,0.0,5772.59951666667,0.0
2023-12-22 02:00:00,0.0,8342.582383333338,0.0
2023-12-22 03:00:00,0.0,10409.069416666673,0.0
2023-12-22 04:00:00,0.0,10764.877500000006,0.0
2023-12-22 05:00:00,0.0,16865.613883333346,428.9840000000006
2023-12-22 06:00:00,1478.8060000000025,30290.663750000058,10514.06466666669
2023-12-22 07:00:00,1576.2930000000013,38034.598450000056,27195.255333333393
2023-12-22 08:00:00,0.0,42614.209250000014,30355.874333333362
2023-12-22 09:00:00,0.0,61647.37954999998,13829.23816666669
2023-12-22 10:00:00,8.274000000000006,75929.2157833333,16819.109333333377
2023-12-22 11:00:00,8.267000000000007,101402.06668333331,14606.411166666694
2023-12-22 12:00:00,0.0,134664.3974999999,0.0
2023-12-22 13:00:00,0.0,149053.7366166666,7341.028000000004
2023-12-22 14:00:00,0.0,140284.82749999996,10158.714000000007
2023-12-22 15:00:00,0.0,133448.11388333328,11073.311666666674
2023-12-22 16:00:00,0.0,107447.12208333332,43215.6246666667
2023-12-22 17:00:00,0.0,59541.72990000009,25379.352333333365
2023-12-22 18:00:00,1456.3090000000009,59144.78821666675,572.824000000002
2023-12-22 19:00:00,1583.792000000003,48579.70888333338,10168.99566666669
2023-12-22 20:00:00,0.0,43738.1150666667,9789.8036666667
2023-12-22 21:00:00,0.0,33271.694900000046,0.0
2023-12-22 22:00:00,0.0,14001.879583333346,0.0
2023-12-22 23:00:00,0.0,3898.160033333336,0.0
2023-12-23 00:00:00,0.0,3142.608433333334,0.0
2023-12-23 01:00:00,0.0,7242.589716666669,0.0
2023-12-23 02:00:00,0.0,10395.068700000007,0.0
2023-12-23 03:00:00,0.0,11632.560966666671,0.0
2023-12-23 04:00:00,0.0,10311.073450000009,0.0
2023-12-23 05:00:00,0.0,16317.005916666683,488.00800000000055
2023-12-23 06:00:00,1576.293000000004,29762.510500000062,10072.470666666695
2023-12-23 07:00:00,1463.8080000000043,30970.30103333338,33138.905000000064
2023-12-23 08:00:00,0.0,36048.15251666668,32835.551333333366
2023-12-23 09:00:00,0.0,61086.94123333334,14168.856000000025
2023-12-23 10:00:00,8.265000000000006,59782.23170000001,16703.321500000042
2023-12-23 11:00:00,8.276000000000007,100066.33631666662,13667.319000000025
2023-12-23 12:00:00,0.0,143036.5929499999,0.0
2023-12-23 13:00:00,0.0,154781.64233333326,6762.6996666666655
2023-12-23 14:00:00,0.0,146453.4814666666,10310.729000000007
2023-12-23 15:00:00,0.0,139981.6623499999,9926.726000000008
2023-12-23 16:00:00,0.0,95483.29943333332,41322.77200000003
2023-12-23 17:00:00,0.0,62575.42168333342,22589.33300000003
2023-12-23 18:00:00,1606.2890000000034,59220.534900000086,621.680000000001
2023-12-23 19:00:00,1448.8100000000009,47628.34535000004,10404.550333333358
2023-12-23 20:00:00,0.0,44996.14885000004,11047.382000000029
2023-12-23 21:00:00,0.0,34483.43791666671,0.0
2023-12-23 22:00:00,0.0,14092.327800000014,0.0
2023-12-23 23:00:00,0.0,4589.067383333335,0.0
2023-12-24 00:00:00,0.0,0.0,0.0
2023-12-24 01:00:00,0.0,0.0,0.0
2023-12-24 02:00:00,0.0,0.0,0.0
2023-12-24 03:00:00,0.0,0.0,0.0
2023-12-24 04:00:00,0.0,258.0894166666664,0.0
2023-12-24 05:00:00,0.0,4596.497233333341,437.5400000000004
2023-12-24 06:00:00,1516.3010000000004,20492.621983333385,10621.418666666697
2023-12-24 07:00:00,1441.3110000000024,14346.224283333378,39980.888666666724
2023-12-24 08:00:00,0.0,1871.8100499999982,24904.373000000047
2023-12-24 09:00:00,0.0,641.67298333333,14292.069500000023
2023-12-24 10:00:00,8.273000000000007,588.5247499999963,14558.870500000034
2023-12-24 11:00:00,8.268000000000006,692.5948999999963,12282.425333333355
2023-12-24 12:00:00,0.0,667.0148999999964,0.0
2023-12-24 13:00:00,0.0,618.3576666666636,7358.166666666665
2023-12-24 14:00:00,0.0,602.7787166666628,10128.255000000005
2023-12-24 15:00:00,0.0,695.5995166666632,10984.666000000008
2023-12-24 16:00:00,0.0,3017.8552666666637,28644.423000000035
2023-12-24 17:00:00,0.0,32802.39221666674,30703.6096666667
2023-12-24 18:00:00,1463.8080000000036,44625.66396666675,654.292000000001
2023-12-24 19:00:00,1673.7800000000016,34983.18290000003,10658.464666666692
2023-12-24 20:00:00,0.0,31090.581200000033,10061.307333333365
2023-12-24 21:00:00,0.0,21783.75108333337,0.0
2023-12-24 22:00:00,0.0,5268.1604500000085,0.0
2023-12-24 23:00:00,0.0,383.71719999999965,0.0
2023-12-25 00:00:00,0.0,2710.11135,0.0
2023-12-25 01:00:00,0.0,6777.592816666671,0.0
2023-12-25 02:00:00,0.0,9200.076666666671,0.0
2023-12-25 03:00:00,0.0,10125.07098333334,0.0
2023-12-25 04:00:00,0.0,10949.915833333342,0.0
2023-12-25 05:00:00,0.0,17610.994850000017,421.9160000000002
2023-12-25 06:00:00,1351.323000000003,29352.27371666673,10298.960333333362
2023-12-25 07:00:00,1636.2850000000026,27824.239766666713,39133.04033333339
2023-12-25 08:00:00,0.0,31423.15413333334,35585.86933333337
2023-12-25 09:00:00,0.0,62560.18896666666,15396.82833333336
2023-12-25 10:00:00,8.273000000000007,86563.19778333331,16491.68233333337
2023-12-25 11:00:00,8.268000000000006,112191.55999999997,12136.636666666685
2023-12-25 12:00:00,0.0,153912.82158333328,0.0
2023-12-25 13:00:00,0.0,145403.89884999994,5632.041333333333
2023-12-25 14:00:00,0.0,137997.99848333327,8822.53566666667
2023-12-25 15:00:00,0.0,138016.93859999994,11442.423333333343
2023-12-25 16:00:00,0.0,87853.72986666665,30551.38033333336
2023-12-25 17:00:00,0.0,61756.67506666675,24531.558000000037
2023-12-25 18:00:00,1433.8120000000017,61914.92275000008,607.1720000000015
2023-12-25 19:00:00,1673.780000000001,49409.118633333375,9830.915333333356
2023-12-25 20:00:00,0.0,44496.00718333338,10141.25933333336
2023-12-25 21:00:00,0.0,32145.174266666712,0.0
2023-12-25 22:00:00,0.0,15176.689166666682,0.0
2023-12-25 23:00:00,0.0,5003.736766666668,0.0
2023-12-26 00:00:00,0.0,2357.612766666666,0.0
2023-12-26 01:00:00,0.0,6167.596883333338,0.0
2023-12-26 02:00:00,0.0,9627.573816666676,0.0
2023-12-26 03:00:00,0.0,10545.068666666675,0.0
2023-12-26 04:00:00,0.0,11873.56915000001,0.0
2023-12-26 05:00:00,0.0,17153.215450000018,467.672000000001
2023-12-26 06:00:00,1568.794000000002,33175.59360000006,10187.997333333355
2023-12-26 07:00:00,1516.3010000000022,32010.22875000005,38144.83733333339
2023-12-26 08:00:00,0.0,35609.80250000001,35916.93833333337
2023-12-26 09:00:00,0.0,62351.136049999994,14652.42266666669
2023-12-26 10:00:00,8.284000000000006,81000.30559999998,17706.638166666715
2023-12-26 11:00:00,8.257000000000005,96220.9336,14237.279000000022
2023-12-26 12:00:00,0.0,131486.35236666663,0.0
2023-12-26 13:00:00,0.0,150587.67318333325,7853.11966666667
2023-12-26 14:00:00,0.0,145974.0863166666,9492.46466666667
2023-12-26 15:00:00,0.0,137575.5968166666,8463.081666666672
2023-12-26 16:00:00,0.0,100017.28484999998,32477.38300000003
2023-12-26 17:00:00,0.0,59118.48156666675,20624.91700000003
2023-12-26 18:00:00,1433.8120000000024,60095.98666666675,575.3040000000011
2023-12-26 19:00:00,1576.2930000000026,48056.91168333337,10772.775666666692
2023-12-26 20:00:00,0.0,45055.1971666667,10386.112333333363
2023-12-26 21:00:00,0.0,34470.76551666671,0.0
2023-12-26 22:00:00,0.0,14247.537183333347,0.0
2023-12-26 23:00:00,0.0,5351.562550000003,0.0
2023-12-27 00:00:00,0.0,2440.1142000000004,0.0
2023-12-27 01:00:00,0.0,5915.098566666673,0.0
2023-12-27 02:00:00,0.0,8615.080566666675,0.0
2023-12-27 03:00:00,0.0,11150.815566666672,0.0
2023-12-27 04:00:00,0.0,13040.083466666672,0.0
2023-12-27 05:00:00,0.0,17390.82985000001,413.23600000000096
2023-12-27 06:00:00,1508.8020000000024,33200.687483333386,10330.275000000023
2023-12-27 07:00:00,1606.2890000000014,36423.89893333338,36341.60800000006
2023-12-27 08:00:00,0.0,39698.36785000001,18301.565000000035
2023-12-27 09:00:00,0.0,64149.73203333332,17832.659833333364
2023-12-27 10:00:00,8.270000000000007,80846.21964999998,17986.38750000004
2023-12-27 11:00:00,8.271000000000006,114166.2448333333,12456.39083333336
2023-12-27 12:00:00,0.0,138627.91624999992,0.0
2023-12-27 13:00:00,0.0,150306.1629499999,6646.601000000002
2023-12-27 14:00:00,0.0,136545.16533333328,10833.842666666675
2023-12-27 15:00:00,0.0,129616.35206666663,8194.761333333332
2023-12-27 16:00:00,0.0,90863.22981666666,39467.87833333336
2023-12-27 17:00:00,0.0,53003.564033333416,29978.162333333363
2023-12-27 18:00:00,1606.2890000000027,61037.21985000009,593.2840000000008
2023-12-27 19:00:00,1373.8200000000013,48993.03560000004,9635.688000000027
2023-12-27 20:00:00,0.0,44503.817516666706,10805.86033333336
2023-12-27 21:00:00,0.0,32843.05080000004,0.0
2023-12-27 22:00:00,0.0,13440.083616666681,0.0
2023-12-27 23:00:00,0.0,3589.0780333333346,0.0
2023-12-28 00:00:00,0.0,1957.6155,0.0
2023-12-28 01:00:00,0.0,6130.097133333341,0.0
2023-12-28 02:00:00,0.0,8415.081900000008,0.0
2023-12-28 03:00:00,0.0,11245.063616666672,0.0
2023-12-28 04:00:00,0.0,11996.542733333341,0.0
2023-12-28 05:00:00,0.0,16207.383233333352,484.4120000000005
2023-12-28 06:00:00,1733.7720000000027,31614.48121666673,10492.6126666667
2023-12-28 07:00:00,1336.3250000000016,33119.57100000005,36345.738000000056
2023-12-28 08:00:00,0.0,37200.525333333346,39988.05300000003
2023-12-28 09:00:00,0.0,70790.54304999998,17456.328000000038
2023-12-28 10:00:00,8.263000000000007,80363.55471666662,15214.504333333365
2023-12-28 11:00:00,8.278000000000006,104072.5747833333,10807.66350000002
2023-12-28 12:00:00,0.0,139279.9255666666,0.0
2023-12-28 13:00:00,0.0,139218.4881833333,6755.598000000002
2023-12-28 14:00:00,0.0,139663.3201166666,8121.785333333336
2023-12-28 15:00:00,0.0,137071.94234999994,11772.576000000012
2023-12-28 16:00:00,0.0,96133.45178333331,29177.841666666696
2023-12-28 17:00:00,0.0,59847.45820000009,23177.0186666667
2023-12-28 18:00:00,1441.311000000002,59097.59635000008,592.2920000000014
2023-12-28 19:00:00,1583.7920000000029,49377.2791666667,10334.35366666669
2023-12-28 20:00:00,0.0,45981.56575000004,10132.931000000028
2023-12-28 21:00:00,0.0,33266.37270000004,0.0
2023-12-28 22:00:00,0.0,13059.070316666679,0.0
2023-12-28 23:00:00,0.0,4302.658833333335,0.0
2023-12-29 00:00:00,0.0,2107.612333333334,0.0
2023-12-29 01:00:00,0.0,6570.094200000005,0.0
2023-12-29 02:00:00,0.0,7840.085733333341,0.0
2023-12-29 03:00:00,0.0,9525.57610000001,0.0
2023-12-29 04:00:00,0.0,11295.220116666673,0.0
2023-12-29 05:00:00,0.0,18670.939800000015,460.48000000000127
2023-12-29 06:00:00,1478.8060000000007,33284.423916666725,10428.777000000027
2023-12-29 07:00:00,1598.7900000000018,34975.538083333384,27721.61566666673
2023-12-29 08:00:00,0.0,47414.983000000015,37818.81733333337
2023-12-29 09:00:00,0.0,47347.70815000001,18282.610666666696
2023-12-29 10:00:00,8.264000000000005,79465.22375,17230.68333333337
2023-12-29 11:00:00,8.277000000000006,117289.15536666663,13000.114833333357
2023-12-29 12:00:00,0.0,144329.91948333327,0.0
2023-12-29 13:00:00,0.0,162044.15911666662,8380.56966666667
2023-12-29 14:00:00,0.0,135958.65928333325,8242.755333333334
2023-12-29 15:00:00,0.0,121616.69853333329,9441.654333333341
2023-12-29 16:00:00,0.0,88007.83826666666,38565.62700000002
2023-12-29 17:00:00,0.0,59737.54551666676,23332.964000000025
2023-12-29 18:00:00,1501.3030000000022,58688.03668333341,564.6400000000017
2023-12-29 19:00:00,1516.301000000002,47027.84223333337,10269.00966666669
2023-12-29 20:00:00,0.0,44855.62351666671,9733.171000000033
2023-12-29 21:00:00,0.0,33080.500200000046,0.0
2023-12-29 22:00:00,0.0,14468.75488333335,0.0
2023-12-29 23:00:00,0.0,4908.567000000001,0.0
2023-12-30 00:00:00,0.0,2117.6159666666663,0.0
2023-12-30 01:00:00,0.0,6370.095533333338,0.0
2023-12-30 02:00:00,0.0,9095.077366666672,0.0
2023-12-30 03:00:00,0.0,11290.063850000006,0.0
2023-12-30 04:00:00,0.0,11463.777716666675,0.0
2023-12-30 05:00:00,0.0,17785.17291666668,410.7560000000006
2023-12-30 06:00:00,1598.7900000000031,32189.48338333339,11064.95433333336
2023-12-30 07:00:00,1418.8140000000026,37545.143250000045,32869.695333333395
2023-12-30 08:00:00,0.0,42095.34171666668,39989.368000000046
2023-12-30 09:00:00,0.0,51145.62533333333,17249.15150000003
2023-12-30 10:00:00,8.275000000000006,82291.03119999995,15193.97433333337
2023-12-30 11:00:00,8.266000000000005,104429.07836666664,14296.866500000026
2023-12-30 12:00:00,0.0,142068.3421166666,0.0
2023-12-30 13:00:00,0.0,143250.49226666658,7319.346333333333
2023-12-30 14:00:00,0.0,134909.3211666666,11069.26966666667
2023-12-30 15:00:00,0.0,131916.52633333326,7488.499999999998
2023-12-30 16:00:00,0.0,102422.6912333333,34657.08000000003
2023-12-30 17:00:00,0.0,59310.20363333342,24594.541333333364
2023-12-30 18:00:00,1531.2990000000007,56676.505850000074,584.9760000000014
2023-12-30 19:00:00,1546.2970000000023,48353.99745000004,10202.716000000022
2023-12-30 20:00:00,0.0,43835.36470000004,9759.821666666694
2023-12-30 21:00:00,0.0,33994.10756666671,0.0
2023-12-30 22:00:00,0.0,15335.472866666678,0.0
2023-12-30 23:00:00,0.0,5200.980783333335,0.0
2023-12-31 00:00:00,0.0,0.0,0.0
2023-12-31 01:00:00,0.0,0.0,0.0
2023-12-31 02:00:00,0.0,0.0,0.0
2023-12-31 03:00:00,0.0,0.0,0.0
2023-12-31 04:00:00,0.0,234.6162666666664,0.0
2023-12-31 05:00:00,0.0,5650.28315000001,442.8720000000005
2023-12-31 06:00:00,1486.3050000000032,18434.594550000056,9364.366000000029
2023-12-31 07:00:00,1651.2830000000015,13435.299750000044,36268.52966666673
2023-12-31 08:00:00,0.0,2013.9137666666636,34132.84333333337
2023-12-31 09:00:00,0.0,607.110416666664,13561.04433333336
2023-12-31 10:00:00,8.276000000000005,614.105166666664,17009.823333333374
2023-12-31 11:00:00,8.265000000000006,634.0976999999968,12905.234833333356
2023-12-31 12:00:00,0.0,603.3487499999973,0.0
2023-12-31 13:00:00,0.0,680.2613499999964,8471.375000000005
2023-12-31 14:00:00,0.0,696.258749999996,11500.092000000008
2023-12-31 15:00:00,0.0,560.10778333333,8947.669333333335
2023-12-31 16:00:00,0.0,3297.814633333329,35507.7556666667
2023-12-31 17:00:00,0.0,33388.53215000008,25645.248666666703
2023-12-31 18:00:00,1523.8000000000034,43687.815750000074,633.5840000000007
2023-12-31 19:00:00,1433.8120000000024,33840.305450000036,10440.025333333357
2023-12-31 20:00:00,0.0,31536.483783333366,10699.257666666696
2023-12-31 21:00:00,0.0,21941.535366666703,0.0
2023-12-31 22:00:00,0.0,5390.3717500000075,0.0
2023-12-31 23:00:00,0.0,433.97231666666613,0.0
