datetime,drinking_water,electrical_appliances,service_water
2023-01-01 00:00:00,0.0,0.0,0.0
2023-01-01 01:00:00,0.0,0.0,0.0
2023-01-01 02:00:00,0.0,0.0,0.0
2023-01-01 03:00:00,0.0,0.0,0.0
2023-01-01 04:00:00,0.0,0.25848143333333307,0.0
2023-01-01 05:00:00,0.0,4.472042683333341,0.481436000000001
2023-01-01 06:00:00,1.5837920000000008,18.22507505000005,10.119288666666693
2023-01-01 07:00:00,1.478806000000001,15.544359750000043,37.855169666666725
2023-01-01 08:00:00,0.0,1.8188459499999967,39.52674933333337
2023-01-01 09:00:00,0.0,0.6381031999999961,11.96062000000002
2023-01-01 10:00:00,0.008268000000000006,0.6153540666666633,19.365172333333376
2023-01-01 11:00:00,0.008273000000000006,0.6396024666666633,12.439942833333355
2023-01-01 12:00:00,0.0,0.645771099999997,0.0
2023-01-01 13:00:00,0.0,0.74293118333333,8.112439000000007
2023-01-01 14:00:00,0.0,0.6665219833333292,8.104406
2023-01-01 15:00:00,0.0,0.6172770666666627,11.675758666666672
2023-01-01 16:00:00,0.0,2.766794616666662,20.01485733333336
2023-01-01 17:00:00,0.0,33.408248666666736,30.486020000000035
2023-01-01 18:00:00,1.5837919999999996,45.49705011666675,0.6152320000000004
2023-01-01 19:00:00,1.4488100000000033,35.6410200166667,9.65149333333336
2023-01-01 20:00:00,0.0,32.63168768333337,10.52602833333336
2023-01-01 21:00:00,0.0,22.451344683333375,0.0
2023-01-01 22:00:00,0.0,5.417554250000008,0.0
2023-01-01 23:00:00,0.0,0.4453791499999997,0.0
2023-01-02 00:00:00,0.0,2.1801127999999994,0.0
2023-01-02 01:00:00,0.0,5.687600083333338,0.0
2023-01-02 02:00:00,0.0,7.82508583333334,0.0
2023-01-02 03:00:00,0.0,9.89507238333334,0.0
2023-01-02 04:00:00,0.0,11.148788550000008,0.0
2023-01-02 05:00:00,0.0,17.19951806666668,0.431092000000001
2023-01-02 06:00:00,1.6062890000000014,31.738631700000063,10.16744500000003
2023-01-02 07:00:00,1.403816000000004,28.79806030000005,35.296066333333386
2023-01-02 08:00:00,0.0,38.24816503333335,33.414503666666704
2023-01-02 09:00:00,0.0,63.37144793333333,12.038393833333354
2023-01-02 10:00:00,0.008267000000000007,76.96271286666662,17.984304833333372
2023-01-02 11:00:00,0.008274000000000007,95.87840971666665,14.29623633333336
2023-01-02 12:00:00,0.0,139.82223373333326,0.0
2023-01-02 13:00:00,0.0,157.52723966666662,7.833787333333333
2023-01-02 14:00:00,0.0,150.12266848333323,12.597475000000012
2023-01-02 15:00:00,0.0,138.28334955,8.694863000000002
2023-01-02 16:00:00,0.0,98.92084226666664,33.9226196666667
2023-01-02 17:00:00,0.0,56.150200650000095,26.143141333333368
2023-01-02 18:00:00,1.493804000000002,62.44256683333343,0.610148000000001
2023-01-02 19:00:00,1.5912910000000016,49.9128522166667,9.940543666666693
2023-01-02 20:00:00,0.0,46.126844050000045,10.397772000000026
2023-01-02 21:00:00,0.0,35.845912216666704,0.0
2023-01-02 22:00:00,0.0,14.586590950000016,0.0
2023-01-02 23:00:00,0.0,4.585899333333336,0.0
2023-01-03 00:00:00,0.0,2.730113066666668,0.0
2023-01-03 01:00:00,0.0,6.975091500000006,0.0
2023-01-03 02:00:00,0.0,9.252576316666676,0.0
2023-01-03 03:00:00,0.0,10.498068583333339,0.0
2023-01-03 04:00:00,0.0,11.293734683333339,0.0
2023-01-03 05:00:00,0.0,18.69757903333335,0.4940840000000008
2023-01-03 06:00:00,1.4038160000000033,30.134364883333397,9.854690000000025
2023-01-03 07:00:00,1.516301000000002,28.00076793333338,23.850634000000067
2023-01-03 08:00:00,0.0,37.31563928333334,38.60024800000002
2023-01-03 09:00:00,0.0,62.36276493333333,14.428978666666698
2023-01-03 10:00:00,0.008266000000000006,68.09030293333332,17.897419333333374
2023-01-03 11:00:00,0.008275000000000006,110.1045823833333,15.64525250000003
2023-01-03 12:00:00,0.0,146.7968290666666,0.0
2023-01-03 13:00:00,0.0,155.45198548333326,7.028220666666667
2023-01-03 14:00:00,0.0,144.99708426666658,7.479481999999999
2023-01-03 15:00:00,0.0,139.1124309166666,11.07060000000001
2023-01-03 16:00:00,0.0,93.24795411666668,43.77720033333337
2023-01-03 17:00:00,0.0,55.865051266666754,24.742338666666697
2023-01-03 18:00:00,1.5537960000000022,62.48687803333342,0.6282520000000008
2023-01-03 19:00:00,1.6212870000000017,49.37360923333338,10.202990000000028
2023-01-03 20:00:00,0.0,48.038916566666714,10.850833333333355
2023-01-03 21:00:00,0.0,35.82469626666671,0.0
2023-01-03 22:00:00,0.0,15.486945300000018,0.0
2023-01-03 23:00:00,0.0,5.790484883333336,0.0
2023-01-04 00:00:00,0.0,2.7501129166666685,0.0
2023-01-04 01:00:00,0.0,6.910091933333341,0.0
2023-01-04 02:00:00,0.0,9.392575383333336,0.0
2023-01-04 03:00:00,0.0,10.417568666666671,0.0
2023-01-04 04:00:00,0.0,10.83529673333334,0.0
2023-01-04 05:00:00,0.0,16.90296688333335,0.46593600000000096
2023-01-04 06:00:00,1.5612950000000019,30.860277983333397,10.159353333333364
2023-01-04 07:00:00,1.4338120000000014,33.57887076666672,33.01827166666673
2023-01-04 08:00:00,0.0,41.508202783333346,37.75542600000004
2023-01-04 09:00:00,0.0,62.23436723333333,14.302239000000023
2023-01-04 10:00:00,0.008273000000000006,74.79996839999998,14.406174333333363
2023-01-04 11:00:00,0.008268000000000006,93.57932706666668,15.226026666666693
2023-01-04 12:00:00,0.0,135.4815738666666,0.0
2023-01-04 13:00:00,0.0,151.8080405666666,6.069308666666666
2023-01-04 14:00:00,0.0,147.74023669999994,8.412254333333339
2023-01-04 15:00:00,0.0,148.0908498666666,8.777997666666666
2023-01-04 16:00:00,0.0,95.43154866666664,36.327121666666706
2023-01-04 17:00:00,0.0,61.069041766666764,26.21734600000003
2023-01-04 18:00:00,1.5912910000000018,57.79167646666675,0.5900600000000008
2023-01-04 19:00:00,1.508802000000002,49.979870683333374,10.526327333333358
2023-01-04 20:00:00,0.0,46.66944106666671,10.051313333333365
2023-01-04 21:00:00,0.0,34.619576850000044,0.0
2023-01-04 22:00:00,0.0,14.951797200000021,0.0
2023-01-04 23:00:00,0.0,4.791569166666671,0.0
2023-01-05 00:00:00,0.0,2.5251135666666658,0.0
2023-01-05 01:00:00,0.0,6.0650975666666715,0.0
2023-01-05 02:00:00,0.0,8.280082800000004,0.0
2023-01-05 03:00:00,0.0,9.792573033333337,0.0
2023-01-05 04:00:00,0.0,11.20344481666667,0.0
2023-01-05 05:00:00,0.0,16.874343100000015,0.4949520000000005
2023-01-05 06:00:00,1.4863050000000038,31.20168191666673,10.513461000000028
2023-01-05 07:00:00,1.5312990000000024,32.29220971666672,41.34197733333339
2023-01-05 08:00:00,0.0,41.15823031666668,26.33499800000003
2023-01-05 09:00:00,0.0,64.62329523333334,15.160337500000024
2023-01-05 10:00:00,0.008275000000000006,70.47154441666666,14.084598333333362
2023-01-05 11:00:00,0.008266000000000006,103.47607191666664,12.73621250000002
2023-01-05 12:00:00,0.0,136.4760943666666,0.0
2023-01-05 13:00:00,0.0,156.9158199333333,6.372441333333336
2023-01-05 14:00:00,0.0,148.7534230833333,8.473585666666674
2023-01-05 15:00:00,0.0,135.87244309999994,11.216792666666676
2023-01-05 16:00:00,0.0,96.74058864999998,33.7740006666667
2023-01-05 17:00:00,0.0,64.42803146666677,32.06022000000003
2023-01-05 18:00:00,1.411315000000002,58.807182566666754,0.6309800000000011
2023-01-05 19:00:00,1.6662810000000003,48.182053600000046,10.577326333333355
2023-01-05 20:00:00,0.0,44.884037550000045,9.69152933333336
2023-01-05 21:00:00,0.0,34.51073783333339,0.0
2023-01-05 22:00:00,0.0,15.40778318333335,0.0
2023-01-05 23:00:00,0.0,4.859900000000003,0.0
2023-01-06 00:00:00,0.0,1.867618033333333,0.0
2023-01-06 01:00:00,0.0,4.872605516666671,0.0
2023-01-06 02:00:00,0.0,8.26758288333334,0.0
2023-01-06 03:00:00,0.0,9.792573250000009,0.0
2023-01-06 04:00:00,0.0,11.832126866666673,0.0
2023-01-06 05:00:00,0.0,18.29175430000002,0.44659200000000054
2023-01-06 06:00:00,1.4188140000000027,33.708871283333394,10.105121000000029
2023-01-06 07:00:00,1.4338120000000014,35.14898126666672,33.282350000000065
2023-01-06 08:00:00,0.0,45.94694410000002,32.043796666666694
2023-01-06 09:00:00,0.0,58.266001049999986,15.025230000000024
2023-01-06 10:00:00,0.008260000000000005,82.06296544999998,18.839996333333378
2023-01-06 11:00:00,0.008281000000000005,113.57074161666664,16.970684333333367
2023-01-06 12:00:00,0.0,147.09108204999993,0.0
2023-01-06 13:00:00,0.0,152.89889228333325,6.2711320000000015
2023-01-06 14:00:00,0.0,140.1058291166666,9.324797000000004
2023-01-06 15:00:00,0.0,127.85368443333329,8.602900000000005
2023-01-06 16:00:00,0.0,89.92696898333332,35.217002666666694
2023-01-06 17:00:00,0.0,56.492705750000084,28.49341933333336
2023-01-06 18:00:00,1.6062890000000016,60.083894216666764,0.7095959999999999
2023-01-06 19:00:00,1.6362850000000027,50.30284143333337,10.645337333333359
2023-01-06 20:00:00,0.0,45.848428783333375,10.595986333333355
2023-01-06 21:00:00,0.0,35.506660150000044,0.0
2023-01-06 22:00:00,0.0,14.363985783333348,0.0
2023-01-06 23:00:00,0.0,4.5349052000000025,0.0
2023-01-07 00:00:00,0.0,2.4026129000000003,0.0
2023-01-07 01:00:00,0.0,6.735093100000003,0.0
2023-01-07 02:00:00,0.0,9.822572516666673,0.0
2023-01-07 03:00:00,0.0,10.127571000000003,0.0
2023-01-07 04:00:00,0.0,12.113163500000006,0.0
2023-01-07 05:00:00,0.0,19.21242923333335,0.4308440000000006
2023-01-07 06:00:00,1.5537960000000024,30.95311921666672,10.343121000000028
2023-01-07 07:00:00,1.5612950000000037,36.51101848333338,40.640843333333386
2023-01-07 08:00:00,0.0,50.441683216666675,38.563154333333365
2023-01-07 09:00:00,0.0,66.4606112333333,14.356189166666697
2023-01-07 10:00:00,0.008266000000000006,82.51161866666664,14.49735800000003
2023-01-07 11:00:00,0.008275000000000006,100.17207946666663,14.05811533333336
2023-01-07 12:00:00,0.0,126.81568533333328,0.0
2023-01-07 13:00:00,0.0,148.4152479833333,8.612402000000005
2023-01-07 14:00:00,0.0,143.63350754999996,10.898508333333341
2023-01-07 15:00:00,0.0,136.6992931666666,9.405961666666672
2023-01-07 16:00:00,0.0,95.96223706666665,21.685025000000024
2023-01-07 17:00:00,0.0,57.531868516666755,28.54526800000004
2023-01-07 18:00:00,1.5987900000000004,61.212822233333426,0.576668000000002
2023-01-07 19:00:00,1.3813190000000029,49.39006825000005,9.967927333333362
2023-01-07 20:00:00,0.0,45.31355993333337,9.596586333333367
2023-01-07 21:00:00,0.0,34.214361400000044,0.0
2023-01-07 22:00:00,0.0,14.863267066666683,0.0
2023-01-07 23:00:00,0.0,5.04823111666667,0.0
2023-01-08 00:00:00,0.0,0.0,0.0
2023-01-08 01:00:00,0.0,0.0,0.0
2023-01-08 02:00:00,0.0,0.0,0.0
2023-01-08 03:00:00,0.0,0.0,0.0
2023-01-08 04:00:00,0.0,0.22116016666666644,0.0
2023-01-08 05:00:00,0.0,6.091421350000012,0.4196840000000007
2023-01-08 06:00:00,1.463808000000002,16.77144966666672,9.842530666666692
2023-01-08 07:00:00,1.5013030000000034,16.313076116666718,50.314953666666725
2023-01-08 08:00:00,0.0,1.6816666666666642,37.78317533333337
2023-01-08 09:00:00,0.0,0.6132472333333292,18.479940500000037
2023-01-08 10:00:00,0.008263000000000005,0.6681872999999959,15.769097000000036
2023-01-08 11:00:00,0.008278000000000006,0.7874263499999963,12.245115333333358
2023-01-08 12:00:00,0.0,0.7237672499999964,0.0
2023-01-08 13:00:00,0.0,0.7256876166666629,5.514181999999996
2023-01-08 14:00:00,0.0,0.6242762166666633,9.966721
2023-01-08 15:00:00,0.0,0.6099417833333298,9.292005666666675
2023-01-08 16:00:00,0.0,3.308075816666664,25.624653666666692
2023-01-08 17:00:00,0.0,31.719845816666744,19.440692000000038
2023-01-08 18:00:00,1.6437840000000026,46.19053836666675,0.6422640000000006
2023-01-08 19:00:00,1.4863050000000022,35.161602416666696,9.73997900000003
2023-01-08 20:00:00,0.0,33.651953366666696,10.91079733333336
2023-01-08 21:00:00,0.0,23.17653870000004,0.0
2023-01-08 22:00:00,0.0,5.997933866666675,0.0
2023-01-08 23:00:00,0.0,0.4396357833333328,0.0
2023-01-09 00:00:00,0.0,2.2726118499999997,0.0
2023-01-09 01:00:00,0.0,7.052590983333341,0.0
2023-01-09 02:00:00,0.0,9.392575383333343,0.0
2023-01-09 03:00:00,0.0,10.315070133333341,0.0
2023-01-09 04:00:00,0.0,11.056772466666672,0.0
2023-01-09 05:00:00,0.0,16.499834850000013,0.5374840000000005
2023-01-09 06:00:00,1.643784000000003,28.928652916666724,9.904073333333356
2023-01-09 07:00:00,1.5912910000000011,33.62569156666671,35.99838466666672
2023-01-09 08:00:00,0.0,45.57974365,37.472523000000045
2023-01-09 09:00:00,0.0,56.15133351666667,14.213123500000028
2023-01-09 10:00:00,0.008270000000000005,69.14974723333333,17.74022550000004
2023-01-09 11:00:00,0.008271000000000006,114.6028257,13.924026500000027
2023-01-09 12:00:00,0.0,139.8638117833333,0.0
2023-01-09 13:00:00,0.0,146.15056414999992,7.033887333333337
2023-01-09 14:00:00,0.0,156.53456824999992,7.340855333333336
2023-01-09 15:00:00,0.0,131.34834373333328,8.211087666666666
2023-01-09 16:00:00,0.0,88.93191146666666,34.39629500000003
2023-01-09 17:00:00,0.0,58.68372181666676,23.560347000000032
2023-01-09 18:00:00,1.3963170000000042,61.389387166666765,0.6092800000000016
2023-01-09 19:00:00,1.463808000000001,49.55492133333337,10.156207000000027
2023-01-09 20:00:00,0.0,45.50680848333338,10.291169333333366
2023-01-09 21:00:00,0.0,34.03466576666672,0.0
2023-01-09 22:00:00,0.0,14.36452001666668,0.0
2023-01-09 23:00:00,0.0,5.569897733333337,0.0
2023-01-10 00:00:00,0.0,2.637609950000001,0.0
2023-01-10 01:00:00,0.0,6.712593250000006,0.0
2023-01-10 02:00:00,0.0,8.97257818333334,0.0
2023-01-10 03:00:00,0.0,9.760073666666674,0.0
2023-01-10 04:00:00,0.0,10.148478700000004,0.0
2023-01-10 05:00:00,0.0,14.645236566666675,0.4556440000000004
2023-01-10 06:00:00,1.658782000000002,31.497901816666722,10.519724000000027
2023-01-10 07:00:00,1.4188140000000007,32.34043941666671,31.56372533333339
2023-01-10 08:00:00,0.0,32.211667333333345,40.55518833333337
2023-01-10 09:00:00,0.0,64.45770861666665,13.539432500000025
2023-01-10 10:00:00,0.008293000000000007,85.02470553333333,16.201342000000036
2023-01-10 11:00:00,0.008248000000000007,114.5655822333333,12.883826166666692
2023-01-10 12:00:00,0.0,124.06259959999996,0.0
2023-01-10 13:00:00,0.0,140.83806928333328,7.213027
2023-01-10 14:00:00,0.0,137.0222577999999,11.972706666666676
2023-01-10 15:00:00,0.0,139.5440140999999,10.922021333333344
2023-01-10 16:00:00,0.0,104.34016381666663,40.826659666666686
2023-01-10 17:00:00,0.0,65.76527095000007,13.25165833333336
2023-01-10 18:00:00,1.531299000000003,60.81178921666675,0.6723960000000007
2023-01-10 19:00:00,1.4863050000000022,50.22597931666671,9.769465000000025
2023-01-10 20:00:00,0.0,46.70572465000004,10.009671666666696
2023-01-10 21:00:00,0.0,35.559532716666716,0.0
2023-01-10 22:00:00,0.0,13.917684733333349,0.0
2023-01-10 23:00:00,0.0,4.2432386000000015,0.0
2023-01-11 00:00:00,0.0,3.067610966666667,0.0
2023-01-11 01:00:00,0.0,7.455088300000008,0.0
2023-01-11 02:00:00,0.0,10.28256945000001,0.0
2023-01-11 03:00:00,0.0,9.935072983333344,0.0
2023-01-11 04:00:00,0.0,11.842232800000009,0.0
2023-01-11 05:00:00,0.0,18.188873850000014,0.4694080000000005
2023-01-11 06:00:00,1.501303000000002,31.369798083333396,9.65326666666669
2023-01-11 07:00:00,1.388818000000002,35.092326533333384,41.533513333333396
2023-01-11 08:00:00,0.0,43.06548823333335,36.067890666666706
2023-01-11 09:00:00,0.0,62.25432224999998,12.514049333333352
2023-01-11 10:00:00,0.008263000000000006,73.56915209999997,19.359103500000042
2023-01-11 11:00:00,0.008278000000000006,96.4491753333333,13.824213500000024
2023-01-11 12:00:00,0.0,134.9838393499999,0.0
2023-01-11 13:00:00,0.0,144.64925518333325,7.129753666666674
2023-01-11 14:00:00,0.0,153.48190304999997,8.083916000000002
2023-01-11 15:00:00,0.0,141.64776081666662,8.485386000000002
2023-01-11 16:00:00,0.0,95.94724258333332,27.997097666666704
2023-01-11 17:00:00,0.0,60.17661096666676,31.952742000000036
2023-01-11 18:00:00,1.5762930000000037,60.93153728333342,0.6342040000000005
2023-01-11 19:00:00,1.6287860000000032,50.20937708333337,9.584935000000028
2023-01-11 20:00:00,0.0,45.730421900000046,10.64595633333336
2023-01-11 21:00:00,0.0,34.64736038333338,0.0
2023-01-11 22:00:00,0.0,15.711119016666682,0.0
2023-01-11 23:00:00,0.0,5.377904700000003,0.0
2023-01-12 00:00:00,0.0,2.530112683333334,0.0
2023-01-12 01:00:00,0.0,6.427595150000004,0.0
2023-01-12 02:00:00,0.0,9.322575850000005,0.0
2023-01-12 03:00:00,0.0,10.707567066666673,0.0
2023-01-12 04:00:00,0.0,12.13183633333334,0.0
2023-01-12 05:00:00,0.0,16.771568916666677,0.4379120000000008
2023-01-12 06:00:00,1.4863050000000029,28.923710600000057,10.64845433333336
2023-01-12 07:00:00,1.5987900000000017,31.581713500000053,42.22938833333339
2023-01-12 08:00:00,0.0,43.93666303333335,38.97562333333337
2023-01-12 09:00:00,0.0,65.0615473,13.89303116666669
2023-01-12 10:00:00,0.008263000000000006,69.04355251666667,17.146068833333374
2023-01-12 11:00:00,0.008278000000000006,96.83117715,16.826576833333363
2023-01-12 12:00:00,0.0,122.46966866666662,0.0
2023-01-12 13:00:00,0.0,147.04931079999992,5.1411133333333385
2023-01-12 14:00:00,0.0,150.26632864999993,8.675046666666672
2023-01-12 15:00:00,0.0,149.56000941666662,10.301020333333335
2023-01-12 16:00:00,0.0,94.42960403333333,21.672749666666704
2023-01-12 17:00:00,0.0,59.80645728333342,25.636737666666697
2023-01-12 18:00:00,1.433812000000002,60.511209233333425,0.6255240000000006
2023-01-12 19:00:00,1.5762930000000017,49.94014226666671,10.657141333333357
2023-01-12 20:00:00,0.0,45.258860900000045,9.844770666666697
2023-01-12 21:00:00,0.0,34.94438033333337,0.0
2023-01-12 22:00:00,0.0,14.507076783333348,0.0
2023-01-12 23:00:00,0.0,5.238062216666671,0.0
2023-01-13 00:00:00,0.0,2.3926121833333336,0.0
2023-01-13 01:00:00,0.0,6.342595716666672,0.0
2023-01-13 02:00:00,0.0,8.35758228333334,0.0
2023-01-13 03:00:00,0.0,10.45006961666667,0.0
2023-01-13 04:00:00,0.0,12.60381348333334,0.0
2023-01-13 05:00:00,0.0,17.744043050000016,0.45626399999999984
2023-01-13 06:00:00,1.478806000000001,33.359872833333384,10.418133333333365
2023-01-13 07:00:00,1.5987900000000022,34.31592903333338,36.15165566666672
2023-01-13 08:00:00,0.0,35.89444410000001,40.317706000000044
2023-01-13 09:00:00,0.0,60.48157115000001,14.695025666666691
2023-01-13 10:00:00,0.008271000000000004,76.2640389,15.466424833333367
2023-01-13 11:00:00,0.008270000000000007,105.37625569999997,14.762475000000025
2023-01-13 12:00:00,0.0,140.15908901666657,0.0
2023-01-13 13:00:00,0.0,147.33965814999993,6.775587000000005
2023-01-13 14:00:00,0.0,152.43773096666658,12.613507000000013
2023-01-13 15:00:00,0.0,135.1534351666666,10.989296666666673
2023-01-13 16:00:00,0.0,93.28767974999998,25.2930866666667
2023-01-13 17:00:00,0.0,57.02814255000008,27.66818933333337
2023-01-13 18:00:00,1.5687940000000034,61.709679983333416,0.578156000000001
2023-01-13 19:00:00,1.448810000000002,49.5474865166667,9.387004000000026
2023-01-13 20:00:00,0.0,45.29113076666671,10.332811000000028
2023-01-13 21:00:00,0.0,33.322907200000046,0.0
2023-01-13 22:00:00,0.0,15.590809566666683,0.0
2023-01-13 23:00:00,0.0,5.44922751666667,0.0
2023-01-14 00:00:00,0.0,1.7301180333333344,0.0
2023-01-14 01:00:00,0.0,6.865092233333339,0.0
2023-01-14 02:00:00,0.0,9.19007673333334,0.0
2023-01-14 03:00:00,0.0,10.73506643333334,0.0
2023-01-14 04:00:00,0.0,11.861806566666672,0.0
2023-01-14 05:00:00,0.0,16.23572256666668,0.43270400000000014
2023-01-14 06:00:00,1.3963170000000018,27.07146741666672,11.065940666666693
2023-01-14 07:00:00,1.591291000000002,27.56099258333338,34.853464000000066
2023-01-14 08:00:00,0.0,34.82239525000001,39.80977366666671
2023-01-14 09:00:00,0.0,62.16800726666666,15.170036833333354
2023-01-14 10:00:00,0.008271000000000006,79.18688053333332,16.486615000000036
2023-01-14 11:00:00,0.008270000000000007,108.02782256666664,13.998479000000025
2023-01-14 12:00:00,0.0,143.53758769999988,0.0
2023-01-14 13:00:00,0.0,151.7383107499999,8.290610666666666
2023-01-14 14:00:00,0.0,145.35232674999992,10.86936266666668
2023-01-14 15:00:00,0.0,133.84843651666662,9.966582333333346
2023-01-14 16:00:00,0.0,94.69006466666666,22.857947333333353
2023-01-14 17:00:00,0.0,61.110143850000085,27.134660000000036
2023-01-14 18:00:00,1.538798000000002,65.24885856666675,0.6074200000000007
2023-01-14 19:00:00,1.5687940000000018,49.56073128333337,9.452568333333357
2023-01-14 20:00:00,0.0,45.59635336666671,9.826448333333365
2023-01-14 21:00:00,0.0,34.890402716666706,0.0
2023-01-14 22:00:00,0.0,14.52944628333335,0.0
2023-01-14 23:00:00,0.0,5.2344763000000025,0.0
2023-01-15 00:00:00,0.0,0.0,0.0
2023-01-15 01:00:00,0.0,0.0,0.0
2023-01-15 02:00:00,0.0,0.0,0.0
2023-01-15 03:00:00,0.0,0.0,0.0
2023-01-15 04:00:00,0.0,0.24134423333333307,0.0
2023-01-15 05:00:00,0.0,4.453641000000006,0.37194400000000005
2023-01-15 06:00:00,1.5387980000000014,18.74287176666672,9.90541533333337
2023-01-15 07:00:00,1.7712670000000021,13.47070185000004,45.190211333333394
2023-01-15 08:00:00,0.0,2.0110362166666667,30.893312333333363
2023-01-15 09:00:00,0.0,0.63347448333333,17.541353666666694
2023-01-15 10:00:00,0.008268000000000006,0.6804359833333296,16.109891833333368
2023-01-15 11:00:00,0.008273000000000006,0.7133525833333294,15.021136833333356
2023-01-15 12:00:00,0.0,0.6871006333333294,0.0
2023-01-15 13:00:00,0.0,0.7230095333333301,4.817128333333332
2023-01-15 14:00:00,0.0,0.7556796166666632,10.93466800000001
2023-01-15 15:00:00,0.0,0.6392761499999967,8.155629666666677
2023-01-15 16:00:00,0.0,2.884253266666665,24.002242666666703
2023-01-15 17:00:00,0.0,34.246367700000086,31.05997933333336
2023-01-15 18:00:00,1.3588220000000018,44.59028580000008,0.6221760000000013
2023-01-15 19:00:00,1.426313000000002,36.3974846666667,10.260588666666694
2023-01-15 20:00:00,0.0,32.4875562666667,10.486052333333362
2023-01-15 21:00:00,0.0,23.6333893666667,0.0
2023-01-15 22:00:00,0.0,5.987211450000009,0.0
2023-01-15 23:00:00,0.0,0.4109679499999996,0.0
2023-01-16 00:00:00,0.0,2.200116383333333,0.0
2023-01-16 01:00:00,0.0,5.887598750000004,0.0
2023-01-16 02:00:00,0.0,8.130083800000007,0.0
2023-01-16 03:00:00,0.0,10.17257098333334,0.0
2023-01-16 04:00:00,0.0,11.641635300000008,0.0
2023-01-16 05:00:00,0.0,18.353251916666682,0.4451040000000013
2023-01-16 06:00:00,1.5912910000000022,33.1600780333334,10.518595333333359
2023-01-16 07:00:00,1.5987900000000028,30.998048383333387,23.056204333333397
2023-01-16 08:00:00,0.0,42.044588283333354,19.73814500000002
2023-01-16 09:00:00,0.0,66.9106749,15.132610833333363
2023-01-16 10:00:00,0.008267000000000007,78.42188038333332,16.275304000000038
2023-01-16 11:00:00,0.008274000000000007,113.83430981666665,15.766373666666695
2023-01-16 12:00:00,0.0,133.05025349999994,0.0
2023-01-16 13:00:00,0.0,137.73049384999993,7.098898333333338
2023-01-16 14:00:00,0.0,140.19806503333325,10.735799666666672
2023-01-16 15:00:00,0.0,136.17284619999995,8.910335000000003
2023-01-16 16:00:00,0.0,100.49509039999995,41.58709933333336
2023-01-16 17:00:00,0.0,61.05671578333342,38.10602500000004
2023-01-16 18:00:00,1.5612950000000019,61.51480158333341,0.5817520000000014
2023-01-16 19:00:00,1.3438240000000017,48.73059693333338,9.715908333333356
2023-01-16 20:00:00,0.0,44.827422800000036,10.604314666666696
2023-01-16 21:00:00,0.0,33.95162710000004,0.0
2023-01-16 22:00:00,0.0,15.458831150000016,0.0
2023-01-16 23:00:00,0.0,3.673077133333335,0.0
2023-01-17 00:00:00,0.0,1.9451159333333339,0.0
2023-01-17 01:00:00,0.0,6.2800961333333385,0.0
2023-01-17 02:00:00,0.0,8.607580616666674,0.0
2023-01-17 03:00:00,0.0,11.047565000000006,0.0
2023-01-17 04:00:00,0.0,11.14691748333334,0.0
2023-01-17 05:00:00,0.0,16.96525208333335,0.4344400000000016
2023-01-17 06:00:00,1.6137880000000029,29.991907600000058,10.109981333333366
2023-01-17 07:00:00,1.4188140000000027,32.11729425000005,29.3737963333334
2023-01-17 08:00:00,0.0,35.42024396666668,24.63937166666669
2023-01-17 09:00:00,0.0,54.464222233333324,16.864865833333358
2023-01-17 10:00:00,0.008270000000000007,77.51421549999998,17.328459333333374
2023-01-17 11:00:00,0.008271000000000006,101.06184433333333,15.02427533333336
2023-01-17 12:00:00,0.0,141.5607653499999,0.0
2023-01-17 13:00:00,0.0,155.29548359999995,4.769808
2023-01-17 14:00:00,0.0,155.17716033333326,8.66551066666667
2023-01-17 15:00:00,0.0,137.22309376666664,9.145518666666671
2023-01-17 16:00:00,0.0,96.94259768333333,36.886428000000045
2023-01-17 17:00:00,0.0,57.45299843333342,38.494749000000034
2023-01-17 18:00:00,1.583792000000002,61.87093990000008,0.656648
2023-01-17 19:00:00,1.478806000000002,49.70217853333337,10.631756666666691
2023-01-17 20:00:00,0.0,46.104161633333376,10.417760000000023
2023-01-17 21:00:00,0.0,36.957187300000044,0.0
2023-01-17 22:00:00,0.0,15.66351088333335,0.0
2023-01-17 23:00:00,0.0,4.608900166666668,0.0
2023-01-18 00:00:00,0.0,3.112607433333334,0.0
2023-01-18 01:00:00,0.0,7.845085700000006,0.0
2023-01-18 02:00:00,0.0,9.140077066666672,0.0
2023-01-18 03:00:00,0.0,10.970065650000006,0.0
2023-01-18 04:00:00,0.0,12.411029150000006,0.0
2023-01-18 05:00:00,0.0,16.40930701666668,0.47337600000000074
2023-01-18 06:00:00,1.5687940000000036,30.094478566666723,10.776747666666692
2023-01-18 07:00:00,1.4038160000000017,31.454155016666718,33.205394000000055
2023-01-18 08:00:00,0.0,42.65382876666668,41.100833000000044
2023-01-18 09:00:00,0.0,58.898439599999996,15.384229500000023
2023-01-18 10:00:00,0.008277000000000007,75.82439178333331,14.682718000000035
2023-01-18 11:00:00,0.008264000000000004,112.9976741833333,13.461687666666693
2023-01-18 12:00:00,0.0,146.15242413333326,0.0
2023-01-18 13:00:00,0.0,143.20499486666662,8.21155466666667
2023-01-18 14:00:00,0.0,141.76048413333325,10.352866666666673
2023-01-18 15:00:00,0.0,141.74543289999994,10.783154000000009
2023-01-18 16:00:00,0.0,92.79512121666669,29.8011906666667
2023-01-18 17:00:00,0.0,58.73842515000009,24.785092666666692
2023-01-18 18:00:00,1.6737800000000016,60.02754708333342,0.6219280000000006
2023-01-18 19:00:00,1.4488100000000033,48.73670876666671,9.617595000000028
2023-01-18 20:00:00,0.0,45.404458533333376,10.952439000000028
2023-01-18 21:00:00,0.0,34.944636883333374,0.0
2023-01-18 22:00:00,0.0,14.649340866666684,0.0
2023-01-18 23:00:00,0.0,4.14981246666667,0.0
2023-01-19 00:00:00,0.0,2.137615,0.0
2023-01-19 01:00:00,0.0,6.847592350000007,0.0
2023-01-19 02:00:00,0.0,8.940078400000004,0.0
2023-01-19 03:00:00,0.0,11.78755968333334,0.0
2023-01-19 04:00:00,0.0,12.58169580000001,0.0
2023-01-19 05:00:00,0.0,18.739929816666685,0.4334480000000011
2023-01-19 06:00:00,1.4488100000000028,30.340975900000057,9.962394000000026
2023-01-19 07:00:00,1.4788060000000016,29.40177978333338,50.980276666666725
2023-01-19 08:00:00,0.0,32.112660416666685,28.787449333333367
2023-01-19 09:00:00,0.0,56.20453435,16.912155000000027
2023-01-19 10:00:00,0.008264000000000006,77.92612744999998,15.91398283333337
2023-01-19 11:00:00,0.008277000000000007,112.31365448333331,13.66991266666669
2023-01-19 12:00:00,0.0,149.36991326666657,0.0
2023-01-19 13:00:00,0.0,146.4655665666666,7.062549000000001
2023-01-19 14:00:00,0.0,141.69908268333327,10.880282666666671
2023-01-19 15:00:00,0.0,129.5693564166666,9.068829000000003
2023-01-19 16:00:00,0.0,102.96692634999998,23.423339666666703
2023-01-19 17:00:00,0.0,57.585107500000085,26.778144333333362
2023-01-19 18:00:00,1.6212870000000033,58.331132633333425,0.627632000000001
2023-01-19 19:00:00,1.546297000000001,48.68131090000004,9.737404666666688
2023-01-19 20:00:00,0.0,46.126347033333374,10.374452666666691
2023-01-19 21:00:00,0.0,35.43801095000004,0.0
2023-01-19 22:00:00,0.0,14.51368101666668,0.0
2023-01-19 23:00:00,0.0,4.890824750000003,0.0
2023-01-20 00:00:00,0.0,2.1826146666666664,0.0
2023-01-20 01:00:00,0.0,6.290096066666672,0.0
2023-01-20 02:00:00,0.0,10.197570016666672,0.0
2023-01-20 03:00:00,0.0,11.250063250000009,0.0
2023-01-20 04:00:00,0.0,11.415417550000006,0.0
2023-01-20 05:00:00,0.0,16.876739033333347,0.4675480000000008
2023-01-20 06:00:00,1.508802000000004,32.79778301666673,9.495539000000022
2023-01-20 07:00:00,1.5312990000000024,29.941641616666715,30.35057433333339
2023-01-20 08:00:00,0.0,34.75715516666668,42.686923666666715
2023-01-20 09:00:00,0.0,59.717102566666654,13.928413666666692
2023-01-20 10:00:00,0.008267000000000007,90.39646549999996,16.788457833333375
2023-01-20 11:00:00,0.008274000000000007,118.09174306666664,11.621834333333354
2023-01-20 12:00:00,0.0,134.28401919999996,0.0
2023-01-20 13:00:00,0.0,152.56724299999993,7.766979000000002
2023-01-20 14:00:00,0.0,137.4502484833333,13.332502666666672
2023-01-20 15:00:00,0.0,125.3333479333333,8.335253333333338
2023-01-20 16:00:00,0.0,94.57558956666666,33.382259333333366
2023-01-20 17:00:00,0.0,57.66082416666675,19.76160500000004
2023-01-20 18:00:00,1.4263130000000028,60.36343913333342,0.6143640000000008
2023-01-20 19:00:00,1.628786000000001,47.840927816666714,10.50402233333336
2023-01-20 20:00:00,0.0,45.202090550000044,10.232871000000026
2023-01-20 21:00:00,0.0,34.93971160000004,0.0
2023-01-20 22:00:00,0.0,16.21608293333335,0.0
2023-01-20 23:00:00,0.0,5.287980783333334,0.0
2023-01-21 00:00:00,0.0,2.7401111166666676,0.0
2023-01-21 01:00:00,0.0,7.667586883333336,0.0
2023-01-21 02:00:00,0.0,9.245076366666671,0.0
2023-01-21 03:00:00,0.0,10.497570183333341,0.0
2023-01-21 04:00:00,0.0,11.690554666666674,0.0
2023-01-21 05:00:00,0.0,17.37047766666668,0.49321600000000054
2023-01-21 06:00:00,1.3138280000000009,31.68860250000006,10.90872766666669
2023-01-21 07:00:00,1.591291000000003,31.506608533333385,35.79431400000005
2023-01-21 08:00:00,0.0,48.47029860000001,43.12277066666671
2023-01-21 09:00:00,0.0,63.48614336666665,15.86757633333336
2023-01-21 10:00:00,0.008273000000000006,74.53140079999999,18.436054666666706
2023-01-21 11:00:00,0.008268000000000006,100.93158043333332,13.25255516666669
2023-01-21 12:00:00,0.0,138.72825489999994,0.0
2023-01-21 13:00:00,0.0,155.93766689999993,6.5942706666666675
2023-01-21 14:00:00,0.0,156.07908359999993,8.333906
2023-01-21 15:00:00,0.0,128.44060671666662,9.839427666666676
2023-01-21 16:00:00,0.0,88.02905483333333,16.897143666666697
2023-01-21 17:00:00,0.0,60.05216633333342,26.449631666666697
2023-01-21 18:00:00,1.5837920000000032,63.727414266666756,0.6169680000000002
2023-01-21 19:00:00,1.606289000000001,49.612657666666706,9.93191933333336
2023-01-21 20:00:00,0.0,44.625614516666715,10.326148333333363
2023-01-21 21:00:00,0.0,33.000409966666716,0.0
2023-01-21 22:00:00,0.0,15.750921116666685,0.0
2023-01-21 23:00:00,0.0,5.965647900000002,0.0
2023-01-22 00:00:00,0.0,0.0,0.0
2023-01-22 01:00:00,0.0,0.0,0.0
2023-01-22 02:00:00,0.0,0.0,0.0
2023-01-22 03:00:00,0.0,0.0,0.0
2023-01-22 04:00:00,0.0,0.22647863333333315,0.0
2023-01-22 05:00:00,0.0,4.850821583333341,0.4371680000000008
2023-01-22 06:00:00,1.5762930000000006,16.582223866666723,10.423928000000021
2023-01-22 07:00:00,1.5163010000000015,16.182636050000045,30.92900200000006
2023-01-22 08:00:00,0.0,1.839418216666664,37.8522516666667
2023-01-22 09:00:00,0.0,0.6606674666666636,16.246036833333363
2023-01-22 10:00:00,0.008267000000000007,0.6019456166666638,16.227568333333373
2023-01-22 11:00:00,0.008274000000000007,0.647855449999996,12.83432716666669
2023-01-22 12:00:00,0.0,0.702017049999996,0.0
2023-01-22 13:00:00,0.0,0.6886051499999963,7.290028
2023-01-22 14:00:00,0.0,0.7050188333333303,8.410233333333338
2023-01-22 15:00:00,0.0,0.5996100999999974,9.68196966666667
2023-01-22 16:00:00,0.0,3.9769989999999997,31.29065333333336
2023-01-22 17:00:00,0.0,31.833570666666745,30.64726266666669
2023-01-22 18:00:00,1.366321000000003,45.90333275000008,0.6221760000000012
2023-01-22 19:00:00,1.6362850000000015,35.04488128333337,10.165183000000026
2023-01-22 20:00:00,0.0,33.3617442666667,10.209551666666691
2023-01-22 21:00:00,0.0,23.50258573333337,0.0
2023-01-22 22:00:00,0.0,6.031428016666676,0.0
2023-01-22 23:00:00,0.0,0.4267988499999997,0.0
2023-01-23 00:00:00,0.0,1.8601166999999985,0.0
2023-01-23 01:00:00,0.0,6.265096233333339,0.0
2023-01-23 02:00:00,0.0,9.935071766666676,0.0
2023-01-23 03:00:00,0.0,12.247557283333345,0.0
2023-01-23 04:00:00,0.0,12.909902100000005,0.0
2023-01-23 05:00:00,0.0,18.783515966666684,0.49396000000000095
2023-01-23 06:00:00,1.561295000000001,31.424435666666724,11.0189466666667
2023-01-23 07:00:00,1.5912910000000013,33.61114071666672,34.615002333333386
2023-01-23 08:00:00,0.0,41.984612783333354,38.76809766666671
2023-01-23 09:00:00,0.0,60.02244741666667,16.2914316666667
2023-01-23 10:00:00,0.008275000000000006,69.47362289999998,18.23155183333337
2023-01-23 11:00:00,0.008266000000000006,107.08523414999996,13.74817550000002
2023-01-23 12:00:00,0.0,150.1870016999999,0.0
2023-01-23 13:00:00,0.0,144.3642516166666,6.031991333333333
2023-01-23 14:00:00,0.0,146.10525571666662,8.048775333333335
2023-01-23 15:00:00,0.0,135.75610284999996,9.145501666666668
2023-01-23 16:00:00,0.0,99.19037486666663,24.224465333333367
2023-01-23 17:00:00,0.0,59.98656956666675,31.200040000000037
2023-01-23 18:00:00,1.411315000000003,60.663118500000074,0.5878280000000013
2023-01-23 19:00:00,1.5312990000000017,48.382495400000046,9.963380000000031
2023-01-23 20:00:00,0.0,44.83684616666671,9.42169133333336
2023-01-23 21:00:00,0.0,33.03917131666672,0.0
2023-01-23 22:00:00,0.0,13.672714516666684,0.0
2023-01-23 23:00:00,0.0,4.4063184500000006,0.0
2023-01-24 00:00:00,0.0,2.230114983333333,0.0
2023-01-24 01:00:00,0.0,6.387595416666673,0.0
2023-01-24 02:00:00,0.0,8.742579716666672,0.0
2023-01-24 03:00:00,0.0,10.247570350000007,0.0
2023-01-24 04:00:00,0.0,10.983068116666676,0.0
2023-01-24 05:00:00,0.0,17.405393883333353,0.41819600000000123
2023-01-24 06:00:00,1.4113150000000023,32.241450116666726,10.012223333333363
2023-01-24 07:00:00,1.4788060000000038,32.046601583333384,36.14192800000005
2023-01-24 08:00:00,0.0,37.002599183333345,26.01961233333336
2023-01-24 09:00:00,0.0,50.00338240000001,14.896973000000028
2023-01-24 10:00:00,0.008283000000000007,79.14172581666666,15.790213166666705
2023-01-24 11:00:00,0.008258000000000007,123.4554913833333,13.349267166666694
2023-01-24 12:00:00,0.0,144.65849963333324,0.0
2023-01-24 13:00:00,0.0,131.2061626833333,5.876658999999997
2023-01-24 14:00:00,0.0,139.91824761666663,10.596015333333341
2023-01-24 15:00:00,0.0,149.27125953333325,12.095352333333349
2023-01-24 16:00:00,0.0,96.88046199999998,35.57070933333336
2023-01-24 17:00:00,0.0,62.10187113333342,32.3830556666667
2023-01-24 18:00:00,1.531299000000004,60.28384595000009,0.5906800000000018
2023-01-24 19:00:00,1.6737800000000034,49.31219238333337,10.866804333333356
2023-01-24 20:00:00,0.0,46.01765223333337,10.705920333333351
2023-01-24 21:00:00,0.0,35.20952230000004,0.0
2023-01-24 22:00:00,0.0,16.945294733333352,0.0
2023-01-24 23:00:00,0.0,5.410396783333336,0.0
2023-01-25 00:00:00,0.0,2.2901152833333325,0.0
2023-01-25 01:00:00,0.0,6.3050959666666735,0.0
2023-01-25 02:00:00,0.0,8.570080866666673,0.0
2023-01-25 03:00:00,0.0,8.835079333333338,0.0
2023-01-25 04:00:00,0.0,10.54100598333334,0.0
2023-01-25 05:00:00,0.0,17.079187916666683,0.5059880000000002
2023-01-25 06:00:00,1.636285000000002,32.599928816666726,11.051580666666695
2023-01-25 07:00:00,1.5537960000000024,34.121702383333385,41.318932666666726
2023-01-25 08:00:00,0.0,34.901149083333344,27.594050333333367
2023-01-25 09:00:00,0.0,62.397853049999995,14.80866183333336
2023-01-25 10:00:00,0.008268000000000006,85.20980024999999,16.02056566666671
2023-01-25 11:00:00,0.008273000000000006,104.76034296666663,14.498216666666687
2023-01-25 12:00:00,0.0,130.71184304999994,0.0
2023-01-25 13:00:00,0.0,153.65440083333326,6.3972846666666685
2023-01-25 14:00:00,0.0,139.38149963333328,9.132976666666673
2023-01-25 15:00:00,0.0,142.39727004999992,11.55294033333334
2023-01-25 16:00:00,0.0,94.25830158333332,31.75190866666669
2023-01-25 17:00:00,0.0,57.62169491666676,28.598082666666702
2023-01-25 18:00:00,1.313828000000002,60.582942050000085,0.6674360000000005
2023-01-25 19:00:00,1.5912910000000018,49.86401740000004,9.234913666666692
2023-01-25 20:00:00,0.0,45.536006116666705,10.426088333333361
2023-01-25 21:00:00,0.0,35.12894791666672,0.0
2023-01-25 22:00:00,0.0,15.27034100000002,0.0
2023-01-25 23:00:00,0.0,5.404239383333338,0.0
2023-01-26 00:00:00,0.0,1.9276153166666663,0.0
2023-01-26 01:00:00,0.0,6.297596016666673,0.0
2023-01-26 02:00:00,0.0,9.440075066666672,0.0
2023-01-26 03:00:00,0.0,10.847567133333337,0.0
2023-01-26 04:00:00,0.0,12.432746766666668,0.0
2023-01-26 05:00:00,0.0,18.491400450000008,0.4685400000000009
2023-01-26 06:00:00,1.6137880000000009,31.534001533333388,10.658072666666698
2023-01-26 07:00:00,1.471307000000002,30.53777235000005,40.84564566666673
2023-01-26 08:00:00,0.0,31.082332683333345,36.15681166666671
2023-01-26 09:00:00,0.0,49.885609416666675,15.997410000000027
2023-01-26 10:00:00,0.008272000000000005,77.93345964999996,17.959949666666702
2023-01-26 11:00:00,0.008269000000000006,117.58031879999996,11.511226000000022
2023-01-26 12:00:00,0.0,143.5298386166666,0.0
2023-01-26 13:00:00,0.0,157.45031834999992,6.264480333333335
2023-01-26 14:00:00,0.0,148.58042249999994,8.929027666666668
2023-01-26 15:00:00,0.0,140.62127481666658,10.585338666666676
2023-01-26 16:00:00,0.0,90.00036596666666,21.1340796666667
2023-01-26 17:00:00,0.0,56.01228356666676,30.164675333333363
2023-01-26 18:00:00,1.4863050000000024,58.372235433333415,0.6358160000000007
2023-01-26 19:00:00,1.5238000000000023,48.78689351666671,10.308165666666698
2023-01-26 20:00:00,0.0,46.68007855000004,9.79146933333336
2023-01-26 21:00:00,0.0,34.71731678333338,0.0
2023-01-26 22:00:00,0.0,15.768051216666683,0.0
2023-01-26 23:00:00,0.0,5.730563400000003,0.0
2023-01-27 00:00:00,0.0,2.74011215,0.0
2023-01-27 01:00:00,0.0,6.910091933333343,0.0
2023-01-27 02:00:00,0.0,9.670073533333339,0.0
2023-01-27 03:00:00,0.0,11.105064983333339,0.0
2023-01-27 04:00:00,0.0,11.503816366666674,0.0
2023-01-27 05:00:00,0.0,16.958298866666677,0.4757320000000008
2023-01-27 06:00:00,1.591291000000002,32.58583198333339,9.645699000000024
2023-01-27 07:00:00,1.456309000000002,30.97466558333338,49.07114333333339
2023-01-27 08:00:00,0.0,31.86426063333334,28.440554666666703
2023-01-27 09:00:00,0.0,54.35662201666667,17.0096231666667
2023-01-27 10:00:00,0.008265000000000007,78.82121814999999,17.549194833333374
2023-01-27 11:00:00,0.008276000000000007,101.6743364833333,13.050104666666687
2023-01-27 12:00:00,0.0,154.93782558333328,0.0
2023-01-27 13:00:00,0.0,157.63089576666658,5.998647999999999
2023-01-27 14:00:00,0.0,146.18149899999992,8.94402366666667
2023-01-27 15:00:00,0.0,134.87618549999993,7.025197666666667
2023-01-27 16:00:00,0.0,97.2377323,25.203647333333365
2023-01-27 17:00:00,0.0,58.05916525000009,34.58717633333337
2023-01-27 18:00:00,1.486305000000001,59.64203666666675,0.612752000000001
2023-01-27 19:00:00,1.5612950000000019,50.57496928333337,10.68974033333336
2023-01-27 20:00:00,0.0,46.35585835000005,10.409431666666697
2023-01-27 21:00:00,0.0,35.176550650000046,0.0
2023-01-27 22:00:00,0.0,14.96391066666668,0.0
2023-01-27 23:00:00,0.0,4.2189084,0.0
2023-01-28 00:00:00,0.0,1.8926171666666654,0.0
2023-01-28 01:00:00,0.0,5.040104400000006,0.0
2023-01-28 02:00:00,0.0,7.820085866666673,0.0
2023-01-28 03:00:00,0.0,9.697574350000007,0.0
2023-01-28 04:00:00,0.0,12.171009183333336,0.0
2023-01-28 05:00:00,0.0,18.40621926666668,0.4682920000000008
2023-01-28 06:00:00,1.4413110000000036,31.584031916666724,10.348725000000032
2023-01-28 07:00:00,1.5537960000000024,31.95179320000005,40.34948066666673
2023-01-28 08:00:00,0.0,45.505324366666684,31.56519500000003
2023-01-28 09:00:00,0.0,75.49232784999994,19.9088466666667
2023-01-28 10:00:00,0.008271000000000006,80.01588119999998,16.15612283333337
2023-01-28 11:00:00,0.008270000000000005,105.15148033333332,13.268936500000024
2023-01-28 12:00:00,0.0,138.18775209999995,0.0
2023-01-28 13:00:00,0.0,143.52433083333327,9.156317000000005
2023-01-28 14:00:00,0.0,141.63032299999992,8.75603866666667
2023-01-28 15:00:00,0.0,138.81459218333327,8.917349000000002
2023-01-28 16:00:00,0.0,84.328016,29.572838000000026
2023-01-28 17:00:00,0.0,56.79137110000009,22.112663666666688
2023-01-28 18:00:00,1.508802000000003,62.42413363333342,0.6084120000000003
2023-01-28 19:00:00,1.591291000000003,51.09484098333337,9.594174000000024
2023-01-28 20:00:00,0.0,47.36295260000004,10.566004333333359
2023-01-28 21:00:00,0.0,36.49681703333338,0.0
2023-01-28 22:00:00,0.0,15.364323300000018,0.0
2023-01-28 23:00:00,0.0,6.033559000000005,0.0
2023-01-29 00:00:00,0.0,0.0,0.0
2023-01-29 01:00:00,0.0,0.0,0.0
2023-01-29 02:00:00,0.0,0.0,0.0
2023-01-29 03:00:00,0.0,0.0,0.0
2023-01-29 04:00:00,0.0,0.2449296666666664,0.0
2023-01-29 05:00:00,0.0,5.703720266666676,0.4785840000000007
2023-01-29 06:00:00,1.5687940000000018,19.276629666666715,10.415224000000032
2023-01-29 07:00:00,1.7112750000000019,13.640061083333375,45.50677900000006
2023-01-29 08:00:00,0.0,2.117386666666665,32.0099086666667
2023-01-29 09:00:00,0.0,0.5891304166666627,14.797075333333353
2023-01-29 10:00:00,0.008279000000000007,0.6316108333333295,16.426601666666706
2023-01-29 11:00:00,0.008262000000000005,0.6638517999999963,14.93201933333336
2023-01-29 12:00:00,0.0,0.7084292499999972,0.0
2023-01-29 13:00:00,0.0,0.6123605666666644,5.251389666666662
2023-01-29 14:00:00,0.0,0.6833528499999971,9.898772000000005
2023-01-29 15:00:00,0.0,0.6994361833333297,9.927433666666671
2023-01-29 16:00:00,0.0,3.4905371833333296,18.770689333333365
2023-01-29 17:00:00,0.0,32.33469740000008,28.60398833333337
2023-01-29 18:00:00,1.358822000000001,45.30984623333342,0.6551600000000003
2023-01-29 19:00:00,1.4563090000000034,35.570387433333366,10.56136166666669
2023-01-29 20:00:00,0.0,32.14898040000004,10.707586000000028
2023-01-29 21:00:00,0.0,22.24315055000004,0.0
2023-01-29 22:00:00,0.0,5.82657225000001,0.0
2023-01-29 23:00:00,0.0,0.3643029833333329,0.0
2023-01-30 00:00:00,0.0,2.0326153666666666,0.0
2023-01-30 01:00:00,0.0,5.7800994666666705,0.0
2023-01-30 02:00:00,0.0,8.342582383333342,0.0
2023-01-30 03:00:00,0.0,10.410069066666674,0.0
2023-01-30 04:00:00,0.0,12.306197266666672,0.0
2023-01-30 05:00:00,0.0,18.202250500000016,0.4720120000000004
2023-01-30 06:00:00,1.4713070000000033,28.61884805000005,11.702447333333355
2023-01-30 07:00:00,1.463808000000004,35.80172663333338,41.243115333333385
2023-01-30 08:00:00,0.0,34.67491935000001,45.552251666666706
2023-01-30 09:00:00,0.0,58.58063781666666,18.268050500000026
2023-01-30 10:00:00,0.008276000000000006,81.18105099999998,17.176703000000046
2023-01-30 11:00:00,0.008265000000000007,116.9190039833333,12.843056666666692
2023-01-30 12:00:00,0.0,127.1668363333333,0.0
2023-01-30 13:00:00,0.0,146.9492405166666,6.219631
2023-01-30 14:00:00,0.0,147.61616686666662,5.851642999999998
2023-01-30 15:00:00,0.0,138.09412529999986,9.341502666666674
2023-01-30 16:00:00,0.0,86.64700453333334,20.851395333333368
2023-01-30 17:00:00,0.0,63.830806850000094,24.16793600000003
2023-01-30 18:00:00,1.5387980000000019,63.77640200000008,0.6108920000000014
2023-01-30 19:00:00,1.621287000000003,49.16661390000003,9.245738666666691
2023-01-30 20:00:00,0.0,44.84605205000004,9.151853333333362
2023-01-30 21:00:00,0.0,34.68617841666672,0.0
2023-01-30 22:00:00,0.0,14.44169310000002,0.0
2023-01-30 23:00:00,0.0,4.051987566666668,0.0
2023-01-31 00:00:00,0.0,1.9951170166666679,0.0
2023-01-31 01:00:00,0.0,5.417601883333339,0.0
2023-01-31 02:00:00,0.0,8.865078900000007,0.0
2023-01-31 03:00:00,0.0,10.838317016666672,0.0
2023-01-31 04:00:00,0.0,11.817425100000007,0.0
2023-01-31 05:00:00,0.0,17.52484976666668,0.4828000000000004
2023-01-31 06:00:00,1.5762930000000042,31.52756256666673,11.135687666666694
2023-01-31 07:00:00,1.508802000000003,32.60815746666672,42.537439333333396
2023-01-31 08:00:00,0.0,38.06231480000002,40.35988000000003
2023-01-31 09:00:00,0.0,64.55494874999998,19.201945166666704
2023-01-31 10:00:00,0.008268000000000006,81.04207326666663,17.362285166666712
2023-01-31 11:00:00,0.008273000000000006,115.7810813333333,13.979806500000024
2023-01-31 12:00:00,0.0,134.7264950166666,0.0
2023-01-31 13:00:00,0.0,153.37089859999992,5.434053333333335
2023-01-31 14:00:00,0.0,143.36672938333328,9.20247966666667
2023-01-31 15:00:00,0.0,123.56833323333329,9.10968733333334
2023-01-31 16:00:00,0.0,99.50162873333332,18.174845000000023
2023-01-31 17:00:00,0.0,57.39762831666676,24.9758306666667
2023-01-31 18:00:00,1.5163010000000015,62.668219933333404,0.5787760000000017
2023-01-31 19:00:00,1.4938040000000012,49.596444916666705,9.246556666666697
2023-01-31 20:00:00,0.0,46.01851908333337,10.745896333333363
2023-01-31 21:00:00,0.0,35.48168838333338,0.0
2023-01-31 22:00:00,0.0,14.083493016666681,0.0
2023-01-31 23:00:00,0.0,4.3751576833333345,0.0
2023-02-01 00:00:00,0.0,2.705111333333335,0.0
2023-02-01 01:00:00,0.0,6.570094200000005,0.0
2023-02-01 02:00:00,0.0,9.252576316666671,0.0
2023-02-01 03:00:00,0.0,9.170077416666674,0.0
2023-02-01 04:00:00,0.0,10.868941133333339,0.0
2023-02-01 05:00:00,0.0,17.03290605000002,0.4444840000000011
2023-02-01 06:00:00,1.411315000000002,31.99917176666672,10.47427366666669
2023-02-01 07:00:00,1.4938040000000026,29.01973001666672,40.84989833333339
2023-02-01 08:00:00,0.0,38.10596303333334,28.636616000000032
2023-02-01 09:00:00,0.0,72.24466846666664,18.07132983333337
2023-02-01 10:00:00,0.008279000000000005,84.97464493333331,18.430359000000042
2023-02-01 11:00:00,0.008262000000000007,113.49999796666663,13.569882833333361
2023-02-01 12:00:00,0.0,126.12534949999993,0.0
2023-02-01 13:00:00,0.0,151.22550103333325,8.52626133333334
2023-02-01 14:00:00,0.0,146.8214865833333,8.778187333333335
2023-02-01 15:00:00,0.0,137.94457904999996,9.080006666666664
2023-02-01 16:00:00,0.0,95.5859614,30.673483666666687
2023-02-01 17:00:00,0.0,60.90171863333342,28.068462333333372
2023-02-01 18:00:00,1.5987900000000026,60.803673050000086,0.5761720000000016
2023-02-01 19:00:00,1.591291000000003,49.4003695166667,10.015326666666697
2023-02-01 20:00:00,0.0,46.327683683333376,10.094620666666701
2023-02-01 21:00:00,0.0,33.06102230000005,0.0
2023-02-01 22:00:00,0.0,13.722583016666686,0.0
2023-02-01 23:00:00,0.0,4.636486083333337,0.0
2023-02-02 00:00:00,0.0,2.885110700000001,0.0
2023-02-02 01:00:00,0.0,5.762599583333339,0.0
2023-02-02 02:00:00,0.0,7.417588550000007,0.0
2023-02-02 03:00:00,0.0,9.61007443333334,0.0
2023-02-02 04:00:00,0.0,11.318316483333339,0.0
2023-02-02 05:00:00,0.0,17.25247536666668,0.4857760000000002
2023-02-02 06:00:00,1.5912910000000022,32.326887583333395,10.674283333333358
2023-02-02 07:00:00,1.5837920000000032,32.38519076666671,28.09695766666673
2023-02-02 08:00:00,0.0,37.747003433333354,42.407891333333374
2023-02-02 09:00:00,0.0,62.43302036666665,17.511449166666697
2023-02-02 10:00:00,0.008268000000000006,77.34929196666664,14.814744166666703
2023-02-02 11:00:00,0.008273000000000006,106.1783363833333,14.017378500000024
2023-02-02 12:00:00,0.0,140.61083803333324,0.0
2023-02-02 13:00:00,0.0,159.9538980166666,6.493462333333338
2023-02-02 14:00:00,0.0,150.75640708333327,10.490853666666672
2023-02-02 15:00:00,0.0,140.45392089999993,8.780847999999999
2023-02-02 16:00:00,0.0,88.06355171666665,33.41252300000003
2023-02-02 17:00:00,0.0,60.125670983333414,29.3107096666667
2023-02-02 18:00:00,1.6212870000000024,59.86743513333343,0.608040000000001
2023-02-02 19:00:00,1.2988300000000015,48.78740558333337,9.293262000000025
2023-02-02 20:00:00,0.0,44.83823290000004,10.587658000000028
2023-02-02 21:00:00,0.0,34.35398410000005,0.0
2023-02-02 22:00:00,0.0,15.297747333333353,0.0
2023-02-02 23:00:00,0.0,4.818320433333336,0.0
2023-02-03 00:00:00,0.0,2.262613233333333,0.0
2023-02-03 01:00:00,0.0,6.770092866666672,0.0
2023-02-03 02:00:00,0.0,8.997578016666672,0.0
2023-02-03 03:00:00,0.0,9.815073200000006,0.0
2023-02-03 04:00:00,0.0,11.700350650000008,0.0
2023-02-03 05:00:00,0.0,17.66609893333335,0.439896000000001
2023-02-03 06:00:00,1.6287860000000012,29.006865750000053,9.807877666666695
2023-02-03 07:00:00,1.3588220000000033,32.00600830000005,33.57647300000007
2023-02-03 08:00:00,0.0,40.04286525000002,41.71335266666671
2023-02-03 09:00:00,0.0,48.107317766666675,16.89210133333336
2023-02-03 10:00:00,0.008267000000000007,71.80996043333332,17.29171200000004
2023-02-03 11:00:00,0.008274000000000007,105.36475431666666,14.060675666666691
2023-02-03 12:00:00,0.0,136.1327553666666,0.0
2023-02-03 13:00:00,0.0,143.60764363333325,8.272419000000003
2023-02-03 14:00:00,0.0,160.81180571666658,9.305620333333337
2023-02-03 15:00:00,0.0,146.24201898333325,8.525536666666667
2023-02-03 16:00:00,0.0,91.61289111666667,23.47333933333336
2023-02-03 17:00:00,0.0,62.21289641666676,27.338810666666692
2023-02-03 18:00:00,1.441311000000002,61.66758281666675,0.5869600000000013
2023-02-03 19:00:00,1.6662810000000017,48.517824166666706,10.774915000000025
2023-02-03 20:00:00,0.0,46.947926233333376,9.831445333333367
2023-02-03 21:00:00,0.0,35.677843000000045,0.0
2023-02-03 22:00:00,0.0,13.875569933333349,0.0
2023-02-03 23:00:00,0.0,4.313236833333335,0.0
2023-02-04 00:00:00,0.0,1.4076208833333326,0.0
2023-02-04 01:00:00,0.0,5.295102700000003,0.0
2023-02-04 02:00:00,0.0,9.22757648333334,0.0
2023-02-04 03:00:00,0.0,10.20507060000001,0.0
2023-02-04 04:00:00,0.0,11.706348300000009,0.0
2023-02-04 05:00:00,0.0,17.26532638333335,0.5066080000000007
2023-02-04 06:00:00,1.4113150000000036,27.73974065000005,10.481795333333352
2023-02-04 07:00:00,1.5387980000000019,33.410257466666714,34.67224633333339
2023-02-04 08:00:00,0.0,39.43655346666667,31.634805666666697
2023-02-04 09:00:00,0.0,67.59512416666664,13.65389850000002
2023-02-04 10:00:00,0.008262000000000005,78.42913973333332,17.973903833333374
2023-02-04 11:00:00,0.008279000000000007,106.47574998333332,15.01247683333336
2023-02-04 12:00:00,0.0,131.3309949166666,0.0
2023-02-04 13:00:00,0.0,133.10457376666665,8.317268333333342
2023-02-04 14:00:00,0.0,142.75300078333328,8.75653966666667
2023-02-04 15:00:00,0.0,145.92284459999993,9.456305000000002
2023-02-04 16:00:00,0.0,104.64098171666664,30.20916733333336
2023-02-04 17:00:00,0.0,60.74032503333343,34.84579666666671
2023-02-04 18:00:00,1.546297000000002,63.155444416666754,0.5760480000000016
2023-02-04 19:00:00,1.5987900000000022,52.1401109166667,9.887259000000029
2023-02-04 20:00:00,0.0,48.137227283333374,10.116274333333362
2023-02-04 21:00:00,0.0,36.620107716666716,0.0
2023-02-04 22:00:00,0.0,15.10842896666668,0.0
2023-02-04 23:00:00,0.0,5.355483050000001,0.0
2023-02-05 00:00:00,0.0,0.0,0.0
2023-02-05 01:00:00,0.0,0.0,0.0
2023-02-05 02:00:00,0.0,0.0,0.0
2023-02-05 03:00:00,0.0,0.0,0.0
2023-02-05 04:00:00,0.0,0.2331808499999997,0.0
2023-02-05 05:00:00,0.0,4.7004260333333425,0.44746000000000047
2023-02-05 06:00:00,1.6512830000000007,17.078188466666717,10.472304333333367
2023-02-05 07:00:00,1.658782000000002,16.723941633333382,36.085209666666735
2023-02-05 08:00:00,0.0,2.2499051833333334,28.17877000000004
2023-02-05 09:00:00,0.0,0.5991895333333299,14.704489000000024
2023-02-05 10:00:00,0.008274000000000007,0.6316850999999969,18.659054666666705
2023-02-05 11:00:00,0.008267000000000005,0.653437099999997,13.923427000000023
2023-02-05 12:00:00,0.0,0.6826022166666639,0.0
2023-02-05 13:00:00,0.0,0.7384314999999967,5.287393666666666
2023-02-05 14:00:00,0.0,0.6940193333333294,7.929308333333337
2023-02-05 15:00:00,0.0,0.7345154499999957,8.481723333333338
2023-02-05 16:00:00,0.0,3.665327933333333,35.895306333333366
2023-02-05 17:00:00,0.0,31.588682783333407,31.11535533333336
2023-02-05 18:00:00,1.403816000000003,45.216095050000085,0.656276000000001
2023-02-05 19:00:00,1.381319000000002,35.62253005000004,9.89180466666669
2023-02-05 20:00:00,0.0,32.41065913333337,10.16291300000003
2023-02-05 21:00:00,0.0,23.69102980000004,0.0
2023-02-05 22:00:00,0.0,6.112231383333344,0.0
2023-02-05 23:00:00,0.0,0.3099708499999996,0.0
2023-02-06 00:00:00,0.0,2.3751141333333345,0.0
2023-02-06 01:00:00,0.0,4.605107300000006,0.0
2023-02-06 02:00:00,0.0,7.230089800000006,0.0
2023-02-06 03:00:00,0.0,9.975072916666672,0.0
2023-02-06 04:00:00,0.0,11.464491666666675,0.0
2023-02-06 05:00:00,0.0,15.912649383333349,0.4247680000000007
2023-02-06 06:00:00,1.6212870000000021,31.522456633333398,9.554453666666694
2023-02-06 07:00:00,1.5088020000000015,30.074167250000038,48.831636666666725
2023-02-06 08:00:00,0.0,46.59407908333334,29.315524666666693
2023-02-06 09:00:00,0.0,69.47468134999997,15.503668000000022
2023-02-06 10:00:00,0.008257000000000007,69.73013326666666,17.493195666666704
2023-02-06 11:00:00,0.008284000000000007,104.15123306666663,15.788071333333356
2023-02-06 12:00:00,0.0,148.84108001666658,0.0
2023-02-06 13:00:00,0.0,157.36781234999995,8.623752333333341
2023-02-06 14:00:00,0.0,142.35883288333324,9.328321000000008
2023-02-06 15:00:00,0.0,121.7714276833333,6.3919123333333285
2023-02-06 16:00:00,0.0,97.83556963333332,27.79820366666669
2023-02-06 17:00:00,0.0,61.936217033333406,22.789202000000042
2023-02-06 18:00:00,1.493804000000001,62.34752701666675,0.5816280000000016
2023-02-06 19:00:00,1.4713070000000024,49.32899818333337,9.697734000000029
2023-02-06 20:00:00,0.0,45.421332516666716,10.144590666666693
2023-02-06 21:00:00,0.0,34.427171783333385,0.0
2023-02-06 22:00:00,0.0,15.500112050000018,0.0
2023-02-06 23:00:00,0.0,4.977066950000004,0.0
2023-02-07 00:00:00,0.0,2.4476133000000004,0.0
2023-02-07 01:00:00,0.0,6.7775928166666715,0.0
2023-02-07 02:00:00,0.0,9.320075866666675,0.0
2023-02-07 03:00:00,0.0,10.165570483333342,0.0
2023-02-07 04:00:00,0.0,11.206753766666676,0.0
2023-02-07 05:00:00,0.0,16.437054916666682,0.4527920000000013
2023-02-07 06:00:00,1.5687940000000036,31.413489900000062,10.508841666666692
2023-02-07 07:00:00,1.628786000000003,28.41554106666672,29.061045000000068
2023-02-07 08:00:00,0.0,44.73870495000001,40.405343666666695
2023-02-07 09:00:00,0.0,61.031488149999994,14.20213100000002
2023-02-07 10:00:00,0.008270000000000007,73.03839504999998,16.8604621666667
2023-02-07 11:00:00,0.008271000000000006,124.76997784999996,13.935679500000024
2023-02-07 12:00:00,0.0,145.9541471999999,0.0
2023-02-07 13:00:00,0.0,139.8677297833333,7.693674666666672
2023-02-07 14:00:00,0.0,132.45740709999995,8.294550666666668
2023-02-07 15:00:00,0.0,136.91244903333327,11.894599000000014
2023-02-07 16:00:00,0.0,95.9646068,33.109343333333385
2023-02-07 17:00:00,0.0,57.28965393333342,29.299715333333364
2023-02-07 18:00:00,1.3963170000000014,62.52427246666675,0.6296160000000006
2023-02-07 19:00:00,1.5013030000000032,49.52111410000004,10.829288000000023
2023-02-07 20:00:00,0.0,46.36948171666671,9.310091666666693
2023-02-07 21:00:00,0.0,34.910637333333376,0.0
2023-02-07 22:00:00,0.0,15.01939888333335,0.0
2023-02-07 23:00:00,0.0,4.459486583333335,0.0
2023-02-08 00:00:00,0.0,2.205116683333333,0.0
2023-02-08 01:00:00,0.0,5.915098566666672,0.0
2023-02-08 02:00:00,0.0,7.377588816666671,0.0
2023-02-08 03:00:00,0.0,9.11007828333334,0.0
2023-02-08 04:00:00,0.0,10.234964750000007,0.0
2023-02-08 05:00:00,0.0,17.433604900000013,0.5382280000000006
2023-02-08 06:00:00,1.5387980000000028,31.845839500000054,10.048481000000022
2023-02-08 07:00:00,1.3288260000000014,30.115274166666715,45.06873733333339
2023-02-08 08:00:00,0.0,36.918453733333344,32.76326533333337
2023-02-08 09:00:00,0.0,59.698881966666654,16.048309833333363
2023-02-08 10:00:00,0.008268000000000006,78.79387211666663,15.733332833333373
2023-02-08 11:00:00,0.008273000000000006,92.81974473333334,12.761962500000024
2023-02-08 12:00:00,0.0,151.3664839999999,0.0
2023-02-08 13:00:00,0.0,141.65565876666662,7.408648666666669
2023-02-08 14:00:00,0.0,164.3488098666666,10.939488333333346
2023-02-08 15:00:00,0.0,142.1284087666666,9.739932666666677
2023-02-08 16:00:00,0.0,90.33800380000001,27.7330556666667
2023-02-08 17:00:00,0.0,56.53375825000009,26.5185476666667
2023-02-08 18:00:00,1.538798000000003,61.33510156666676,0.6051880000000015
2023-02-08 19:00:00,1.688778000000002,49.464578866666706,10.72774533333336
2023-02-08 20:00:00,0.0,45.04870340000004,10.104614666666693
2023-02-08 21:00:00,0.0,35.64024755000004,0.0
2023-02-08 22:00:00,0.0,14.965524550000016,0.0
2023-02-08 23:00:00,0.0,4.625568916666669,0.0
2023-02-09 00:00:00,0.0,1.840116399999999,0.0
2023-02-09 01:00:00,0.0,5.402601983333335,0.0
2023-02-09 02:00:00,0.0,8.330082466666672,0.0
2023-02-09 03:00:00,0.0,10.586568616666677,0.0
2023-02-09 04:00:00,0.0,10.921585250000003,0.0
2023-02-09 05:00:00,0.0,17.509731683333346,0.48044400000000087
2023-02-09 06:00:00,1.493804000000002,31.775008816666727,10.408890666666695
2023-02-09 07:00:00,1.658782000000003,30.466303100000047,41.37808700000006
2023-02-09 08:00:00,0.0,32.04311196666667,31.93274333333336
2023-02-09 09:00:00,0.0,53.49867231666668,17.227386833333362
2023-02-09 10:00:00,0.008270000000000005,85.28827336666663,17.719344833333373
2023-02-09 11:00:00,0.008271000000000006,120.13805911666664,12.669007833333357
2023-02-09 12:00:00,0.0,139.2244892166666,0.0
2023-02-09 13:00:00,0.0,138.04348669999993,7.242017000000005
2023-02-09 14:00:00,0.0,148.19706434999992,8.860232333333341
2023-02-09 15:00:00,0.0,144.73402018333326,9.351471666666672
2023-02-09 16:00:00,0.0,90.82535251666664,29.30282600000004
2023-02-09 17:00:00,0.0,61.28151958333343,28.82471800000004
2023-02-09 18:00:00,1.516301000000003,62.063607666666755,0.5791480000000014
2023-02-09 19:00:00,1.4263130000000008,49.11528421666671,10.491894333333356
2023-02-09 20:00:00,0.0,44.996397350000045,10.237868000000027
2023-02-09 21:00:00,0.0,34.81648275000005,0.0
2023-02-09 22:00:00,0.0,14.325375316666685,0.0
2023-02-09 23:00:00,0.0,4.7416472500000015,0.0
2023-02-10 00:00:00,0.0,1.98261555,0.0
2023-02-10 01:00:00,0.0,6.000098000000007,0.0
2023-02-10 02:00:00,0.0,9.165076900000008,0.0
2023-02-10 03:00:00,0.0,11.240064350000008,0.0
2023-02-10 04:00:00,0.0,13.13954215000001,0.0
2023-02-10 05:00:00,0.0,17.947727316666683,0.4074080000000012
2023-02-10 06:00:00,1.456309000000002,29.449185033333382,9.728919333333355
2023-02-10 07:00:00,1.4188140000000011,30.795201766666718,31.618084000000053
2023-02-10 08:00:00,0.0,41.60669148333334,41.0588136666667
2023-02-10 09:00:00,0.0,59.3901101,17.817521000000035
2023-02-10 10:00:00,0.008265000000000007,84.09419069999996,17.23000850000004
2023-02-10 11:00:00,0.008276000000000007,105.32139545,15.26957966666669
2023-02-10 12:00:00,0.0,134.83133103333327,0.0
2023-02-10 13:00:00,0.0,136.95316828333324,6.466269666666667
2023-02-10 14:00:00,0.0,155.77807069999994,9.494986666666676
2023-02-10 15:00:00,0.0,143.69626264999994,9.435314000000005
2023-02-10 16:00:00,0.0,92.89274559999998,17.447659000000026
2023-02-10 17:00:00,0.0,61.14531128333341,34.15922533333337
2023-02-10 18:00:00,1.5912910000000045,60.64363078333342,0.5973760000000009
2023-02-10 19:00:00,1.6287860000000025,48.910360883333375,10.699590000000033
2023-02-10 20:00:00,0.0,45.113554950000044,10.114608666666697
2023-02-10 21:00:00,0.0,33.65953505000005,0.0
2023-02-10 22:00:00,0.0,14.322155000000015,0.0
2023-02-10 23:00:00,0.0,3.7712451500000013,0.0
2023-02-11 00:00:00,0.0,2.4426110999999993,0.0
2023-02-11 01:00:00,0.0,7.130090466666672,0.0
2023-02-11 02:00:00,0.0,9.39507536666667,0.0
2023-02-11 03:00:00,0.0,10.225071283333339,0.0
2023-02-11 04:00:00,0.0,10.595894500000005,0.0
2023-02-11 05:00:00,0.0,16.70292633333335,0.4121200000000009
2023-02-11 06:00:00,1.5762930000000037,33.36713786666673,10.347659000000023
2023-02-11 07:00:00,1.433812000000002,30.977414916666714,24.99324633333339
2023-02-11 08:00:00,0.0,41.34980691666668,37.759809333333365
2023-02-11 09:00:00,0.0,48.53674175000002,17.606678666666692
2023-02-11 10:00:00,0.008277000000000007,59.15273986666668,16.22970750000004
2023-02-11 11:00:00,0.008264000000000006,98.85116310000001,13.315492500000028
2023-02-11 12:00:00,0.0,149.10590969999993,0.0
2023-02-11 13:00:00,0.0,159.84031274999992,6.464438333333332
2023-02-11 14:00:00,0.0,154.59974428333328,9.332657333333337
2023-02-11 15:00:00,0.0,139.06078378333325,10.851966333333339
2023-02-11 16:00:00,0.0,92.15319741666666,38.9616406666667
2023-02-11 17:00:00,0.0,58.90947965000009,24.853091000000028
2023-02-11 18:00:00,1.538798000000002,59.08441456666675,0.6007240000000018
2023-02-11 19:00:00,1.5462970000000023,50.912087333333375,10.841416000000025
2023-02-11 20:00:00,0.0,46.723610116666705,10.232871000000028
2023-02-11 21:00:00,0.0,35.665204116666715,0.0
2023-02-11 22:00:00,0.0,16.426994050000015,0.0
2023-02-11 23:00:00,0.0,5.733148866666668,0.0
2023-02-12 00:00:00,0.0,0.0,0.0
2023-02-12 01:00:00,0.0,0.0,0.0
2023-02-12 02:00:00,0.0,0.0,0.0
2023-02-12 03:00:00,0.0,0.0,0.0
2023-02-12 04:00:00,0.0,0.2639586666666664,0.0
2023-02-12 05:00:00,0.0,5.302511416666674,0.4491960000000006
2023-02-12 06:00:00,1.531299000000001,18.45033681666672,10.414785333333361
2023-02-12 07:00:00,1.3588220000000018,14.104136666666708,40.28454833333338
2023-02-12 08:00:00,0.0,2.1477240666666653,37.022676333333365
2023-02-12 09:00:00,0.0,0.6306725833333299,13.94329683333336
2023-02-12 10:00:00,0.008268000000000006,0.6655985499999967,17.92588850000004
2023-02-12 11:00:00,0.008273000000000004,0.5589483666666644,14.230424166666698
2023-02-12 12:00:00,0.0,0.7223519499999967,0.0
2023-02-12 13:00:00,0.0,0.839678699999996,7.997792333333338
2023-02-12 14:00:00,0.0,0.7785946833333302,9.62100066666667
2023-02-12 15:00:00,0.0,0.6637766333333306,8.524379000000001
2023-02-12 16:00:00,0.0,3.2274240499999975,28.265886000000027
2023-02-12 17:00:00,0.0,31.254577000000083,17.817100333333368
2023-02-12 18:00:00,1.6512830000000025,47.907194716666744,0.6045680000000011
2023-02-12 19:00:00,1.553796000000004,35.050956633333364,10.189622000000028
2023-02-12 20:00:00,0.0,33.2631871666667,10.13126533333336
2023-02-12 21:00:00,0.0,23.62129638333337,0.0
2023-02-12 22:00:00,0.0,5.770355666666676,0.0
2023-02-12 23:00:00,0.0,0.4509666166666663,0.0
2023-02-13 00:00:00,0.0,2.352614533333333,0.0
2023-02-13 01:00:00,0.0,6.720093200000004,0.0
2023-02-13 02:00:00,0.0,8.87507883333334,0.0
2023-02-13 03:00:00,0.0,9.665073950000007,0.0
2023-02-13 04:00:00,0.0,11.655659133333337,0.0
2023-02-13 05:00:00,0.0,17.799824400000016,0.4527920000000007
2023-02-13 06:00:00,1.3588220000000029,34.398545466666725,10.025954000000024
2023-02-13 07:00:00,1.5088020000000013,28.416178833333383,29.0304353333334
2023-02-13 08:00:00,0.0,33.824208500000005,27.170924666666693
2023-02-13 09:00:00,0.0,62.65424481666667,16.508886666666694
2023-02-13 10:00:00,0.008270000000000005,75.41830426666664,18.562807833333377
2023-02-13 11:00:00,0.008271000000000006,118.16005614999992,12.939204333333358
2023-02-13 12:00:00,0.0,136.68316659999994,0.0
2023-02-13 13:00:00,0.0,148.1297301666666,7.757805333333337
2023-02-13 14:00:00,0.0,144.12822706666662,9.658422666666672
2023-02-13 15:00:00,0.0,131.98269063333328,8.374574666666668
2023-02-13 16:00:00,0.0,97.23576701666664,40.759403666666685
2023-02-13 17:00:00,0.0,57.81238673333341,29.05975400000003
2023-02-13 18:00:00,1.6212870000000024,60.93643443333342,0.6694199999999997
2023-02-13 19:00:00,1.606289000000001,49.88917028333337,9.35732166666669
2023-02-13 20:00:00,0.0,45.35097491666671,11.08069533333336
2023-02-13 21:00:00,0.0,34.87396725000004,0.0
2023-02-13 22:00:00,0.0,15.41540993333335,0.0
2023-02-13 23:00:00,0.0,4.774238900000002,0.0
2023-02-14 00:00:00,0.0,2.460112216666668,0.0
2023-02-14 01:00:00,0.0,6.64759368333334,0.0
2023-02-14 02:00:00,0.0,9.667573550000007,0.0
2023-02-14 03:00:00,0.0,11.527561466666672,0.0
2023-02-14 04:00:00,0.0,11.24825568333334,0.0
2023-02-14 05:00:00,0.0,17.295442866666686,0.46618400000000015
2023-02-14 06:00:00,1.4338120000000039,29.96486140000006,10.227673666666696
2023-02-14 07:00:00,1.403816000000004,32.20820515000005,36.43143300000005
2023-02-14 08:00:00,0.0,36.73278588333335,28.88278533333337
2023-02-14 09:00:00,0.0,57.05307785,15.251279500000022
2023-02-14 10:00:00,0.008279000000000005,68.1043859,16.25546966666671
2023-02-14 11:00:00,0.008262000000000005,114.40265093333328,13.209055833333359
2023-02-14 12:00:00,0.0,153.04615861666656,0.0
2023-02-14 13:00:00,0.0,150.5790744333333,9.164505666666672
2023-02-14 14:00:00,0.0,144.0071537666666,11.521895333333346
2023-02-14 15:00:00,0.0,119.86177229999996,10.092389666666671
2023-02-14 16:00:00,0.0,88.74865428333334,21.372174666666687
2023-02-14 17:00:00,0.0,60.49736958333343,29.92600233333336
2023-02-14 18:00:00,1.553796000000003,59.162080016666756,0.5826200000000017
2023-02-14 19:00:00,1.7037760000000008,50.86486661666671,10.225398666666692
2023-02-14 20:00:00,0.0,46.091560800000046,10.279509666666698
2023-02-14 21:00:00,0.0,34.70693353333338,0.0
2023-02-14 22:00:00,0.0,14.38798323333335,0.0
2023-02-14 23:00:00,0.0,4.485324233333334,0.0
2023-02-15 00:00:00,0.0,1.7926175833333327,0.0
2023-02-15 01:00:00,0.0,5.865098900000006,0.0
2023-02-15 02:00:00,0.0,7.892585383333341,0.0
2023-02-15 03:00:00,0.0,8.544331850000008,0.0
2023-02-15 04:00:00,0.0,10.582272316666673,0.0
2023-02-15 05:00:00,0.0,16.98848081666668,0.4313400000000013
2023-02-15 06:00:00,1.583792000000002,32.39674471666673,9.827708000000028
2023-02-15 07:00:00,1.5837920000000019,33.64963348333338,32.15419566666672
2023-02-15 08:00:00,0.0,42.988150250000004,29.07179200000003
2023-02-15 09:00:00,0.0,66.36250676666666,15.10168533333336
2023-02-15 10:00:00,0.008266000000000006,74.34461591666664,15.244574333333365
2023-02-15 11:00:00,0.008275000000000006,109.3579892833333,13.557080500000025
2023-02-15 12:00:00,0.0,149.9004073666666,0.0
2023-02-15 13:00:00,0.0,148.93589666666662,7.50387533333334
2023-02-15 14:00:00,0.0,138.95599469999993,9.439494666666674
2023-02-15 15:00:00,0.0,131.20661316666659,9.840257000000003
2023-02-15 16:00:00,0.0,88.3492097,30.674997000000033
2023-02-15 17:00:00,0.0,61.07513421666675,37.81329700000004
2023-02-15 18:00:00,1.4188140000000031,61.596233916666755,0.6118840000000012
2023-02-15 19:00:00,1.5088020000000022,48.57036433333337,10.38385733333336
2023-02-15 20:00:00,0.0,46.148220983333374,10.377784000000023
2023-02-15 21:00:00,0.0,34.05794531666671,0.0
2023-02-15 22:00:00,0.0,15.277916300000015,0.0
2023-02-15 23:00:00,0.0,5.368898600000001,0.0
2023-02-16 00:00:00,0.0,2.1926170500000013,0.0
2023-02-16 01:00:00,0.0,5.712599916666672,0.0
2023-02-16 02:00:00,0.0,8.220083200000007,0.0
2023-02-16 03:00:00,0.0,10.910066150000006,0.0
2023-02-16 04:00:00,0.0,12.668411816666673,0.0
2023-02-16 05:00:00,0.0,19.19383643333335,0.45217200000000113
2023-02-16 06:00:00,1.5912910000000018,33.559604483333395,10.5334346666667
2023-02-16 07:00:00,1.4713070000000028,32.81131211666671,38.86350300000006
2023-02-16 08:00:00,0.0,43.17379383333334,39.89102900000004
2023-02-16 09:00:00,0.0,58.25887151666665,17.798967333333362
2023-02-16 10:00:00,0.008277000000000007,74.83731561666661,17.097817333333367
2023-02-16 11:00:00,0.008264000000000004,101.10591194999996,13.480166833333357
2023-02-16 12:00:00,0.0,125.1805854666666,0.0
2023-02-16 13:00:00,0.0,140.67998463333325,6.96272566666667
2023-02-16 14:00:00,0.0,149.2370808333333,7.920134666666674
2023-02-16 15:00:00,0.0,144.4917651666666,8.994350000000006
2023-02-16 16:00:00,0.0,99.74567273333332,30.8527936666667
2023-02-16 17:00:00,0.0,62.28013311666674,19.795701333333362
2023-02-16 18:00:00,1.3663210000000015,59.785392133333424,0.6177120000000005
2023-02-16 19:00:00,1.666281000000002,49.91245543333338,9.812770333333356
2023-02-16 20:00:00,0.0,45.46306443333338,10.53768800000003
2023-02-16 21:00:00,0.0,33.12989350000005,0.0
2023-02-16 22:00:00,0.0,13.940390883333352,0.0
2023-02-16 23:00:00,0.0,4.684238500000001,0.0
2023-02-17 00:00:00,0.0,2.9276110499999994,0.0
2023-02-17 01:00:00,0.0,6.10259731666667,0.0
2023-02-17 02:00:00,0.0,8.502581316666673,0.0
2023-02-17 03:00:00,0.0,9.382575916666674,0.0
2023-02-17 04:00:00,0.0,12.02055668333334,0.0
2023-02-17 05:00:00,0.0,17.187945050000017,0.4313400000000009
2023-02-17 06:00:00,1.5462970000000014,30.915784183333386,10.063933000000025
2023-02-17 07:00:00,1.3663210000000023,30.34823200000005,41.52690100000006
2023-02-17 08:00:00,0.0,39.03117900000001,36.865367333333374
2023-02-17 09:00:00,0.0,68.97668321666666,13.46570800000002
2023-02-17 10:00:00,0.008268000000000006,73.60964771666666,16.15464233333337
2023-02-17 11:00:00,0.008273000000000006,113.45890589999995,14.607521000000023
2023-02-17 12:00:00,0.0,138.40033283333327,0.0
2023-02-17 13:00:00,0.0,145.61364783333326,5.883845666666666
2023-02-17 14:00:00,0.0,145.03681373333325,8.648734333333337
2023-02-17 15:00:00,0.0,133.28966998333323,7.806456000000001
2023-02-17 16:00:00,0.0,99.17803766666664,21.128950000000042
2023-02-17 17:00:00,0.0,56.99302576666676,32.98650100000003
2023-02-17 18:00:00,1.568794000000001,59.33304805000009,0.6029560000000008
2023-02-17 19:00:00,1.6137880000000016,50.160114683333376,9.956273333333357
2023-02-17 20:00:00,0.0,45.97137818333338,10.902469000000035
2023-02-17 21:00:00,0.0,34.00205255000005,0.0
2023-02-17 22:00:00,0.0,13.95059543333335,0.0
2023-02-17 23:00:00,0.0,4.121567016666668,0.0
2023-02-18 00:00:00,0.0,1.8426159666666668,0.0
2023-02-18 01:00:00,0.0,5.775099500000006,0.0
2023-02-18 02:00:00,0.0,8.755079633333338,0.0
2023-02-18 03:00:00,0.0,9.867322633333337,0.0
2023-02-18 04:00:00,0.0,11.064399916666668,0.0
2023-02-18 05:00:00,0.0,16.09973208333335,0.4462200000000005
2023-02-18 06:00:00,1.583792000000002,29.98451756666672,9.8004726666667
2023-02-18 07:00:00,1.5837920000000028,34.183624816666715,41.90636566666672
2023-02-18 08:00:00,0.0,50.99482649999999,36.0263286666667
2023-02-18 09:00:00,0.0,66.88364859999994,13.596221166666687
2023-02-18 10:00:00,0.008267000000000007,77.84513101666666,16.06586533333337
2023-02-18 11:00:00,0.008274000000000007,101.46858735,14.24198883333336
2023-02-18 12:00:00,0.0,135.49568784999997,0.0
2023-02-18 13:00:00,0.0,136.4118386166666,7.214357333333333
2023-02-18 14:00:00,0.0,133.7532568166666,7.931295333333336
2023-02-18 15:00:00,0.0,139.81058313333327,8.846844000000004
2023-02-18 16:00:00,0.0,98.15538963333333,21.50249600000004
2023-02-18 17:00:00,0.0,57.461896250000095,34.364022333333374
2023-02-18 18:00:00,1.4638080000000027,59.78261708333342,0.5789000000000014
2023-02-18 19:00:00,1.4638080000000004,48.82066195000004,10.080571000000024
2023-02-18 20:00:00,0.0,46.36324535000004,10.649287666666691
2023-02-18 21:00:00,0.0,34.99820395000005,0.0
2023-02-18 22:00:00,0.0,15.098423316666683,0.0
2023-02-18 23:00:00,0.0,5.416483300000001,0.0
2023-02-19 00:00:00,0.0,0.0,0.0
2023-02-19 01:00:00,0.0,0.0,0.0
2023-02-19 02:00:00,0.0,0.0,0.0
2023-02-19 03:00:00,0.0,0.0,0.0
2023-02-19 04:00:00,0.0,0.2359966999999997,0.0
2023-02-19 05:00:00,0.0,5.01481745000001,0.4594880000000004
2023-02-19 06:00:00,1.5537960000000017,15.650212083333384,10.475978333333357
2023-02-19 07:00:00,1.6512830000000032,14.397407400000041,36.02327533333338
2023-02-19 08:00:00,0.0,3.1187994666666667,32.83480300000003
2023-02-19 09:00:00,0.0,0.760477166666663,15.491652500000024
2023-02-19 10:00:00,0.008265000000000007,0.6352700833333292,14.859141000000037
2023-02-19 11:00:00,0.008276000000000007,0.6163556833333297,12.222812333333351
2023-02-19 12:00:00,0.0,0.7440148333333296,0.0
2023-02-19 13:00:00,0.0,0.6883558666666632,6.699225666666664
2023-02-19 14:00:00,0.0,0.7169356833333297,7.735311333333334
2023-02-19 15:00:00,0.0,0.6073611999999967,11.808390333333344
2023-02-19 16:00:00,0.0,3.4224353999999986,25.39015333333337
2023-02-19 17:00:00,0.0,33.30722931666675,40.07980300000004
2023-02-19 18:00:00,1.4563090000000023,46.75670340000008,0.5826200000000015
2023-02-19 19:00:00,1.4338120000000034,35.873684216666696,9.783699000000027
2023-02-19 20:00:00,0.0,32.68455143333337,10.042985000000028
2023-02-19 21:00:00,0.0,22.35844283333337,0.0
2023-02-19 22:00:00,0.0,6.249368700000009,0.0
2023-02-19 23:00:00,0.0,0.484887566666666,0.0
2023-02-20 00:00:00,0.0,1.94511695,0.0
2023-02-20 01:00:00,0.0,6.3825954500000055,0.0
2023-02-20 02:00:00,0.0,8.077584150000005,0.0
2023-02-20 03:00:00,0.0,10.01757158333334,0.0
2023-02-20 04:00:00,0.0,11.78835833333334,0.0
2023-02-20 05:00:00,0.0,17.694215200000016,0.4484520000000009
2023-02-20 06:00:00,1.7112750000000003,32.40945920000006,10.030627000000026
2023-02-20 07:00:00,1.3663210000000015,33.600628450000045,30.544931666666717
2023-02-20 08:00:00,0.0,34.03549123333334,29.868170333333367
2023-02-20 09:00:00,0.0,63.87091016666665,16.51853133333336
2023-02-20 10:00:00,0.008282000000000005,76.08828529999997,15.342728666666702
2023-02-20 11:00:00,0.008259000000000006,108.4944982833333,12.837710333333359
2023-02-20 12:00:00,0.0,137.92150598333328,0.0
2023-02-20 13:00:00,0.0,153.18724089999992,8.47809466666667
2023-02-20 14:00:00,0.0,152.27266284999996,11.86256900000001
2023-02-20 15:00:00,0.0,129.00145018333328,8.632391000000004
2023-02-20 16:00:00,0.0,87.92586343333333,33.15931700000002
2023-02-20 17:00:00,0.0,60.766177883333434,29.772962333333368
2023-02-20 18:00:00,1.673780000000002,59.36607405000008,0.5972520000000013
2023-02-20 19:00:00,1.3438240000000026,49.587674200000045,9.820151333333362
2023-02-20 20:00:00,0.0,45.655202700000046,10.815854333333364
2023-02-20 21:00:00,0.0,36.11535068333338,0.0
2023-02-20 22:00:00,0.0,16.529881866666685,0.0
2023-02-20 23:00:00,0.0,5.213314000000003,0.0
2023-02-21 00:00:00,0.0,2.427613516666668,0.0
2023-02-21 01:00:00,0.0,7.925085166666673,0.0
2023-02-21 02:00:00,0.0,9.915071900000006,0.0
2023-02-21 03:00:00,0.0,10.172570400000007,0.0
2023-02-21 04:00:00,0.0,10.813525516666672,0.0
2023-02-21 05:00:00,0.0,17.195525566666685,0.4855280000000008
2023-02-21 06:00:00,1.3138280000000024,31.36316681666673,10.280567666666697
2023-02-21 07:00:00,1.6662810000000017,29.47761335000005,44.2066953333334
2023-02-21 08:00:00,0.0,39.60328090000001,39.9546976666667
2023-02-21 09:00:00,0.0,49.53759383333334,15.248733666666695
2023-02-21 10:00:00,0.008274000000000007,69.18463218333333,17.528574166666708
2023-02-21 11:00:00,0.008267000000000007,108.1147298,12.826025666666691
2023-02-21 12:00:00,0.0,140.2196621166666,0.0
2023-02-21 13:00:00,0.0,154.81630979999994,7.8943063333333345
2023-02-21 14:00:00,0.0,136.63232111666662,9.958393666666671
2023-02-21 15:00:00,0.0,141.7459216999999,11.007471333333342
2023-02-21 16:00:00,0.0,105.07010613333331,23.439264000000033
2023-02-21 17:00:00,0.0,63.23979516666676,20.274812333333365
2023-02-21 18:00:00,1.6137880000000024,61.810521816666764,0.5827440000000013
2023-02-21 19:00:00,1.5013030000000007,49.93941865000004,9.928292000000024
2023-02-21 20:00:00,0.0,45.96580520000005,10.347802000000028
2023-02-21 21:00:00,0.0,35.470755266666714,0.0
2023-02-21 22:00:00,0.0,14.96224976666668,0.0
2023-02-21 23:00:00,0.0,4.318236133333335,0.0
2023-02-22 00:00:00,0.0,1.962615533333334,0.0
2023-02-22 01:00:00,0.0,6.962591583333338,0.0
2023-02-22 02:00:00,0.0,9.467574883333338,0.0
2023-02-22 03:00:00,0.0,9.766573750000008,0.0
2023-02-22 04:00:00,0.0,10.884709050000009,0.0
2023-02-22 05:00:00,0.0,16.965366550000017,0.4852800000000008
2023-02-22 06:00:00,1.6062890000000025,29.897957283333394,9.143824333333365
2023-02-22 07:00:00,1.3963170000000016,29.035607166666708,39.87842533333339
2023-02-22 08:00:00,0.0,33.303448616666685,31.951068000000024
2023-02-22 09:00:00,0.0,56.277096566666664,18.212721666666702
2023-02-22 10:00:00,0.008280000000000006,84.44147169999998,19.12120150000004
2023-02-22 11:00:00,0.008261000000000006,127.96464696666662,12.536197333333353
2023-02-22 12:00:00,0.0,152.9334027666666,0.0
2023-02-22 13:00:00,0.0,153.2725661166666,7.271058000000009
2023-02-22 14:00:00,0.0,140.6751633166666,9.284663333333338
2023-02-22 15:00:00,0.0,121.6158480166666,10.046416666666671
2023-02-22 16:00:00,0.0,91.66293205000001,27.872782333333365
2023-02-22 17:00:00,0.0,56.88443381666676,25.4817446666667
2023-02-22 18:00:00,1.4038160000000024,64.77252873333342,0.5904320000000016
2023-02-22 19:00:00,1.688778000000003,48.47405500000005,11.344782333333358
2023-02-22 20:00:00,0.0,44.04959870000004,10.294500666666698
2023-02-22 21:00:00,0.0,34.95354961666671,0.0
2023-02-22 22:00:00,0.0,14.573775833333348,0.0
2023-02-22 23:00:00,0.0,4.355399166666668,0.0
2023-02-23 00:00:00,0.0,2.7901093166666677,0.0
2023-02-23 01:00:00,0.0,6.627593816666671,0.0
2023-02-23 02:00:00,0.0,9.495074700000005,0.0
2023-02-23 03:00:00,0.0,11.373063133333341,0.0
2023-02-23 04:00:00,0.0,12.602456916666672,0.0
2023-02-23 05:00:00,0.0,18.31599678333335,0.44051600000000024
2023-02-23 06:00:00,1.4038160000000017,32.785617516666726,10.104218000000026
2023-02-23 07:00:00,1.6362850000000029,29.189849316666717,35.1337383333334
2023-02-23 08:00:00,0.0,37.83016855000001,33.38437533333336
2023-02-23 09:00:00,0.0,49.71159153333334,14.51368150000003
2023-02-23 10:00:00,0.008275000000000006,81.05097471666666,17.5267311666667
2023-02-23 11:00:00,0.008266000000000006,111.03709223333331,13.595834000000021
2023-02-23 12:00:00,0.0,152.99439936666658,0.0
2023-02-23 13:00:00,0.0,140.21366314999992,5.929974333333332
2023-02-23 14:00:00,0.0,132.4778604833333,11.45360100000001
2023-02-23 15:00:00,0.0,130.62812129999995,10.069273000000004
2023-02-23 16:00:00,0.0,104.23107094999996,24.886197000000042
2023-02-23 17:00:00,0.0,64.75346235000008,33.58475033333337
2023-02-23 18:00:00,1.4788060000000027,61.997886333333426,0.6364360000000011
2023-02-23 19:00:00,1.576293000000004,50.87033950000004,10.217833000000025
2023-02-23 20:00:00,0.0,45.426993483333376,10.937448000000028
2023-02-23 21:00:00,0.0,33.20528585000004,0.0
2023-02-23 22:00:00,0.0,13.744731683333349,0.0
2023-02-23 23:00:00,0.0,3.5344032000000003,0.0
2023-02-24 00:00:00,0.0,1.955115266666667,0.0
2023-02-24 01:00:00,0.0,5.482601450000006,0.0
2023-02-24 02:00:00,0.0,8.09508403333334,0.0
2023-02-24 03:00:00,0.0,10.99006513333334,0.0
2023-02-24 04:00:00,0.0,11.067170550000009,0.0
2023-02-24 05:00:00,0.0,17.615641916666682,0.47858400000000095
2023-02-24 06:00:00,1.546297000000003,30.604596150000056,10.750291333333356
2023-02-24 07:00:00,1.6512829999999996,29.44649196666672,37.86012866666673
2023-02-24 08:00:00,0.0,37.507178900000014,45.17385600000004
2023-02-24 09:00:00,0.0,64.14347288333332,17.3093631666667
2023-02-24 10:00:00,0.008278000000000006,77.04221561666664,17.733570666666708
2023-02-24 11:00:00,0.008263000000000005,106.99457881666665,13.85358816666669
2023-02-24 12:00:00,0.0,141.90384006666656,0.0
2023-02-24 13:00:00,0.0,149.17850009999992,3.930846999999996
2023-02-24 14:00:00,0.0,154.29539703333327,8.378393
2023-02-24 15:00:00,0.0,134.99535599999993,10.174383666666673
2023-02-24 16:00:00,0.0,90.41168864999999,22.135752333333365
2023-02-24 17:00:00,0.0,57.16490033333342,24.516425333333366
2023-02-24 18:00:00,1.366321000000003,62.05144968333342,0.5813800000000013
2023-02-24 19:00:00,1.5312990000000015,49.63294356666671,10.076662000000024
2023-02-24 20:00:00,0.0,44.70776850000004,9.78314100000003
2023-02-24 21:00:00,0.0,34.89539118333337,0.0
2023-02-24 22:00:00,0.0,16.406658183333352,0.0
2023-02-24 23:00:00,0.0,5.420149150000003,0.0
2023-02-25 00:00:00,0.0,2.1351149333333326,0.0
2023-02-25 01:00:00,0.0,5.522601183333339,0.0
2023-02-25 02:00:00,0.0,7.377588816666672,0.0
2023-02-25 03:00:00,0.0,8.702580666666673,0.0
2023-02-25 04:00:00,0.0,11.080751216666677,0.0
2023-02-25 05:00:00,0.0,18.409225916666685,0.48032000000000025
2023-02-25 06:00:00,1.4488100000000028,29.44932943333339,10.136108333333361
2023-02-25 07:00:00,1.4863050000000024,40.135687733333384,43.654371000000054
2023-02-25 08:00:00,0.0,37.85414160000002,29.53995233333336
2023-02-25 09:00:00,0.0,53.37071651666668,14.289984333333356
2023-02-25 10:00:00,0.008275000000000006,56.611233150000004,16.36408633333337
2023-02-25 11:00:00,0.008266000000000006,95.21574435,13.58947816666669
2023-02-25 12:00:00,0.0,140.77948674999993,0.0
2023-02-25 13:00:00,0.0,160.8387363666666,7.4051926666666725
2023-02-25 14:00:00,0.0,150.00391276666662,9.104816000000005
2023-02-25 15:00:00,0.0,138.45319023333326,11.591276666666676
2023-02-25 16:00:00,0.0,103.11259574999998,28.79265033333337
2023-02-25 17:00:00,0.0,62.716613616666756,29.30631033333337
2023-02-25 18:00:00,1.6062890000000012,61.58589900000008,0.6019640000000013
2023-02-25 19:00:00,1.5537960000000037,49.96963060000004,10.04628766666669
2023-02-25 20:00:00,0.0,44.53812480000004,10.202889000000024
2023-02-25 21:00:00,0.0,34.73397581666672,0.0
2023-02-25 22:00:00,0.0,15.149161900000019,0.0
2023-02-25 23:00:00,0.0,4.849980133333336,0.0
2023-02-26 00:00:00,0.0,0.0,0.0
2023-02-26 01:00:00,0.0,0.0,0.0
2023-02-26 02:00:00,0.0,0.0,0.0
2023-02-26 03:00:00,0.0,0.0,0.0
2023-02-26 04:00:00,0.0,0.2593094833333332,0.0
2023-02-26 05:00:00,0.0,5.216590800000009,0.4643240000000009
2023-02-26 06:00:00,1.6062890000000025,18.24924653333339,10.364698666666698
2023-02-26 07:00:00,1.501303000000005,13.459242733333372,36.32711066666673
2023-02-26 08:00:00,0.0,2.3197747166666653,25.085123333333378
2023-02-26 09:00:00,0.0,0.6833340999999962,16.13684100000003
2023-02-26 10:00:00,0.008275000000000006,0.739840883333329,16.678795833333368
2023-02-26 11:00:00,0.008266000000000006,0.6541032999999955,14.438180833333355
2023-02-26 12:00:00,0.0,0.5666125333333297,0.0
2023-02-26 13:00:00,0.0,0.8349228999999961,5.640852666666662
2023-02-26 14:00:00,0.0,0.7060187166666637,9.580091333333336
2023-02-26 15:00:00,0.0,0.6433579333333308,8.546060666666667
2023-02-26 16:00:00,0.0,3.4464061166666653,34.74176800000004
2023-02-26 17:00:00,0.0,31.386895383333417,36.87352400000003
2023-02-26 18:00:00,1.5163010000000021,46.238964333333406,0.6087840000000007
2023-02-26 19:00:00,1.471307000000003,35.8232351666667,9.801062666666693
2023-02-26 20:00:00,0.0,33.151882033333365,9.774812666666696
2023-02-26 21:00:00,0.0,23.02326035000004,0.0
2023-02-26 22:00:00,0.0,5.649158150000011,0.0
2023-02-26 23:00:00,0.0,0.43754924999999956,0.0
2023-02-27 00:00:00,0.0,1.9026168000000008,0.0
2023-02-27 01:00:00,0.0,6.2150965666666735,0.0
2023-02-27 02:00:00,0.0,9.237576416666673,0.0
2023-02-27 03:00:00,0.0,10.492819750000006,0.0
2023-02-27 04:00:00,0.0,11.32125210000001,0.0
2023-02-27 05:00:00,0.0,17.897574816666683,0.38620400000000016
2023-02-27 06:00:00,1.6587820000000038,32.51362421666673,10.755677000000032
2023-02-27 07:00:00,1.501303000000003,33.58341925000005,41.933123333333405
2023-02-27 08:00:00,0.0,38.95067815000001,44.637894666666696
2023-02-27 09:00:00,0.0,69.34731704999997,14.732846666666692
2023-02-27 10:00:00,0.008271000000000006,86.3130422,16.85848433333337
2023-02-27 11:00:00,0.008270000000000007,107.65524118333327,13.391846666666693
2023-02-27 12:00:00,0.0,137.2578396166666,0.0
2023-02-27 13:00:00,0.0,142.06707888333324,6.6375829999999985
2023-02-27 14:00:00,0.0,142.8472418333333,10.03022900000001
2023-02-27 15:00:00,0.0,129.94936006666666,8.478440000000006
2023-02-27 16:00:00,0.0,94.51789633333333,24.195509000000033
2023-02-27 17:00:00,0.0,62.97396711666676,23.10181466666669
2023-02-27 18:00:00,1.4713070000000041,58.91188966666676,0.6715280000000008
2023-02-27 19:00:00,1.4638080000000013,48.73199861666671,10.163480333333352
2023-02-27 20:00:00,0.0,44.87779528333337,9.291769333333356
2023-02-27 21:00:00,0.0,35.037023183333375,0.0
2023-02-27 22:00:00,0.0,14.557941666666684,0.0
2023-02-27 23:00:00,0.0,3.686744833333336,0.0
2023-02-28 00:00:00,0.0,2.420112783333334,0.0
2023-02-28 01:00:00,0.0,6.342595716666673,0.0
2023-02-28 02:00:00,0.0,8.612580583333344,0.0
2023-02-28 03:00:00,0.0,9.67007498333334,0.0
2023-02-28 04:00:00,0.0,11.86071233333334,0.0
2023-02-28 05:00:00,0.0,17.973302883333346,0.47684800000000066
2023-02-28 06:00:00,1.4488100000000022,30.183586300000055,10.451763000000032
2023-02-28 07:00:00,1.5612950000000019,33.79112205000005,33.96631933333339
2023-02-28 08:00:00,0.0,39.877383283333344,42.31856033333337
2023-02-28 09:00:00,0.0,70.73324715,17.9282371666667
2023-02-28 10:00:00,0.008270000000000007,78.04298503333331,13.795444666666695
2023-02-28 11:00:00,0.008271000000000006,117.50732803333328,13.077666166666692
2023-02-28 12:00:00,0.0,151.08700463333327,0.0
2023-02-28 13:00:00,0.0,141.88708298333327,6.792414333333338
2023-02-28 14:00:00,0.0,133.54992809999996,10.535012333333338
2023-02-28 15:00:00,0.0,128.64318328333326,10.056886666666673
2023-02-28 16:00:00,0.0,86.79470893333333,20.943668666666696
2023-02-28 17:00:00,0.0,61.42766893333342,27.074760666666705
2023-02-28 18:00:00,1.4263130000000033,58.78070895000009,0.5982440000000012
2023-02-28 19:00:00,1.6587820000000024,48.03381833333338,10.47259466666669
2023-02-28 20:00:00,0.0,46.67025590000004,10.539353666666692
2023-02-28 21:00:00,0.0,35.641436650000045,0.0
2023-02-28 22:00:00,0.0,16.359872950000014,0.0
2023-02-28 23:00:00,0.0,5.587731800000002,0.0
2023-03-01 00:00:00,0.0,1.7376181666666655,0.0
2023-03-01 01:00:00,0.0,6.625093833333339,0.0
2023-03-01 02:00:00,0.0,9.067577550000006,0.0
2023-03-01 03:00:00,0.0,10.660068233333341,0.0
2023-03-01 04:00:00,0.0,11.699869516666672,0.0
2023-03-01 05:00:00,0.0,18.31821853333335,0.4082760000000004
2023-03-01 06:00:00,1.4488100000000017,33.32112776666673,9.506205000000028
2023-03-01 07:00:00,1.6062889999999996,31.96503710000005,37.54627700000007
2023-03-01 08:00:00,0.0,37.749199000000004,38.80747933333337
2023-03-01 09:00:00,0.0,54.680175900000016,13.692412166666696
2023-03-01 10:00:00,0.008276000000000007,70.03506461666667,16.873881000000036
2023-03-01 11:00:00,0.008265000000000007,103.28050903333327,13.798204500000024
2023-03-01 12:00:00,0.0,142.06899748333325,0.0
2023-03-01 13:00:00,0.0,152.1821327999999,9.059862000000008
2023-03-01 14:00:00,0.0,156.3232455166666,9.118170333333335
2023-03-01 15:00:00,0.0,124.55969403333327,10.061429666666672
2023-03-01 16:00:00,0.0,94.22612658333331,31.19549266666669
2023-03-01 17:00:00,0.0,65.45185531666675,24.001450333333363
2023-03-01 18:00:00,1.4863050000000007,63.76645455000009,0.5839840000000015
2023-03-01 19:00:00,1.5537960000000028,49.99650838333337,10.99466466666669
2023-03-01 20:00:00,0.0,45.20857026666671,9.931385333333356
2023-03-01 21:00:00,0.0,33.53708288333338,0.0
2023-03-01 22:00:00,0.0,13.734838666666679,0.0
2023-03-01 23:00:00,0.0,4.639652100000001,0.0
2023-03-02 00:00:00,0.0,2.3026149333333352,0.0
2023-03-02 01:00:00,0.0,6.075097500000007,0.0
2023-03-02 02:00:00,0.0,8.640080400000006,0.0
2023-03-02 03:00:00,0.0,10.686067400000008,0.0
2023-03-02 04:00:00,0.0,11.633262716666671,0.0
2023-03-02 05:00:00,0.0,17.781821933333347,0.39302400000000093
2023-03-02 06:00:00,1.5912910000000022,30.254281983333392,9.52686833333336
2023-03-02 07:00:00,1.696277000000002,33.89479661666672,31.132213333333393
2023-03-02 08:00:00,0.0,43.87385186666667,24.60080633333337
2023-03-02 09:00:00,0.0,64.43895208333332,18.070510500000037
2023-03-02 10:00:00,0.008260000000000005,69.70398276666667,19.275391333333378
2023-03-02 11:00:00,0.008281000000000005,113.56033188333332,13.333256333333356
2023-03-02 12:00:00,0.0,130.55524799999992,0.0
2023-03-02 13:00:00,0.0,134.65281744999996,5.303737
2023-03-02 14:00:00,0.0,136.79375388333327,6.9807446666666735
2023-03-02 15:00:00,0.0,144.77534349999993,10.41502733333334
2023-03-02 16:00:00,0.0,107.90399076666664,37.761154333333366
2023-03-02 17:00:00,0.0,60.23419688333343,34.06581100000003
2023-03-02 18:00:00,1.343824000000002,59.31546166666675,0.619820000000001
2023-03-02 19:00:00,1.4638080000000029,48.88425073333338,10.07520366666669
2023-03-02 20:00:00,0.0,45.28727825000004,10.466064333333359
2023-03-02 21:00:00,0.0,34.79021816666671,0.0
2023-03-02 22:00:00,0.0,15.123260616666679,0.0
2023-03-02 23:00:00,0.0,4.520657350000001,0.0
2023-03-03 00:00:00,0.0,2.962611433333334,0.0
2023-03-03 01:00:00,0.0,8.032584450000005,0.0
2023-03-03 02:00:00,0.0,9.557574283333341,0.0
2023-03-03 03:00:00,0.0,10.16257108333334,0.0
2023-03-03 04:00:00,0.0,10.788508966666672,0.0
2023-03-03 05:00:00,0.0,17.035700566666684,0.4235280000000004
2023-03-03 06:00:00,1.7562690000000036,32.22831650000006,10.774708000000027
2023-03-03 07:00:00,1.4338120000000028,30.946409216666723,35.933590000000066
2023-03-03 08:00:00,0.0,39.19185953333335,28.550217000000035
2023-03-03 09:00:00,0.0,62.428223516666655,14.00006083333336
2023-03-03 10:00:00,0.008266000000000006,87.96429009999997,16.913817333333373
2023-03-03 11:00:00,0.008275000000000006,106.7045699833333,11.11797200000002
2023-03-03 12:00:00,0.0,138.36066323333327,0.0
2023-03-03 13:00:00,0.0,130.54592263333328,6.606277666666672
2023-03-03 14:00:00,0.0,145.19057543333332,11.259224666666672
2023-03-03 15:00:00,0.0,138.52803064999995,9.523286000000004
2023-03-03 16:00:00,0.0,85.4884862,37.9844706666667
2023-03-03 17:00:00,0.0,58.07162765000009,28.72481300000003
2023-03-03 18:00:00,1.3438240000000032,59.85563040000009,0.6665680000000002
2023-03-03 19:00:00,1.5612950000000025,48.84032205000004,10.23609966666669
2023-03-03 20:00:00,0.0,47.93069815000004,9.819785666666696
2023-03-03 21:00:00,0.0,36.04843933333338,0.0
2023-03-03 22:00:00,0.0,15.589484283333352,0.0
2023-03-03 23:00:00,0.0,5.183726800000004,0.0
2023-03-04 00:00:00,0.0,2.4226132000000016,0.0
2023-03-04 01:00:00,0.0,7.302589316666672,0.0
2023-03-04 02:00:00,0.0,8.242583050000004,0.0
2023-03-04 03:00:00,0.0,9.283577250000006,0.0
2023-03-04 04:00:00,0.0,9.939444416666673,0.0
2023-03-04 05:00:00,0.0,17.02361933333335,0.4764760000000012
2023-03-04 06:00:00,1.7562690000000016,30.416414483333384,10.57832966666669
2023-03-04 07:00:00,1.5238000000000023,30.44400256666672,46.72355433333339
2023-03-04 08:00:00,0.0,29.51692076666668,23.593130666666703
2023-03-04 09:00:00,0.0,55.309061533333335,15.957578500000023
2023-03-04 10:00:00,0.008265000000000007,75.83404054999997,15.81711883333337
2023-03-04 11:00:00,0.008276000000000006,102.94357044999998,14.446375500000027
2023-03-04 12:00:00,0.0,143.35125211666661,0.0
2023-03-04 13:00:00,0.0,166.35838879999991,6.30380166666667
2023-03-04 14:00:00,0.0,150.55715288333326,9.219997666666671
2023-03-04 15:00:00,0.0,140.1072666999999,8.798366000000001
2023-03-04 16:00:00,0.0,99.53024341666664,32.71896366666669
2023-03-04 17:00:00,0.0,55.972993516666754,26.53701033333337
2023-03-04 18:00:00,1.411315000000002,61.80028363333342,0.6095280000000013
2023-03-04 19:00:00,1.4038160000000035,48.34694011666671,9.86814100000003
2023-03-04 20:00:00,0.0,44.77680268333337,10.142925000000028
2023-03-04 21:00:00,0.0,34.15468721666671,0.0
2023-03-04 22:00:00,0.0,14.211878600000016,0.0
2023-03-04 23:00:00,0.0,5.652393533333337,0.0
2023-03-05 00:00:00,0.0,0.0,0.0
2023-03-05 01:00:00,0.0,0.0,0.0
2023-03-05 02:00:00,0.0,0.0,0.0
2023-03-05 03:00:00,0.0,0.0,0.0
2023-03-05 04:00:00,0.0,0.26219643333333303,0.0
2023-03-05 05:00:00,0.0,5.637260650000008,0.48986800000000097
2023-03-05 06:00:00,1.5013030000000027,18.42959720000005,10.863417666666692
2023-03-05 07:00:00,1.4713070000000037,15.13614478333338,35.813827666666725
2023-03-05 08:00:00,0.0,1.3870930333333313,20.628169333333368
2023-03-05 09:00:00,0.0,0.6086600666666636,13.888707000000021
2023-03-05 10:00:00,0.008272000000000005,0.6237709999999966,18.45446016666671
2023-03-05 11:00:00,0.008269000000000006,0.6020189499999966,15.52677783333336
2023-03-05 12:00:00,0.0,0.719511116666663,0.0
2023-03-05 13:00:00,0.0,0.7105161833333302,5.313239000000003
2023-03-05 14:00:00,0.0,0.7623449333333295,8.378237333333335
2023-03-05 15:00:00,0.0,0.7002650166666633,10.586012333333338
2023-03-05 16:00:00,0.0,2.990139933333332,38.65593933333336
2023-03-05 17:00:00,0.0,32.93205425000008,33.75132000000004
2023-03-05 18:00:00,1.733772000000001,45.48367880000008,0.6210600000000008
2023-03-05 19:00:00,1.3888180000000032,35.35904418333337,9.50308966666669
2023-03-05 20:00:00,0.0,32.84987118333337,10.605980333333363
2023-03-05 21:00:00,0.0,23.46751040000004,0.0
2023-03-05 22:00:00,0.0,6.302922616666677,0.0
2023-03-05 23:00:00,0.0,0.4887219499999995,0.0
2023-03-06 00:00:00,0.0,2.1951147166666662,0.0
2023-03-06 01:00:00,0.0,6.320095866666671,0.0
2023-03-06 02:00:00,0.0,8.000084666666671,0.0
2023-03-06 03:00:00,0.0,9.497075516666671,0.0
2023-03-06 04:00:00,0.0,11.323474066666671,0.0
2023-03-06 05:00:00,0.0,16.382759916666682,0.5066080000000003
2023-03-06 06:00:00,1.6437840000000017,30.78010506666672,10.51599500000003
2023-03-06 07:00:00,1.4713070000000017,31.524701500000045,43.902855666666724
2023-03-06 08:00:00,0.0,39.46627346666668,27.102650000000033
2023-03-06 09:00:00,0.0,63.60577136666666,15.250579000000023
2023-03-06 10:00:00,0.008271000000000006,66.86580441666666,15.821382500000038
2023-03-06 11:00:00,0.008270000000000005,110.38566209999996,13.739996666666695
2023-03-06 12:00:00,0.0,156.87041604999993,0.0
2023-03-06 13:00:00,0.0,147.8764919999999,7.347869333333334
2023-03-06 14:00:00,0.0,139.1827404166666,9.732228000000005
2023-03-06 15:00:00,0.0,128.33302834999998,9.71559033333334
2023-03-06 16:00:00,0.0,92.52139981666666,38.41372533333337
2023-03-06 17:00:00,0.0,63.63361348333342,17.368108666666696
2023-03-06 18:00:00,1.561295000000003,61.07758135000009,0.5822480000000013
2023-03-06 19:00:00,1.4188140000000034,49.187565516666716,10.147658333333357
2023-03-06 20:00:00,0.0,47.34143943333338,10.59931766666669
2023-03-06 21:00:00,0.0,35.09703850000005,0.0
2023-03-06 22:00:00,0.0,15.264896216666683,0.0
2023-03-06 23:00:00,0.0,4.898572666666669,0.0
2023-03-07 00:00:00,0.0,2.1626148500000006,0.0
2023-03-07 01:00:00,0.0,7.345089033333339,0.0
2023-03-07 02:00:00,0.0,8.697580016666674,0.0
2023-03-07 03:00:00,0.0,10.112570850000008,0.0
2023-03-07 04:00:00,0.0,10.877534283333338,0.0
2023-03-07 05:00:00,0.0,17.139394216666684,0.43964800000000087
2023-03-07 06:00:00,1.4938040000000024,28.363663383333396,10.331837000000023
2023-03-07 07:00:00,1.4488100000000028,28.69053828333338,49.2287963333334
2023-03-07 08:00:00,0.0,33.58230133333334,22.49817733333336
2023-03-07 09:00:00,0.0,56.48900793333334,15.461298833333363
2023-03-07 10:00:00,0.008265000000000007,67.56378818333334,17.706616666666704
2023-03-07 11:00:00,0.008276000000000007,103.18199856666665,12.877451833333355
2023-03-07 12:00:00,0.0,145.80223438333323,0.0
2023-03-07 13:00:00,0.0,152.12672526666657,8.079959000000002
2023-03-07 14:00:00,0.0,143.50450968333328,9.182646333333338
2023-03-07 15:00:00,0.0,139.60377279999994,11.523760666666675
2023-03-07 16:00:00,0.0,95.24987835,32.26932233333336
2023-03-07 17:00:00,0.0,65.41486203333343,22.65512000000003
2023-03-07 18:00:00,1.6587820000000029,64.72726573333343,0.603824000000001
2023-03-07 19:00:00,1.4938040000000028,50.63266845000004,10.2058586666667
2023-03-07 20:00:00,0.0,45.68588585000004,9.811457333333365
2023-03-07 21:00:00,0.0,34.1923104166667,0.0
2023-03-07 22:00:00,0.0,15.133420850000016,0.0
2023-03-07 23:00:00,0.0,5.6320659166666704,0.0
2023-03-08 00:00:00,0.0,2.972609283333333,0.0
2023-03-08 01:00:00,0.0,7.152590316666673,0.0
2023-03-08 02:00:00,0.0,8.840079066666672,0.0
2023-03-08 03:00:00,0.0,10.167571416666672,0.0
2023-03-08 04:00:00,0.0,11.164634900000005,0.0
2023-03-08 05:00:00,0.0,17.277259516666682,0.4152200000000007
2023-03-08 06:00:00,1.5238000000000012,30.268070066666727,10.054890333333352
2023-03-08 07:00:00,1.4863050000000029,31.059464516666722,28.9100943333334
2023-03-08 08:00:00,0.0,39.03389873333335,31.924119333333362
2023-03-08 09:00:00,0.0,61.03635141666664,14.436326333333364
2023-03-08 10:00:00,0.008275000000000006,72.21063826666665,16.554573333333366
2023-03-08 11:00:00,0.008266000000000006,95.37352374999996,12.83679066666669
2023-03-08 12:00:00,0.0,140.42568283333324,0.0
2023-03-08 13:00:00,0.0,150.6372366666666,8.599721333333335
2023-03-08 14:00:00,0.0,141.43265843333327,10.388542333333339
2023-03-08 15:00:00,0.0,155.60108413333327,9.646243000000005
2023-03-08 16:00:00,0.0,96.41694515,37.18518933333336
2023-03-08 17:00:00,0.0,56.600223700000086,32.331230333333366
2023-03-08 18:00:00,1.5612950000000037,64.05982480000009,0.6314760000000011
2023-03-08 19:00:00,1.5238000000000012,49.80246786666671,10.483614000000031
2023-03-08 20:00:00,0.0,45.01512505000004,10.074632666666695
2023-03-08 21:00:00,0.0,33.60209818333338,0.0
2023-03-08 22:00:00,0.0,14.050435550000014,0.0
2023-03-08 23:00:00,0.0,4.919480283333336,0.0
2023-03-09 00:00:00,0.0,2.442613849999999,0.0
2023-03-09 01:00:00,0.0,6.115097233333338,0.0
2023-03-09 02:00:00,0.0,8.037584416666672,0.0
2023-03-09 03:00:00,0.0,9.295576433333336,0.0
2023-03-09 04:00:00,0.0,10.521689366666672,0.0
2023-03-09 05:00:00,0.0,16.832635166666684,0.466060000000001
2023-03-09 06:00:00,1.6662810000000023,32.16661606666673,10.502590000000026
2023-03-09 07:00:00,1.4038160000000024,30.033148833333385,28.142457000000054
2023-03-09 08:00:00,0.0,35.90058366666668,35.405094666666706
2023-03-09 09:00:00,0.0,57.34279961666667,15.356545166666692
2023-03-09 10:00:00,0.008271000000000006,71.45403376666667,18.498453500000046
2023-03-09 11:00:00,0.008270000000000005,116.33398294999996,14.893330166666695
2023-03-09 12:00:00,0.0,159.94906144999993,0.0
2023-03-09 13:00:00,0.0,153.2957252333333,5.410384666666665
2023-03-09 14:00:00,0.0,138.2249221833333,7.814316333333331
2023-03-09 15:00:00,0.0,123.95153796666659,8.214940000000002
2023-03-09 16:00:00,0.0,92.24453116666668,37.20002733333336
2023-03-09 17:00:00,0.0,62.460042633333416,29.05714600000003
2023-03-09 18:00:00,1.3813189999999993,60.25414580000009,0.5467840000000015
2023-03-09 19:00:00,1.643784000000002,48.529609116666705,9.844416333333363
2023-03-09 20:00:00,0.0,44.311739366666714,11.478789666666689
2023-03-09 21:00:00,0.0,34.273648816666714,0.0
2023-03-09 22:00:00,0.0,14.117993883333348,0.0
2023-03-09 23:00:00,0.0,4.902485400000003,0.0
2023-03-10 00:00:00,0.0,2.4201126666666677,0.0
2023-03-10 01:00:00,0.0,5.8600989333333375,0.0
2023-03-10 02:00:00,0.0,9.920071866666673,0.0
2023-03-10 03:00:00,0.0,11.458312466666673,0.0
2023-03-10 04:00:00,0.0,11.948540450000007,0.0
2023-03-10 05:00:00,0.0,16.754848666666682,0.4403920000000006
2023-03-10 06:00:00,1.4263130000000024,30.394905150000064,10.273616333333361
2023-03-10 07:00:00,1.6662810000000017,34.18747243333338,43.05695466666673
2023-03-10 08:00:00,0.0,35.13677493333334,41.234187000000034
2023-03-10 09:00:00,0.0,61.79128599999999,14.624881166666695
2023-03-10 10:00:00,0.008271000000000006,81.00804176666664,15.207134666666697
2023-03-10 11:00:00,0.008270000000000005,115.34106596666665,12.623532500000024
2023-03-10 12:00:00,0.0,156.7158971166666,0.0
2023-03-10 13:00:00,0.0,163.40781214999993,6.3491180000000025
2023-03-10 14:00:00,0.0,133.48299749999995,12.734304333333345
2023-03-10 15:00:00,0.0,132.04897928333327,11.363090000000007
2023-03-10 16:00:00,0.0,82.10512205,18.648318666666693
2023-03-10 17:00:00,0.0,62.31421953333342,22.64567733333336
2023-03-10 18:00:00,1.5687940000000018,60.34778985000009,0.6229200000000008
2023-03-10 19:00:00,1.433812000000005,48.19852108333337,9.833811666666689
2023-03-10 20:00:00,0.0,45.63909748333337,10.892475000000028
2023-03-10 21:00:00,0.0,33.589710333333386,0.0
2023-03-10 22:00:00,0.0,13.539232733333348,0.0
2023-03-10 23:00:00,0.0,4.599816433333335,0.0
2023-03-11 00:00:00,0.0,2.7076114000000007,0.0
2023-03-11 01:00:00,0.0,7.197590016666673,0.0
2023-03-11 02:00:00,0.0,9.920071866666673,0.0
2023-03-11 03:00:00,0.0,10.062571266666671,0.0
2023-03-11 04:00:00,0.0,11.372893016666673,0.0
2023-03-11 05:00:00,0.0,16.521398100000017,0.4717640000000014
2023-03-11 06:00:00,1.501303000000001,30.13793516666673,10.324854000000029
2023-03-11 07:00:00,1.6512830000000032,28.866305933333383,47.57617600000005
2023-03-11 08:00:00,0.0,45.17711163333334,32.6075076666667
2023-03-11 09:00:00,0.0,69.9955552333333,14.114579000000024
2023-03-11 10:00:00,0.008261000000000004,79.83521729999997,17.047230500000033
2023-03-11 11:00:00,0.008280000000000006,114.4250891333333,13.464501000000022
2023-03-11 12:00:00,0.0,143.3027449333333,0.0
2023-03-11 13:00:00,0.0,140.94882561666662,9.567116333333335
2023-03-11 14:00:00,0.0,139.07858096666664,8.811219333333337
2023-03-11 15:00:00,0.0,121.50394419999995,9.735146333333349
2023-03-11 16:00:00,0.0,78.62687691666667,26.25260533333337
2023-03-11 17:00:00,0.0,58.81027671666675,20.467213000000026
2023-03-11 18:00:00,1.5013030000000036,61.70024868333342,0.5932840000000015
2023-03-11 19:00:00,1.441311000000003,49.62003470000005,10.638130666666695
2023-03-11 20:00:00,0.0,46.43023210000005,10.187898000000029
2023-03-11 21:00:00,0.0,35.03357931666671,0.0
2023-03-11 22:00:00,0.0,15.18011246666668,0.0
2023-03-11 23:00:00,0.0,3.912319150000001,0.0
2023-03-12 00:00:00,0.0,0.0,0.0
2023-03-12 01:00:00,0.0,0.0,0.0
2023-03-12 02:00:00,0.0,0.0,0.0
2023-03-12 03:00:00,0.0,0.0,0.0
2023-03-12 04:00:00,0.0,0.2498271166666664,0.0
2023-03-12 05:00:00,0.0,4.483295300000009,0.42092400000000063
2023-03-12 06:00:00,1.6887780000000023,17.399892316666715,10.512036000000025
2023-03-12 07:00:00,1.3063290000000025,15.760377400000046,37.85038533333339
2023-03-12 08:00:00,0.0,1.9960205499999994,37.2993916666667
2023-03-12 09:00:00,0.0,0.6543118999999968,14.14787166666669
2023-03-12 10:00:00,0.008280000000000006,0.6575191499999959,15.954613333333366
2023-03-12 11:00:00,0.008261000000000006,0.6481057666666619,13.50730266666669
2023-03-12 12:00:00,0.0,0.6609395999999963,0.0
2023-03-12 13:00:00,0.0,0.6455272166666631,6.133801666666668
2023-03-12 14:00:00,0.0,0.70693493333333,9.908741000000008
2023-03-12 15:00:00,0.0,0.7395962166666628,11.703902333333344
2023-03-12 16:00:00,0.0,3.695428433333331,25.422447666666702
2023-03-12 17:00:00,0.0,34.267855216666746,29.9443456666667
2023-03-12 18:00:00,1.3963170000000018,45.251943233333414,0.6613600000000008
2023-03-12 19:00:00,1.7037760000000004,35.6711775166667,10.76693300000003
2023-03-12 20:00:00,0.0,32.9102591666667,9.894740666666694
2023-03-12 21:00:00,0.0,22.61642251666671,0.0
2023-03-12 22:00:00,0.0,5.617142150000009,0.0
2023-03-12 23:00:00,0.0,0.33013379999999964,0.0
2023-03-13 00:00:00,0.0,1.9976184166666655,0.0
2023-03-13 01:00:00,0.0,5.8600989333333375,0.0
2023-03-13 02:00:00,0.0,9.447575016666677,0.0
2023-03-13 03:00:00,0.0,11.735061183333343,0.0
2023-03-13 04:00:00,0.0,11.89686933333334,0.0
2023-03-13 05:00:00,0.0,17.437478366666678,0.403068000000001
2023-03-13 06:00:00,1.5537960000000026,29.501027583333403,10.159429333333355
2023-03-13 07:00:00,1.561295000000003,29.137412933333387,39.06906066666672
2023-03-13 08:00:00,0.0,43.54373650000001,39.99622466666671
2023-03-13 09:00:00,0.0,59.6533257,14.87908483333336
2023-03-13 10:00:00,0.008282000000000006,70.63365086666664,17.272070000000035
2023-03-13 11:00:00,0.008259000000000006,119.71146871666664,13.586656000000026
2023-03-13 12:00:00,0.0,148.46406953333326,0.0
2023-03-13 13:00:00,0.0,129.49374744999997,6.825395333333333
2023-03-13 14:00:00,0.0,136.59200888333328,8.683736333333336
2023-03-13 15:00:00,0.0,132.7587616833333,8.065084666666666
2023-03-13 16:00:00,0.0,101.70063774999998,25.845440333333368
2023-03-13 17:00:00,0.0,65.31307921666675,25.692018666666698
2023-03-13 18:00:00,1.516301000000002,62.818533750000086,0.612752000000001
2023-03-13 19:00:00,1.463808000000003,50.31929340000004,10.956639333333358
2023-03-13 20:00:00,0.0,47.281555266666714,9.89807200000003
2023-03-13 21:00:00,0.0,34.28177783333338,0.0
2023-03-13 22:00:00,0.0,14.905607216666683,0.0
2023-03-13 23:00:00,0.0,3.6781593833333353,0.0
2023-03-14 00:00:00,0.0,2.667612166666668,0.0
2023-03-14 01:00:00,0.0,6.907591950000007,0.0
2023-03-14 02:00:00,0.0,9.785072766666671,0.0
2023-03-14 03:00:00,0.0,11.259064233333339,0.0
2023-03-14 04:00:00,0.0,11.699031150000005,0.0
2023-03-14 05:00:00,0.0,17.626430283333345,0.4705240000000009
2023-03-14 06:00:00,1.6212870000000021,32.69963038333339,9.578428333333354
2023-03-14 07:00:00,1.598790000000003,31.57075275000005,35.65656266666673
2023-03-14 08:00:00,0.0,41.59474415000001,36.801667000000045
2023-03-14 09:00:00,0.0,56.65651035,13.059683500000025
2023-03-14 10:00:00,0.008267000000000007,74.31646766666665,17.355421833333374
2023-03-14 11:00:00,0.008274000000000007,103.91189975,13.305342333333359
2023-03-14 12:00:00,0.0,150.00039766666663,0.0
2023-03-14 13:00:00,0.0,153.45241509999994,6.945864333333332
2023-03-14 14:00:00,0.0,147.41375978333323,11.273252666666675
2023-03-14 15:00:00,0.0,123.69287236666662,9.024342000000006
2023-03-14 16:00:00,0.0,98.33168484999997,34.127008666666704
2023-03-14 17:00:00,0.0,62.9137157000001,18.30416033333336
2023-03-14 18:00:00,1.4413110000000031,61.720104366666746,0.6033280000000012
2023-03-14 19:00:00,1.4338120000000023,47.800736116666705,10.85061966666669
2023-03-14 20:00:00,0.0,46.02166035000004,10.511037333333364
2023-03-14 21:00:00,0.0,32.599547700000045,0.0
2023-03-14 22:00:00,0.0,14.292534500000015,0.0
2023-03-14 23:00:00,0.0,5.27316001666667,0.0
2023-03-15 00:00:00,0.0,2.085116416666666,0.0
2023-03-15 01:00:00,0.0,5.262602916666671,0.0
2023-03-15 02:00:00,0.0,7.187590083333338,0.0
2023-03-15 03:00:00,0.0,9.145577366666672,0.0
2023-03-15 04:00:00,0.0,11.72087493333334,0.0
2023-03-15 05:00:00,0.0,16.970297766666683,0.4718880000000005
2023-03-15 06:00:00,1.5462970000000023,30.005400366666727,10.83936733333336
2023-03-15 07:00:00,1.2688340000000031,31.454676100000047,33.52290700000006
2023-03-15 08:00:00,0.0,32.58508025000002,26.4290206666667
2023-03-15 09:00:00,0.0,61.23060346666666,16.366176666666696
2023-03-15 10:00:00,0.008267000000000005,69.25770523333334,18.21152133333337
2023-03-15 11:00:00,0.008274000000000007,108.23057489999998,12.64978400000002
2023-03-15 12:00:00,0.0,135.65916681666658,0.0
2023-03-15 13:00:00,0.0,145.6048142333333,7.215186666666666
2023-03-15 14:00:00,0.0,160.82747958333331,7.665825333333337
2023-03-15 15:00:00,0.0,148.2508437833333,9.938127333333345
2023-03-15 16:00:00,0.0,94.42269258333334,38.99795433333337
2023-03-15 17:00:00,0.0,62.289739166666756,27.287913000000035
2023-03-15 18:00:00,1.621287000000004,61.54598543333342,0.6168440000000014
2023-03-15 19:00:00,1.6587820000000004,49.98799655000004,10.468236333333357
2023-03-15 20:00:00,0.0,47.26645720000004,9.79480066666669
2023-03-15 21:00:00,0.0,35.113103366666714,0.0
2023-03-15 22:00:00,0.0,15.668894033333348,0.0
2023-03-15 23:00:00,0.0,5.295231050000002,0.0
2023-03-16 00:00:00,0.0,2.265115816666667,0.0
2023-03-16 01:00:00,0.0,6.617593883333339,0.0
2023-03-16 02:00:00,0.0,10.032571116666672,0.0
2023-03-16 03:00:00,0.0,11.667310500000008,0.0
2023-03-16 04:00:00,0.0,11.207847416666677,0.0
2023-03-16 05:00:00,0.0,16.880623250000014,0.4607280000000004
2023-03-16 06:00:00,1.4413110000000022,31.5512682833334,10.112779666666697
2023-03-16 07:00:00,1.6662810000000021,32.36183918333339,24.838381666666727
2023-03-16 08:00:00,0.0,41.306021333333355,29.03736966666669
2023-03-16 09:00:00,0.0,58.95897188333333,13.792909666666688
2023-03-16 10:00:00,0.008279000000000007,80.35322539999997,15.902703166666704
2023-03-16 11:00:00,0.008262000000000005,118.50056956666664,15.723648666666692
2023-03-16 12:00:00,0.0,140.16317094999994,0.0
2023-03-16 13:00:00,0.0,142.0456597833333,7.8301076666666685
2023-03-16 14:00:00,0.0,138.56665274999995,9.965407666666671
2023-03-16 15:00:00,0.0,129.67384933333327,9.43446766666667
2023-03-16 16:00:00,0.0,90.50024573333332,36.04400000000003
2023-03-16 17:00:00,0.0,59.41303965000009,37.484434666666715
2023-03-16 18:00:00,1.5987900000000026,58.709342233333416,0.6467280000000005
2023-03-16 19:00:00,1.3888180000000026,48.8515645666667,9.864780000000025
2023-03-16 20:00:00,0.0,43.97516810000005,11.635362333333358
2023-03-16 21:00:00,0.0,33.75687861666671,0.0
2023-03-16 22:00:00,0.0,14.758352650000015,0.0
2023-03-16 23:00:00,0.0,4.975814200000003,0.0
2023-03-17 00:00:00,0.0,2.2201147000000008,0.0
2023-03-17 01:00:00,0.0,6.195096700000007,0.0
2023-03-17 02:00:00,0.0,7.09759068333334,0.0
2023-03-17 03:00:00,0.0,9.149827566666673,0.0
2023-03-17 04:00:00,0.0,11.50131951666667,0.0
2023-03-17 05:00:00,0.0,16.437631550000013,0.4007120000000004
2023-03-17 06:00:00,1.538798000000002,31.912119916666725,9.970424333333364
2023-03-17 07:00:00,1.4188140000000018,30.20904466666671,39.05198566666671
2023-03-17 08:00:00,0.0,39.61965866666668,28.319419666666704
2023-03-17 09:00:00,0.0,60.668974199999994,16.60418750000003
2023-03-17 10:00:00,0.008276000000000006,76.46087851666665,16.764552166666704
2023-03-17 11:00:00,0.008265000000000007,110.01541974999996,15.970138666666692
2023-03-17 12:00:00,0.0,144.59023476666664,0.0
2023-03-17 13:00:00,0.0,140.03715739999996,7.503495999999999
2023-03-17 14:00:00,0.0,148.50989736666662,7.663648666666667
2023-03-17 15:00:00,0.0,146.93024396666658,11.628076000000007
2023-03-17 16:00:00,0.0,98.59105338333332,22.32472933333336
2023-03-17 17:00:00,0.0,64.10481243333342,33.8307216666667
2023-03-17 18:00:00,1.6212870000000013,60.38802470000008,0.5656320000000017
2023-03-17 19:00:00,1.5163010000000015,50.47279846666672,10.042938000000024
2023-03-17 20:00:00,0.0,45.41432385000005,10.316154333333357
2023-03-17 21:00:00,0.0,34.481514750000045,0.0
2023-03-17 22:00:00,0.0,13.425478816666683,0.0
2023-03-17 23:00:00,0.0,3.853573316666668,0.0
2023-03-18 00:00:00,0.0,2.5676128833333327,0.0
2023-03-18 01:00:00,0.0,6.557594283333338,0.0
2023-03-18 02:00:00,0.0,9.185076766666672,0.0
2023-03-18 03:00:00,0.0,11.267563366666673,0.0
2023-03-18 04:00:00,0.0,13.10195193333334,0.0
2023-03-18 05:00:00,0.0,18.051817283333353,0.43307600000000085
2023-03-18 06:00:00,1.471307000000003,30.619070016666726,10.138020000000026
2023-03-18 07:00:00,1.3663210000000021,33.45150576666671,39.720255000000066
2023-03-18 08:00:00,0.0,41.661443333333345,37.46308633333337
2023-03-18 09:00:00,0.0,62.955674733333325,15.705481500000028
2023-03-18 10:00:00,0.008278000000000006,83.7006908333333,16.57420050000004
2023-03-18 11:00:00,0.008263000000000005,109.95280109999996,13.325674500000028
2023-03-18 12:00:00,0.0,134.05658098333325,0.0
2023-03-18 13:00:00,0.0,144.7974903833333,8.372743333333336
2023-03-18 14:00:00,0.0,154.5220123333333,10.545205000000003
2023-03-18 15:00:00,0.0,133.4705254166666,9.05098266666667
2023-03-18 16:00:00,0.0,87.31803746666668,28.436720333333366
2023-03-18 17:00:00,0.0,58.82331341666675,23.732449666666696
2023-03-18 18:00:00,1.6512830000000025,60.1563996500001,0.6113880000000009
2023-03-18 19:00:00,1.6062890000000032,48.33577460000004,9.833841333333364
2023-03-18 20:00:00,0.0,44.77745686666671,10.774212666666692
2023-03-18 21:00:00,0.0,34.45024000000005,0.0
2023-03-18 22:00:00,0.0,14.693779333333348,0.0
2023-03-18 23:00:00,0.0,5.592896116666671,0.0
2023-03-19 00:00:00,0.0,0.0,0.0
2023-03-19 01:00:00,0.0,0.0,0.0
2023-03-19 02:00:00,0.0,0.0,0.0
2023-03-19 03:00:00,0.0,0.0,0.0
2023-03-19 04:00:00,0.0,0.2554374166666664,0.0
2023-03-19 05:00:00,0.0,4.988064383333341,0.4984240000000003
2023-03-19 06:00:00,1.5387980000000026,18.58521906666672,10.347464666666697
2023-03-19 07:00:00,1.531299000000001,14.704255000000046,42.1245153333334
2023-03-19 08:00:00,0.0,2.2702387333333336,37.59983600000003
2023-03-19 09:00:00,0.0,0.5036164333333304,17.02126800000003
2023-03-19 10:00:00,0.008271000000000006,0.6002738166666639,17.466076000000037
2023-03-19 11:00:00,0.008270000000000005,0.7009315333333295,14.669179166666689
2023-03-19 12:00:00,0.0,0.6923524499999962,0.0
2023-03-19 13:00:00,0.0,0.6938553166666631,5.076240999999996
2023-03-19 14:00:00,0.0,0.7155178499999967,8.11579033333334
2023-03-19 15:00:00,0.0,0.8032597499999958,10.99447933333334
2023-03-19 16:00:00,0.0,3.3089517166666647,18.665640666666693
2023-03-19 17:00:00,0.0,32.25862153333341,27.06382933333336
2023-03-19 18:00:00,1.5687940000000018,44.68013188333341,0.5872080000000014
2023-03-19 19:00:00,1.4563090000000023,36.16087863333336,10.346207666666688
2023-03-19 20:00:00,0.0,33.327831116666694,10.299497666666701
2023-03-19 21:00:00,0.0,22.993455500000042,0.0
2023-03-19 22:00:00,0.0,6.153376933333342,0.0
2023-03-19 23:00:00,0.0,0.3745536499999996,0.0
2023-03-20 00:00:00,0.0,2.040116216666668,0.0
2023-03-20 01:00:00,0.0,5.3651022333333405,0.0
2023-03-20 02:00:00,0.0,7.895085366666675,0.0
2023-03-20 03:00:00,0.0,9.345076866666673,0.0
2023-03-20 04:00:00,0.0,10.73105773333334,0.0
2023-03-20 05:00:00,0.0,16.701039200000015,0.4452280000000003
2023-03-20 06:00:00,1.4863050000000027,32.09665815000006,9.46872933333336
2023-03-20 07:00:00,1.4188140000000034,34.059016933333375,28.420294333333402
2023-03-20 08:00:00,0.0,43.46494735000001,37.45572233333337
2023-03-20 09:00:00,0.0,65.05714766666664,12.846394500000022
2023-03-20 10:00:00,0.008270000000000007,74.66930916666665,17.852220166666704
2023-03-20 11:00:00,0.008271000000000006,96.69558719999999,14.513643166666695
2023-03-20 12:00:00,0.0,139.3455139499999,0.0
2023-03-20 13:00:00,0.0,153.60599848333325,6.169131999999998
2023-03-20 14:00:00,0.0,148.95616378333327,12.615649666666675
2023-03-20 15:00:00,0.0,131.67318041666664,10.697859666666675
2023-03-20 16:00:00,0.0,95.37074386666666,31.42112466666669
2023-03-20 17:00:00,0.0,61.58337833333342,28.31381400000003
2023-03-20 18:00:00,1.456309000000003,60.72403928333341,0.5785280000000014
2023-03-20 19:00:00,1.7337720000000014,48.92740778333337,11.446971000000023
2023-03-20 20:00:00,0.0,47.04390438333338,9.936382333333363
2023-03-20 21:00:00,0.0,34.941722383333385,0.0
2023-03-20 22:00:00,0.0,14.25149856666668,0.0
2023-03-20 23:00:00,0.0,4.454239683333335,0.0
2023-03-21 00:00:00,0.0,2.1076166833333327,0.0
2023-03-21 01:00:00,0.0,4.960104933333335,0.0
2023-03-21 02:00:00,0.0,7.622587183333338,0.0
2023-03-21 03:00:00,0.0,9.595074700000007,0.0
2023-03-21 04:00:00,0.0,11.704911833333341,0.0
2023-03-21 05:00:00,0.0,18.766595533333348,0.528184000000001
2023-03-21 06:00:00,1.5612950000000019,34.08981171666673,10.291866333333365
2023-03-21 07:00:00,1.388818000000003,26.866039350000044,31.4622933333334
2023-03-21 08:00:00,0.0,29.498832050000004,41.516890000000046
2023-03-21 09:00:00,0.0,57.61142486666667,15.949403166666695
2023-03-21 10:00:00,0.008268000000000006,76.98563181666663,17.552078333333373
2023-03-21 11:00:00,0.008273000000000004,110.64092451666664,12.530078500000023
2023-03-21 12:00:00,0.0,145.41999846666658,0.0
2023-03-21 13:00:00,0.0,153.28107513333325,6.133145000000001
2023-03-21 14:00:00,0.0,155.08541353333328,11.009820666666675
2023-03-21 15:00:00,0.0,131.00118299999997,8.94003266666667
2023-03-21 16:00:00,0.0,94.96654188333332,25.665234333333363
2023-03-21 17:00:00,0.0,60.60363285000008,25.91458866666669
2023-03-21 18:00:00,1.591291000000003,59.30566071666675,0.6068000000000013
2023-03-21 19:00:00,1.5537960000000046,49.22502373333337,9.951970333333364
2023-03-21 20:00:00,0.0,44.62631863333337,10.864158666666693
2023-03-21 21:00:00,0.0,32.98763918333338,0.0
2023-03-21 22:00:00,0.0,14.06061198333335,0.0
2023-03-21 23:00:00,0.0,5.313567033333336,0.0
2023-03-22 00:00:00,0.0,2.680112099999999,0.0
2023-03-22 01:00:00,0.0,6.285096100000006,0.0
2023-03-22 02:00:00,0.0,9.080077466666676,0.0
2023-03-22 03:00:00,0.0,11.140064516666673,0.0
2023-03-22 04:00:00,0.0,12.35571238333334,0.0
2023-03-22 05:00:00,0.0,19.183285016666684,0.46903600000000056
2023-03-22 06:00:00,1.4338120000000025,33.72757116666673,10.686674000000025
2023-03-22 07:00:00,1.6137880000000009,31.902533300000048,25.34214133333339
2023-03-22 08:00:00,0.0,40.43118808333334,24.699520333333368
2023-03-22 09:00:00,0.0,64.20888670000001,14.908372333333363
2023-03-22 10:00:00,0.008268000000000006,73.78441089999998,13.800487000000034
2023-03-22 11:00:00,0.008273000000000006,102.16875561666664,13.826351500000023
2023-03-22 12:00:00,0.0,136.7834435499999,0.0
2023-03-22 13:00:00,0.0,135.4414220999999,6.699087000000004
2023-03-22 14:00:00,0.0,152.6169799833333,11.463224666666676
2023-03-22 15:00:00,0.0,139.51792204999992,9.018140333333337
2023-03-22 16:00:00,0.0,101.86273391666664,41.380315333333364
2023-03-22 17:00:00,0.0,58.94984076666676,37.38027233333337
2023-03-22 18:00:00,1.441311000000003,61.42445786666675,0.5526120000000019
2023-03-22 19:00:00,1.6062890000000012,48.54523035000004,9.939700000000036
2023-03-22 20:00:00,0.0,45.84809700000004,10.356130333333367
2023-03-22 21:00:00,0.0,33.49372123333338,0.0
2023-03-22 22:00:00,0.0,13.92303818333335,0.0
2023-03-22 23:00:00,0.0,4.075993750000001,0.0
2023-03-23 00:00:00,0.0,2.22011605,0.0
2023-03-23 01:00:00,0.0,6.862592250000007,0.0
2023-03-23 02:00:00,0.0,9.637573750000008,0.0
2023-03-23 03:00:00,0.0,11.622312533333336,0.0
2023-03-23 04:00:00,0.0,13.239996150000005,0.0
2023-03-23 05:00:00,0.0,19.45462253333335,0.3919080000000007
2023-03-23 06:00:00,1.5687940000000034,34.32311868333339,10.677324000000022
2023-03-23 07:00:00,1.4263130000000033,30.98892456666671,43.9184883333334
2023-03-23 08:00:00,0.0,37.333148400000006,26.967094333333367
2023-03-23 09:00:00,0.0,48.92117483333334,16.582389000000028
2023-03-23 10:00:00,0.008264000000000006,65.89170101666667,15.643632500000036
2023-03-23 11:00:00,0.008277000000000007,124.60956184999995,12.480049166666689
2023-03-23 12:00:00,0.0,165.4267486666666,0.0
2023-03-23 13:00:00,0.0,144.6776807999999,6.8563893333333334
2023-03-23 14:00:00,0.0,147.06218061666658,10.104914666666676
2023-03-23 15:00:00,0.0,138.00145246666662,10.26608633333334
2023-03-23 16:00:00,0.0,83.01848441666667,39.66273700000003
2023-03-23 17:00:00,0.0,52.188579800000085,23.678942666666693
2023-03-23 18:00:00,1.4938040000000024,60.12261190000008,0.6601199999999999
2023-03-23 19:00:00,1.6062890000000012,49.36811293333337,10.231848666666698
2023-03-23 20:00:00,0.0,44.51817010000005,9.96136733333336
2023-03-23 21:00:00,0.0,34.49852781666672,0.0
2023-03-23 22:00:00,0.0,15.336227450000017,0.0
2023-03-23 23:00:00,0.0,4.29923795,0.0
2023-03-24 00:00:00,0.0,2.0601173499999987,0.0
2023-03-24 01:00:00,0.0,5.127603816666671,0.0
2023-03-24 02:00:00,0.0,8.220083200000008,0.0
2023-03-24 03:00:00,0.0,10.334819816666672,0.0
2023-03-24 04:00:00,0.0,11.572078133333342,0.0
2023-03-24 05:00:00,0.0,18.58914335000002,0.5031360000000012
2023-03-24 06:00:00,1.5762930000000017,29.44128875000005,9.06268766666669
2023-03-24 07:00:00,1.4488100000000028,38.04927275000006,37.66942933333339
2023-03-24 08:00:00,0.0,48.67454048333335,31.601913666666693
2023-03-24 09:00:00,0.0,61.982863300000005,16.681230666666696
2023-03-24 10:00:00,0.008272000000000005,70.99863691666667,15.488685500000038
2023-03-24 11:00:00,0.008269000000000006,95.592274,12.960869000000027
2023-03-24 12:00:00,0.0,137.64310641666663,0.0
2023-03-24 13:00:00,0.0,137.52466978333325,8.24757566666667
2023-03-24 14:00:00,0.0,136.68673278333327,13.483394000000011
2023-03-24 15:00:00,0.0,138.47240508333323,8.934159333333339
2023-03-24 16:00:00,0.0,100.26887508333331,24.23721133333336
2023-03-24 17:00:00,0.0,65.7670899833334,32.531224666666695
2023-03-24 18:00:00,1.418814000000003,60.21431405000009,0.5723280000000015
2023-03-24 19:00:00,1.6512830000000025,48.900467766666715,10.615670000000028
2023-03-24 20:00:00,0.0,46.644527533333374,11.070701333333357
2023-03-24 21:00:00,0.0,35.87969065000005,0.0
2023-03-24 22:00:00,0.0,15.59565163333335,0.0
2023-03-24 23:00:00,0.0,5.64522736666667,0.0
2023-03-25 00:00:00,0.0,2.382614083333333,0.0
2023-03-25 01:00:00,0.0,5.067604216666671,0.0
2023-03-25 02:00:00,0.0,7.245089700000004,0.0
2023-03-25 03:00:00,0.0,9.369076466666673,0.0
2023-03-25 04:00:00,0.0,10.43371075000001,0.0
2023-03-25 05:00:00,0.0,16.21841120000002,0.38893200000000006
2023-03-25 06:00:00,1.5013030000000018,31.5572539333334,10.79832733333336
2023-03-25 07:00:00,1.426313000000003,31.240547633333378,32.121299000000064
2023-03-25 08:00:00,0.0,37.19402991666668,31.627458666666698
2023-03-25 09:00:00,0.0,57.33712206666666,16.44587983333336
2023-03-25 10:00:00,0.008268000000000006,72.98663116666664,14.960604833333367
2023-03-25 11:00:00,0.008273000000000004,124.13666429999996,14.496870500000025
2023-03-25 12:00:00,0.0,142.5855074833333,0.0
2023-03-25 13:00:00,0.0,150.44649659999996,5.8935033333333315
2023-03-25 14:00:00,0.0,140.6487398333333,10.302056333333336
2023-03-25 15:00:00,0.0,127.15235156666661,9.535414666666671
2023-03-25 16:00:00,0.0,100.11520651666665,36.71508933333337
2023-03-25 17:00:00,0.0,59.63683971666675,22.609433333333364
2023-03-25 18:00:00,1.523800000000001,61.81950653333342,0.6115120000000007
2023-03-25 19:00:00,1.6437840000000035,50.53520735000004,9.570854666666696
2023-03-25 20:00:00,0.0,46.55773371666671,9.76648433333336
2023-03-25 21:00:00,0.0,35.570272233333384,0.0
2023-03-25 22:00:00,0.0,15.942145183333349,0.0
2023-03-25 23:00:00,0.0,4.970485800000003,0.0
2023-03-26 00:00:00,0.0,0.0,0.0
2023-03-26 01:00:00,0.0,0.0,0.0
2023-03-26 02:00:00,0.0,0.0,0.0
2023-03-26 03:00:00,0.0,0.0,0.0
2023-03-26 04:00:00,0.0,0.20769779999999977,0.0
2023-03-26 05:00:00,0.0,4.814458733333343,0.497432000000001
2023-03-26 06:00:00,1.5312989999999993,19.592335583333387,10.37775400000002
2023-03-26 07:00:00,1.5013030000000016,12.375195083333368,40.04579200000006
2023-03-26 08:00:00,0.0,1.5381682333333297,38.989667333333365
2023-03-26 09:00:00,0.0,0.6023427666666629,14.169205666666691
2023-03-26 10:00:00,0.008277000000000007,0.6484371333333292,16.11903433333337
2023-03-26 11:00:00,0.008264000000000006,0.6226892333333295,13.052326833333352
2023-03-26 12:00:00,0.0,0.6580187166666635,0.0
2023-03-26 13:00:00,0.0,0.7345969833333302,7.458162666666667
2023-03-26 14:00:00,0.0,0.7435150166666639,7.326360333333335
2023-03-26 15:00:00,0.0,0.7031043666666627,11.431090000000008
2023-03-26 16:00:00,0.0,3.134213899999997,28.389690000000023
2023-03-26 17:00:00,0.0,32.66854226666675,28.39933500000004
2023-03-26 18:00:00,1.5462970000000018,46.83521431666674,0.5872080000000013
2023-03-26 19:00:00,1.5163010000000015,36.404742833333366,9.926570666666695
2023-03-26 20:00:00,0.0,32.9151629666667,10.829179666666693
2023-03-26 21:00:00,0.0,23.432536716666707,0.0
2023-03-26 22:00:00,0.0,5.637543800000009,0.0
2023-03-26 23:00:00,0.0,0.3688058333333329,0.0
2023-03-27 00:00:00,0.0,2.0551164333333336,0.0
2023-03-27 01:00:00,0.0,5.830099133333341,0.0
2023-03-27 02:00:00,0.0,9.305075966666672,0.0
2023-03-27 03:00:00,0.0,10.27357023333334,0.0
2023-03-27 04:00:00,0.0,12.16176533333334,0.0
2023-03-27 05:00:00,0.0,16.449045950000013,0.40331600000000073
2023-03-27 06:00:00,1.4938040000000024,29.822779166666727,10.194217666666688
2023-03-27 07:00:00,1.6137880000000024,35.03228538333338,36.290376666666724
2023-03-27 08:00:00,0.0,29.62934211666668,23.44728133333336
2023-03-27 09:00:00,0.0,54.617907450000004,14.444048166666697
2023-03-27 10:00:00,0.008258000000000007,85.04846743333333,18.028896166666705
2023-03-27 11:00:00,0.008283000000000006,107.07574511666664,13.427504000000024
2023-03-27 12:00:00,0.0,134.58441888333329,0.0
2023-03-27 13:00:00,0.0,133.8949980166666,6.957059000000002
2023-03-27 14:00:00,0.0,145.07123029999994,9.92560233333334
2023-03-27 15:00:00,0.0,149.39016133333325,11.612095000000005
2023-03-27 16:00:00,0.0,96.25319144999999,32.92231033333336
2023-03-27 17:00:00,0.0,64.20874515000008,32.51120433333336
2023-03-27 18:00:00,1.696277000000002,61.35724570000008,0.6304840000000009
2023-03-27 19:00:00,1.2913310000000013,50.82305471666671,10.469892666666697
2023-03-27 20:00:00,0.0,46.612885683333374,10.326148333333364
2023-03-27 21:00:00,0.0,34.16044675000005,0.0
2023-03-27 22:00:00,0.0,14.211867566666681,0.0
2023-03-27 23:00:00,0.0,5.098395733333335,0.0
2023-03-28 00:00:00,0.0,1.910114983333334,0.0
2023-03-28 01:00:00,0.0,6.322595850000007,0.0
2023-03-28 02:00:00,0.0,8.877578816666674,0.0
2023-03-28 03:00:00,0.0,10.480068550000004,0.0
2023-03-28 04:00:00,0.0,12.622740350000004,0.0
2023-03-28 05:00:00,0.0,18.241534183333343,0.5136760000000005
2023-03-28 06:00:00,1.516301000000003,31.295723516666722,10.739516333333361
2023-03-28 07:00:00,1.6212870000000017,30.541065133333383,40.717026000000054
2023-03-28 08:00:00,0.0,31.553043283333345,31.55549933333336
2023-03-28 09:00:00,0.0,47.821858066666685,13.383707333333364
2023-03-28 10:00:00,0.008278000000000006,71.38773534999999,15.934172000000038
2023-03-28 11:00:00,0.008263000000000005,116.60916341666662,14.333508000000021
2023-03-28 12:00:00,0.0,165.7147273166666,0.0
2023-03-28 13:00:00,0.0,154.36022189999994,10.123712000000003
2023-03-28 14:00:00,0.0,142.6231647666666,10.22989266666667
2023-03-28 15:00:00,0.0,125.49669234999996,9.817279000000006
2023-03-28 16:00:00,0.0,90.26251334999999,35.22165733333336
2023-03-28 17:00:00,0.0,60.65227251666676,24.64100000000004
2023-03-28 18:00:00,1.5013030000000032,58.09337343333342,0.5296720000000017
2023-03-28 19:00:00,1.4563090000000034,48.301026716666705,10.836135666666689
2023-03-28 20:00:00,0.0,46.44039931666671,9.644890666666695
2023-03-28 21:00:00,0.0,35.696202450000044,0.0
2023-03-28 22:00:00,0.0,15.359712183333352,0.0
2023-03-28 23:00:00,0.0,5.214316683333334,0.0
2023-03-29 00:00:00,0.0,1.6726184833333313,0.0
2023-03-29 01:00:00,0.0,6.402595316666671,0.0
2023-03-29 02:00:00,0.0,8.030084466666674,0.0
2023-03-29 03:00:00,0.0,9.400076016666672,0.0
2023-03-29 04:00:00,0.0,11.946122200000003,0.0
2023-03-29 05:00:00,0.0,18.70478991666668,0.48466000000000026
2023-03-29 06:00:00,1.6587820000000009,32.199279933333386,10.97886900000002
2023-03-29 07:00:00,1.3588220000000022,30.835356583333386,40.1879313333334
2023-03-29 08:00:00,0.0,35.73225118333335,38.0296456666667
2023-03-29 09:00:00,0.0,64.15898951666667,14.641346000000024
2023-03-29 10:00:00,0.008266000000000006,63.865993966666686,17.396419666666706
2023-03-29 11:00:00,0.008275000000000006,116.00584143333327,13.779894166666692
2023-03-29 12:00:00,0.0,144.09526964999995,0.0
2023-03-29 13:00:00,0.0,146.13058373333322,6.292468333333335
2023-03-29 14:00:00,0.0,146.21273568333325,10.281515333333342
2023-03-29 15:00:00,0.0,141.13190631666663,8.602036666666669
2023-03-29 16:00:00,0.0,92.92766915,22.54331800000003
2023-03-29 17:00:00,0.0,60.21235403333342,29.66289333333336
2023-03-29 18:00:00,1.6587820000000009,60.87953275000009,0.5934080000000014
2023-03-29 19:00:00,1.4188140000000018,49.16759323333338,9.00959333333337
2023-03-29 20:00:00,0.0,46.93638483333337,10.579329666666696
2023-03-29 21:00:00,0.0,35.17815990000005,0.0
2023-03-29 22:00:00,0.0,14.660023233333352,0.0
2023-03-29 23:00:00,0.0,5.40981481666667,0.0
2023-03-30 00:00:00,0.0,1.9076165333333328,0.0
2023-03-30 01:00:00,0.0,5.495101366666673,0.0
2023-03-30 02:00:00,0.0,8.392582050000005,0.0
2023-03-30 03:00:00,0.0,9.570076200000008,0.0
2023-03-30 04:00:00,0.0,10.633642300000009,0.0
2023-03-30 05:00:00,0.0,17.58341388333335,0.42501600000000134
2023-03-30 06:00:00,1.456309000000002,30.671875216666727,10.68712000000003
2023-03-30 07:00:00,1.606289000000002,33.26889396666672,28.13996166666673
2023-03-30 08:00:00,0.0,37.33769283333334,30.060865333333368
2023-03-30 09:00:00,0.0,60.804836183333336,14.457403333333358
2023-03-30 10:00:00,0.008277000000000007,81.17889669999998,17.066549833333376
2023-03-30 11:00:00,0.008264000000000006,115.05915134999994,13.333156666666698
2023-03-30 12:00:00,0.0,136.79680304999994,0.0
2023-03-30 13:00:00,0.0,154.37639889999994,9.315139333333342
2023-03-30 14:00:00,0.0,151.95272698333326,9.884398666666675
2023-03-30 15:00:00,0.0,126.67143034999997,8.650203333333335
2023-03-30 16:00:00,0.0,88.86766398333333,31.38431966666669
2023-03-30 17:00:00,0.0,60.922135050000094,39.41508933333336
2023-03-30 18:00:00,1.4488100000000017,61.63893428333342,0.5906800000000013
2023-03-30 19:00:00,1.5837920000000028,50.29382203333337,10.912828666666694
2023-03-30 20:00:00,0.0,46.766404933333384,9.52163133333336
2023-03-30 21:00:00,0.0,34.672133483333376,0.0
2023-03-30 22:00:00,0.0,13.905194083333349,0.0
2023-03-30 23:00:00,0.0,4.2512338166666686,0.0
2023-03-31 00:00:00,0.0,1.9701164666666657,0.0
2023-03-31 01:00:00,0.0,6.367595550000004,0.0
2023-03-31 02:00:00,0.0,8.840079066666673,0.0
2023-03-31 03:00:00,0.0,9.593324500000007,0.0
2023-03-31 04:00:00,0.0,10.916032350000004,0.0
2023-03-31 05:00:00,0.0,17.124674733333347,0.4312160000000008
2023-03-31 06:00:00,1.5013030000000012,29.635737050000053,10.438145333333356
2023-03-31 07:00:00,1.4038160000000013,33.850722483333385,39.90985200000006
2023-03-31 08:00:00,0.0,38.45874611666668,35.030763000000036
2023-03-31 09:00:00,0.0,67.35181264999997,18.653754833333362
2023-03-31 10:00:00,0.008277000000000007,65.10996433333332,17.968128666666708
2023-03-31 11:00:00,0.008264000000000004,113.34688116666665,12.088659333333357
2023-03-31 12:00:00,0.0,141.6592493999999,0.0
2023-03-31 13:00:00,0.0,146.3187479666666,7.529168666666671
2023-03-31 14:00:00,0.0,135.69167734999996,9.321980666666667
2023-03-31 15:00:00,0.0,136.7498541333333,8.924173333333336
2023-03-31 16:00:00,0.0,103.38274770000001,35.37794466666669
2023-03-31 17:00:00,0.0,61.55459083333342,15.617681000000031
2023-03-31 18:00:00,1.5537960000000022,61.90353140000009,0.6182080000000014
2023-03-31 19:00:00,1.6362850000000033,48.45390363333337,10.178230666666696
2023-03-31 20:00:00,0.0,45.07797611666671,10.152919000000027
2023-03-31 21:00:00,0.0,33.65965593333337,0.0
2023-03-31 22:00:00,0.0,14.331159300000014,0.0
2023-03-31 23:00:00,0.0,5.052153433333334,0.0
2023-04-01 00:00:00,0.0,2.560113600000001,0.0
2023-04-01 01:00:00,0.0,6.627593816666672,0.0
2023-04-01 02:00:00,0.0,8.540081066666671,0.0
2023-04-01 03:00:00,0.0,9.657574050000008,0.0
2023-04-01 04:00:00,0.0,11.486431966666673,0.0
2023-04-01 05:00:00,0.0,16.913406600000016,0.4375400000000008
2023-04-01 06:00:00,1.5238000000000025,31.9668342333334,10.65804466666669
2023-04-01 07:00:00,1.4488100000000024,27.717362133333385,29.355784666666725
2023-04-01 08:00:00,0.0,33.16611383333334,31.834224666666696
2023-04-01 09:00:00,0.0,63.27737409999998,13.87873650000002
2023-04-01 10:00:00,0.008263000000000005,80.6661293333333,17.92894683333337
2023-04-01 11:00:00,0.008278000000000006,118.27548703333329,13.908034666666692
2023-04-01 12:00:00,0.0,145.30849761666659,0.0
2023-04-01 13:00:00,0.0,151.71007988333326,9.34065633333334
2023-04-01 14:00:00,0.0,141.72974589999995,9.348137333333337
2023-04-01 15:00:00,0.0,126.75127626666662,6.017150999999998
2023-04-01 16:00:00,0.0,93.21591275,31.706756666666692
2023-04-01 17:00:00,0.0,59.937121250000075,38.83999800000003
2023-04-01 18:00:00,1.628786000000001,59.301429133333414,0.5847280000000015
2023-04-01 19:00:00,1.4938040000000026,47.12400580000004,10.323443666666694
2023-04-01 20:00:00,0.0,43.83584828333338,10.635962333333367
2023-04-01 21:00:00,0.0,35.01801235000004,0.0
2023-04-01 22:00:00,0.0,14.600434516666684,0.0
2023-04-01 23:00:00,0.0,4.096073800000001,0.0
2023-04-02 00:00:00,0.0,0.0,0.0
2023-04-02 01:00:00,0.0,0.0,0.0
2023-04-02 02:00:00,0.0,0.0,0.0
2023-04-02 03:00:00,0.0,0.0,0.0
2023-04-02 04:00:00,0.0,0.2417186833333331,0.0
2023-04-02 05:00:00,0.0,4.917572083333342,0.42985200000000084
2023-04-02 06:00:00,1.5687940000000027,19.473720566666717,10.22676300000003
2023-04-02 07:00:00,1.5088020000000049,14.27887045000004,29.89424033333339
2023-04-02 08:00:00,0.0,1.554376199999998,35.975987333333364
2023-04-02 09:00:00,0.0,0.667700049999997,13.254927500000022
2023-04-02 10:00:00,0.008265000000000007,0.730514016666663,14.75674433333337
2023-04-02 11:00:00,0.008276000000000006,0.671771066666663,14.592296833333355
2023-04-02 12:00:00,0.0,0.51994703333333,0.0
2023-04-02 13:00:00,0.0,0.53936258333333,8.923845000000005
2023-04-02 14:00:00,0.0,0.6355231333333304,8.987681333333336
2023-04-02 15:00:00,0.0,0.6491886499999967,12.081531000000009
2023-04-02 16:00:00,0.0,3.697402666666662,34.246781000000034
2023-04-02 17:00:00,0.0,32.64520535000008,26.030935666666693
2023-04-02 18:00:00,1.478806000000002,44.88090301666675,0.612008000000001
2023-04-02 19:00:00,1.5387980000000026,34.63906545000003,10.477754666666696
2023-04-02 20:00:00,0.0,31.432529266666698,10.104614666666691
2023-04-02 21:00:00,0.0,22.36461185000004,0.0
2023-04-02 22:00:00,0.0,5.227712333333341,0.0
2023-04-02 23:00:00,0.0,0.43838348333333294,0.0
2023-04-03 00:00:00,0.0,1.8501154,0.0
2023-04-03 01:00:00,0.0,5.432601783333338,0.0
2023-04-03 02:00:00,0.0,7.047591016666674,0.0
2023-04-03 03:00:00,0.0,8.980078450000006,0.0
2023-04-03 04:00:00,0.0,11.100018950000003,0.0
2023-04-03 05:00:00,0.0,17.34376328333335,0.4539080000000007
2023-04-03 06:00:00,1.5163010000000003,30.93245843333339,9.659960666666692
2023-04-03 07:00:00,1.5387980000000026,38.017470816666716,33.86893566666672
2023-04-03 08:00:00,0.0,38.16720320000001,28.58651200000003
2023-04-03 09:00:00,0.0,62.13966276666667,15.08880733333336
2023-04-03 10:00:00,0.008270000000000007,82.72838476666662,18.22865500000004
2023-04-03 11:00:00,0.008271000000000006,102.82966929999998,12.101567666666686
2023-04-03 12:00:00,0.0,135.2947500166666,0.0
2023-04-03 13:00:00,0.0,142.6126596666666,7.55999
2023-04-03 14:00:00,0.0,145.49732693333326,7.306043000000007
2023-04-03 15:00:00,0.0,138.53268381666663,9.635617333333341
2023-04-03 16:00:00,0.0,91.39871841666665,35.82341633333337
2023-04-03 17:00:00,0.0,57.872356650000086,32.82965700000004
2023-04-03 18:00:00,1.343824000000002,58.64293163333341,0.5981200000000013
2023-04-03 19:00:00,1.6962770000000014,48.60307201666671,10.54134433333336
2023-04-03 20:00:00,0.0,44.248166666666705,10.534356666666694
2023-04-03 21:00:00,0.0,34.21948053333338,0.0
2023-04-03 22:00:00,0.0,15.32620616666668,0.0
2023-04-03 23:00:00,0.0,4.507322133333335,0.0
2023-04-04 00:00:00,0.0,2.447611350000001,0.0
2023-04-04 01:00:00,0.0,6.295096033333341,0.0
2023-04-04 02:00:00,0.0,7.307589283333341,0.0
2023-04-04 03:00:00,0.0,8.597581216666674,0.0
2023-04-04 04:00:00,0.0,11.513517233333339,0.0
2023-04-04 05:00:00,0.0,17.736682533333354,0.462588000000001
2023-04-04 06:00:00,1.5163010000000021,30.88961041666672,9.951702333333364
2023-04-04 07:00:00,1.4263130000000017,32.738607533333386,31.447299000000065
2023-04-04 08:00:00,0.0,36.45564978333335,24.21340933333337
2023-04-04 09:00:00,0.0,59.1709592,13.48671783333336
2023-04-04 10:00:00,0.008262000000000005,73.23703531666665,14.87091933333337
2023-04-04 11:00:00,0.008279000000000007,112.26574619999997,14.573375833333355
2023-04-04 12:00:00,0.0,137.24058743333327,0.0
2023-04-04 13:00:00,0.0,147.9609902666666,6.355942333333334
2023-04-04 14:00:00,0.0,144.3827549166666,9.25194266666667
2023-04-04 15:00:00,0.0,138.40835659999993,13.096713333333348
2023-04-04 16:00:00,0.0,97.65662946666663,35.36353900000003
2023-04-04 17:00:00,0.0,61.96512668333342,38.727955666666695
2023-04-04 18:00:00,1.5462970000000018,61.086699383333425,0.5730720000000014
2023-04-04 19:00:00,1.606289000000002,48.033503500000045,9.927627333333358
2023-04-04 20:00:00,0.0,44.87450501666671,11.182301000000024
2023-04-04 21:00:00,0.0,34.035217983333375,0.0
2023-04-04 22:00:00,0.0,13.752968500000014,0.0
2023-04-04 23:00:00,0.0,5.227567883333337,0.0
2023-04-05 00:00:00,0.0,2.0926176000000005,0.0
2023-04-05 01:00:00,0.0,6.002597983333341,0.0
2023-04-05 02:00:00,0.0,9.272576183333342,0.0
2023-04-05 03:00:00,0.0,10.410570166666675,0.0
2023-04-05 04:00:00,0.0,12.053565550000009,0.0
2023-04-05 05:00:00,0.0,19.31474998333335,0.4868920000000005
2023-04-05 06:00:00,1.4113150000000008,32.34983560000006,10.61448033333336
2023-04-05 07:00:00,1.493804000000004,29.93258166666672,47.65111700000006
2023-04-05 08:00:00,0.0,33.40541378333334,32.94552500000003
2023-04-05 09:00:00,0.0,49.25116125,18.23179583333336
2023-04-05 10:00:00,0.008263000000000005,73.65297431666664,16.823882333333373
2023-04-05 11:00:00,0.008278000000000006,107.36815406666666,9.798340333333352
2023-04-05 12:00:00,0.0,151.33290358333323,0.0
2023-04-05 13:00:00,0.0,152.44216253333326,7.335845333333334
2023-04-05 14:00:00,0.0,146.9535918,9.295634333333341
2023-04-05 15:00:00,0.0,123.6775402166666,10.476548333333342
2023-04-05 16:00:00,0.0,94.46789321666667,29.673528000000037
2023-04-05 17:00:00,0.0,62.92426238333342,19.37706633333336
2023-04-05 18:00:00,1.5987900000000006,61.12237095000009,0.6121320000000011
2023-04-05 19:00:00,1.5912910000000025,47.454385216666715,8.75234966666669
2023-04-05 20:00:00,0.0,41.985767950000046,10.642625000000029
2023-04-05 21:00:00,0.0,33.12856528333337,0.0
2023-04-05 22:00:00,0.0,14.871198550000015,0.0
2023-04-05 23:00:00,0.0,4.284069650000001,0.0
2023-04-06 00:00:00,0.0,1.7076187999999994,0.0
2023-04-06 01:00:00,0.0,5.580100800000007,0.0
2023-04-06 02:00:00,0.0,8.820079200000011,0.0
2023-04-06 03:00:00,0.0,10.97206555000001,0.0
2023-04-06 04:00:00,0.0,12.122519633333342,0.0
2023-04-06 05:00:00,0.0,17.226398966666682,0.4359280000000007
2023-04-06 06:00:00,1.4713070000000021,31.204595233333386,9.849654333333369
2023-04-06 07:00:00,1.5088020000000009,32.335083583333386,43.57344400000006
2023-04-06 08:00:00,0.0,47.186343150000006,30.41062133333337
2023-04-06 09:00:00,0.0,60.8227315,13.650753166666693
2023-04-06 10:00:00,0.008282000000000005,61.86788476666668,17.09425500000004
2023-04-06 11:00:00,0.008259000000000006,105.15225541666663,12.124583333333353
2023-04-06 12:00:00,0.0,143.56691508333327,0.0
2023-04-06 13:00:00,0.0,162.16972319999988,6.513762666666666
2023-04-06 14:00:00,0.0,140.1017471499999,11.678385333333335
2023-04-06 15:00:00,0.0,124.05609128333329,9.626288
2023-04-06 16:00:00,0.0,98.29033256666663,31.644220666666705
2023-04-06 17:00:00,0.0,60.987456616666755,26.515035666666687
2023-04-06 18:00:00,1.5837920000000028,60.67467103333342,0.5673680000000019
2023-04-06 19:00:00,1.5312990000000033,47.181481266666715,9.708002000000024
2023-04-06 20:00:00,0.0,42.99842221666671,10.600983333333364
2023-04-06 21:00:00,0.0,31.92684441666671,0.0
2023-04-06 22:00:00,0.0,14.390808700000012,0.0
2023-04-06 23:00:00,0.0,3.5615808500000012,0.0
2023-04-07 00:00:00,0.0,1.982615949999999,0.0
2023-04-07 01:00:00,0.0,5.762599583333337,0.0
2023-04-07 02:00:00,0.0,8.75507963333334,0.0
2023-04-07 03:00:00,0.0,10.052571983333342,0.0
2023-04-07 04:00:00,0.0,11.53715298333334,0.0
2023-04-07 05:00:00,0.0,18.37270810000001,0.47250800000000087
2023-04-07 06:00:00,1.508802000000002,31.314121616666725,10.54942300000003
2023-04-07 07:00:00,1.6287860000000027,32.28225875000005,39.34824933333338
2023-04-07 08:00:00,0.0,46.600833483333346,29.9525606666667
2023-04-07 09:00:00,0.0,71.26860211666664,18.059915833333367
2023-04-07 10:00:00,0.008266000000000006,76.47223211666665,16.39559050000004
2023-04-07 11:00:00,0.008275000000000006,99.78699511666665,13.235665833333353
2023-04-07 12:00:00,0.0,135.65515849999994,0.0
2023-04-07 13:00:00,0.0,141.55482393333324,6.733743666666667
2023-04-07 14:00:00,0.0,129.47725743333328,10.086239000000008
2023-04-07 15:00:00,0.0,130.92294098333326,8.577383000000001
2023-04-07 16:00:00,0.0,106.93468328333327,28.969452666666708
2023-04-07 17:00:00,0.0,64.96361500000009,28.43931300000003
2023-04-07 18:00:00,1.4188140000000027,61.46538981666675,0.6087840000000004
2023-04-07 19:00:00,1.5387980000000014,46.93205965000004,9.984728333333358
2023-04-07 20:00:00,0.0,45.789624866666706,10.467730000000028
2023-04-07 21:00:00,0.0,35.11361615000005,0.0
2023-04-07 22:00:00,0.0,14.662069316666683,0.0
2023-04-07 23:00:00,0.0,3.7403278333333327,0.0
2023-04-08 00:00:00,0.0,2.0551167833333346,0.0
2023-04-08 01:00:00,0.0,6.077597483333338,0.0
2023-04-08 02:00:00,0.0,9.292576050000008,0.0
2023-04-08 03:00:00,0.0,10.425068833333341,0.0
2023-04-08 04:00:00,0.0,11.715174200000009,0.0
2023-04-08 05:00:00,0.0,16.602511383333344,0.43481200000000136
2023-04-08 06:00:00,1.4113150000000032,31.425383766666723,10.57537033333336
2023-04-08 07:00:00,1.793764000000003,30.984794716666716,34.19720333333339
2023-04-08 08:00:00,0.0,44.507484116666674,21.144344666666697
2023-04-08 09:00:00,0.0,69.52632753333332,12.790785833333361
2023-04-08 10:00:00,0.008262000000000005,75.0533816,16.378139666666705
2023-04-08 11:00:00,0.008279000000000005,104.08049588333333,14.925906000000024
2023-04-08 12:00:00,0.0,141.69983078333325,0.0
2023-04-08 13:00:00,0.0,151.03522773333324,7.0393643333333324
2023-04-08 14:00:00,0.0,139.70883056666662,12.37899700000001
2023-04-08 15:00:00,0.0,133.87660689999993,8.705384000000002
2023-04-08 16:00:00,0.0,86.38032865,40.2380796666667
2023-04-08 17:00:00,0.0,61.58028666666675,32.3956686666667
2023-04-08 18:00:00,1.501303000000002,59.994422883333414,0.6504480000000007
2023-04-08 19:00:00,1.388818000000002,49.25174265000004,10.20478900000003
2023-04-08 20:00:00,0.0,44.61527586666671,10.272847000000029
2023-04-08 21:00:00,0.0,33.09346803333337,0.0
2023-04-08 22:00:00,0.0,14.119886433333345,0.0
2023-04-08 23:00:00,0.0,4.391070883333334,0.0
2023-04-09 00:00:00,0.0,0.0,0.0
2023-04-09 01:00:00,0.0,0.0,0.0
2023-04-09 02:00:00,0.0,0.0,0.0
2023-04-09 03:00:00,0.0,0.0,0.0
2023-04-09 04:00:00,0.0,0.2101271833333332,0.0
2023-04-09 05:00:00,0.0,4.85804710000001,0.46556400000000087
2023-04-09 06:00:00,1.5837920000000023,18.107819500000048,10.027519666666697
2023-04-09 07:00:00,1.4638080000000024,15.230616050000041,45.37098100000007
2023-04-09 08:00:00,0.0,2.190000283333332,38.015786000000034
2023-04-09 09:00:00,0.0,0.6594087499999958,14.741267166666688
2023-04-09 10:00:00,0.008268000000000006,0.5892766499999965,15.575255666666704
2023-04-09 11:00:00,0.008273000000000004,0.6181073833333305,12.686059166666688
2023-04-09 12:00:00,0.0,0.6481051166666637,0.0
2023-04-09 13:00:00,0.0,0.5615279333333307,5.702200999999999
2023-04-09 14:00:00,0.0,0.6376010999999975,8.087941
2023-04-09 15:00:00,0.0,0.6642647833333305,11.285293666666671
2023-04-09 16:00:00,0.0,3.375948616666665,24.624951666666696
2023-04-09 17:00:00,0.0,32.22394851666675,32.155592666666706
2023-04-09 18:00:00,1.5612950000000019,43.06755671666674,0.6074200000000016
2023-04-09 19:00:00,1.486305000000003,34.329622150000034,10.015399000000025
2023-04-09 20:00:00,0.0,32.01519933333336,10.424422666666697
2023-04-09 21:00:00,0.0,22.93302305000004,0.0
2023-04-09 22:00:00,0.0,5.298500100000008,0.0
2023-04-09 23:00:00,0.0,0.3143000666666663,0.0
2023-04-10 00:00:00,0.0,2.610113466666668,0.0
2023-04-10 01:00:00,0.0,7.412588583333339,0.0
2023-04-10 02:00:00,0.0,9.79257271666667,0.0
2023-04-10 03:00:00,0.0,10.161071150000003,0.0
2023-04-10 04:00:00,0.0,11.390149433333336,0.0
2023-04-10 05:00:00,0.0,17.15766476666668,0.44795600000000046
2023-04-10 06:00:00,1.6662810000000021,31.891340583333395,10.802687666666698
2023-04-10 07:00:00,1.508802000000003,34.346153433333384,45.01081266666672
2023-04-10 08:00:00,0.0,45.56171073333334,30.064667666666704
2023-04-10 09:00:00,0.0,55.00042383333333,15.396997666666692
2023-04-10 10:00:00,0.008282000000000005,76.49363578333333,16.29379766666671
2023-04-10 11:00:00,0.008259000000000006,106.97699694999996,12.868523500000025
2023-04-10 12:00:00,0.0,141.2206671166666,0.0
2023-04-10 13:00:00,0.0,155.8334115166666,7.652488000000003
2023-04-10 14:00:00,0.0,157.24100783333324,10.976460333333335
2023-04-10 15:00:00,0.0,123.88043986666662,9.61213833333334
2023-04-10 16:00:00,0.0,91.65083561666667,27.233962666666702
2023-04-10 17:00:00,0.0,58.31634408333342,20.33466700000003
2023-04-10 18:00:00,1.486305000000004,59.510740783333425,0.5905560000000019
2023-04-10 19:00:00,1.4338120000000025,47.491376266666705,9.78949366666669
2023-04-10 20:00:00,0.0,45.47774858333337,10.354464666666697
2023-04-10 21:00:00,0.0,32.36912666666671,0.0
2023-04-10 22:00:00,0.0,12.945135600000015,0.0
2023-04-10 23:00:00,0.0,3.6365755833333337,0.0
2023-04-11 00:00:00,0.0,1.5401199666666652,0.0
2023-04-11 01:00:00,0.0,4.8276058166666695,0.0
2023-04-11 02:00:00,0.0,7.747586350000007,0.0
2023-04-11 03:00:00,0.0,9.240076650000006,0.0
2023-04-11 04:00:00,0.0,11.129570416666672,0.0
2023-04-11 05:00:00,0.0,17.078608383333346,0.4243960000000005
2023-04-11 06:00:00,1.4788060000000027,29.684333183333386,10.797526000000028
2023-04-11 07:00:00,1.6212870000000028,27.859808416666716,38.74988166666672
2023-04-11 08:00:00,0.0,29.249245650000013,33.947407666666706
2023-04-11 09:00:00,0.0,48.11684258333335,12.640571833333356
2023-04-11 10:00:00,0.008278000000000006,73.07247183333331,17.588907666666707
2023-04-11 11:00:00,0.008263000000000005,95.4025022,15.356695666666695
2023-04-11 12:00:00,0.0,136.73448834999994,0.0
2023-04-11 13:00:00,0.0,161.13412131666658,4.430982666666663
2023-04-11 14:00:00,0.0,159.31296073333326,9.723416666666676
2023-04-11 15:00:00,0.0,148.40991663333327,11.884873333333339
2023-04-11 16:00:00,0.0,99.04479381666665,29.632280666666706
2023-04-11 17:00:00,0.0,62.78367571666675,24.327168666666704
2023-04-11 18:00:00,1.628786000000002,61.36919863333341,0.5961360000000009
2023-04-11 19:00:00,1.3663210000000021,49.54820733333337,9.842228666666692
2023-04-11 20:00:00,0.0,45.35804318333337,10.196226333333366
2023-04-11 21:00:00,0.0,34.02953611666671,0.0
2023-04-11 22:00:00,0.0,14.769069150000014,0.0
2023-04-11 23:00:00,0.0,4.3223998333333356,0.0
2023-04-12 00:00:00,0.0,2.0176159666666655,0.0
2023-04-12 01:00:00,0.0,5.78759941666667,0.0
2023-04-12 02:00:00,0.0,8.787579416666675,0.0
2023-04-12 03:00:00,0.0,10.245070083333339,0.0
2023-04-12 04:00:00,0.0,11.99175943333334,0.0
2023-04-12 05:00:00,0.0,18.11382428333335,0.4813120000000004
2023-04-12 06:00:00,1.4938040000000026,32.12385075000006,10.252893333333365
2023-04-12 07:00:00,1.5013030000000012,31.664002716666715,34.206208666666726
2023-04-12 08:00:00,0.0,37.70014588333334,37.299304000000035
2023-04-12 09:00:00,0.0,65.79056689999999,14.996764000000029
2023-04-12 10:00:00,0.008264000000000006,77.68946209999997,18.15657266666671
2023-04-12 11:00:00,0.008277000000000007,111.5654037833333,14.053465000000026
2023-04-12 12:00:00,0.0,129.7927483666666,0.0
2023-04-12 13:00:00,0.0,143.82032759999993,5.1232500000000005
2023-04-12 14:00:00,0.0,149.0328217333333,11.12629866666667
2023-04-12 15:00:00,0.0,134.47235123333328,10.625022333333337
2023-04-12 16:00:00,0.0,90.81922715,22.56669800000002
2023-04-12 17:00:00,0.0,62.61775685000009,24.93105533333336
2023-04-12 18:00:00,1.538798000000001,59.83521168333342,0.6001040000000012
2023-04-12 19:00:00,1.5612950000000019,47.07070553333337,9.809483666666688
2023-04-12 20:00:00,0.0,42.66503368333338,10.306160333333352
2023-04-12 21:00:00,0.0,32.849214733333376,0.0
2023-04-12 22:00:00,0.0,14.43811275000001,0.0
2023-04-12 23:00:00,0.0,5.0956442666666675,0.0
2023-04-13 00:00:00,0.0,2.200115233333334,0.0
2023-04-13 01:00:00,0.0,5.812599250000004,0.0
2023-04-13 02:00:00,0.0,9.06507756666667,0.0
2023-04-13 03:00:00,0.0,10.345070316666673,0.0
2023-04-13 04:00:00,0.0,12.02417023333334,0.0
2023-04-13 05:00:00,0.0,17.16338458333335,0.4458480000000007
2023-04-13 06:00:00,1.4188140000000014,30.74595195000006,10.778494666666694
2023-04-13 07:00:00,1.6362850000000013,30.89288408333338,42.35001200000006
2023-04-13 08:00:00,0.0,44.122805383333336,25.137064333333367
2023-04-13 09:00:00,0.0,49.58970843333334,14.875536500000024
2023-04-13 10:00:00,0.008268000000000006,60.08664968333335,15.311137000000041
2023-04-13 11:00:00,0.008273000000000004,107.94573594999996,13.34431283333336
2023-04-13 12:00:00,0.0,148.5670638833333,0.0
2023-04-13 13:00:00,0.0,152.2942277166666,7.958454000000001
2023-04-13 14:00:00,0.0,144.63176059999992,10.284037333333336
2023-04-13 15:00:00,0.0,132.84879109999991,10.811020333333339
2023-04-13 16:00:00,0.0,98.67809049999998,31.731797666666704
2023-04-13 17:00:00,0.0,62.557493766666745,35.9513396666667
2023-04-13 18:00:00,1.5837920000000019,63.01276390000009,0.6334600000000008
2023-04-13 19:00:00,1.4563090000000025,48.31941970000004,10.63527666666669
2023-04-13 20:00:00,0.0,44.371656816666714,9.346736333333359
2023-04-13 21:00:00,0.0,33.599242283333375,0.0
2023-04-13 22:00:00,0.0,14.918299816666682,0.0
2023-04-13 23:00:00,0.0,5.541402283333337,0.0
2023-04-14 00:00:00,0.0,2.4701139,0.0
2023-04-14 01:00:00,0.0,6.892592050000005,0.0
2023-04-14 02:00:00,0.0,9.09257738333334,0.0
2023-04-14 03:00:00,0.0,10.571818700000009,0.0
2023-04-14 04:00:00,0.0,12.462662350000008,0.0
2023-04-14 05:00:00,0.0,17.259671633333348,0.44411200000000106
2023-04-14 06:00:00,1.2838320000000016,31.23413370000006,10.142526666666694
2023-04-14 07:00:00,1.6362850000000013,33.64251553333339,43.5924893333334
2023-04-14 08:00:00,0.0,35.508994983333345,24.708249000000038
2023-04-14 09:00:00,0.0,51.93587660000001,16.716612000000023
2023-04-14 10:00:00,0.008264000000000006,74.29147918333331,16.77763550000004
2023-04-14 11:00:00,0.008277000000000007,107.22166843333332,14.481601833333363
2023-04-14 12:00:00,0.0,131.5104218333333,0.0
2023-04-14 13:00:00,0.0,151.23173169999993,6.281290666666666
2023-04-14 14:00:00,0.0,147.85666619999992,9.39096566666667
2023-04-14 15:00:00,0.0,136.38853266666655,9.929732000000007
2023-04-14 16:00:00,0.0,98.32719569999998,22.92851933333336
2023-04-14 17:00:00,0.0,64.17545280000009,27.225753333333362
2023-04-14 18:00:00,1.7637680000000022,61.59387448333342,0.5944000000000014
2023-04-14 19:00:00,1.4113150000000023,49.20961613333337,10.137124000000028
2023-04-14 20:00:00,0.0,45.128436966666705,10.599317666666696
2023-04-14 21:00:00,0.0,33.16527801666671,0.0
2023-04-14 22:00:00,0.0,14.526332133333351,0.0
2023-04-14 23:00:00,0.0,4.760150350000002,0.0
2023-04-15 00:00:00,0.0,2.0076151333333354,0.0
2023-04-15 01:00:00,0.0,6.1450970333333395,0.0
2023-04-15 02:00:00,0.0,9.012577916666672,0.0
2023-04-15 03:00:00,0.0,10.12682213333334,0.0
2023-04-15 04:00:00,0.0,12.266567350000008,0.0
2023-04-15 05:00:00,0.0,18.51287656666668,0.46048000000000144
2023-04-15 06:00:00,1.4563090000000019,32.30487033333339,9.28716233333336
2023-04-15 07:00:00,1.5762930000000022,32.008244983333384,35.63294700000006
2023-04-15 08:00:00,0.0,37.081462283333344,32.303483000000035
2023-04-15 09:00:00,0.0,69.95420678333329,14.285346166666688
2023-04-15 10:00:00,0.008278000000000006,80.1793958833333,15.078519500000036
2023-04-15 11:00:00,0.008263000000000005,100.87682728333331,13.239106666666691
2023-04-15 12:00:00,0.0,129.0210248166666,0.0
2023-04-15 13:00:00,0.0,140.47416724999994,8.280435000000006
2023-04-15 14:00:00,0.0,152.32083014999995,8.68605166666667
2023-04-15 15:00:00,0.0,141.84600453333326,9.96843066666667
2023-04-15 16:00:00,0.0,87.25631879999999,32.65385633333336
2023-04-15 17:00:00,0.0,61.27489805000009,31.208109666666697
2023-04-15 18:00:00,1.5537960000000033,61.272016916666765,0.5984920000000011
2023-04-15 19:00:00,1.5088020000000015,46.78240775000004,9.981373000000028
2023-04-15 20:00:00,0.0,42.95444313333338,10.757556000000028
2023-04-15 21:00:00,0.0,33.52049980000004,0.0
2023-04-15 22:00:00,0.0,14.302259566666683,0.0
2023-04-15 23:00:00,0.0,4.735649650000003,0.0
2023-04-16 00:00:00,0.0,0.0,0.0
2023-04-16 01:00:00,0.0,0.0,0.0
2023-04-16 02:00:00,0.0,0.0,0.0
2023-04-16 03:00:00,0.0,0.0,0.0
2023-04-16 04:00:00,0.0,0.3091928999999997,0.0
2023-04-16 05:00:00,0.0,5.205516700000008,0.40158000000000094
2023-04-16 06:00:00,1.658782000000003,18.83326271666672,9.985193333333363
2023-04-16 07:00:00,1.6512830000000025,14.007332650000047,38.4287143333334
2023-04-16 08:00:00,0.0,1.921915766666664,28.5905626666667
2023-04-16 09:00:00,0.0,0.7767962666666621,15.865296500000028
2023-04-16 10:00:00,0.008270000000000007,0.6211901833333296,15.291651500000032
2023-04-16 11:00:00,0.008271000000000006,0.5135345666666636,12.794867833333356
2023-04-16 12:00:00,0.0,0.4667049333333308,0.0
2023-04-16 13:00:00,0.0,0.5233624499999976,5.748001333333331
2023-04-16 14:00:00,0.0,0.5661897999999976,9.769440666666673
2023-04-16 15:00:00,0.0,0.5716094999999972,8.552089666666674
2023-04-16 16:00:00,0.0,3.415981366666664,36.41989400000003
2023-04-16 17:00:00,0.0,33.21333636666675,29.482623333333372
2023-04-16 18:00:00,1.3663210000000021,43.811281333333405,0.6273840000000008
2023-04-16 19:00:00,1.4188140000000018,34.867208100000035,10.935378000000025
2023-04-16 20:00:00,0.0,32.043358433333374,9.956370333333364
2023-04-16 21:00:00,0.0,22.765092400000043,0.0
2023-04-16 22:00:00,0.0,5.3576398000000065,0.0
2023-04-16 23:00:00,0.0,0.34971968333333303,0.0
2023-04-17 00:00:00,0.0,1.8926166833333335,0.0
2023-04-17 01:00:00,0.0,5.727599816666673,0.0
2023-04-17 02:00:00,0.0,8.452581650000006,0.0
2023-04-17 03:00:00,0.0,10.407569466666677,0.0
2023-04-17 04:00:00,0.0,10.507035533333339,0.0
2023-04-17 05:00:00,0.0,16.040162300000016,0.40629200000000043
2023-04-17 06:00:00,1.4713070000000017,28.52903545000006,10.093415333333363
2023-04-17 07:00:00,1.568794000000002,32.596011600000054,49.97522900000005
2023-04-17 08:00:00,0.0,37.44837121666668,31.377656000000034
2023-04-17 09:00:00,0.0,72.41955491666664,13.16216400000002
2023-04-17 10:00:00,0.008268000000000006,85.8375584833333,12.794438166666696
2023-04-17 11:00:00,0.008273000000000006,103.19709706666669,12.85592583333336
2023-04-17 12:00:00,0.0,133.1749214833333,0.0
2023-04-17 13:00:00,0.0,139.69057088333324,7.466991000000004
2023-04-17 14:00:00,0.0,141.3579170999999,10.687321666666675
2023-04-17 15:00:00,0.0,139.5083388833333,10.679028333333338
2023-04-17 16:00:00,0.0,97.20390486666666,31.11072233333337
2023-04-17 17:00:00,0.0,59.09050896666676,24.41999800000003
2023-04-17 18:00:00,1.5088020000000029,61.235313500000075,0.6262680000000009
2023-04-17 19:00:00,1.546297000000001,48.81853008333338,9.933300000000024
2023-04-17 20:00:00,0.0,45.35775740000004,9.93305100000003
2023-04-17 21:00:00,0.0,35.45052023333338,0.0
2023-04-17 22:00:00,0.0,16.685065166666682,0.0
2023-04-17 23:00:00,0.0,6.211726083333336,0.0
2023-04-18 00:00:00,0.0,2.640112383333335,0.0
2023-04-18 01:00:00,0.0,7.127590483333341,0.0
2023-04-18 02:00:00,0.0,8.375082166666674,0.0
2023-04-18 03:00:00,0.0,9.871573066666672,0.0
2023-04-18 04:00:00,0.0,11.263619233333339,0.0
2023-04-18 05:00:00,0.0,17.808164050000013,0.4841640000000003
2023-04-18 06:00:00,1.5088020000000044,31.95479311666673,9.820581000000029
2023-04-18 07:00:00,1.5312990000000029,30.944242650000046,38.32148400000005
2023-04-18 08:00:00,0.0,30.706398033333347,27.317129000000037
2023-04-18 09:00:00,0.0,55.32431348333334,15.780563000000033
2023-04-18 10:00:00,0.008272000000000005,78.51129809999998,15.883092833333368
2023-04-18 11:00:00,0.008269000000000006,117.34891421666664,12.660226333333354
2023-04-18 12:00:00,0.0,151.34359264999995,0.0
2023-04-18 13:00:00,0.0,154.02441891666658,5.8986519999999985
2023-04-18 14:00:00,0.0,136.70624253333324,10.873319666666674
2023-04-18 15:00:00,0.0,131.40826119999994,10.394882666666675
2023-04-18 16:00:00,0.0,96.0785558,27.562611333333372
2023-04-18 17:00:00,0.0,56.29362750000009,32.901388000000026
2023-04-18 18:00:00,1.4863050000000033,60.05373056666675,0.5915480000000014
2023-04-18 19:00:00,1.5687940000000042,47.7419724166667,10.701283333333356
2023-04-18 20:00:00,0.0,44.30297310000004,10.800863333333362
2023-04-18 21:00:00,0.0,32.59143043333337,0.0
2023-04-18 22:00:00,0.0,13.766230650000015,0.0
2023-04-18 23:00:00,0.0,5.077561100000002,0.0
2023-04-19 00:00:00,0.0,2.920110766666667,0.0
2023-04-19 01:00:00,0.0,7.1050906333333375,0.0
2023-04-19 02:00:00,0.0,8.56758088333334,0.0
2023-04-19 03:00:00,0.0,9.03507815000001,0.0
2023-04-19 04:00:00,0.0,9.988259700000006,0.0
2023-04-19 05:00:00,0.0,16.139131350000014,0.47275600000000095
2023-04-19 06:00:00,1.4338120000000034,31.687588100000063,10.418649666666695
2023-04-19 07:00:00,1.628786000000002,27.685629716666718,35.588548666666725
2023-04-19 08:00:00,0.0,35.60607265000001,37.3573976666667
2023-04-19 09:00:00,0.0,63.58189739999999,17.701579000000027
2023-04-19 10:00:00,0.008264000000000006,89.55371339999995,18.518775166666703
2023-04-19 11:00:00,0.008277000000000007,107.13658544999996,12.199468166666687
2023-04-19 12:00:00,0.0,130.36509354999995,0.0
2023-04-19 13:00:00,0.0,148.04690758333328,4.105339
2023-04-19 14:00:00,0.0,156.09840423333327,11.203455333333343
2023-04-19 15:00:00,0.0,129.94634508333328,9.44034100000001
2023-04-19 16:00:00,0.0,92.88789711666665,25.182349666666695
2023-04-19 17:00:00,0.0,57.85678298333341,30.380509333333368
2023-04-19 18:00:00,1.4488100000000028,61.36085575000009,0.5849760000000014
2023-04-19 19:00:00,1.5837920000000036,48.662031450000036,9.899555333333359
2023-04-19 20:00:00,0.0,43.83388186666671,9.799797666666693
2023-04-19 21:00:00,0.0,32.82694030000005,0.0
2023-04-19 22:00:00,0.0,14.864638583333344,0.0
2023-04-19 23:00:00,0.0,5.550642500000004,0.0
2023-04-20 00:00:00,0.0,2.5276105666666653,0.0
2023-04-20 01:00:00,0.0,6.397595350000004,0.0
2023-04-20 02:00:00,0.0,8.290082733333337,0.0
2023-04-20 03:00:00,0.0,10.482569183333341,0.0
2023-04-20 04:00:00,0.0,12.256742516666673,0.0
2023-04-20 05:00:00,0.0,19.13568228333335,0.49718400000000024
2023-04-20 06:00:00,1.5163010000000006,32.474885616666725,10.496514000000024
2023-04-20 07:00:00,1.5687940000000018,30.38756168333338,37.974735666666724
2023-04-20 08:00:00,0.0,34.819534600000004,29.03233433333337
2023-04-20 09:00:00,0.0,53.138981750000006,14.419422666666692
2023-04-20 10:00:00,0.008270000000000007,86.57387489999999,16.952997166666705
2023-04-20 11:00:00,0.008271000000000006,115.9675785,13.688268000000024
2023-04-20 12:00:00,0.0,155.6597369666666,0.0
2023-04-20 13:00:00,0.0,143.72866044999995,5.247226
2023-04-20 14:00:00,0.0,136.31908993333326,10.826845666666674
2023-04-20 15:00:00,0.0,126.31849423333327,10.095896666666677
2023-04-20 16:00:00,0.0,94.08163486666665,32.61759633333336
2023-04-20 17:00:00,0.0,59.09122115000009,29.85822933333336
2023-04-20 18:00:00,1.5013030000000043,59.08633511666677,0.6030800000000011
2023-04-20 19:00:00,1.508802000000002,47.91961013333337,9.724582666666697
2023-04-20 20:00:00,0.0,43.005268266666704,10.102949000000036
2023-04-20 21:00:00,0.0,32.26238481666671,0.0
2023-04-20 22:00:00,0.0,13.88654201666668,0.0
2023-04-20 23:00:00,0.0,3.485744366666668,0.0
2023-04-21 00:00:00,0.0,3.020110966666667,0.0
2023-04-21 01:00:00,0.0,7.985084766666674,0.0
2023-04-21 02:00:00,0.0,10.377568816666672,0.0
2023-04-21 03:00:00,0.0,11.215063900000008,0.0
2023-04-21 04:00:00,0.0,11.45846448333334,0.0
2023-04-21 05:00:00,0.0,16.98193930000001,0.43605200000000033
2023-04-21 06:00:00,1.643784000000003,29.93030101666673,9.971064666666694
2023-04-21 07:00:00,1.508802000000003,34.18048796666672,33.610315000000064
2023-04-21 08:00:00,0.0,40.78486778333334,40.98142733333337
2023-04-21 09:00:00,0.0,59.00418493333333,13.84124183333335
2023-04-21 10:00:00,0.008263000000000006,69.15281124999998,14.799810500000037
2023-04-21 11:00:00,0.008278000000000006,105.07891159999998,12.41649166666669
2023-04-21 12:00:00,0.0,147.73556194999992,0.0
2023-04-21 13:00:00,0.0,137.4789049166666,6.1627916666666644
2023-04-21 14:00:00,0.0,139.8430083166666,7.713819333333336
2023-04-21 15:00:00,0.0,122.69369543333333,9.12264533333334
2023-04-21 16:00:00,0.0,101.72155406666667,24.935657666666703
2023-04-21 17:00:00,0.0,67.98489208333342,34.994843666666696
2023-04-21 18:00:00,1.433812000000002,59.245690950000075,0.5962600000000018
2023-04-21 19:00:00,1.508802000000003,48.72632015000003,10.15434133333336
2023-04-21 20:00:00,0.0,44.34384583333337,10.377784000000032
2023-04-21 21:00:00,0.0,32.71578976666671,0.0
2023-04-21 22:00:00,0.0,14.543384133333346,0.0
2023-04-21 23:00:00,0.0,5.413730150000003,0.0
2023-04-22 00:00:00,0.0,1.932617633333332,0.0
2023-04-22 01:00:00,0.0,6.065097566666673,0.0
2023-04-22 02:00:00,0.0,8.197583350000004,0.0
2023-04-22 03:00:00,0.0,10.110071700000008,0.0
2023-04-22 04:00:00,0.0,12.493110516666672,0.0
2023-04-22 05:00:00,0.0,19.52614360000002,0.44820400000000055
2023-04-22 06:00:00,1.418814000000001,30.903681600000063,9.96167033333336
2023-04-22 07:00:00,1.688778000000004,35.446113466666716,37.63060900000006
2023-04-22 08:00:00,0.0,46.15974903333334,38.56590833333337
2023-04-22 09:00:00,0.0,64.32319195,17.9720051666667
2023-04-22 10:00:00,0.008273000000000006,74.91396951666665,15.341168666666706
2023-04-22 11:00:00,0.008268000000000006,105.45607974999996,13.513501833333356
2023-04-22 12:00:00,0.0,145.73375353333327,0.0
2023-04-22 13:00:00,0.0,156.57656864999993,6.4041260000000015
2023-04-22 14:00:00,0.0,138.54750366666659,6.902206666666668
2023-04-22 15:00:00,0.0,126.90826319999995,11.318274666666673
2023-04-22 16:00:00,0.0,88.44397993333334,25.183572666666695
2023-04-22 17:00:00,0.0,62.10820530000009,30.04279300000003
2023-04-22 18:00:00,1.4188140000000027,59.95320891666675,0.6149840000000008
2023-04-22 19:00:00,1.5687940000000018,48.78427880000003,10.221693666666692
2023-04-22 20:00:00,0.0,43.33275763333338,10.161247333333366
2023-04-22 21:00:00,0.0,33.11368818333338,0.0
2023-04-22 22:00:00,0.0,14.40845356666668,0.0
2023-04-22 23:00:00,0.0,4.706400733333336,0.0
2023-04-23 00:00:00,0.0,0.0,0.0
2023-04-23 01:00:00,0.0,0.0,0.0
2023-04-23 02:00:00,0.0,0.0,0.0
2023-04-23 03:00:00,0.0,0.0,0.0
2023-04-23 04:00:00,0.0,0.281929883333333,0.0
2023-04-23 05:00:00,0.0,5.510409833333341,0.4459720000000003
2023-04-23 06:00:00,1.5013030000000016,18.27294026666672,9.449823666666695
2023-04-23 07:00:00,1.5088020000000015,13.530339233333377,39.2295863333334
2023-04-23 08:00:00,0.0,2.1858458,36.17683700000004
2023-04-23 09:00:00,0.0,0.6363038166666634,14.989605000000024
2023-04-23 10:00:00,0.008270000000000007,0.5266161333333301,17.54112400000004
2023-04-23 11:00:00,0.008271000000000006,0.4776173833333305,12.749074000000022
2023-04-23 12:00:00,0.0,0.5010314499999967,0.0
2023-04-23 13:00:00,0.0,0.6964300666666631,8.033952000000005
2023-04-23 14:00:00,0.0,0.7300128166666626,9.615749999999998
2023-04-23 15:00:00,0.0,0.7133497166666621,8.13610766666667
2023-04-23 16:00:00,0.0,3.098536816666662,28.213030666666704
2023-04-23 17:00:00,0.0,34.805621050000084,30.787410000000037
2023-04-23 18:00:00,1.5762930000000035,44.613317033333416,0.6235400000000012
2023-04-23 19:00:00,1.508802000000003,33.81117670000003,9.87705233333336
2023-04-23 20:00:00,0.0,32.0597391666667,10.695926333333361
2023-04-23 21:00:00,0.0,22.864527483333372,0.0
2023-04-23 22:00:00,0.0,5.300037166666673,0.0
2023-04-23 23:00:00,0.0,0.3862997999999996,0.0
2023-04-24 00:00:00,0.0,1.412619033333332,0.0
2023-04-24 01:00:00,0.0,5.63010046666667,0.0
2023-04-24 02:00:00,0.0,8.312582583333338,0.0
2023-04-24 03:00:00,0.0,9.337576150000004,0.0
2023-04-24 04:00:00,0.0,10.946784600000004,0.0
2023-04-24 05:00:00,0.0,18.009785883333347,0.482180000000001
2023-04-24 06:00:00,1.5987900000000033,34.05326176666673,10.054089000000028
2023-04-24 07:00:00,1.531299000000003,34.550066200000046,42.238938000000054
2023-04-24 08:00:00,0.0,36.096163900000015,28.87113333333337
2023-04-24 09:00:00,0.0,60.64726393333331,18.48708650000003
2023-04-24 10:00:00,0.008284000000000007,70.11695651666663,17.37064483333337
2023-04-24 11:00:00,0.008257000000000007,99.69455913333334,12.801078166666692
2023-04-24 12:00:00,0.0,144.6690817499999,0.0
2023-04-24 13:00:00,0.0,154.39273684999995,6.638256666666668
2023-04-24 14:00:00,0.0,154.47458666666662,6.304475333333335
2023-04-24 15:00:00,0.0,135.29877606666665,12.723661666666679
2023-04-24 16:00:00,0.0,86.53397021666667,33.908371333333356
2023-04-24 17:00:00,0.0,60.2455202500001,22.25437533333337
2023-04-24 18:00:00,1.5462970000000027,58.019670600000076,0.5655080000000016
2023-04-24 19:00:00,1.4188140000000018,48.93705673333338,10.098922666666697
2023-04-24 20:00:00,0.0,45.207909483333374,9.423357000000028
2023-04-24 21:00:00,0.0,33.211693716666716,0.0
2023-04-24 22:00:00,0.0,13.808500983333348,0.0
2023-04-24 23:00:00,0.0,4.8604044666666715,0.0
2023-04-25 00:00:00,0.0,2.0701157166666673,0.0
2023-04-25 01:00:00,0.0,5.387602083333339,0.0
2023-04-25 02:00:00,0.0,7.432588450000003,0.0
2023-04-25 03:00:00,0.0,8.562581350000004,0.0
2023-04-25 04:00:00,0.0,9.662729783333338,0.0
2023-04-25 05:00:00,0.0,16.341476283333353,0.4953240000000008
2023-04-25 06:00:00,1.6812790000000009,28.01512971666672,9.59467233333336
2023-04-25 07:00:00,1.5537960000000006,32.98712845000005,40.722297333333394
2023-04-25 08:00:00,0.0,39.65761621666668,32.49046800000004
2023-04-25 09:00:00,0.0,49.68157960000001,16.109529000000023
2023-04-25 10:00:00,0.008283000000000007,67.73145303333332,15.952769500000036
2023-04-25 11:00:00,0.008258000000000007,100.07649029999997,14.724161166666699
2023-04-25 12:00:00,0.0,138.99868014999996,0.0
2023-04-25 13:00:00,0.0,152.20008581666656,6.995205666666666
2023-04-25 14:00:00,0.0,151.05525664999993,9.198143333333336
2023-04-25 15:00:00,0.0,135.81134284999996,7.666309333333336
2023-04-25 16:00:00,0.0,98.10815595,24.49242833333337
2023-04-25 17:00:00,0.0,64.8357213000001,31.924062333333364
2023-04-25 18:00:00,1.4413110000000016,58.90642643333342,0.5645160000000019
2023-04-25 19:00:00,1.4188140000000031,48.30034075000003,10.15532033333336
2023-04-25 20:00:00,0.0,44.83781085000005,10.664278666666696
2023-04-25 21:00:00,0.0,33.22655035000004,0.0
2023-04-25 22:00:00,0.0,14.729690400000013,0.0
2023-04-25 23:00:00,0.0,5.064648633333336,0.0
2023-04-26 00:00:00,0.0,1.9576175833333325,0.0
2023-04-26 01:00:00,0.0,5.867598883333337,0.0
2023-04-26 02:00:00,0.0,8.725079833333337,0.0
2023-04-26 03:00:00,0.0,9.320826216666672,0.0
2023-04-26 04:00:00,0.0,11.300121183333339,0.0
2023-04-26 05:00:00,0.0,17.700128233333345,0.4441120000000006
2023-04-26 06:00:00,1.5312990000000026,29.683624833333397,10.509754000000026
2023-04-26 07:00:00,1.4488100000000035,28.63600455000004,46.77750066666672
2023-04-26 08:00:00,0.0,40.17817480000001,31.37223833333336
2023-04-26 09:00:00,0.0,73.10818991666665,15.475609333333356
2023-04-26 10:00:00,0.008265000000000007,71.53154426666666,16.977693500000036
2023-04-26 11:00:00,0.008276000000000007,107.55806623333328,14.46104216666669
2023-04-26 12:00:00,0.0,140.23383901666656,0.0
2023-04-26 13:00:00,0.0,157.19933574999988,8.516275333333342
2023-04-26 14:00:00,0.0,139.74334214999996,9.074841000000008
2023-04-26 15:00:00,0.0,127.62184809999997,9.199473666666668
2023-04-26 16:00:00,0.0,88.15974545,25.41113566666669
2023-04-26 17:00:00,0.0,59.994857850000095,22.21246200000004
2023-04-26 18:00:00,1.531299000000002,59.51028491666675,0.6582599999999998
2023-04-26 19:00:00,1.583792000000002,51.04528985000004,9.854649333333358
2023-04-26 20:00:00,0.0,45.013083100000046,10.147922000000037
2023-04-26 21:00:00,0.0,32.50274951666672,0.0
2023-04-26 22:00:00,0.0,13.967695866666684,0.0
2023-04-26 23:00:00,0.0,5.572727800000005,0.0
2023-04-27 00:00:00,0.0,1.6826186499999982,0.0
2023-04-27 01:00:00,0.0,6.282596116666673,0.0
2023-04-27 02:00:00,0.0,9.170076866666676,0.0
2023-04-27 03:00:00,0.0,10.307570333333341,0.0
2023-04-27 04:00:00,0.0,10.868787966666675,0.0
2023-04-27 05:00:00,0.0,16.605149866666682,0.5234720000000013
2023-04-27 06:00:00,1.4113150000000028,30.76445966666672,11.498109000000026
2023-04-27 07:00:00,1.6137880000000018,31.703514850000047,47.81398866666673
2023-04-27 08:00:00,0.0,39.76062395000002,19.5425196666667
2023-04-27 09:00:00,0.0,59.222104099999996,15.358317666666691
2023-04-27 10:00:00,0.008264000000000006,76.77597758333333,15.4214121666667
2023-04-27 11:00:00,0.008277000000000007,105.5070036833333,13.250976666666693
2023-04-27 12:00:00,0.0,131.31751968333327,0.0
2023-04-27 13:00:00,0.0,137.70258894999995,5.822514333333336
2023-04-27 14:00:00,0.0,143.17008998333327,11.267291666666672
2023-04-27 15:00:00,0.0,137.54693563333325,11.162492333333342
2023-04-27 16:00:00,0.0,105.1831320833333,27.455951666666696
2023-04-27 17:00:00,0.0,61.54745805000009,36.53717866666669
2023-04-27 18:00:00,1.6512830000000014,61.25050625000009,0.6130000000000012
2023-04-27 19:00:00,1.4188140000000016,49.05279465000004,9.561427000000029
2023-04-27 20:00:00,0.0,45.25392271666671,9.83810800000003
2023-04-27 21:00:00,0.0,35.111846833333374,0.0
2023-04-27 22:00:00,0.0,15.492874150000015,0.0
2023-04-27 23:00:00,0.0,5.1989899833333375,0.0
2023-04-28 00:00:00,0.0,2.587614399999999,0.0
2023-04-28 01:00:00,0.0,5.697600016666671,0.0
2023-04-28 02:00:00,0.0,7.402588650000006,0.0
2023-04-28 03:00:00,0.0,9.706073933333341,0.0
2023-04-28 04:00:00,0.0,10.697039316666675,0.0
2023-04-28 05:00:00,0.0,17.56933201666668,0.426504000000001
2023-04-28 06:00:00,1.3813190000000015,33.156397566666726,10.326025666666705
2023-04-28 07:00:00,1.3813190000000022,34.20096611666671,38.39085200000005
2023-04-28 08:00:00,0.0,38.54514960000001,28.323299666666703
2023-04-28 09:00:00,0.0,63.26325343333334,12.75179916666669
2023-04-28 10:00:00,0.008259000000000006,81.16714388333331,18.610139166666713
2023-04-28 11:00:00,0.008282000000000005,98.10475023333332,15.921430833333359
2023-04-28 12:00:00,0.0,148.83750078333324,0.0
2023-04-28 13:00:00,0.0,145.0272543166666,6.779266666666667
2023-04-28 14:00:00,0.0,140.36399666666665,11.022328666666672
2023-04-28 15:00:00,0.0,132.16534916666663,9.603604333333339
2023-04-28 16:00:00,0.0,95.68957644999998,33.47040733333336
2023-04-28 17:00:00,0.0,59.26931543333342,25.08156933333336
2023-04-28 18:00:00,1.6962770000000016,57.19020943333341,0.6147360000000007
2023-04-28 19:00:00,1.6362850000000018,47.91211136666671,10.214375666666692
2023-04-28 20:00:00,0.0,44.19123476666671,10.262853000000028
2023-04-28 21:00:00,0.0,34.239022083333374,0.0
2023-04-28 22:00:00,0.0,14.438748950000015,0.0
2023-04-28 23:00:00,0.0,5.630976666666671,0.0
2023-04-29 00:00:00,0.0,2.5226121833333344,0.0
2023-04-29 01:00:00,0.0,6.482594783333339,0.0
2023-04-29 02:00:00,0.0,8.292582716666672,0.0
2023-04-29 03:00:00,0.0,9.445076450000004,0.0
2023-04-29 04:00:00,0.0,11.03037148333334,0.0
2023-04-29 05:00:00,0.0,17.070208050000016,0.4049280000000008
2023-04-29 06:00:00,1.553796000000003,29.50868025000006,10.271077333333356
2023-04-29 07:00:00,1.643784000000002,32.208355833333385,45.77146866666673
2023-04-29 08:00:00,0.0,39.745642650000015,38.282422333333365
2023-04-29 09:00:00,0.0,60.07761678333332,13.963298000000025
2023-04-29 10:00:00,0.008264000000000006,69.38654061666668,16.89719950000004
2023-04-29 11:00:00,0.008277000000000007,110.45832455,13.492035000000023
2023-04-29 12:00:00,0.0,144.24784073333325,0.0
2023-04-29 13:00:00,0.0,148.8478195666666,7.86167066666667
2023-04-29 14:00:00,0.0,143.91357299999996,9.160342000000004
2023-04-29 15:00:00,0.0,127.13844448333329,12.350663666666676
2023-04-29 16:00:00,0.0,93.42942078333331,19.612870666666705
2023-04-29 17:00:00,0.0,60.92982751666676,23.478926666666702
2023-04-29 18:00:00,1.4938040000000024,58.69153146666676,0.6177120000000005
2023-04-29 19:00:00,1.403816000000002,48.117896050000034,10.029731000000023
2023-04-29 20:00:00,0.0,43.90547473333337,10.847502000000024
2023-04-29 21:00:00,0.0,34.108414033333375,0.0
2023-04-29 22:00:00,0.0,16.185482900000014,0.0
2023-04-29 23:00:00,0.0,5.2780631833333365,0.0
2023-04-30 00:00:00,0.0,0.0,0.0
2023-04-30 01:00:00,0.0,0.0,0.0
2023-04-30 02:00:00,0.0,0.0,0.0
2023-04-30 03:00:00,0.0,0.0,0.0
2023-04-30 04:00:00,0.0,0.2706640166666664,0.0
2023-04-30 05:00:00,0.0,5.42218105000001,0.4464680000000001
2023-04-30 06:00:00,1.4713070000000024,18.45529373333339,9.60486033333336
2023-04-30 07:00:00,1.4488100000000028,13.097260350000042,41.87835633333338
2023-04-30 08:00:00,0.0,2.677471766666667,27.855407666666704
2023-04-30 09:00:00,0.0,0.7693998666666636,15.718474333333365
2023-04-30 10:00:00,0.008271000000000006,0.7753449833333301,17.93116033333337
2023-04-30 11:00:00,0.008270000000000007,0.6960167166666635,13.300996833333356
2023-04-30 12:00:00,0.0,0.6241896499999968,0.0
2023-04-30 13:00:00,0.0,0.6984313833333298,8.039307333333339
2023-04-30 14:00:00,0.0,0.5928594666666633,10.292693000000009
2023-04-30 15:00:00,0.0,0.6106109333333297,7.189012999999999
2023-04-30 16:00:00,0.0,3.589033416666665,30.630096333333366
2023-04-30 17:00:00,0.0,32.66013421666675,27.360470333333367
2023-04-30 18:00:00,1.5912910000000033,45.71754555000007,0.5937800000000013
2023-04-30 19:00:00,1.5837920000000008,33.33090005000003,10.091542000000029
2023-04-30 20:00:00,0.0,31.622359583333367,10.27617833333336
2023-04-30 21:00:00,0.0,22.620200516666706,0.0
2023-04-30 22:00:00,0.0,5.334477416666674,0.0
2023-04-30 23:00:00,0.0,0.3362951666666663,0.0
2023-05-01 00:00:00,0.0,2.5851129666666677,0.0
2023-05-01 01:00:00,0.0,6.78259278333334,0.0
2023-05-01 02:00:00,0.0,10.067570883333339,0.0
2023-05-01 03:00:00,0.0,10.013571433333341,0.0
2023-05-01 04:00:00,0.0,10.211575316666677,0.0
2023-05-01 05:00:00,0.0,17.098855900000014,0.48404000000000097
2023-05-01 06:00:00,1.5687940000000018,31.662368666666726,9.642787666666699
2023-05-01 07:00:00,1.4788060000000023,30.715660533333384,48.08867500000006
2023-05-01 08:00:00,0.0,30.64175778333335,30.0604666666667
2023-05-01 09:00:00,0.0,47.613228316666685,14.202895666666688
2023-05-01 10:00:00,0.008272000000000005,68.02105966666667,16.92487633333337
2023-05-01 11:00:00,0.008269000000000006,110.13875289999997,17.13191700000003
2023-05-01 12:00:00,0.0,141.24884098333328,0.0
2023-05-01 13:00:00,0.0,138.67681106666663,7.794638666666671
2023-05-01 14:00:00,0.0,138.35590861666662,7.322006999999998
2023-05-01 15:00:00,0.0,155.1938394999999,7.076370333333332
2023-05-01 16:00:00,0.0,99.6930423,28.8612076666667
2023-05-01 17:00:00,0.0,61.70304810000009,26.455506666666697
2023-05-01 18:00:00,1.493804000000003,60.45593021666675,0.5317800000000016
2023-05-01 19:00:00,1.553796000000003,49.28819860000003,10.919243333333359
2023-05-01 20:00:00,0.0,45.57774110000004,9.98635233333336
2023-05-01 21:00:00,0.0,34.09426385000005,0.0
2023-05-01 22:00:00,0.0,14.068968783333345,0.0
2023-05-01 23:00:00,0.0,4.216241966666669,0.0
2023-05-02 00:00:00,0.0,2.2276137333333326,0.0
2023-05-02 01:00:00,0.0,6.762592916666671,0.0
2023-05-02 02:00:00,0.0,9.53507443333334,0.0
2023-05-02 03:00:00,0.0,11.159065616666673,0.0
2023-05-02 04:00:00,0.0,12.453470950000005,0.0
2023-05-02 05:00:00,0.0,17.522331683333345,0.495448
2023-05-02 06:00:00,1.6512830000000014,30.180208033333386,10.32704733333336
2023-05-02 07:00:00,1.5462970000000016,32.217952133333384,31.34587933333339
2023-05-02 08:00:00,0.0,39.911864816666686,25.11628966666669
2023-05-02 09:00:00,0.0,59.398108699999995,13.935106666666691
2023-05-02 10:00:00,0.008277000000000007,79.17570534999999,17.35568883333337
2023-05-02 11:00:00,0.008264000000000006,119.76915634999997,14.260159166666694
2023-05-02 12:00:00,0.0,145.7422509999999,0.0
2023-05-02 13:00:00,0.0,143.9640093,6.105986333333333
2023-05-02 14:00:00,0.0,145.1516007833333,9.402299000000006
2023-05-02 15:00:00,0.0,135.5087144166666,9.483947666666674
2023-05-02 16:00:00,0.0,74.99531445000001,42.53244333333337
2023-05-02 17:00:00,0.0,53.09228195000008,31.49009433333337
2023-05-02 18:00:00,1.4338120000000025,63.406915366666766,0.5979960000000017
2023-05-02 19:00:00,1.4638080000000029,51.386662400000034,10.708281000000024
2023-05-02 20:00:00,0.0,46.22737475000004,9.866424333333363
2023-05-02 21:00:00,0.0,34.65788431666672,0.0
2023-05-02 22:00:00,0.0,14.852881516666685,0.0
2023-05-02 23:00:00,0.0,5.741891966666669,0.0
2023-05-03 00:00:00,0.0,2.737610300000002,0.0
2023-05-03 01:00:00,0.0,7.047591016666676,0.0
2023-05-03 02:00:00,0.0,9.770072866666677,0.0
2023-05-03 03:00:00,0.0,9.780073250000012,0.0
2023-05-03 04:00:00,0.0,11.18085153333334,0.0
2023-05-03 05:00:00,0.0,16.548765050000018,0.4792040000000002
2023-05-03 06:00:00,1.486305000000001,28.13311655000006,10.095984000000028
2023-05-03 07:00:00,1.5312990000000029,28.62156180000005,44.8401473333334
2023-05-03 08:00:00,0.0,34.616086316666674,38.92557433333336
2023-05-03 09:00:00,0.0,43.45514691666668,15.367405166666689
2023-05-03 10:00:00,0.008259000000000006,79.85922211666663,20.915907500000046
2023-05-03 11:00:00,0.008282000000000005,118.39175983333328,14.56676716666669
2023-05-03 12:00:00,0.0,154.89324218333323,0.0
2023-05-03 13:00:00,0.0,145.84039208333328,5.539716000000001
2023-05-03 14:00:00,0.0,147.10113699999994,7.634675666666669
2023-05-03 15:00:00,0.0,136.08041259999996,7.224360333333331
2023-05-03 16:00:00,0.0,93.58800268333333,18.892576000000023
2023-05-03 17:00:00,0.0,59.13918356666675,24.91686133333336
2023-05-03 18:00:00,1.4263130000000028,61.18669416666676,0.6113880000000015
2023-05-03 19:00:00,1.651283000000002,49.54338050000004,10.50796433333336
2023-05-03 20:00:00,0.0,46.72157138333337,10.277844000000027
2023-05-03 21:00:00,0.0,33.26779761666671,0.0
2023-05-03 22:00:00,0.0,14.218408933333349,0.0
2023-05-03 23:00:00,0.0,5.148401566666669,0.0
2023-05-04 00:00:00,0.0,2.885109833333335,0.0
2023-05-04 01:00:00,0.0,6.560094266666675,0.0
2023-05-04 02:00:00,0.0,9.507574616666675,0.0
2023-05-04 03:00:00,0.0,10.844065783333344,0.0
2023-05-04 04:00:00,0.0,11.357637816666676,0.0
2023-05-04 05:00:00,0.0,17.897897783333345,0.39600000000000024
2023-05-04 06:00:00,1.6362850000000035,31.20384843333339,10.102387666666694
2023-05-04 07:00:00,1.4488100000000004,31.872631816666715,42.916980000000066
2023-05-04 08:00:00,0.0,45.58568721666667,30.081505000000043
2023-05-04 09:00:00,0.0,67.2198581333333,17.558449000000028
2023-05-04 10:00:00,0.008269000000000006,81.37744949999998,16.63014483333337
2023-05-04 11:00:00,0.008272000000000005,114.58814411666661,9.596356333333357
2023-05-04 12:00:00,0.0,137.21249316666658,0.0
2023-05-04 13:00:00,0.0,134.35360086666662,6.925374333333331
2023-05-04 14:00:00,0.0,136.7584299166666,8.186640666666676
2023-05-04 15:00:00,0.0,135.60653388333327,9.013821000000002
2023-05-04 16:00:00,0.0,100.50621223333333,35.903465000000025
2023-05-04 17:00:00,0.0,57.38877201666675,23.4029156666667
2023-05-04 18:00:00,1.591291000000003,60.21780536666676,0.616844000000001
2023-05-04 19:00:00,1.4188140000000034,50.71194525000004,10.42927266666669
2023-05-04 20:00:00,0.0,45.38300030000004,10.526028333333365
2023-05-04 21:00:00,0.0,33.90243293333338,0.0
2023-05-04 22:00:00,0.0,13.453228450000017,0.0
2023-05-04 23:00:00,0.0,4.718400316666669,0.0
2023-05-05 00:00:00,0.0,2.6526128833333327,0.0
2023-05-05 01:00:00,0.0,5.940098400000005,0.0
2023-05-05 02:00:00,0.0,7.952584983333339,0.0
2023-05-05 03:00:00,0.0,10.062822616666672,0.0
2023-05-05 04:00:00,0.0,11.570577400000007,0.0
2023-05-05 05:00:00,0.0,18.08653760000001,0.4413840000000017
2023-05-05 06:00:00,1.4788060000000023,29.636333966666722,10.35682000000003
2023-05-05 07:00:00,1.4713070000000035,29.168721850000043,35.10554566666672
2023-05-05 08:00:00,0.0,47.96644851666668,33.83263166666671
2023-05-05 09:00:00,0.0,62.99544796666666,14.125976166666693
2023-05-05 10:00:00,0.008265000000000007,75.9079576833333,17.383613666666704
2023-05-05 11:00:00,0.008276000000000007,104.94707609999996,13.055305333333353
2023-05-05 12:00:00,0.0,129.35901128333325,0.0
2023-05-05 13:00:00,0.0,147.5779104666666,10.412366666666673
2023-05-05 14:00:00,0.0,156.18608388333328,12.43096500000001
2023-05-05 15:00:00,0.0,135.21110028333328,8.95819033333334
2023-05-05 16:00:00,0.0,98.87411995,29.487211666666692
2023-05-05 17:00:00,0.0,60.658111316666755,30.045459666666698
2023-05-05 18:00:00,1.6887780000000017,63.716344716666754,0.6735119999999999
2023-05-05 19:00:00,1.456309000000003,49.631674383333376,9.696634666666696
2023-05-05 20:00:00,0.0,44.77984905000004,10.782541000000025
2023-05-05 21:00:00,0.0,35.32091333333337,0.0
2023-05-05 22:00:00,0.0,14.58252473333335,0.0
2023-05-05 23:00:00,0.0,4.711902983333337,0.0
2023-05-06 00:00:00,0.0,2.8676098500000005,0.0
2023-05-06 01:00:00,0.0,6.905091966666674,0.0
2023-05-06 02:00:00,0.0,8.247583016666672,0.0
2023-05-06 03:00:00,0.0,9.36507613333334,0.0
2023-05-06 04:00:00,0.0,11.56308525000001,0.0
2023-05-06 05:00:00,0.0,17.488390233333355,0.4547760000000004
2023-05-06 06:00:00,1.598790000000002,29.583772000000053,11.334577666666686
2023-05-06 07:00:00,1.5537960000000024,33.01020015000005,36.90260933333339
2023-05-06 08:00:00,0.0,34.92178820000001,42.493413666666704
2023-05-06 09:00:00,0.0,64.53862711666666,16.4229171666667
2023-05-06 10:00:00,0.008269000000000006,84.91870721666663,18.276282166666707
2023-05-06 11:00:00,0.008272000000000005,96.65092106666668,14.769654500000026
2023-05-06 12:00:00,0.0,129.63018954999995,0.0
2023-05-06 13:00:00,0.0,141.08600593333324,9.637120333333334
2023-05-06 14:00:00,0.0,141.61615999999992,8.936664333333335
2023-05-06 15:00:00,0.0,149.94558448333325,8.910680333333335
2023-05-06 16:00:00,0.0,100.51401236666666,20.39947800000003
2023-05-06 17:00:00,0.0,63.88117416666675,20.610526333333365
2023-05-06 18:00:00,1.4488100000000024,63.85513853333342,0.5805120000000018
2023-05-06 19:00:00,1.4938040000000035,49.11078660000004,9.170680000000026
2023-05-06 20:00:00,0.0,45.85671648333337,10.191229333333363
2023-05-06 21:00:00,0.0,33.49411928333338,0.0
2023-05-06 22:00:00,0.0,13.829292350000014,0.0
2023-05-06 23:00:00,0.0,4.751488066666671,0.0
2023-05-07 00:00:00,0.0,0.0,0.0
2023-05-07 01:00:00,0.0,0.0,0.0
2023-05-07 02:00:00,0.0,0.0,0.0
2023-05-07 03:00:00,0.0,0.0,0.0
2023-05-07 04:00:00,0.0,0.24248421666666645,0.0
2023-05-07 05:00:00,0.0,5.3861014000000065,0.444732
2023-05-07 06:00:00,1.5238000000000025,18.103504250000054,11.124489000000029
2023-05-07 07:00:00,1.5612950000000008,14.589309250000044,51.50885900000006
2023-05-07 08:00:00,0.0,1.8747506999999992,27.035186666666693
2023-05-07 09:00:00,0.0,0.6387239499999957,14.24439750000002
2023-05-07 10:00:00,0.008277000000000007,0.6840167833333292,18.772692000000042
2023-05-07 11:00:00,0.008264000000000006,0.6870996666666629,13.857080500000023
2023-05-07 12:00:00,0.0,0.7136799999999965,0.0
2023-05-07 13:00:00,0.0,0.6533497833333296,7.6149810000000056
2023-05-07 14:00:00,0.0,0.5315343333333297,9.183631333333338
2023-05-07 15:00:00,0.0,0.5840317833333294,6.814424333333337
2023-05-07 16:00:00,0.0,3.335426599999995,32.1710596666667
2023-05-07 17:00:00,0.0,32.86143770000008,18.743686333333372
2023-05-07 18:00:00,1.433812000000001,45.236355833333405,0.5917960000000014
2023-05-07 19:00:00,1.576293000000002,35.9046704166667,9.466387666666689
2023-05-07 20:00:00,0.0,32.88337945000003,9.348402000000027
2023-05-07 21:00:00,0.0,22.887915616666703,0.0
2023-05-07 22:00:00,0.0,5.488438350000008,0.0
2023-05-07 23:00:00,0.0,0.37704796666666623,0.0
2023-05-08 00:00:00,0.0,2.205114016666665,0.0
2023-05-08 01:00:00,0.0,6.435095100000005,0.0
2023-05-08 02:00:00,0.0,8.617580550000007,0.0
2023-05-08 03:00:00,0.0,9.532575516666672,0.0
2023-05-08 04:00:00,0.0,10.955456066666672,0.0
2023-05-08 05:00:00,0.0,17.93529220000001,0.4266280000000013
2023-05-08 06:00:00,1.418814000000004,31.433387133333394,9.895704333333361
2023-05-08 07:00:00,1.4638080000000016,29.25069935000005,39.20527366666673
2023-05-08 08:00:00,0.0,31.791119050000017,41.33147000000004
2023-05-08 09:00:00,0.0,50.29051416666668,14.971074666666693
2023-05-08 10:00:00,0.008270000000000005,73.5186430333333,17.905139333333377
2023-05-08 11:00:00,0.008271000000000006,107.63316651666663,14.312958000000027
2023-05-08 12:00:00,0.0,148.71373111666654,0.0
2023-05-08 13:00:00,0.0,154.1410522833333,6.376121000000003
2023-05-08 14:00:00,0.0,158.84482508333326,9.382811000000002
2023-05-08 15:00:00,0.0,128.8870094333333,8.021461000000004
2023-05-08 16:00:00,0.0,101.89996161666664,20.128624000000038
2023-05-08 17:00:00,0.0,61.36474378333342,33.58890000000003
2023-05-08 18:00:00,1.5537960000000026,60.55100670000009,0.5841080000000014
2023-05-08 19:00:00,1.658782,49.57215746666671,10.314532333333364
2023-05-08 20:00:00,0.0,45.56309198333337,9.751493333333359
2023-05-08 21:00:00,0.0,34.25481130000004,0.0
2023-05-08 22:00:00,0.0,15.162102750000013,0.0
2023-05-08 23:00:00,0.0,4.931981616666669,0.0
2023-05-09 00:00:00,0.0,3.017611800000002,0.0
2023-05-09 01:00:00,0.0,7.145090366666671,0.0
2023-05-09 02:00:00,0.0,9.057577616666673,0.0
2023-05-09 03:00:00,0.0,9.87157278333334,0.0
2023-05-09 04:00:00,0.0,11.39192868333334,0.0
2023-05-09 05:00:00,0.0,17.444942416666684,0.3600400000000004
2023-05-09 06:00:00,1.4638080000000024,31.29471840000005,10.265367666666696
2023-05-09 07:00:00,1.6212870000000024,35.68125690000005,46.5933713333334
2023-05-09 08:00:00,0.0,34.529444233333344,31.453965000000036
2023-05-09 09:00:00,0.0,59.98501433333333,13.895811000000023
2023-05-09 10:00:00,0.008267000000000007,70.23372771666665,17.261157833333368
2023-05-09 11:00:00,0.008274000000000007,97.48126093333332,13.376862333333355
2023-05-09 12:00:00,0.0,136.4623496833333,0.0
2023-05-09 13:00:00,0.0,152.1309937999999,7.982088666666673
2023-05-09 14:00:00,0.0,153.7374096166666,9.439650333333342
2023-05-09 15:00:00,0.0,137.41160801666658,8.456724333333334
2023-05-09 16:00:00,0.0,83.64113358333333,35.3456246666667
2023-05-09 17:00:00,0.0,60.48765683333343,18.24851600000004
2023-05-09 18:00:00,1.4188140000000018,60.64203760000008,0.5738160000000012
2023-05-09 19:00:00,1.5912910000000018,50.56334120000004,10.591873333333359
2023-05-09 20:00:00,0.0,46.45192075000004,10.442745000000025
2023-05-09 21:00:00,0.0,34.88192745000005,0.0
2023-05-09 22:00:00,0.0,14.344645666666683,0.0
2023-05-09 23:00:00,0.0,4.131983733333336,0.0
2023-05-10 00:00:00,0.0,3.230107850000001,0.0
2023-05-10 01:00:00,0.0,7.21258991666667,0.0
2023-05-10 02:00:00,0.0,9.557574283333341,0.0
2023-05-10 03:00:00,0.0,10.322570283333338,0.0
2023-05-10 04:00:00,0.0,11.462560700000004,0.0
2023-05-10 05:00:00,0.0,16.084765816666682,0.42786800000000136
2023-05-10 06:00:00,1.5462970000000043,29.753130383333392,10.912072000000025
2023-05-10 07:00:00,1.4788060000000036,36.09608551666672,38.33473000000005
2023-05-10 08:00:00,0.0,40.050320000000006,29.79527700000003
2023-05-10 09:00:00,0.0,56.20546076666666,16.96934583333336
2023-05-10 10:00:00,0.008271000000000006,78.86063321666663,16.00551000000003
2023-05-10 11:00:00,0.008270000000000007,104.6393414333333,11.627026500000024
2023-05-10 12:00:00,0.0,138.4246756499999,0.0
2023-05-10 13:00:00,0.0,139.89516196666665,6.146638000000003
2023-05-10 14:00:00,0.0,137.11525651666662,10.358360666666673
2023-05-10 15:00:00,0.0,146.05693228333328,7.708463999999998
2023-05-10 16:00:00,0.0,98.7474647833333,32.643561666666706
2023-05-10 17:00:00,0.0,57.298825233333424,33.6789276666667
2023-05-10 18:00:00,1.5762930000000006,60.142067250000096,0.6125040000000008
2023-05-10 19:00:00,1.493804000000002,49.9669276166667,10.167679666666695
2023-05-10 20:00:00,0.0,45.21562661666671,9.999677666666695
2023-05-10 21:00:00,0.0,34.33352283333338,0.0
2023-05-10 22:00:00,0.0,15.172417450000015,0.0
2023-05-10 23:00:00,0.0,5.445319300000005,0.0
2023-05-11 00:00:00,0.0,2.290113549999999,0.0
2023-05-11 01:00:00,0.0,5.6451003666666715,0.0
2023-05-11 02:00:00,0.0,7.860085600000006,0.0
2023-05-11 03:00:00,0.0,9.34257673333334,0.0
2023-05-11 04:00:00,0.0,10.548788216666672,0.0
2023-05-11 05:00:00,0.0,16.453953983333346,0.4803200000000005
2023-05-11 06:00:00,1.523800000000003,29.657696600000058,10.76501766666669
2023-05-11 07:00:00,1.5462970000000036,30.47489960000005,39.19927233333339
2023-05-11 08:00:00,0.0,49.37083271666667,38.15210033333337
2023-05-11 09:00:00,0.0,54.65509685,15.988978000000031
2023-05-11 10:00:00,0.008258000000000007,75.06662524999999,15.667061166666706
2023-05-11 11:00:00,0.008283000000000007,106.60881546666664,13.589454500000024
2023-05-11 12:00:00,0.0,137.4437389333333,0.0
2023-05-11 13:00:00,0.0,144.16254629999995,6.230825666666669
2023-05-11 14:00:00,0.0,147.62499654999993,7.978097666666667
2023-05-11 15:00:00,0.0,132.6387667166666,10.897800666666672
2023-05-11 16:00:00,0.0,104.00109848333331,20.694208333333368
2023-05-11 17:00:00,0.0,63.81747183333343,29.828894666666695
2023-05-11 18:00:00,1.5837920000000014,61.88231580000009,0.5982440000000017
2023-05-11 19:00:00,1.441311000000001,50.96564398333338,10.148874333333366
2023-05-11 20:00:00,0.0,46.541425533333374,9.971361333333363
2023-05-11 21:00:00,0.0,33.231424283333375,0.0
2023-05-11 22:00:00,0.0,15.54678308333335,0.0
2023-05-11 23:00:00,0.0,5.572733250000003,0.0
2023-05-12 00:00:00,0.0,2.1001154333333334,0.0
2023-05-12 01:00:00,0.0,6.832592450000008,0.0
2023-05-12 02:00:00,0.0,8.950078333333341,0.0
2023-05-12 03:00:00,0.0,10.532568400000008,0.0
2023-05-12 04:00:00,0.0,11.281904566666675,0.0
2023-05-12 05:00:00,0.0,17.902409166666683,0.3693400000000007
2023-05-12 06:00:00,1.576293000000002,31.79053836666673,9.987832333333355
2023-05-12 07:00:00,1.5387980000000003,31.092549216666722,31.404718666666717
2023-05-12 08:00:00,0.0,34.81299003333334,42.52185166666671
2023-05-12 09:00:00,0.0,59.93607386666665,16.02126516666669
2023-05-12 10:00:00,0.008269000000000006,66.78054871666666,15.349437666666699
2023-05-12 11:00:00,0.008272000000000005,119.44413604999995,12.600637000000024
2023-05-12 12:00:00,0.0,158.14839333333327,0.0
2023-05-12 13:00:00,0.0,139.89732904999994,6.588604000000003
2023-05-12 14:00:00,0.0,140.7774141666666,7.181359333333333
2023-05-12 15:00:00,0.0,143.73201669999992,10.671323666666675
2023-05-12 16:00:00,0.0,94.75495436666664,19.210007333333362
2023-05-12 17:00:00,0.0,54.22177315000009,36.37729733333337
2023-05-12 18:00:00,1.6587820000000042,59.872686983333416,0.606552000000001
2023-05-12 19:00:00,1.3213270000000021,48.90197668333337,10.94223333333336
2023-05-12 20:00:00,0.0,44.788510866666705,9.9347166666667
2023-05-12 21:00:00,0.0,33.559535983333376,0.0
2023-05-12 22:00:00,0.0,13.775139283333349,0.0
2023-05-12 23:00:00,0.0,4.748244550000002,0.0
2023-05-13 00:00:00,0.0,3.187607416666668,0.0
2023-05-13 01:00:00,0.0,7.335089100000007,0.0
2023-05-13 02:00:00,0.0,9.182576783333339,0.0
2023-05-13 03:00:00,0.0,10.112571200000007,0.0
2023-05-13 04:00:00,0.0,10.709132616666672,0.0
2023-05-13 05:00:00,0.0,15.943004200000013,0.44981600000000027
2023-05-13 06:00:00,1.6362850000000033,30.836649466666728,9.758594000000027
2023-05-13 07:00:00,1.3813190000000029,34.864514283333385,38.14285400000007
2023-05-13 08:00:00,0.0,38.19663463333334,40.11078566666671
2023-05-13 09:00:00,0.0,64.68542158333331,14.549528500000022
2023-05-13 10:00:00,0.008261000000000006,92.49669298333333,16.874290666666703
2023-05-13 11:00:00,0.008280000000000006,101.51816146666665,15.107828500000023
2023-05-13 12:00:00,0.0,125.99599926666662,0.0
2023-05-13 13:00:00,0.0,144.03966105,7.256667666666664
2023-05-13 14:00:00,0.0,141.4180068833333,10.113932666666676
2023-05-13 15:00:00,0.0,150.22143363333325,6.249467333333332
2023-05-13 16:00:00,0.0,87.57036744999999,18.056157333333363
2023-05-13 17:00:00,0.0,62.11508433333342,30.190986333333367
2023-05-13 18:00:00,1.5312990000000017,59.694583333333426,0.6571440000000007
2023-05-13 19:00:00,1.5462970000000007,50.80221143333337,10.789114000000016
2023-05-13 20:00:00,0.0,46.72649773333337,10.645956333333364
2023-05-13 21:00:00,0.0,34.976706833333374,0.0
2023-05-13 22:00:00,0.0,16.01716961666668,0.0
2023-05-13 23:00:00,0.0,4.9103206166666675,0.0
2023-05-14 00:00:00,0.0,0.0,0.0
2023-05-14 01:00:00,0.0,0.0,0.0
2023-05-14 02:00:00,0.0,0.0,0.0
2023-05-14 03:00:00,0.0,0.0,0.0
2023-05-14 04:00:00,0.0,0.19512893333333314,0.0
2023-05-14 05:00:00,0.0,5.282132633333343,0.42452000000000073
2023-05-14 06:00:00,1.4113150000000005,16.804760600000048,9.479086000000033
2023-05-14 07:00:00,1.4938040000000024,13.539597133333373,26.54271533333339
2023-05-14 08:00:00,0.0,1.7707261333333304,30.99651833333337
2023-05-14 09:00:00,0.0,0.7459171999999964,14.723908500000023
2023-05-14 10:00:00,0.008269000000000006,0.6976845833333302,15.488252000000037
2023-05-14 11:00:00,0.008272000000000005,0.6507712666666627,11.619198666666687
2023-05-14 12:00:00,0.0,0.5960290499999961,0.0
2023-05-14 13:00:00,0.0,0.6586082666666628,7.841475000000005
2023-05-14 14:00:00,0.0,0.6367778499999969,8.804828
2023-05-14 15:00:00,0.0,0.6141082999999967,10.580535333333337
2023-05-14 16:00:00,0.0,4.218912233333333,40.497845000000034
2023-05-14 17:00:00,0.0,32.877154100000084,31.45561600000003
2023-05-14 18:00:00,1.5762930000000026,47.693397000000076,0.5510000000000016
2023-05-14 19:00:00,1.6137880000000004,35.4875427166667,11.10890900000002
2023-05-14 20:00:00,0.0,32.84868828333337,10.114608666666697
2023-05-14 21:00:00,0.0,22.710343016666705,0.0
2023-05-14 22:00:00,0.0,5.600054566666674,0.0
2023-05-14 23:00:00,0.0,0.347631133333333,0.0
2023-05-15 00:00:00,0.0,1.9626167333333333,0.0
2023-05-15 01:00:00,0.0,5.180103466666669,0.0
2023-05-15 02:00:00,0.0,8.315082566666671,0.0
2023-05-15 03:00:00,0.0,9.99757208333334,0.0
2023-05-15 04:00:00,0.0,11.45364428333334,0.0
2023-05-15 05:00:00,0.0,17.887883616666688,0.4505600000000008
2023-05-15 06:00:00,1.4863050000000007,29.468578066666726,10.265386333333359
2023-05-15 07:00:00,1.486305000000003,34.86237516666672,31.944598666666728
2023-05-15 08:00:00,0.0,37.357698233333345,24.14963733333336
2023-05-15 09:00:00,0.0,56.61438370000001,12.99353766666669
2023-05-15 10:00:00,0.008266000000000006,72.62946698333333,16.516092333333372
2023-05-15 11:00:00,0.008275000000000006,111.39948299999996,13.899548500000027
2023-05-15 12:00:00,0.0,147.12323954999994,0.0
2023-05-15 13:00:00,0.0,147.02506726666658,8.536213333333336
2023-05-15 14:00:00,0.0,139.1414037833333,10.02390566666667
2023-05-15 15:00:00,0.0,144.5599161499999,12.125361333333343
2023-05-15 16:00:00,0.0,87.96904931666666,36.96472633333337
2023-05-15 17:00:00,0.0,62.111180900000086,32.855068333333364
2023-05-15 18:00:00,1.5612950000000017,59.61575110000008,0.6022120000000011
2023-05-15 19:00:00,1.5612950000000037,48.62900148333337,10.475990666666691
2023-05-15 20:00:00,0.0,46.67284815000004,10.66594433333336
2023-05-15 21:00:00,0.0,34.93485511666672,0.0
2023-05-15 22:00:00,0.0,14.500153283333347,0.0
2023-05-15 23:00:00,0.0,4.577238050000003,0.0
2023-05-16 00:00:00,0.0,1.6676191833333325,0.0
2023-05-16 01:00:00,0.0,5.3176025500000055,0.0
2023-05-16 02:00:00,0.0,8.460081600000008,0.0
2023-05-16 03:00:00,0.0,10.182570883333339,0.0
2023-05-16 04:00:00,0.0,11.845536200000005,0.0
2023-05-16 05:00:00,0.0,16.743170966666682,0.4532880000000012
2023-05-16 06:00:00,1.501303000000003,32.5567172833334,10.298923333333363
2023-05-16 07:00:00,1.4863050000000022,29.444935450000052,35.23154100000007
2023-05-16 08:00:00,0.0,42.83893610000001,25.14805933333337
2023-05-16 09:00:00,0.0,62.42049846666666,11.305331333333354
2023-05-16 10:00:00,0.008274000000000007,74.78527514999999,15.6871031666667
2023-05-16 11:00:00,0.008267000000000007,122.26088013333329,14.07140216666669
2023-05-16 12:00:00,0.0,138.17373088333326,0.0
2023-05-16 13:00:00,0.0,135.83480696666663,8.025970000000004
2023-05-16 14:00:00,0.0,145.28713769999993,10.52865500000001
2023-05-16 15:00:00,0.0,133.8550123166666,10.479831666666673
2023-05-16 16:00:00,0.0,95.75111061666665,37.159986333333364
2023-05-16 17:00:00,0.0,57.88755876666675,33.64103300000002
2023-05-16 18:00:00,1.4638080000000029,61.82438885000008,0.5802640000000021
2023-05-16 19:00:00,1.643784000000002,50.20927358333337,9.65900166666669
2023-05-16 20:00:00,0.0,44.53993006666671,10.33281100000002
2023-05-16 21:00:00,0.0,31.28059230000004,0.0
2023-05-16 22:00:00,0.0,13.626667333333348,0.0
2023-05-16 23:00:00,0.0,4.89064536666667,0.0
2023-05-17 00:00:00,0.0,2.2951159666666654,0.0
2023-05-17 01:00:00,0.0,5.957598283333336,0.0
2023-05-17 02:00:00,0.0,8.770079533333341,0.0
2023-05-17 03:00:00,0.0,9.370076050000009,0.0
2023-05-17 04:00:00,0.0,11.480435566666674,0.0
2023-05-17 05:00:00,0.0,17.45182323333335,0.4770960000000011
2023-05-17 06:00:00,1.4788060000000014,29.688211700000053,9.810968000000027
2023-05-17 07:00:00,1.598790000000003,27.28232215000005,39.038446000000064
2023-05-17 08:00:00,0.0,39.102476016666685,36.20394900000005
2023-05-17 09:00:00,0.0,55.2728858,14.422552000000023
2023-05-17 10:00:00,0.008269000000000006,76.91130531666664,17.243582000000035
2023-05-17 11:00:00,0.008272000000000005,108.3154213833333,12.123617166666689
2023-05-17 12:00:00,0.0,125.36034474999991,0.0
2023-05-17 13:00:00,0.0,145.3517283166666,6.922558000000002
2023-05-17 14:00:00,0.0,147.9752330166666,10.116058333333338
2023-05-17 15:00:00,0.0,143.77117069999997,10.289047333333345
2023-05-17 16:00:00,0.0,109.15224694999996,28.98949000000003
2023-05-17 17:00:00,0.0,63.90806636666675,21.46351000000003
2023-05-17 18:00:00,1.4713070000000024,63.29721756666675,0.5946480000000012
2023-05-17 19:00:00,1.5462970000000031,50.24654905000004,10.369671333333356
2023-05-17 20:00:00,0.0,46.909680383333374,9.789803666666694
2023-05-17 21:00:00,0.0,34.97774108333338,0.0
2023-05-17 22:00:00,0.0,15.348372000000014,0.0
2023-05-17 23:00:00,0.0,4.135981466666668,0.0
2023-05-18 00:00:00,0.0,2.5951114,0.0
2023-05-18 01:00:00,0.0,6.867592216666671,0.0
2023-05-18 02:00:00,0.0,9.360075600000005,0.0
2023-05-18 03:00:00,0.0,9.63007508333334,0.0
2023-05-18 04:00:00,0.0,10.144920833333336,0.0
2023-05-18 05:00:00,0.0,16.812760800000014,0.47027600000000086
2023-05-18 06:00:00,1.4938040000000028,31.875434916666723,9.957080666666696
2023-05-18 07:00:00,1.733772000000003,36.33174236666672,40.78418733333339
2023-05-18 08:00:00,0.0,33.469326883333345,24.654329000000033
2023-05-18 09:00:00,0.0,61.86256109999999,16.656739500000032
2023-05-18 10:00:00,0.008270000000000007,78.35995644999998,15.683092833333369
2023-05-18 11:00:00,0.008271000000000006,96.31600336666669,15.793028333333364
2023-05-18 12:00:00,0.0,126.20893403333328,0.0
2023-05-18 13:00:00,0.0,158.71397689999995,6.524923333333331
2023-05-18 14:00:00,0.0,149.85549778333328,8.421566666666665
2023-05-18 15:00:00,0.0,138.7899447499999,9.09999566666667
2023-05-18 16:00:00,0.0,100.09760714999997,40.30306900000003
2023-05-18 17:00:00,0.0,56.35113081666675,22.848098666666697
2023-05-18 18:00:00,1.4713070000000033,59.402239400000084,0.5283080000000019
2023-05-18 19:00:00,1.3963170000000031,49.49187381666671,10.105387333333358
2023-05-18 20:00:00,0.0,44.704175200000044,10.32947966666669
2023-05-18 21:00:00,0.0,33.408810250000045,0.0
2023-05-18 22:00:00,0.0,14.667407016666683,0.0
2023-05-18 23:00:00,0.0,5.070647666666668,0.0
2023-05-19 00:00:00,0.0,1.8501177333333327,0.0
2023-05-19 01:00:00,0.0,6.047597683333336,0.0
2023-05-19 02:00:00,0.0,8.27008286666667,0.0
2023-05-19 03:00:00,0.0,9.532575466666673,0.0
2023-05-19 04:00:00,0.0,11.328168883333339,0.0
2023-05-19 05:00:00,0.0,16.455165616666683,0.4432440000000007
2023-05-19 06:00:00,1.4413110000000025,32.248212200000054,10.493969333333368
2023-05-19 07:00:00,1.5537960000000022,31.759879300000048,36.86880800000005
2023-05-19 08:00:00,0.0,39.86172075000002,31.37342033333336
2023-05-19 09:00:00,0.0,51.906510566666675,15.038932000000024
2023-05-19 10:00:00,0.008267000000000007,71.09328103333333,15.828977333333368
2023-05-19 11:00:00,0.008274000000000007,114.32681265000001,13.109985333333357
2023-05-19 12:00:00,0.0,151.2815702666666,0.0
2023-05-19 13:00:00,0.0,152.75148258333326,7.991624666666672
2023-05-19 14:00:00,0.0,145.76482518333324,7.585818333333335
2023-05-19 15:00:00,0.0,136.82701854999996,10.577305666666675
2023-05-19 16:00:00,0.0,86.60271695,33.1015106666667
2023-05-19 17:00:00,0.0,57.57700743333343,28.832460666666698
2023-05-19 18:00:00,1.666281000000003,61.352047333333424,0.546908000000002
2023-05-19 19:00:00,1.4338120000000019,49.51685180000004,10.540444666666692
2023-05-19 20:00:00,0.0,46.900698666666706,10.204554666666693
2023-05-19 21:00:00,0.0,33.65842948333338,0.0
2023-05-19 22:00:00,0.0,13.248177983333346,0.0
2023-05-19 23:00:00,0.0,5.115564616666668,0.0
2023-05-20 00:00:00,0.0,1.4926204333333324,0.0
2023-05-20 01:00:00,0.0,6.012597916666671,0.0
2023-05-20 02:00:00,0.0,7.93758508333334,0.0
2023-05-20 03:00:00,0.0,10.47506908333334,0.0
2023-05-20 04:00:00,0.0,12.155033166666671,0.0
2023-05-20 05:00:00,0.0,18.30412080000001,0.4643240000000008
2023-05-20 06:00:00,1.5912909999999991,29.32212393333339,10.323183000000027
2023-05-20 07:00:00,1.6212870000000037,32.44594395000005,28.549997333333394
2023-05-20 08:00:00,0.0,41.16079195000001,41.67213400000004
2023-05-20 09:00:00,0.0,64.99146521666667,15.610889666666695
2023-05-20 10:00:00,0.008283000000000007,86.57037584999998,15.837928000000035
2023-05-20 11:00:00,0.008258000000000007,113.54991723333333,13.90380350000002
2023-05-20 12:00:00,0.0,128.61725433333328,0.0
2023-05-20 13:00:00,0.0,136.60815634999992,5.761010333333336
2023-05-20 14:00:00,0.0,152.2550551499999,9.935916666666667
2023-05-20 15:00:00,0.0,136.81926378333327,8.563389000000003
2023-05-20 16:00:00,0.0,90.37004980000002,29.029711333333367
2023-05-20 17:00:00,0.0,58.61580463333342,35.150139666666696
2023-05-20 18:00:00,1.3288260000000032,61.36816910000009,0.5678640000000015
2023-05-20 19:00:00,1.5537960000000033,49.63778810000004,10.028718666666697
2023-05-20 20:00:00,0.0,46.40988750000004,10.276178333333366
2023-05-20 21:00:00,0.0,34.60456933333337,0.0
2023-05-20 22:00:00,0.0,14.317128250000016,0.0
2023-05-20 23:00:00,0.0,5.1567317666666685,0.0
2023-05-21 00:00:00,0.0,0.0,0.0
2023-05-21 01:00:00,0.0,0.0,0.0
2023-05-21 02:00:00,0.0,0.0,0.0
2023-05-21 03:00:00,0.0,0.0,0.0
2023-05-21 04:00:00,0.0,0.27204878333333304,0.0
2023-05-21 05:00:00,0.0,5.5175760500000095,0.4196840000000001
2023-05-21 06:00:00,1.3438240000000012,19.054361783333388,10.747095000000028
2023-05-21 07:00:00,1.5687940000000027,13.994700766666709,33.06306133333339
2023-05-21 08:00:00,0.0,2.366723283333332,16.0404796666667
2023-05-21 09:00:00,0.0,0.5455939999999977,13.655068000000025
2023-05-21 10:00:00,0.008275000000000006,0.5546067666666642,18.088515333333376
2023-05-21 11:00:00,0.008266000000000006,0.5770272999999967,15.273248333333358
2023-05-21 12:00:00,0.0,0.5648627166666641,0.0
2023-05-21 13:00:00,0.0,0.644439266666663,7.946826333333337
2023-05-21 14:00:00,0.0,0.7663507166666631,12.30968366666668
2023-05-21 15:00:00,0.0,0.7693491166666623,10.00424500000001
2023-05-21 16:00:00,0.0,3.062824749999997,37.66612000000004
2023-05-21 17:00:00,0.0,32.98836415000008,38.55975600000002
2023-05-21 18:00:00,1.4863050000000038,45.852538583333406,0.6237880000000011
2023-05-21 19:00:00,1.696277000000003,35.922098833333365,10.523040333333363
2023-05-21 20:00:00,0.0,32.31488978333337,10.632631000000028
2023-05-21 21:00:00,0.0,22.194173883333374,0.0
2023-05-21 22:00:00,0.0,5.8288606000000085,0.0
2023-05-21 23:00:00,0.0,0.3578060999999996,0.0
2023-05-22 00:00:00,0.0,2.947610733333333,0.0
2023-05-22 01:00:00,0.0,6.840092400000005,0.0
2023-05-22 02:00:00,0.0,9.127577150000008,0.0
2023-05-22 03:00:00,0.0,10.690067650000012,0.0
2023-05-22 04:00:00,0.0,12.074727566666676,0.0
2023-05-22 05:00:00,0.0,18.221609250000014,0.44671600000000045
2023-05-22 06:00:00,1.4863050000000024,32.31808098333339,10.355276666666695
2023-05-22 07:00:00,1.6362850000000033,30.60035995000005,40.595108000000074
2023-05-22 08:00:00,0.0,39.93481035000001,28.35278200000004
2023-05-22 09:00:00,0.0,67.99048759999997,16.975073833333365
2023-05-22 10:00:00,0.008274000000000007,80.11579859999996,17.191356500000037
2023-05-22 11:00:00,0.008267000000000007,98.80398693333332,13.395683166666691
2023-05-22 12:00:00,0.0,143.13991129999994,0.0
2023-05-22 13:00:00,0.0,144.34974711666658,7.3085480000000045
2023-05-22 14:00:00,0.0,144.99384533333324,8.22309466666667
2023-05-22 15:00:00,0.0,136.20502553333327,7.746248333333331
2023-05-22 16:00:00,0.0,92.84774875,40.004348333333354
2023-05-22 17:00:00,0.0,57.55430075000008,21.21196300000004
2023-05-22 18:00:00,1.5912910000000013,61.394755183333416,0.6361880000000002
2023-05-22 19:00:00,1.3813190000000035,49.62709525000004,10.18901866666669
2023-05-22 20:00:00,0.0,46.646881233333374,10.461067333333363
2023-05-22 21:00:00,0.0,33.8146520666667,0.0
2023-05-22 22:00:00,0.0,14.838243600000016,0.0
2023-05-22 23:00:00,0.0,4.643401233333336,0.0
2023-05-23 00:00:00,0.0,1.7401191333333317,0.0
2023-05-23 01:00:00,0.0,5.677600150000003,0.0
2023-05-23 02:00:00,0.0,8.175083500000005,0.0
2023-05-23 03:00:00,0.0,10.826316216666672,0.0
2023-05-23 04:00:00,0.0,11.569406266666672,0.0
2023-05-23 05:00:00,0.0,17.44664948333335,0.44708800000000043
2023-05-23 06:00:00,1.5612950000000014,31.952284050000056,9.75312166666669
2023-05-23 07:00:00,1.5387980000000026,31.154301616666707,33.47740766666673
2023-05-23 08:00:00,0.0,38.23335250000001,33.049994333333366
2023-05-23 09:00:00,0.0,64.75901408333334,14.489020166666698
2023-05-23 10:00:00,0.008274000000000007,66.2149831,18.171214500000037
2023-05-23 11:00:00,0.008267000000000007,93.82984525,12.910457166666694
2023-05-23 12:00:00,0.0,152.22066713333325,0.0
2023-05-23 13:00:00,0.0,170.54205414999993,6.828729666666669
2023-05-23 14:00:00,0.0,137.42924463333327,9.805238000000005
2023-05-23 15:00:00,0.0,132.2743454833333,8.621057666666667
2023-05-23 16:00:00,0.0,95.6779251,24.54961500000003
2023-05-23 17:00:00,0.0,61.25425966666676,39.01294533333336
2023-05-23 18:00:00,1.546297000000001,60.976373483333425,0.5756760000000015
2023-05-23 19:00:00,1.448810000000003,47.5378606166667,10.203837666666695
2023-05-23 20:00:00,0.0,44.00580013333337,10.989083666666692
2023-05-23 21:00:00,0.0,33.877962766666705,0.0
2023-05-23 22:00:00,0.0,14.40547381666668,0.0
2023-05-23 23:00:00,0.0,5.076980983333334,0.0
2023-05-24 00:00:00,0.0,1.8076184833333324,0.0
2023-05-24 01:00:00,0.0,5.602600650000006,0.0
2023-05-24 02:00:00,0.0,7.865085566666672,0.0
2023-05-24 03:00:00,0.0,7.917586383333339,0.0
2023-05-24 04:00:00,0.0,8.90462838333334,0.0
2023-05-24 05:00:00,0.0,15.459730283333348,0.4284880000000008
2023-05-24 06:00:00,1.6662810000000023,31.81644228333339,10.253600666666687
2023-05-24 07:00:00,1.4713070000000017,30.71756856666672,31.36920733333339
2023-05-24 08:00:00,0.0,47.19129858333334,37.39368100000004
2023-05-24 09:00:00,0.0,55.68394586666668,15.35355650000003
2023-05-24 10:00:00,0.008277000000000007,71.46464984999999,15.274669000000031
2023-05-24 11:00:00,0.008264000000000006,99.2289997,14.176980666666694
2023-05-24 12:00:00,0.0,129.4111800166666,0.0
2023-05-24 13:00:00,0.0,144.0411505833333,5.658681999999997
2023-05-24 14:00:00,0.0,151.75897823333324,9.585775000000009
2023-05-24 15:00:00,0.0,139.0374962166666,8.69605466666667
2023-05-24 16:00:00,0.0,101.72115201666665,35.89853133333336
2023-05-24 17:00:00,0.0,63.390020216666755,27.36849033333337
2023-05-24 18:00:00,1.4788060000000016,64.11232873333341,0.6007240000000011
2023-05-24 19:00:00,1.478806000000003,52.20078988333337,9.39476033333336
2023-05-24 20:00:00,0.0,47.752817216666706,10.742565000000027
2023-05-24 21:00:00,0.0,34.318658983333385,0.0
2023-05-24 22:00:00,0.0,15.33391111666668,0.0
2023-05-24 23:00:00,0.0,5.085234933333335,0.0
2023-05-25 00:00:00,0.0,1.6976179666666646,0.0
2023-05-25 01:00:00,0.0,6.337595750000003,0.0
2023-05-25 02:00:00,0.0,9.690073400000008,0.0
2023-05-25 03:00:00,0.0,11.282563866666676,0.0
2023-05-25 04:00:00,0.0,11.989482400000009,0.0
2023-05-25 05:00:00,0.0,19.10664583333335,0.4307200000000009
2023-05-25 06:00:00,1.7562690000000016,34.01377896666672,10.388758333333357
2023-05-25 07:00:00,1.4488100000000028,32.78622493333338,40.16892466666673
2023-05-25 08:00:00,0.0,40.17101091666668,37.47902900000002
2023-05-25 09:00:00,0.0,54.5032774,16.120022500000033
2023-05-25 10:00:00,0.008268000000000006,71.36721271666666,14.916569000000035
2023-05-25 11:00:00,0.008273000000000006,127.91391096666662,12.041163500000023
2023-05-25 12:00:00,0.0,143.24616689999993,0.0
2023-05-25 13:00:00,0.0,144.68990004999995,10.092562333333335
2023-05-25 14:00:00,0.0,131.63509393333328,8.093607666666669
2023-05-25 15:00:00,0.0,138.7324578666666,11.199291666666674
2023-05-25 16:00:00,0.0,93.98780511666668,26.80160433333337
2023-05-25 17:00:00,0.0,60.40221081666676,32.721008666666705
2023-05-25 18:00:00,1.5088020000000015,60.11844221666675,0.6082880000000007
2023-05-25 19:00:00,1.381319000000001,50.11800380000004,10.350492000000031
2023-05-25 20:00:00,0.0,46.37719585000004,9.33674233333336
2023-05-25 21:00:00,0.0,33.892594466666715,0.0
2023-05-25 22:00:00,0.0,14.740032450000012,0.0
2023-05-25 23:00:00,0.0,5.27939406666667,0.0
2023-05-26 00:00:00,0.0,2.5851133833333364,0.0
2023-05-26 01:00:00,0.0,6.70759328333334,0.0
2023-05-26 02:00:00,0.0,9.710073266666674,0.0
2023-05-26 03:00:00,0.0,11.375063733333343,0.0
2023-05-26 04:00:00,0.0,11.368251133333342,0.0
2023-05-26 05:00:00,0.0,16.95247785000002,0.4687880000000011
2023-05-26 06:00:00,1.3888180000000019,31.423026266666728,10.320023666666701
2023-05-26 07:00:00,1.7187740000000027,37.89645408333339,43.24007900000006
2023-05-26 08:00:00,0.0,44.59371648333335,30.15644100000003
2023-05-26 09:00:00,0.0,55.54214385,15.602202666666695
2023-05-26 10:00:00,0.008273000000000006,78.80680529999998,15.571683833333367
2023-05-26 11:00:00,0.008268000000000006,112.33623566666664,13.45228366666669
2023-05-26 12:00:00,0.0,138.11625473333325,0.0
2023-05-26 13:00:00,0.0,144.49307951666657,9.271170333333341
2023-05-26 14:00:00,0.0,146.39334126666662,10.420382666666672
2023-05-26 15:00:00,0.0,135.1916776,8.083794333333346
2023-05-26 16:00:00,0.0,98.89313613333331,23.187477666666705
2023-05-26 17:00:00,0.0,57.603783100000086,33.80984400000003
2023-05-26 18:00:00,1.4788060000000032,60.09057541666675,0.5953920000000011
2023-05-26 19:00:00,1.5088020000000022,47.920592100000036,10.281646333333356
2023-05-26 20:00:00,0.0,45.53171155000004,10.339473666666693
2023-05-26 21:00:00,0.0,34.672220916666724,0.0
2023-05-26 22:00:00,0.0,14.502159233333348,0.0
2023-05-26 23:00:00,0.0,5.18648466666667,0.0
2023-05-27 00:00:00,0.0,3.2251082166666682,0.0
2023-05-27 01:00:00,0.0,7.507587950000006,0.0
2023-05-27 02:00:00,0.0,10.755066300000005,0.0
2023-05-27 03:00:00,0.0,10.964065300000003,0.0
2023-05-27 04:00:00,0.0,10.910773066666671,0.0
2023-05-27 05:00:00,0.0,17.395038483333344,0.43729200000000124
2023-05-27 06:00:00,1.7562690000000014,30.70376285000006,10.104621666666691
2023-05-27 07:00:00,1.5537960000000022,30.417420950000043,39.259483333333385
2023-05-27 08:00:00,0.0,44.58133618333335,35.7652196666667
2023-05-27 09:00:00,0.0,67.31759339999998,15.71595550000003
2023-05-27 10:00:00,0.008271000000000006,65.90813370000001,14.962104333333365
2023-05-27 11:00:00,0.008270000000000005,108.28898871666665,14.732324666666697
2023-05-27 12:00:00,0.0,148.40101258333326,0.0
2023-05-27 13:00:00,0.0,140.64091789999995,5.140422666666665
2023-05-27 14:00:00,0.0,151.5407526666666,10.877862666666676
2023-05-27 15:00:00,0.0,135.81136784999995,10.714531333333344
2023-05-27 16:00:00,0.0,90.96670423333333,28.07688900000003
2023-05-27 17:00:00,0.0,61.140946550000095,25.692644333333366
2023-05-27 18:00:00,1.4938040000000001,61.10413700000008,0.6085360000000016
2023-05-27 19:00:00,1.2913310000000036,48.09107785000004,9.921688333333364
2023-05-27 20:00:00,0.0,45.385941833333376,10.409431666666693
2023-05-27 21:00:00,0.0,34.28896273333337,0.0
2023-05-27 22:00:00,0.0,14.082428433333346,0.0
2023-05-27 23:00:00,0.0,4.864904950000004,0.0
2023-05-28 00:00:00,0.0,0.0,0.0
2023-05-28 01:00:00,0.0,0.0,0.0
2023-05-28 02:00:00,0.0,0.0,0.0
2023-05-28 03:00:00,0.0,0.0,0.0
2023-05-28 04:00:00,0.0,0.19630844999999986,0.0
2023-05-28 05:00:00,0.0,5.114760650000008,0.4386560000000004
2023-05-28 06:00:00,1.4413110000000031,18.849930850000053,9.549051333333361
2023-05-28 07:00:00,1.4788060000000012,13.88510958333337,38.859848000000056
2023-05-28 08:00:00,0.0,2.0848596999999978,31.68894300000004
2023-05-28 09:00:00,0.0,0.6111572666666634,16.708231000000026
2023-05-28 10:00:00,0.008275000000000006,0.6111074833333299,14.933039000000035
2023-05-28 11:00:00,0.008266000000000008,0.6355997166666634,13.038494500000024
2023-05-28 12:00:00,0.0,0.6620960833333299,0.0
2023-05-28 13:00:00,0.0,0.6561013333333298,4.425989666666665
2023-05-28 14:00:00,0.0,0.6336066333333293,10.325829666666676
2023-05-28 15:00:00,0.0,0.5795298499999969,12.15053300000001
2023-05-28 16:00:00,0.0,3.4024022833333305,29.033568666666703
2023-05-28 17:00:00,0.0,32.01848731666674,30.393577333333365
2023-05-28 18:00:00,1.7487700000000035,46.177725416666746,0.6399080000000009
2023-05-28 19:00:00,1.426313000000003,35.88902560000004,10.609359000000026
2023-05-28 20:00:00,0.0,33.25688155000003,9.871421333333359
2023-05-28 21:00:00,0.0,22.370944366666702,0.0
2023-05-28 22:00:00,0.0,5.170675366666677,0.0
2023-05-28 23:00:00,0.0,0.30914004999999956,0.0
2023-05-29 00:00:00,0.0,1.7176168333333328,0.0
2023-05-29 01:00:00,0.0,5.047604350000003,0.0
2023-05-29 02:00:00,0.0,7.590087400000005,0.0
2023-05-29 03:00:00,0.0,8.782580716666674,0.0
2023-05-29 04:00:00,0.0,10.240015566666672,0.0
2023-05-29 05:00:00,0.0,16.251581200000018,0.4763520000000009
2023-05-29 06:00:00,1.6512830000000027,31.858447966666727,10.667296666666697
2023-05-29 07:00:00,1.4713070000000024,31.28620616666671,31.44208933333339
2023-05-29 08:00:00,0.0,42.879338933333344,38.63111833333337
2023-05-29 09:00:00,0.0,58.810059716666665,15.047747666666694
2023-05-29 10:00:00,0.008271000000000006,78.32279516666667,16.65505166666671
2023-05-29 11:00:00,0.008270000000000005,106.7087562833333,14.898678833333355
2023-05-29 12:00:00,0.0,132.34117996666663,0.0
2023-05-29 13:00:00,0.0,143.13275176666656,8.287933000000002
2023-05-29 14:00:00,0.0,147.75374808333328,10.238893666666675
2023-05-29 15:00:00,0.0,139.76394494999994,10.175402666666672
2023-05-29 16:00:00,0.0,96.46525841666663,27.128467333333358
2023-05-29 17:00:00,0.0,62.46161591666676,22.36905633333336
2023-05-29 18:00:00,1.5013030000000012,61.65801215000008,0.5852240000000015
2023-05-29 19:00:00,1.4713070000000017,51.29171858333337,9.541964666666692
2023-05-29 20:00:00,0.0,46.818700083333376,9.849767666666692
2023-05-29 21:00:00,0.0,36.698953033333375,0.0
2023-05-29 22:00:00,0.0,15.50783163333335,0.0
2023-05-29 23:00:00,0.0,4.999819833333337,0.0
2023-05-30 00:00:00,0.0,3.5026055000000027,0.0
2023-05-30 01:00:00,0.0,6.825092500000007,0.0
2023-05-30 02:00:00,0.0,9.175076833333339,0.0
2023-05-30 03:00:00,0.0,10.937566616666674,0.0
2023-05-30 04:00:00,0.0,12.069543700000008,0.0
2023-05-30 05:00:00,0.0,18.468970350000017,0.4856520000000008
2023-05-30 06:00:00,1.523800000000003,29.33378111666672,9.788283666666695
2023-05-30 07:00:00,1.643784000000003,32.83002703333338,27.211867666666723
2023-05-30 08:00:00,0.0,38.017083483333344,35.81979600000003
2023-05-30 09:00:00,0.0,65.35624346666665,16.425326666666695
2023-05-30 10:00:00,0.008269000000000006,81.17330144999995,18.111906833333375
2023-05-30 11:00:00,0.008272000000000005,102.0547453333333,12.913993500000021
2023-05-30 12:00:00,0.0,142.07433519999995,0.0
2023-05-30 13:00:00,0.0,138.7031709333333,7.9376356666666705
2023-05-30 14:00:00,0.0,135.11091691666658,9.041186333333341
2023-05-30 15:00:00,0.0,133.23492989999997,10.614829666666672
2023-05-30 16:00:00,0.0,92.0123631,33.39172700000003
2023-05-30 17:00:00,0.0,66.96180873333343,28.94565933333336
2023-05-30 18:00:00,1.5387980000000012,60.07586280000009,0.5548440000000013
2023-05-30 19:00:00,1.3888180000000012,49.3859648166667,10.691459666666688
2023-05-30 20:00:00,0.0,45.788254383333374,10.049647666666697
2023-05-30 21:00:00,0.0,34.224504500000045,0.0
2023-05-30 22:00:00,0.0,15.013565350000011,0.0
2023-05-30 23:00:00,0.0,5.105400933333336,0.0
2023-05-31 00:00:00,0.0,2.400113016666668,0.0
2023-05-31 01:00:00,0.0,6.165096900000004,0.0
2023-05-31 02:00:00,0.0,8.67258018333334,0.0
2023-05-31 03:00:00,0.0,10.330070366666675,0.0
2023-05-31 04:00:00,0.0,11.40950343333334,0.0
2023-05-31 05:00:00,0.0,17.17174440000002,0.43630000000000085
2023-05-31 06:00:00,1.253836000000003,29.052668283333393,10.806193000000025
2023-05-31 07:00:00,1.441311000000003,33.65984748333338,26.05591166666672
2023-05-31 08:00:00,0.0,50.705571033333335,43.54572200000004
2023-05-31 09:00:00,0.0,48.332663433333344,13.834182000000022
2023-05-31 10:00:00,0.008273000000000006,62.59330843333334,15.320906166666706
2023-05-31 11:00:00,0.008268000000000006,97.79093011666664,15.364661000000023
2023-05-31 12:00:00,0.0,154.3882507999999,0.0
2023-05-31 13:00:00,0.0,148.91082883333328,7.496119666666667
2023-05-31 14:00:00,0.0,144.77717259999994,10.950131000000008
2023-05-31 15:00:00,0.0,128.38267996666661,10.639879666666676
2023-05-31 16:00:00,0.0,103.99831018333332,31.136068333333363
2023-05-31 17:00:00,0.0,66.00945203333342,23.71585000000004
2023-05-31 18:00:00,1.6812790000000017,59.82651076666675,0.5750560000000009
2023-05-31 19:00:00,1.7187740000000027,51.01931100000003,9.554697666666698
2023-05-31 20:00:00,0.0,47.05551935000005,10.436082333333367
2023-05-31 21:00:00,0.0,35.113099883333376,0.0
2023-05-31 22:00:00,0.0,15.017878233333343,0.0
2023-05-31 23:00:00,0.0,4.822985866666666,0.0
2023-06-01 00:00:00,0.0,2.235115766666667,0.0
2023-06-01 01:00:00,0.0,7.210089933333339,0.0
2023-06-01 02:00:00,0.0,9.60257398333334,0.0
2023-06-01 03:00:00,0.0,11.215063550000007,0.0
2023-06-01 04:00:00,0.0,11.12424668333334,0.0
2023-06-01 05:00:00,0.0,17.13034203333335,0.5108240000000001
2023-06-01 06:00:00,1.5013030000000016,32.024271016666724,10.269720666666695
2023-06-01 07:00:00,1.4713070000000015,30.051760266666715,46.95183000000005
2023-06-01 08:00:00,0.0,40.75835313333334,29.285219000000037
2023-06-01 09:00:00,0.0,48.85254833333334,15.457197500000028
2023-06-01 10:00:00,0.008273000000000006,54.56530211666667,15.084627166666701
2023-06-01 11:00:00,0.008268000000000006,115.02600801666662,13.366020500000024
2023-06-01 12:00:00,0.0,149.0542580999999,0.0
2023-06-01 13:00:00,0.0,142.5083130333333,8.570541666666667
2023-06-01 14:00:00,0.0,142.33490764999996,8.837565666666674
2023-06-01 15:00:00,0.0,145.89460969999996,9.472008666666675
2023-06-01 16:00:00,0.0,98.92871773333333,22.200386666666688
2023-06-01 17:00:00,0.0,59.392011116666765,28.1360546666667
2023-06-01 18:00:00,1.5837920000000014,60.191862666666765,0.5999800000000018
2023-06-01 19:00:00,1.5387980000000019,47.89887965000003,9.634238666666695
2023-06-01 20:00:00,0.0,44.53477548333338,9.833111000000036
2023-06-01 21:00:00,0.0,32.76090641666671,0.0
2023-06-01 22:00:00,0.0,14.403369450000012,0.0
2023-06-01 23:00:00,0.0,4.83515416666667,0.0
2023-06-02 00:00:00,0.0,2.2976153500000027,0.0
2023-06-02 01:00:00,0.0,6.40009533333334,0.0
2023-06-02 02:00:00,0.0,8.525081166666673,0.0
2023-06-02 03:00:00,0.0,9.49732596666667,0.0
2023-06-02 04:00:00,0.0,10.112430066666672,0.0
2023-06-02 05:00:00,0.0,15.908300966666681,0.47746800000000084
2023-06-02 06:00:00,1.553796000000001,31.58914026666673,10.940490000000024
2023-06-02 07:00:00,1.4413110000000007,34.308812250000045,38.97787966666673
2023-06-02 08:00:00,0.0,40.319083566666684,33.7086266666667
2023-06-02 09:00:00,0.0,73.25576141666663,14.234560333333361
2023-06-02 10:00:00,0.008271000000000006,75.75414836666663,15.294818333333367
2023-06-02 11:00:00,0.008270000000000007,94.47699138333334,15.72741600000003
2023-06-02 12:00:00,0.0,124.82049011666663,0.0
2023-06-02 13:00:00,0.0,151.00805051666663,9.551135333333335
2023-06-02 14:00:00,0.0,154.63355594999993,6.791395333333334
2023-06-02 15:00:00,0.0,132.72235748333327,7.178543000000001
2023-06-02 16:00:00,0.0,90.20929075,29.64140700000004
2023-06-02 17:00:00,0.0,55.92740118333342,28.61860733333337
2023-06-02 18:00:00,1.5687940000000025,59.43313845000008,0.6029560000000013
2023-06-02 19:00:00,1.5312990000000017,48.83617573333336,9.524036333333362
2023-06-02 20:00:00,0.0,44.01752541666671,9.986352333333363
2023-06-02 21:00:00,0.0,34.03232835000005,0.0
2023-06-02 22:00:00,0.0,15.906608316666683,0.0
2023-06-02 23:00:00,0.0,5.033316333333339,0.0
2023-06-03 00:00:00,0.0,1.647620849999999,0.0
2023-06-03 01:00:00,0.0,5.840099066666669,0.0
2023-06-03 02:00:00,0.0,9.335075766666675,0.0
2023-06-03 03:00:00,0.0,9.869573066666677,0.0
2023-06-03 04:00:00,0.0,11.510432650000006,0.0
2023-06-03 05:00:00,0.0,16.949663300000015,0.44200400000000045
2023-06-03 06:00:00,1.3588220000000029,30.592399733333398,9.965658666666695
2023-06-03 07:00:00,1.538798000000003,35.214233033333386,40.750922333333385
2023-06-03 08:00:00,0.0,47.79367833333335,35.22410500000004
2023-06-03 09:00:00,0.0,63.56479224999999,15.795175333333363
2023-06-03 10:00:00,0.008260000000000005,77.23812716666666,14.876890000000031
2023-06-03 11:00:00,0.008281000000000005,94.9574906,13.47864466666669
2023-06-03 12:00:00,0.0,143.4539950999999,0.0
2023-06-03 13:00:00,0.0,147.74307053333322,7.531294333333333
2023-06-03 14:00:00,0.0,144.23791648333324,9.625458666666676
2023-06-03 15:00:00,0.0,132.86252741666658,10.558836666666672
2023-06-03 16:00:00,0.0,92.07113793333332,19.3974936666667
2023-06-03 17:00:00,0.0,61.34951703333343,32.08366466666671
2023-06-03 18:00:00,1.6287860000000025,58.218743433333415,0.6079160000000011
2023-06-03 19:00:00,1.5687940000000031,46.93170856666671,10.662490000000028
2023-06-03 20:00:00,0.0,44.51377665000005,10.334476666666692
2023-06-03 21:00:00,0.0,34.05105496666671,0.0
2023-06-03 22:00:00,0.0,14.10989078333335,0.0
2023-06-03 23:00:00,0.0,5.193567200000002,0.0
2023-06-04 00:00:00,0.0,0.0,0.0
2023-06-04 01:00:00,0.0,0.0,0.0
2023-06-04 02:00:00,0.0,0.0,0.0
2023-06-04 03:00:00,0.0,0.0,0.0
2023-06-04 04:00:00,0.0,0.2634594666666665,0.0
2023-06-04 05:00:00,0.0,5.069535550000007,0.4668040000000012
2023-06-04 06:00:00,1.658782000000002,15.801045933333386,10.989734666666692
2023-06-04 07:00:00,1.5762930000000013,16.589792150000044,28.28336600000005
2023-06-04 08:00:00,0.0,2.290321100000001,37.32852233333336
2023-06-04 09:00:00,0.0,0.6706739333333305,15.328569333333359
2023-06-04 10:00:00,0.008274000000000007,0.6051105666666631,17.357180500000037
2023-06-04 11:00:00,0.008267000000000007,0.5973599333333299,13.195840500000024
2023-06-04 12:00:00,0.0,0.5020340833333301,0.0
2023-06-04 13:00:00,0.0,0.6008582833333301,8.525381000000005
2023-06-04 14:00:00,0.0,0.5916900166666643,9.596814000000007
2023-06-04 15:00:00,0.0,0.6720139499999969,10.787818666666675
2023-06-04 16:00:00,0.0,3.754614849999999,27.27819133333336
2023-06-04 17:00:00,0.0,32.75656036666675,32.6048226666667
2023-06-04 18:00:00,1.358822000000004,44.34917165000007,0.628376000000001
2023-06-04 19:00:00,1.5013030000000034,34.215792766666695,11.07717066666669
2023-06-04 20:00:00,0.0,32.06742088333337,9.581595333333365
2023-06-04 21:00:00,0.0,23.082349150000034,0.0
2023-06-04 22:00:00,0.0,5.299689133333343,0.0
2023-06-04 23:00:00,0.0,0.3665537333333329,0.0
2023-06-05 00:00:00,0.0,1.8451183499999984,0.0
2023-06-05 01:00:00,0.0,6.042597716666672,0.0
2023-06-05 02:00:00,0.0,8.89007873333334,0.0
2023-06-05 03:00:00,0.0,10.03507213333334,0.0
2023-06-05 04:00:00,0.0,11.676919616666671,0.0
2023-06-05 05:00:00,0.0,17.300321600000018,0.48875200000000096
2023-06-05 06:00:00,1.5837920000000005,30.710274666666734,10.156770000000032
2023-06-05 07:00:00,1.5238000000000032,34.188336650000046,39.20082166666672
2023-06-05 08:00:00,0.0,38.90390518333334,34.450190333333374
2023-06-05 09:00:00,0.0,74.71168443333332,14.380304333333354
2023-06-05 10:00:00,0.008264000000000006,72.67272138333333,14.6471361666667
2023-06-05 11:00:00,0.008277000000000007,105.07058361666664,11.99160400000002
2023-06-05 12:00:00,0.0,141.76750193333328,0.0
2023-06-05 13:00:00,0.0,127.97325069999997,6.383930333333334
2023-06-05 14:00:00,0.0,147.6080709999999,9.534809000000008
2023-06-05 15:00:00,0.0,131.41568359999994,10.139727000000004
2023-06-05 16:00:00,0.0,89.83782883333335,33.58139000000003
2023-06-05 17:00:00,0.0,60.98322486666676,27.59194400000004
2023-06-05 18:00:00,1.5762930000000024,61.569237466666756,0.5666240000000012
2023-06-05 19:00:00,1.4113150000000025,48.5711928666667,10.309463000000024
2023-06-05 20:00:00,0.0,44.667740050000035,10.224542666666686
2023-06-05 21:00:00,0.0,34.42447708333337,0.0
2023-06-05 22:00:00,0.0,14.466163016666684,0.0
2023-06-05 23:00:00,0.0,4.037743783333335,0.0
2023-06-06 00:00:00,0.0,1.7326178166666653,0.0
2023-06-06 01:00:00,0.0,5.305102633333338,0.0
2023-06-06 02:00:00,0.0,7.182590116666673,0.0
2023-06-06 03:00:00,0.0,8.717580450000007,0.0
2023-06-06 04:00:00,0.0,10.091147150000008,0.0
2023-06-06 05:00:00,0.0,16.177503416666685,0.46581200000000056
2023-06-06 06:00:00,1.4038160000000028,30.3326020333334,10.96186800000003
2023-06-06 07:00:00,1.5537960000000033,32.84314720000005,26.91784000000005
2023-06-06 08:00:00,0.0,43.67550538333335,34.204608666666694
2023-06-06 09:00:00,0.0,61.08162645,16.738812166666694
2023-06-06 10:00:00,0.008272000000000005,79.19363114999999,15.757359833333371
2023-06-06 11:00:00,0.008269000000000006,118.43015111666665,14.581302666666696
2023-06-06 12:00:00,0.0,141.4702410166666,0.0
2023-06-06 13:00:00,0.0,139.03581176666663,7.1067246666666675
2023-06-06 14:00:00,0.0,135.86416921666657,10.65765800000001
2023-06-06 15:00:00,0.0,133.59985764999993,7.713940999999998
2023-06-06 16:00:00,0.0,100.80691023333331,37.730854666666694
2023-06-06 17:00:00,0.0,55.954178350000085,29.563759666666705
2023-06-06 18:00:00,1.598790000000001,63.30075228333342,0.6130000000000009
2023-06-06 19:00:00,1.538798000000003,48.807444283333375,10.06835233333336
2023-06-06 20:00:00,0.0,45.57087495000004,9.641559333333358
2023-06-06 21:00:00,0.0,32.47865950000004,0.0
2023-06-06 22:00:00,0.0,14.32139386666668,0.0
2023-06-06 23:00:00,0.0,5.458397966666669,0.0
2023-06-07 00:00:00,0.0,2.0401169833333346,0.0
2023-06-07 01:00:00,0.0,5.537601083333336,0.0
2023-06-07 02:00:00,0.0,8.287582750000006,0.0
2023-06-07 03:00:00,0.0,10.332569866666674,0.0
2023-06-07 04:00:00,0.0,12.081636216666677,0.0
2023-06-07 05:00:00,0.0,19.318415800000018,0.4694080000000006
2023-06-07 06:00:00,1.6512830000000012,32.53897285000005,9.762558333333356
2023-06-07 07:00:00,1.4413110000000025,31.603964783333392,35.59973100000005
2023-06-07 08:00:00,0.0,46.194683033333334,41.63426600000003
2023-06-07 09:00:00,0.0,69.36303276666666,15.308353500000031
2023-06-07 10:00:00,0.008272000000000005,76.90438183333332,17.569172500000036
2023-06-07 11:00:00,0.008269000000000006,98.70115644999997,14.337162500000026
2023-06-07 12:00:00,0.0,133.42291164999995,0.0
2023-06-07 13:00:00,0.0,151.2433310666666,5.583891666666668
2023-06-07 14:00:00,0.0,153.0259948499999,8.231404999999999
2023-06-07 15:00:00,0.0,136.03878056666662,9.129175333333336
2023-06-07 16:00:00,0.0,83.64274510000001,32.43143300000004
2023-06-07 17:00:00,0.0,55.35706806666675,20.62570466666671
2023-06-07 18:00:00,1.501303000000005,57.24225551666674,0.6354440000000012
2023-06-07 19:00:00,1.5013030000000016,47.74190523333336,10.705205000000028
2023-06-07 20:00:00,0.0,44.451323633333374,10.254524666666695
2023-06-07 21:00:00,0.0,33.81630095000004,0.0
2023-06-07 22:00:00,0.0,14.693903700000012,0.0
2023-06-07 23:00:00,0.0,4.711231366666672,0.0
2023-06-08 00:00:00,0.0,2.232613600000001,0.0
2023-06-08 01:00:00,0.0,6.675093500000005,0.0
2023-06-08 02:00:00,0.0,9.540074400000004,0.0
2023-06-08 03:00:00,0.0,12.064059050000003,0.0
2023-06-08 04:00:00,0.0,12.948390150000005,0.0
2023-06-08 05:00:00,0.0,18.615840116666682,0.48019600000000096
2023-06-08 06:00:00,1.6212870000000024,32.54827856666672,10.378000000000029
2023-06-08 07:00:00,1.4713070000000024,30.859423516666716,47.68358033333339
2023-06-08 08:00:00,0.0,45.288163033333355,36.45102800000004
2023-06-08 09:00:00,0.0,58.871138716666685,12.949084500000025
2023-06-08 10:00:00,0.008260000000000007,66.79807485,18.21591083333337
2023-06-08 11:00:00,0.008281000000000005,108.08774291666666,13.946922833333359
2023-06-08 12:00:00,0.0,137.74149056666658,0.0
2023-06-08 13:00:00,0.0,156.27798351666658,6.96737333333333
2023-06-08 14:00:00,0.0,143.81190861666659,12.46534433333334
2023-06-08 15:00:00,0.0,132.34911151666662,8.78001866666667
2023-06-08 16:00:00,0.0,93.20983,25.6946256666667
2023-06-08 17:00:00,0.0,57.03020470000009,17.5915426666667
2023-06-08 18:00:00,1.4863050000000013,61.23100348333341,0.5648880000000017
2023-06-08 19:00:00,1.5163010000000023,48.30336535000005,10.537554000000027
2023-06-08 20:00:00,0.0,43.409753100000046,10.304494666666697
2023-06-08 21:00:00,0.0,33.296225166666716,0.0
2023-06-08 22:00:00,0.0,14.310841800000013,0.0
2023-06-08 23:00:00,0.0,4.682065383333336,0.0
2023-06-09 00:00:00,0.0,2.4726150166666683,0.0
2023-06-09 01:00:00,0.0,6.787592750000004,0.0
2023-06-09 02:00:00,0.0,8.315082566666671,0.0
2023-06-09 03:00:00,0.0,9.50007513333334,0.0
2023-06-09 04:00:00,0.0,10.926441266666673,0.0
2023-06-09 05:00:00,0.0,16.87903006666668,0.4960680000000008
2023-06-09 06:00:00,1.5163010000000006,33.16582181666673,10.099870666666684
2023-06-09 07:00:00,1.5163010000000028,32.20789943333338,30.524177333333395
2023-06-09 08:00:00,0.0,33.926861466666686,38.08021333333336
2023-06-09 09:00:00,0.0,53.192189416666686,17.592904500000028
2023-06-09 10:00:00,0.008259000000000006,73.87747281666663,16.366449166666705
2023-06-09 11:00:00,0.008282000000000005,117.07940031666662,12.699360833333355
2023-06-09 12:00:00,0.0,138.19107939999992,0.0
2023-06-09 13:00:00,0.0,146.45340143333325,6.657761666666667
2023-06-09 14:00:00,0.0,140.59367069999993,11.930051000000008
2023-06-09 15:00:00,0.0,130.21768993333328,11.743430333333345
2023-06-09 16:00:00,0.0,96.84625759999999,25.311780666666692
2023-06-09 17:00:00,0.0,62.34235538333341,31.19157066666669
2023-06-09 18:00:00,1.6137880000000018,59.028023283333425,0.5836120000000018
2023-06-09 19:00:00,1.4488100000000017,48.30842431666671,10.12693933333336
2023-06-09 20:00:00,0.0,43.38429836666671,10.13626233333336
2023-06-09 21:00:00,0.0,33.08336778333338,0.0
2023-06-09 22:00:00,0.0,13.302290800000016,0.0
2023-06-09 23:00:00,0.0,5.224396883333338,0.0
2023-06-10 00:00:00,0.0,2.122616916666668,0.0
2023-06-10 01:00:00,0.0,6.722593183333337,0.0
2023-06-10 02:00:00,0.0,9.470074866666671,0.0
2023-06-10 03:00:00,0.0,9.505075466666675,0.0
2023-06-10 04:00:00,0.0,11.015870383333342,0.0
2023-06-10 05:00:00,0.0,17.796812816666684,0.4857760000000009
2023-06-10 06:00:00,1.3888180000000028,33.64237215000006,10.243653000000029
2023-06-10 07:00:00,1.4188140000000016,29.859863216666714,26.8477573333334
2023-06-10 08:00:00,0.0,44.42643725,38.12058633333337
2023-06-10 09:00:00,0.0,68.08208514999997,15.152149666666695
2023-06-10 10:00:00,0.008268000000000006,76.34197558333332,17.42486500000004
2023-06-10 11:00:00,0.008273000000000006,99.11283013333333,12.67796116666669
2023-06-10 12:00:00,0.0,126.78293301666662,0.0
2023-06-10 13:00:00,0.0,136.04683159999988,7.784808333333335
2023-06-10 14:00:00,0.0,138.6478924666666,10.807323666666678
2023-06-10 15:00:00,0.0,146.48850119999994,9.539456666666672
2023-06-10 16:00:00,0.0,101.69632924999999,24.78216933333336
2023-06-10 17:00:00,0.0,62.05908591666676,35.187703000000035
2023-06-10 18:00:00,1.591291000000002,61.46445273333342,0.5581920000000012
2023-06-10 19:00:00,1.696277000000002,50.6076259666667,10.39695700000003
2023-06-10 20:00:00,0.0,44.09720576666671,10.82751400000003
2023-06-10 21:00:00,0.0,33.51488280000005,0.0
2023-06-10 22:00:00,0.0,13.982070166666684,0.0
2023-06-10 23:00:00,0.0,4.56489361666667,0.0
2023-06-11 00:00:00,0.0,0.0,0.0
2023-06-11 01:00:00,0.0,0.0,0.0
2023-06-11 02:00:00,0.0,0.0,0.0
2023-06-11 03:00:00,0.0,0.0,0.0
2023-06-11 04:00:00,0.0,0.278229333333333,0.0
2023-06-11 05:00:00,0.0,4.968818216666674,0.4019520000000004
2023-06-11 06:00:00,1.456309000000003,19.71120135000005,10.499747333333358
2023-06-11 07:00:00,1.5987900000000048,14.849753516666711,37.66484266666673
2023-06-11 08:00:00,0.0,1.9434422499999984,31.679557333333367
2023-06-11 09:00:00,0.0,0.676685199999997,16.61254233333336
2023-06-11 10:00:00,0.008269000000000006,0.7131758666666634,17.356718000000036
2023-06-11 11:00:00,0.008272000000000007,0.5936042333333299,15.084971666666695
2023-06-11 12:00:00,0.0,0.6536838666666632,0.0
2023-06-11 13:00:00,0.0,0.5456084333333305,4.037701333333329
2023-06-11 14:00:00,0.0,0.5253592166666649,9.656764000000004
2023-06-11 15:00:00,0.0,0.5679377333333304,10.743193000000014
2023-06-11 16:00:00,0.0,4.095653583333336,28.83602200000002
2023-06-11 17:00:00,0.0,31.808008283333407,27.667618333333362
2023-06-11 18:00:00,1.5163010000000021,42.429845900000075,0.592788000000001
2023-06-11 19:00:00,1.5238000000000034,35.09515425000003,10.250448333333356
2023-06-11 20:00:00,0.0,32.860831216666696,10.291169333333361
2023-06-11 21:00:00,0.0,22.011829966666703,0.0
2023-06-11 22:00:00,0.0,5.5263449000000096,0.0
2023-06-11 23:00:00,0.0,0.3216331666666664,0.0
2023-06-12 00:00:00,0.0,2.8026121,0.0
2023-06-12 01:00:00,0.0,5.6226005166666715,0.0
2023-06-12 02:00:00,0.0,7.747586350000005,0.0
2023-06-12 03:00:00,0.0,10.690068583333339,0.0
2023-06-12 04:00:00,0.0,12.078535766666677,0.0
2023-06-12 05:00:00,0.0,18.12293965000001,0.4525440000000008
2023-06-12 06:00:00,1.516301000000002,31.846737533333386,9.89023366666669
2023-06-12 07:00:00,1.4188140000000036,32.306087016666716,39.56369800000006
2023-06-12 08:00:00,0.0,34.77811113333334,40.5089726666667
2023-06-12 09:00:00,0.0,58.35288621666666,14.987964833333365
2023-06-12 10:00:00,0.008271000000000006,85.59073149999995,17.169380833333367
2023-06-12 11:00:00,0.008270000000000005,107.67201553333328,15.78065533333336
2023-06-12 12:00:00,0.0,139.67185301666657,0.0
2023-06-12 13:00:00,0.0,129.96599791666662,6.739271666666669
2023-06-12 14:00:00,0.0,146.71299768333327,9.793904666666673
2023-06-12 15:00:00,0.0,142.0226922333333,10.034721000000008
2023-06-12 16:00:00,0.0,98.12006459999999,22.47878433333337
2023-06-12 17:00:00,0.0,62.08835766666676,24.539969666666696
2023-06-12 18:00:00,1.6212870000000024,62.07090078333342,0.5707160000000013
2023-06-12 19:00:00,1.5387980000000026,48.79908365000005,10.609100000000026
2023-06-12 20:00:00,0.0,45.20818555000004,10.789203666666692
2023-06-12 21:00:00,0.0,33.71284215000005,0.0
2023-06-12 22:00:00,0.0,14.95416365000001,0.0
2023-06-12 23:00:00,0.0,5.245648166666669,0.0
2023-06-13 00:00:00,0.0,2.382612016666667,0.0
2023-06-13 01:00:00,0.0,6.397595350000006,0.0
2023-06-13 02:00:00,0.0,9.005077966666674,0.0
2023-06-13 03:00:00,0.0,9.747573150000008,0.0
2023-06-13 04:00:00,0.0,11.616305166666672,0.0
2023-06-13 05:00:00,0.0,17.89737931666668,0.5082200000000007
2023-06-13 06:00:00,1.5462970000000031,31.837189816666722,10.443799333333363
2023-06-13 07:00:00,1.5088020000000015,31.24787828333338,39.15127866666673
2023-06-13 08:00:00,0.0,35.62674760000001,31.735621333333363
2023-06-13 09:00:00,0.0,67.49568979999997,16.793051166666697
2023-06-13 10:00:00,0.008272000000000005,84.09430678333328,17.125695666666704
2023-06-13 11:00:00,0.008269000000000006,112.66193416666664,12.824801833333352
2023-06-13 12:00:00,0.0,136.27494803333326,0.0
2023-06-13 13:00:00,0.0,136.55208013333328,8.42973833333334
2023-06-13 14:00:00,0.0,147.26791048333325,11.10565300000001
2023-06-13 15:00:00,0.0,143.07966989999994,9.129503666666674
2023-06-13 16:00:00,0.0,95.30897216666666,30.969487000000036
2023-06-13 17:00:00,0.0,56.01531631666675,19.417082666666694
2023-06-13 18:00:00,1.5612950000000003,59.22650275000009,0.5686080000000012
2023-06-13 19:00:00,1.478806000000002,48.36852513333337,9.76749400000002
2023-06-13 20:00:00,0.0,43.955450800000044,10.099617666666694
2023-06-13 21:00:00,0.0,34.59135026666671,0.0
2023-06-13 22:00:00,0.0,15.368408916666683,0.0
2023-06-13 23:00:00,0.0,4.562907283333335,0.0
2023-06-14 00:00:00,0.0,1.99511635,0.0
2023-06-14 01:00:00,0.0,6.7375930833333415,0.0
2023-06-14 02:00:00,0.0,8.695080033333339,0.0
2023-06-14 03:00:00,0.0,9.163077100000006,0.0
2023-06-14 04:00:00,0.0,10.71935273333334,0.0
2023-06-14 05:00:00,0.0,17.12584763333335,0.4552720000000002
2023-06-14 06:00:00,1.4413110000000022,31.34960768333339,10.72130500000003
2023-06-14 07:00:00,1.5987900000000037,31.642461883333386,49.350552333333376
2023-06-14 08:00:00,0.0,31.98831735000001,27.77127033333336
2023-06-14 09:00:00,0.0,54.977216350000006,15.309934500000029
2023-06-14 10:00:00,0.008280000000000006,70.17596819999996,15.783750833333368
2023-06-14 11:00:00,0.008261000000000004,110.93992341666664,13.290942333333359
2023-06-14 12:00:00,0.0,135.44269154999995,0.0
2023-06-14 13:00:00,0.0,148.9270649499999,8.173926000000002
2023-06-14 14:00:00,0.0,159.5645559,11.14844733333334
2023-06-14 15:00:00,0.0,138.2142595,10.24171000000001
2023-06-14 16:00:00,0.0,97.70894121666666,30.948357000000037
2023-06-14 17:00:00,0.0,60.38568040000008,17.026031666666704
2023-06-14 18:00:00,1.5462970000000007,61.46005688333343,0.636560000000001
2023-06-14 19:00:00,1.5088020000000013,50.0279790166667,9.685104666666692
2023-06-14 20:00:00,0.0,43.82468315000004,10.10961166666669
2023-06-14 21:00:00,0.0,32.92288266666671,0.0
2023-06-14 22:00:00,0.0,14.928939983333349,0.0
2023-06-14 23:00:00,0.0,4.331822766666668,0.0
2023-06-15 00:00:00,0.0,2.1076152999999986,0.0
2023-06-15 01:00:00,0.0,6.397595350000007,0.0
2023-06-15 02:00:00,0.0,8.10758395000001,0.0
2023-06-15 03:00:00,0.0,8.962578450000008,0.0
2023-06-15 04:00:00,0.0,10.470412633333344,0.0
2023-06-15 05:00:00,0.0,16.27682633333335,0.44882400000000094
2023-06-15 06:00:00,1.4113150000000005,36.47782046666673,10.284439333333365
2023-06-15 07:00:00,1.5013030000000032,30.951405600000054,47.5429423333334
2023-06-15 08:00:00,0.0,42.36126693333334,39.53293100000004
2023-06-15 09:00:00,0.0,62.46092916666665,14.920197666666692
2023-06-15 10:00:00,0.008263000000000006,83.41360779999997,16.550841000000034
2023-06-15 11:00:00,0.008278000000000006,111.99614973333333,13.163571000000024
2023-06-15 12:00:00,0.0,134.52967573333325,0.0
2023-06-15 13:00:00,0.0,146.7604204666666,7.673323333333337
2023-06-15 14:00:00,0.0,138.27575994999995,9.490288000000005
2023-06-15 15:00:00,0.0,126.49570123333324,9.20266933333334
2023-06-15 16:00:00,0.0,99.47929086666666,18.761430000000026
2023-06-15 17:00:00,0.0,54.828155766666754,18.334538333333363
2023-06-15 18:00:00,1.5312990000000015,60.93250098333342,0.6286240000000013
2023-06-15 19:00:00,1.6512830000000034,47.796407650000035,10.532527333333356
2023-06-15 20:00:00,0.0,45.21459866666671,10.2445306666667
2023-06-15 21:00:00,0.0,34.339662250000046,0.0
2023-06-15 22:00:00,0.0,13.448872450000012,0.0
2023-06-15 23:00:00,0.0,4.570810000000003,0.0
2023-06-16 00:00:00,0.0,2.060116133333332,0.0
2023-06-16 01:00:00,0.0,4.982604783333338,0.0
2023-06-16 02:00:00,0.0,8.04258438333334,0.0
2023-06-16 03:00:00,0.0,10.062571383333339,0.0
2023-06-16 04:00:00,0.0,11.434014333333339,0.0
2023-06-16 05:00:00,0.0,17.12797761666668,0.4679200000000011
2023-06-16 06:00:00,1.583792000000001,31.86412493333339,10.200079000000024
2023-06-16 07:00:00,1.478806000000002,32.009323050000056,40.44724866666673
2023-06-16 08:00:00,0.0,42.65757568333334,20.66166600000002
2023-06-16 09:00:00,0.0,67.13706486666666,15.28702500000002
2023-06-16 10:00:00,0.008270000000000007,90.32086298333333,16.159182500000032
2023-06-16 11:00:00,0.008271000000000006,112.10831415000001,12.516038166666688
2023-06-16 12:00:00,0.0,141.87457568333326,0.0
2023-06-16 13:00:00,0.0,139.2601668666666,7.805454000000001
2023-06-16 14:00:00,0.0,130.84117686666664,11.182982333333342
2023-06-16 15:00:00,0.0,127.07712186666663,9.700283000000004
2023-06-16 16:00:00,0.0,87.64430563333332,35.37035633333337
2023-06-16 17:00:00,0.0,58.71530538333342,33.404388333333365
2023-06-16 18:00:00,1.471307000000003,60.02840111666675,0.618952000000001
2023-06-16 19:00:00,1.5612950000000019,48.4885293666667,10.431127000000021
2023-06-16 20:00:00,0.0,44.077851383333375,10.26118733333336
2023-06-16 21:00:00,0.0,34.113697600000044,0.0
2023-06-16 22:00:00,0.0,13.578024183333346,0.0
2023-06-16 23:00:00,0.0,3.7496554333333343,0.0
2023-06-17 00:00:00,0.0,2.4876132500000008,0.0
2023-06-17 01:00:00,0.0,6.320095866666673,0.0
2023-06-17 02:00:00,0.0,7.487588083333341,0.0
2023-06-17 03:00:00,0.0,7.76258648333334,0.0
2023-06-17 04:00:00,0.0,9.395639083333345,0.0
2023-06-17 05:00:00,0.0,14.933613466666683,0.4589920000000008
2023-06-17 06:00:00,1.6512830000000014,33.292813516666726,10.32856300000003
2023-06-17 07:00:00,1.5987900000000037,32.559889766666714,36.56754566666673
2023-06-17 08:00:00,0.0,40.06012671666668,32.8352926666667
2023-06-17 09:00:00,0.0,56.92493313333335,14.581090000000026
2023-06-17 10:00:00,0.008265000000000007,79.50964398333332,19.86168566666671
2023-06-17 11:00:00,0.008276000000000007,109.61257823333328,12.895480500000023
2023-06-17 12:00:00,0.0,133.1542409666666,0.0
2023-06-17 13:00:00,0.0,143.4102378166666,5.885348666666666
2023-06-17 14:00:00,0.0,140.35041109999995,10.034064333333339
2023-06-17 15:00:00,0.0,153.47658234999994,8.68568933333334
2023-06-17 16:00:00,0.0,89.85046291666666,25.426165333333362
2023-06-17 17:00:00,0.0,54.85479890000009,34.501032000000045
2023-06-17 18:00:00,1.4038160000000013,59.147418916666744,0.6500760000000003
2023-06-17 19:00:00,1.4413110000000007,48.96098938333337,10.382273000000028
2023-06-17 20:00:00,0.0,45.101520250000036,10.376118333333359
2023-06-17 21:00:00,0.0,34.3142402666667,0.0
2023-06-17 22:00:00,0.0,13.762619750000013,0.0
2023-06-17 23:00:00,0.0,3.992568716666668,0.0
2023-06-18 00:00:00,0.0,0.0,0.0
2023-06-18 01:00:00,0.0,0.0,0.0
2023-06-18 02:00:00,0.0,0.0,0.0
2023-06-18 03:00:00,0.0,0.0,0.0
2023-06-18 04:00:00,0.0,0.2059309333333331,0.0
2023-06-18 05:00:00,0.0,4.979954533333342,0.44671600000000017
2023-06-18 06:00:00,1.5013030000000036,16.707129583333387,10.863788000000024
2023-06-18 07:00:00,1.4863050000000022,14.861284116666711,44.941336000000064
2023-06-18 08:00:00,0.0,2.458418333333332,37.08403100000004
2023-06-18 09:00:00,0.0,0.5181163166666634,14.105233333333361
2023-06-18 10:00:00,0.008274000000000007,0.4706996499999977,14.576428333333363
2023-06-18 11:00:00,0.008267000000000007,0.6655132999999963,12.83841150000002
2023-06-18 12:00:00,0.0,0.6872676666666633,0.0
2023-06-18 13:00:00,0.0,0.6497700999999966,5.867018333333337
2023-06-18 14:00:00,0.0,0.5827722833333309,9.780100333333344
2023-06-18 15:00:00,0.0,0.6929328999999972,10.732689000000006
2023-06-18 16:00:00,0.0,3.542337999999998,29.88822200000003
2023-06-18 17:00:00,0.0,32.889632183333404,24.549316333333365
2023-06-18 18:00:00,1.568794000000003,43.72594171666674,0.5699720000000014
2023-06-18 19:00:00,1.5387980000000014,34.22676068333337,9.725032333333358
2023-06-18 20:00:00,0.0,31.368631983333366,10.029659666666694
2023-06-18 21:00:00,0.0,22.319706033333368,0.0
2023-06-18 22:00:00,0.0,5.229811583333342,0.0
2023-06-18 23:00:00,0.0,0.40813838333333285,0.0
2023-06-19 00:00:00,0.0,1.472617449999999,0.0
2023-06-19 01:00:00,0.0,5.397602016666671,0.0
2023-06-19 02:00:00,0.0,8.305082633333338,0.0
2023-06-19 03:00:00,0.0,9.432575166666673,0.0
2023-06-19 04:00:00,0.0,10.863987933333336,0.0
2023-06-19 05:00:00,0.0,17.82826876666668,0.48515600000000114
2023-06-19 06:00:00,1.606289000000001,30.73068526666673,10.373621000000028
2023-06-19 07:00:00,1.4863050000000024,34.12649988333338,37.90882466666672
2023-06-19 08:00:00,0.0,38.84211041666668,37.6841206666667
2023-06-19 09:00:00,0.0,60.90118531666666,16.09557283333336
2023-06-19 10:00:00,0.008265000000000007,77.96045804999997,14.837533166666695
2023-06-19 11:00:00,0.008276000000000006,109.86007824999997,12.584568500000024
2023-06-19 12:00:00,0.0,141.8923405166666,0.0
2023-06-19 13:00:00,0.0,152.62065308333328,8.898050666666673
2023-06-19 14:00:00,0.0,148.43555364999992,10.44553733333334
2023-06-19 15:00:00,0.0,126.54875884999996,11.122981333333337
2023-06-19 16:00:00,0.0,87.80708486666666,25.588397666666697
2023-06-19 17:00:00,0.0,58.98639618333342,25.688062333333363
2023-06-19 18:00:00,1.4788060000000027,59.38700050000009,0.619696000000001
2023-06-19 19:00:00,1.523800000000002,48.46778116666671,10.320839666666693
2023-06-19 20:00:00,0.0,44.49768070000004,10.427754000000029
2023-06-19 21:00:00,0.0,32.24612413333339,0.0
2023-06-19 22:00:00,0.0,13.059231866666682,0.0
2023-06-19 23:00:00,0.0,4.2233252000000014,0.0
2023-06-20 00:00:00,0.0,2.4601131166666677,0.0
2023-06-20 01:00:00,0.0,6.807592616666674,0.0
2023-06-20 02:00:00,0.0,9.317575883333339,0.0
2023-06-20 03:00:00,0.0,10.020072150000008,0.0
2023-06-20 04:00:00,0.0,11.70606828333334,0.0
2023-06-20 05:00:00,0.0,17.138695216666683,0.490736
2023-06-20 06:00:00,1.4488100000000015,29.46171316666672,10.036405000000023
2023-06-20 07:00:00,1.4038160000000024,33.22595643333339,41.71826666666672
2023-06-20 08:00:00,0.0,40.26870708333335,35.40488100000004
2023-06-20 09:00:00,0.0,64.11095105,13.986590166666694
2023-06-20 10:00:00,0.008276000000000006,87.32496638333332,16.457825833333374
2023-06-20 11:00:00,0.008265000000000007,120.9828958166666,14.562866000000025
2023-06-20 12:00:00,0.0,135.43483721666658,0.0
2023-06-20 13:00:00,0.0,149.10297898333332,6.686734666666665
2023-06-20 14:00:00,0.0,144.8967339666666,7.977406999999999
2023-06-20 15:00:00,0.0,132.88884958333324,10.264376666666674
2023-06-20 16:00:00,0.0,83.39500458333333,32.6772256666667
2023-06-20 17:00:00,0.0,59.44107391666676,22.7892246666667
2023-06-20 18:00:00,1.4938040000000028,58.68198600000008,0.6070480000000011
2023-06-20 19:00:00,1.748770000000001,47.73271206666671,10.828607000000023
2023-06-20 20:00:00,0.0,43.975044250000046,10.787538000000028
2023-06-20 21:00:00,0.0,33.57982675000005,0.0
2023-06-20 22:00:00,0.0,14.584446316666678,0.0
2023-06-20 23:00:00,0.0,4.262904200000001,0.0
2023-06-21 00:00:00,0.0,1.9776158833333326,0.0
2023-06-21 01:00:00,0.0,6.602593983333342,0.0
2023-06-21 02:00:00,0.0,8.49008140000001,0.0
2023-06-21 03:00:00,0.0,10.625067866666676,0.0
2023-06-21 04:00:00,0.0,11.167852900000007,0.0
2023-06-21 05:00:00,0.0,16.716482483333355,0.49036400000000036
2023-06-21 06:00:00,1.5163010000000021,31.592449816666726,9.852067666666697
2023-06-21 07:00:00,1.3663210000000034,34.62358258333338,37.27442533333338
2023-06-21 08:00:00,0.0,41.632002750000005,24.222638000000035
2023-06-21 09:00:00,0.0,51.650662066666676,14.201408833333357
2023-06-21 10:00:00,0.008266000000000006,76.67181601666665,16.023144666666703
2023-06-21 11:00:00,0.008275000000000006,99.09625223333332,16.020979666666694
2023-06-21 12:00:00,0.0,133.89973499999996,0.0
2023-06-21 13:00:00,0.0,151.0603044166666,6.456405333333333
2023-06-21 14:00:00,0.0,157.8219808499999,10.074232000000007
2023-06-21 15:00:00,0.0,146.4666816166666,8.198769333333342
2023-06-21 16:00:00,0.0,87.15260491666666,38.8232696666667
2023-06-21 17:00:00,0.0,57.98086975000008,30.0664186666667
2023-06-21 18:00:00,1.5687940000000018,57.37837831666675,0.6025840000000008
2023-06-21 19:00:00,1.6437840000000026,48.24174050000004,9.7386446666667
2023-06-21 20:00:00,0.0,44.43913966666671,10.292835000000029
2023-06-21 21:00:00,0.0,33.55589506666671,0.0
2023-06-21 22:00:00,0.0,14.40598341666668,0.0
2023-06-21 23:00:00,0.0,5.392647516666671,0.0
2023-06-22 00:00:00,0.0,2.375115116666666,0.0
2023-06-22 01:00:00,0.0,6.635093766666672,0.0
2023-06-22 02:00:00,0.0,8.672580183333343,0.0
2023-06-22 03:00:00,0.0,10.013572516666674,0.0
2023-06-22 04:00:00,0.0,12.248091816666673,0.0
2023-06-22 05:00:00,0.0,17.622860800000016,0.47672400000000076
2023-06-22 06:00:00,1.5912910000000007,32.41701270000006,10.313770000000028
2023-06-22 07:00:00,1.373820000000002,29.870293616666718,40.704671000000054
2023-06-22 08:00:00,0.0,31.96339921666668,44.44549100000004
2023-06-22 09:00:00,0.0,58.09639615000001,14.55051033333336
2023-06-22 10:00:00,0.008265000000000007,90.23303913333332,16.559938500000037
2023-06-22 11:00:00,0.008276000000000007,123.03262356666664,15.22554783333336
2023-06-22 12:00:00,0.0,146.22266211666658,0.0
2023-06-22 13:00:00,0.0,138.2956765499999,6.264652999999998
2023-06-22 14:00:00,0.0,131.50800979999997,10.97749633333334
2023-06-22 15:00:00,0.0,131.6773466333333,8.54322733333334
2023-06-22 16:00:00,0.0,87.86744111666667,18.25547666666669
2023-06-22 17:00:00,0.0,54.559247766666765,21.705108666666696
2023-06-22 18:00:00,1.3888180000000034,59.13625620000008,0.6208120000000007
2023-06-22 19:00:00,1.7412710000000031,50.111433066666706,9.786571333333361
2023-06-22 20:00:00,0.0,45.79963063333338,10.159581666666698
2023-06-22 21:00:00,0.0,34.04117040000005,0.0
2023-06-22 22:00:00,0.0,15.03758183333335,0.0
2023-06-22 23:00:00,0.0,5.422069033333338,0.0
2023-06-23 00:00:00,0.0,2.0751133833333335,0.0
2023-06-23 01:00:00,0.0,6.365095566666671,0.0
2023-06-23 02:00:00,0.0,8.87507883333334,0.0
2023-06-23 03:00:00,0.0,10.432568716666676,0.0
2023-06-23 04:00:00,0.0,12.348140783333339,0.0
2023-06-23 05:00:00,0.0,17.013832983333348,0.49854800000000055
2023-06-23 06:00:00,1.418814000000003,31.385034783333396,10.199372000000029
2023-06-23 07:00:00,1.478806000000001,29.39147906666672,33.8219513333334
2023-06-23 08:00:00,0.0,42.18371000000001,35.557354000000046
2023-06-23 09:00:00,0.0,66.87931529999999,15.828958500000027
2023-06-23 10:00:00,0.008275000000000006,71.22222829999998,16.036067666666703
2023-06-23 11:00:00,0.008266000000000008,93.15610878333331,12.625276333333357
2023-06-23 12:00:00,0.0,133.20235386666658,0.0
2023-06-23 13:00:00,0.0,157.1502299166666,7.139360333333337
2023-06-23 14:00:00,0.0,149.22173463333326,8.854998666666667
2023-06-23 15:00:00,0.0,140.98825046666659,9.105662333333333
2023-06-23 16:00:00,0.0,92.06040604999997,28.219468666666703
2023-06-23 17:00:00,0.0,54.32232268333342,32.467719666666696
2023-06-23 18:00:00,1.636285000000003,60.22891798333342,0.6246560000000008
2023-06-23 19:00:00,1.5612950000000014,47.10070811666671,10.692947666666694
2023-06-23 20:00:00,0.0,45.17404496666671,10.28284100000003
2023-06-23 21:00:00,0.0,34.92501855000005,0.0
2023-06-23 22:00:00,0.0,15.65713708333335,0.0
2023-06-23 23:00:00,0.0,5.511222616666671,0.0
2023-06-24 00:00:00,0.0,1.9026171166666668,0.0
2023-06-24 01:00:00,0.0,5.9075986166666725,0.0
2023-06-24 02:00:00,0.0,9.830072466666673,0.0
2023-06-24 03:00:00,0.0,9.80507338333334,0.0
2023-06-24 04:00:00,0.0,11.387648800000006,0.0
2023-06-24 05:00:00,0.0,17.529637300000015,0.441136000000001
2023-06-24 06:00:00,1.501303,29.93052443333339,9.605778333333365
2023-06-24 07:00:00,1.3213270000000017,28.726872216666717,49.09865266666672
2023-06-24 08:00:00,0.0,25.71278210000001,16.44749000000003
2023-06-24 09:00:00,0.0,54.173106633333326,15.939353000000025
2023-06-24 10:00:00,0.008265000000000007,76.65880438333332,15.459938000000037
2023-06-24 11:00:00,0.008276000000000007,109.53323996666664,13.00889300000002
2023-06-24 12:00:00,0.0,143.42549941666658,0.0
2023-06-24 13:00:00,0.0,144.28650936666662,6.916217666666666
2023-06-24 14:00:00,0.0,145.81258344999995,11.25243433333334
2023-06-24 15:00:00,0.0,147.56509449999996,9.808088333333341
2023-06-24 16:00:00,0.0,90.82792061666666,36.31977766666669
2023-06-24 17:00:00,0.0,59.56365395000009,26.172618000000032
2023-06-24 18:00:00,1.5462970000000023,62.78130251666674,0.6374280000000009
2023-06-24 19:00:00,1.7262730000000015,49.59260108333338,10.23145066666669
2023-06-24 20:00:00,0.0,46.14767726666671,10.689263666666692
2023-06-24 21:00:00,0.0,35.03035863333338,0.0
2023-06-24 22:00:00,0.0,14.786824383333347,0.0
2023-06-24 23:00:00,0.0,4.905234466666669,0.0
2023-06-25 00:00:00,0.0,0.0,0.0
2023-06-25 01:00:00,0.0,0.0,0.0
2023-06-25 02:00:00,0.0,0.0,0.0
2023-06-25 03:00:00,0.0,0.0,0.0
2023-06-25 04:00:00,0.0,0.24127341666666643,0.0
2023-06-25 05:00:00,0.0,5.2246776000000095,0.48776000000000064
2023-06-25 06:00:00,1.583792000000005,19.237288683333386,10.471057000000021
2023-06-25 07:00:00,1.4938040000000028,15.01177858333338,32.68077400000005
2023-06-25 08:00:00,0.0,2.291718766666667,19.06834866666669
2023-06-25 09:00:00,0.0,0.6692377499999964,16.8441196666667
2023-06-25 10:00:00,0.008271000000000006,0.6791780166666632,15.010184833333366
2023-06-25 11:00:00,0.008270000000000005,0.6367701833333304,12.644905000000021
2023-06-25 12:00:00,0.0,0.6211852333333305,0.0
2023-06-25 13:00:00,0.0,0.6103493333333306,6.756738666666665
2023-06-25 14:00:00,0.0,0.5475245833333306,11.256581000000013
2023-06-25 15:00:00,0.0,0.6061091166666629,8.406086666666672
2023-06-25 16:00:00,0.0,3.496971999999998,36.2887406666667
2023-06-25 17:00:00,0.0,31.114819266666732,32.99949133333337
2023-06-25 18:00:00,1.4563090000000012,43.73234688333341,0.6560280000000002
2023-06-25 19:00:00,1.5612950000000014,34.087125516666696,9.849691000000027
2023-06-25 20:00:00,0.0,31.695382133333368,10.94244500000003
2023-06-25 21:00:00,0.0,21.850910100000036,0.0
2023-06-25 22:00:00,0.0,5.344231900000006,0.0
2023-06-25 23:00:00,0.0,0.3812978999999996,0.0
2023-06-26 00:00:00,0.0,2.007616633333332,0.0
2023-06-26 01:00:00,0.0,5.807599283333337,0.0
2023-06-26 02:00:00,0.0,8.535081100000006,0.0
2023-06-26 03:00:00,0.0,9.54257558333334,0.0
2023-06-26 04:00:00,0.0,11.467459666666672,0.0
2023-06-26 05:00:00,0.0,17.516111200000015,0.438656000000001
2023-06-26 06:00:00,1.5013030000000023,30.456714166666725,9.821445333333356
2023-06-26 07:00:00,1.5537960000000017,36.49473146666672,33.99755100000005
2023-06-26 08:00:00,0.0,45.757804916666686,28.39372233333336
2023-06-26 09:00:00,0.0,51.63125978333333,16.542410500000027
2023-06-26 10:00:00,0.008268000000000006,72.36207446666664,17.358347833333372
2023-06-26 11:00:00,0.008273000000000004,106.44691516666664,12.96492683333336
2023-06-26 12:00:00,0.0,142.48716308333326,0.0
2023-06-26 13:00:00,0.0,153.13090469999992,8.367388000000002
2023-06-26 14:00:00,0.0,150.84974263333325,9.275990666666674
2023-06-26 15:00:00,0.0,136.95076703333328,12.89647800000001
2023-06-26 16:00:00,0.0,93.08284846666666,31.441458000000033
2023-06-26 17:00:00,0.0,58.33594730000008,31.31646200000003
2023-06-26 18:00:00,1.4188140000000011,61.31303161666676,0.623044000000001
2023-06-26 19:00:00,1.6212870000000021,47.950247783333374,9.861894666666693
2023-06-26 20:00:00,0.0,44.410189383333375,10.497712000000028
2023-06-26 21:00:00,0.0,33.63254525000004,0.0
2023-06-26 22:00:00,0.0,13.04367170000001,0.0
2023-06-26 23:00:00,0.0,5.02239741666667,0.0
2023-06-27 00:00:00,0.0,3.3601061500000005,0.0
2023-06-27 01:00:00,0.0,7.9800848000000055,0.0
2023-06-27 02:00:00,0.0,10.567567550000009,0.0
2023-06-27 03:00:00,0.0,11.658061383333338,0.0
2023-06-27 04:00:00,0.0,12.442841616666675,0.0
2023-06-27 05:00:00,0.0,17.232534200000018,0.3951320000000004
2023-06-27 06:00:00,1.5088020000000029,28.680510283333387,10.718814000000025
2023-06-27 07:00:00,1.5013030000000003,32.59630743333338,41.87986366666673
2023-06-27 08:00:00,0.0,33.32579740000001,31.27539633333337
2023-06-27 09:00:00,0.0,63.565555433333316,16.22102300000003
2023-06-27 10:00:00,0.008268000000000006,78.09844491666664,14.4403081666667
2023-06-27 11:00:00,0.008273000000000006,116.52665068333329,13.74557383333336
2023-06-27 12:00:00,0.0,141.34932783333323,0.0
2023-06-27 13:00:00,0.0,142.70556274999993,7.458975000000002
2023-06-27 14:00:00,0.0,137.5528458166666,7.177869333333332
2023-06-27 15:00:00,0.0,132.86477366666662,8.831519666666669
2023-06-27 16:00:00,0.0,102.60787589999995,32.263693666666704
2023-06-27 17:00:00,0.0,59.93085026666676,25.948416000000037
2023-06-27 18:00:00,1.441311000000001,59.370428633333425,0.5884480000000017
2023-06-27 19:00:00,1.6437840000000041,45.99709588333337,9.430329666666692
2023-06-27 20:00:00,0.0,45.08809508333338,10.31615433333336
2023-06-27 21:00:00,0.0,33.449268750000044,0.0
2023-06-27 22:00:00,0.0,13.438262066666685,0.0
2023-06-27 23:00:00,0.0,4.018403983333336,0.0
2023-06-28 00:00:00,0.0,3.070108766666668,0.0
2023-06-28 01:00:00,0.0,7.732586450000007,0.0
2023-06-28 02:00:00,0.0,10.18757008333334,0.0
2023-06-28 03:00:00,0.0,9.997572083333344,0.0
2023-06-28 04:00:00,0.0,10.389490900000007,0.0
2023-06-28 05:00:00,0.0,16.44881023333335,0.47312800000000105
2023-06-28 06:00:00,1.5837920000000036,30.210878416666727,10.185575000000025
2023-06-28 07:00:00,1.5387980000000026,34.90789325000005,46.36703000000006
2023-06-28 08:00:00,0.0,36.89318510000001,41.569979333333364
2023-06-28 09:00:00,0.0,65.52854791666665,16.019295500000027
2023-06-28 10:00:00,0.008270000000000007,80.64529634999998,17.68639933333337
2023-06-28 11:00:00,0.008271000000000006,110.1844115333333,13.84552266666669
2023-06-28 12:00:00,0.0,142.40166714999992,0.0
2023-06-28 13:00:00,0.0,148.41047906666657,6.5745759999999995
2023-06-28 14:00:00,0.0,142.16832534999995,8.713210333333336
2023-06-28 15:00:00,0.0,126.32918479999996,9.715607333333335
2023-06-28 16:00:00,0.0,89.58149196666669,23.142210000000038
2023-06-28 17:00:00,0.0,60.29626828333341,21.674846333333367
2023-06-28 18:00:00,1.3138280000000016,59.49553478333342,0.6120080000000014
2023-06-28 19:00:00,1.6587820000000004,48.266807583333375,10.042569666666695
2023-06-28 20:00:00,0.0,44.261019183333374,10.744230666666688
2023-06-28 21:00:00,0.0,33.70750775000005,0.0
2023-06-28 22:00:00,0.0,14.240789916666685,0.0
2023-06-28 23:00:00,0.0,4.988067650000002,0.0
2023-06-29 00:00:00,0.0,2.4901128333333347,0.0
2023-06-29 01:00:00,0.0,7.705086633333341,0.0
2023-06-29 02:00:00,0.0,9.955071633333343,0.0
2023-06-29 03:00:00,0.0,10.90006658333334,0.0
2023-06-29 04:00:00,0.0,12.426445933333339,0.0
2023-06-29 05:00:00,0.0,17.22990703333335,0.48007200000000083
2023-06-29 06:00:00,1.5612950000000032,30.646223833333394,10.349957666666691
2023-06-29 07:00:00,1.5612950000000014,31.213552133333383,43.474192000000045
2023-06-29 08:00:00,0.0,33.09584863333334,24.501556666666705
2023-06-29 09:00:00,0.0,62.53987479999999,14.262101166666689
2023-06-29 10:00:00,0.008272000000000005,80.50907023333332,16.601006500000032
2023-06-29 11:00:00,0.008269000000000006,115.1625720166666,12.181701833333355
2023-06-29 12:00:00,0.0,138.25650474999992,0.0
2023-06-29 13:00:00,0.0,142.6367437833333,6.088675000000002
2023-06-29 14:00:00,0.0,139.56266821666662,9.563626333333335
2023-06-29 15:00:00,0.0,137.76984954999992,10.77899033333334
2023-06-29 16:00:00,0.0,82.29675781666667,32.705322000000024
2023-06-29 17:00:00,0.0,62.47910828333343,28.980618333333375
2023-06-29 18:00:00,1.5013030000000036,60.42412883333343,0.5655080000000015
2023-06-29 19:00:00,1.471307000000002,47.90004125000004,10.433359000000028
2023-06-29 20:00:00,0.0,44.33276970000004,9.7748126666667
2023-06-29 21:00:00,0.0,33.24230788333338,0.0
2023-06-29 22:00:00,0.0,13.440472683333349,0.0
2023-06-29 23:00:00,0.0,4.469405866666668,0.0
2023-06-30 00:00:00,0.0,2.0876156499999987,0.0
2023-06-30 01:00:00,0.0,5.3851021000000046,0.0
2023-06-30 02:00:00,0.0,7.360088933333338,0.0
2023-06-30 03:00:00,0.0,9.909072450000004,0.0
2023-06-30 04:00:00,0.0,10.89590375000001,0.0
2023-06-30 05:00:00,0.0,16.77817075000002,0.4555200000000007
2023-06-30 06:00:00,1.5088020000000024,31.9671124333334,10.009530666666697
2023-06-30 07:00:00,1.4488100000000008,34.14119345000005,34.57219666666673
2023-06-30 08:00:00,0.0,44.09195178333335,36.1744916666667
2023-06-30 09:00:00,0.0,68.53113334999998,14.55857133333336
2023-06-30 10:00:00,0.008264000000000006,65.83080290000001,17.541228500000035
2023-06-30 11:00:00,0.008277000000000007,110.57773943333332,13.10720483333336
2023-06-30 12:00:00,0.0,146.46731648333324,0.0
2023-06-30 13:00:00,0.0,161.69230511666657,6.658228666666666
2023-06-30 14:00:00,0.0,134.29532674999996,8.849400000000008
2023-06-30 15:00:00,0.0,135.90627834999992,11.175450333333337
2023-06-30 16:00:00,0.0,93.76552311666666,25.881832666666693
2023-06-30 17:00:00,0.0,54.77525771666674,34.7763166666667
2023-06-30 18:00:00,1.5762930000000028,59.04291318333342,0.5855960000000016
2023-06-30 19:00:00,1.5612950000000012,48.72062336666671,10.274228666666687
2023-06-30 20:00:00,0.0,45.46426490000004,10.974092666666696
2023-06-30 21:00:00,0.0,34.26746868333338,0.0
2023-06-30 22:00:00,0.0,15.857096683333348,0.0
2023-06-30 23:00:00,0.0,5.215893516666667,0.0
2023-07-01 00:00:00,0.0,2.872609950000002,0.0
2023-07-01 01:00:00,0.0,6.525094500000006,0.0
2023-07-01 02:00:00,0.0,9.672573516666672,0.0
2023-07-01 03:00:00,0.0,11.765060916666677,0.0
2023-07-01 04:00:00,0.0,12.936028000000006,0.0
2023-07-01 05:00:00,0.0,17.959776300000012,0.4266279999999999
2023-07-01 06:00:00,1.426313000000002,31.35887601666672,10.77954233333336
2023-07-01 07:00:00,1.583792000000002,29.092462133333374,32.346467333333386
2023-07-01 08:00:00,0.0,40.04166733333335,36.88137500000005
2023-07-01 09:00:00,0.0,56.89062685000002,14.944985833333357
2023-07-01 10:00:00,0.008270000000000007,72.49313674999998,16.691563166666707
2023-07-01 11:00:00,0.008271000000000006,109.59722624999998,14.680721333333361
2023-07-01 12:00:00,0.0,134.67266483333324,0.0
2023-07-01 13:00:00,0.0,150.1728224166666,4.788259999999996
2023-07-01 14:00:00,0.0,144.8789167666666,8.961524666666671
2023-07-01 15:00:00,0.0,140.63152726666658,11.56290933333334
2023-07-01 16:00:00,0.0,100.28625376666665,29.69450200000003
2023-07-01 17:00:00,0.0,58.5644439500001,34.22676233333337
2023-07-01 18:00:00,1.2988300000000021,61.478769866666745,0.6376760000000001
2023-07-01 19:00:00,1.786265000000001,49.81611980000004,9.506637666666693
2023-07-01 20:00:00,0.0,43.89762153333338,10.291169333333366
2023-07-01 21:00:00,0.0,31.12413403333338,0.0
2023-07-01 22:00:00,0.0,13.380282033333348,0.0
2023-07-01 23:00:00,0.0,5.63497951666667,0.0
2023-07-02 00:00:00,0.0,0.0,0.0
2023-07-02 01:00:00,0.0,0.0,0.0
2023-07-02 02:00:00,0.0,0.0,0.0
2023-07-02 03:00:00,0.0,0.0,0.0
2023-07-02 04:00:00,0.0,0.23212453333333302,0.0
2023-07-02 05:00:00,0.0,5.687377983333343,0.44609600000000116
2023-07-02 06:00:00,1.636285000000003,18.36384273333339,9.504842666666702
2023-07-02 07:00:00,1.2613350000000012,14.847892700000044,31.683963666666724
2023-07-02 08:00:00,0.0,1.4558454166666661,28.82078800000004
2023-07-02 09:00:00,0.0,0.7299303166666632,16.07601900000003
2023-07-02 10:00:00,0.008262000000000005,0.6607657333333296,17.269348666666705
2023-07-02 11:00:00,0.008279000000000005,0.5941060499999968,11.744590333333353
2023-07-02 12:00:00,0.0,0.5425280666666629,0.0
2023-07-02 13:00:00,0.0,0.5216977499999969,7.614185666666673
2023-07-02 14:00:00,0.0,0.6132804333333295,10.556314666666667
2023-07-02 15:00:00,0.0,0.750853966666663,10.110080333333336
2023-07-02 16:00:00,0.0,3.648947599999999,34.47199533333337
2023-07-02 17:00:00,0.0,30.096962800000078,32.30521933333337
2023-07-02 18:00:00,1.6062890000000025,47.09713860000007,0.6015920000000015
2023-07-02 19:00:00,1.5912910000000033,35.6804334166667,10.23943466666669
2023-07-02 20:00:00,0.0,31.51688450000004,10.199557666666697
2023-07-02 21:00:00,0.0,22.6901434666667,0.0
2023-07-02 22:00:00,0.0,5.527499366666676,0.0
2023-07-02 23:00:00,0.0,0.3704605166666663,0.0
2023-07-03 00:00:00,0.0,1.7701182666666657,0.0
2023-07-03 01:00:00,0.0,6.297596016666674,0.0
2023-07-03 02:00:00,0.0,9.030077800000006,0.0
2023-07-03 03:00:00,0.0,10.432568450000007,0.0
2023-07-03 04:00:00,0.0,11.336364050000004,0.0
2023-07-03 05:00:00,0.0,17.88744586666668,0.45353600000000094
2023-07-03 06:00:00,1.4938040000000017,29.74471163333339,10.309550333333364
2023-07-03 07:00:00,1.2838320000000034,32.485916550000056,42.246101333333385
2023-07-03 08:00:00,0.0,52.330213150000006,28.013091333333367
2023-07-03 09:00:00,0.0,64.67225023333333,13.558745833333356
2023-07-03 10:00:00,0.008256000000000006,62.73731086666667,14.909543333333366
2023-07-03 11:00:00,0.008285000000000006,107.19543148333331,15.102784666666691
2023-07-03 12:00:00,0.0,148.00509349999993,0.0
2023-07-03 13:00:00,0.0,157.33538194999988,9.309852000000006
2023-07-03 14:00:00,0.0,137.62181776666662,7.490020000000007
2023-07-03 15:00:00,0.0,119.00178381666663,9.206677333333342
2023-07-03 16:00:00,0.0,93.58910945000001,29.480010000000036
2023-07-03 17:00:00,0.0,65.2100397833334,29.837269666666703
2023-07-03 18:00:00,1.658782000000002,65.10412425000008,0.6376760000000002
2023-07-03 19:00:00,1.6587820000000029,49.75686946666671,10.47445833333336
2023-07-03 20:00:00,0.0,45.17011691666671,9.89807200000003
2023-07-03 21:00:00,0.0,33.44865755000004,0.0
2023-07-03 22:00:00,0.0,13.745297600000017,0.0
2023-07-03 23:00:00,0.0,4.489163233333336,0.0
2023-07-04 00:00:00,0.0,1.642616983333332,0.0
2023-07-04 01:00:00,0.0,4.815105900000003,0.0
2023-07-04 02:00:00,0.0,8.170083533333338,0.0
2023-07-04 03:00:00,0.0,10.015072733333342,0.0
2023-07-04 04:00:00,0.0,11.571750166666671,0.0
2023-07-04 05:00:00,0.0,17.093580800000016,0.47598000000000085
2023-07-04 06:00:00,1.636285000000001,31.44610821666673,9.991582000000028
2023-07-04 07:00:00,1.1938440000000023,28.80503233333338,39.38996500000005
2023-07-04 08:00:00,0.0,33.602854716666684,40.41317700000003
2023-07-04 09:00:00,0.0,66.97005825,15.615787333333365
2023-07-04 10:00:00,0.008273000000000004,74.40038468333333,14.879585833333373
2023-07-04 11:00:00,0.008268000000000006,105.82106491666664,11.99513950000002
2023-07-04 12:00:00,0.0,154.55447941666654,0.0
2023-07-04 13:00:00,0.0,149.39439698333325,7.584989000000001
2023-07-04 14:00:00,0.0,144.18147836666662,10.116214000000006
2023-07-04 15:00:00,0.0,135.96824339999995,10.878969333333341
2023-07-04 16:00:00,0.0,89.3395251,25.16940033333336
2023-07-04 17:00:00,0.0,57.90100798333342,23.375806000000036
2023-07-04 18:00:00,1.523800000000003,57.65762273333343,0.5772880000000012
2023-07-04 19:00:00,1.7412710000000027,48.69815285000004,10.552332000000025
2023-07-04 20:00:00,0.0,44.49964680000004,10.031325333333363
2023-07-04 21:00:00,0.0,33.208641366666704,0.0
2023-07-04 22:00:00,0.0,14.628500233333348,0.0
2023-07-04 23:00:00,0.0,4.8963164000000035,0.0
2023-07-05 00:00:00,0.0,3.30260786666667,0.0
2023-07-05 01:00:00,0.0,8.195083366666672,0.0
2023-07-05 02:00:00,0.0,9.022577850000008,0.0
2023-07-05 03:00:00,0.0,9.059078966666672,0.0
2023-07-05 04:00:00,0.0,10.59262188333334,0.0
2023-07-05 05:00:00,0.0,18.27183558333335,0.46407600000000016
2023-07-05 06:00:00,1.5912910000000031,28.789015033333392,9.628718333333364
2023-07-05 07:00:00,1.6212870000000021,29.790646450000047,31.69758866666672
2023-07-05 08:00:00,0.0,31.44233578333334,32.981298666666696
2023-07-05 09:00:00,0.0,56.81369431666667,16.098979000000025
2023-07-05 10:00:00,0.008278000000000006,93.48829783333332,16.35171583333337
2023-07-05 11:00:00,0.008263000000000005,113.20957569999996,13.977871500000028
2023-07-05 12:00:00,0.0,140.97257868333327,0.0
2023-07-05 13:00:00,0.0,142.3522456666666,6.4774643333333355
2023-07-05 14:00:00,0.0,144.63473881666658,10.360364666666673
2023-07-05 15:00:00,0.0,137.24167356666658,10.153237000000004
2023-07-05 16:00:00,0.0,97.28548088333329,35.86378633333337
2023-07-05 17:00:00,0.0,56.150136033333425,31.95054133333337
2023-07-05 18:00:00,1.403816000000004,63.08736611666675,0.6072960000000008
2023-07-05 19:00:00,1.4788060000000023,49.66072635000004,10.278511333333354
2023-07-05 20:00:00,0.0,45.511257766666716,10.577664000000025
2023-07-05 21:00:00,0.0,33.371072783333375,0.0
2023-07-05 22:00:00,0.0,12.992722716666679,0.0
2023-07-05 23:00:00,0.0,4.033821733333336,0.0
2023-07-06 00:00:00,0.0,2.4576130166666665,0.0
2023-07-06 01:00:00,0.0,6.420095200000004,0.0
2023-07-06 02:00:00,0.0,9.252576316666671,0.0
2023-07-06 03:00:00,0.0,10.549068566666673,0.0
2023-07-06 04:00:00,0.0,11.77778400000001,0.0
2023-07-06 05:00:00,0.0,17.545290516666682,0.4694080000000008
2023-07-06 06:00:00,1.5537960000000013,32.76406665000005,10.574970666666696
2023-07-06 07:00:00,1.493804000000003,30.216884450000045,30.773907000000058
2023-07-06 08:00:00,0.0,41.37008606666667,29.8635486666667
2023-07-06 09:00:00,0.0,61.26618063333333,15.34784533333336
2023-07-06 10:00:00,0.008278000000000006,68.76038494999999,14.597493000000032
2023-07-06 11:00:00,0.008263000000000005,111.31183654999997,11.756628166666689
2023-07-06 12:00:00,0.0,139.97250428333328,0.0
2023-07-06 13:00:00,0.0,143.17722723333327,9.218166333333338
2023-07-06 14:00:00,0.0,141.06775338333327,10.488382666666675
2023-07-06 15:00:00,0.0,135.81461756666656,8.076763333333341
2023-07-06 16:00:00,0.0,93.53371446666668,41.57342600000004
2023-07-06 17:00:00,0.0,61.368937683333435,33.14741200000004
2023-07-06 18:00:00,1.4788060000000007,60.61809645000008,0.6133720000000008
2023-07-06 19:00:00,1.568794000000002,49.67799221666671,9.469015666666701
2023-07-06 20:00:00,0.0,45.60096891666671,10.212883000000023
2023-07-06 21:00:00,0.0,35.19265803333338,0.0
2023-07-06 22:00:00,0.0,14.987084816666682,0.0
2023-07-06 23:00:00,0.0,4.825405100000004,0.0
2023-07-07 00:00:00,0.0,1.7951158166666663,0.0
2023-07-07 01:00:00,0.0,6.047597683333339,0.0
2023-07-07 02:00:00,0.0,9.00757795000001,0.0
2023-07-07 03:00:00,0.0,10.092571750000007,0.0
2023-07-07 04:00:00,0.0,11.915735416666672,0.0
2023-07-07 05:00:00,0.0,18.863683700000017,0.4741200000000009
2023-07-07 06:00:00,1.5163010000000028,31.28836541666673,10.618911000000024
2023-07-07 07:00:00,1.5462970000000014,32.77501713333338,27.94145566666672
2023-07-07 08:00:00,0.0,42.429528833333336,34.346035000000036
2023-07-07 09:00:00,0.0,69.06525786666663,15.221675500000025
2023-07-07 10:00:00,0.008261000000000004,88.65836891666663,17.719328833333364
2023-07-07 11:00:00,0.008280000000000006,106.65949039999998,15.873841333333356
2023-07-07 12:00:00,0.0,130.70434111666663,0.0
2023-07-07 13:00:00,0.0,141.13057789999993,5.460883666666671
2023-07-07 14:00:00,0.0,146.70949559999997,8.899157333333338
2023-07-07 15:00:00,0.0,139.38026179999991,8.074603666666667
2023-07-07 16:00:00,0.0,92.93880051666666,24.76964600000003
2023-07-07 17:00:00,0.0,57.93240266666676,37.024372000000035
2023-07-07 18:00:00,1.4638080000000018,58.35959793333343,0.5795200000000016
2023-07-07 19:00:00,1.5687940000000027,48.513521183333374,9.860978666666696
2023-07-07 20:00:00,0.0,43.90490038333338,9.519965666666701
2023-07-07 21:00:00,0.0,32.78152698333338,0.0
2023-07-07 22:00:00,0.0,13.714539366666685,0.0
2023-07-07 23:00:00,0.0,5.399400133333338,0.0
2023-07-08 00:00:00,0.0,2.225113550000001,0.0
2023-07-08 01:00:00,0.0,5.602600650000007,0.0
2023-07-08 02:00:00,0.0,8.34258238333334,0.0
2023-07-08 03:00:00,0.0,10.177570566666672,0.0
2023-07-08 04:00:00,0.0,11.409732033333336,0.0
2023-07-08 05:00:00,0.0,17.343640983333344,0.431216000000001
2023-07-08 06:00:00,1.4938040000000004,31.763454683333393,10.550613000000029
2023-07-08 07:00:00,1.6212870000000021,30.10351938333338,33.43204666666672
2023-07-08 08:00:00,0.0,40.24786148333334,36.46494400000003
2023-07-08 09:00:00,0.0,71.02902161666664,13.248297500000021
2023-07-08 10:00:00,0.008285000000000006,85.28470516666664,16.78705750000004
2023-07-08 11:00:00,0.008256000000000006,117.01331928333332,13.13122983333336
2023-07-08 12:00:00,0.0,122.09411189999996,0.0
2023-07-08 13:00:00,0.0,135.21749604999997,6.995706666666669
2023-07-08 14:00:00,0.0,133.3524282666666,10.170392666666674
2023-07-08 15:00:00,0.0,148.93917358333323,10.037899666666675
2023-07-08 16:00:00,0.0,98.08963018333331,35.16510600000003
2023-07-08 17:00:00,0.0,58.81517260000009,27.950394666666703
2023-07-08 18:00:00,1.3813190000000022,61.31883556666675,0.594276000000001
2023-07-08 19:00:00,1.5987900000000017,49.578451466666706,9.326416333333363
2023-07-08 20:00:00,0.0,45.84675411666671,9.791469333333364
2023-07-08 21:00:00,0.0,34.34277301666671,0.0
2023-07-08 22:00:00,0.0,15.192403783333347,0.0
2023-07-08 23:00:00,0.0,5.5894013166666685,0.0
2023-07-09 00:00:00,0.0,0.0,0.0
2023-07-09 01:00:00,0.0,0.0,0.0
2023-07-09 02:00:00,0.0,0.0,0.0
2023-07-09 03:00:00,0.0,0.0,0.0
2023-07-09 04:00:00,0.0,0.21835474999999985,0.0
2023-07-09 05:00:00,0.0,5.150782166666675,0.5302920000000008
2023-07-09 06:00:00,1.5238000000000012,18.27056501666672,10.58861233333336
2023-07-09 07:00:00,1.546297,14.613478516666703,42.9949273333334
2023-07-09 08:00:00,0.0,1.8973403166666651,32.5716526666667
2023-07-09 09:00:00,0.0,0.7307646999999963,14.305127500000024
2023-07-09 10:00:00,0.008276000000000006,0.66176413333333,17.5249886666667
2023-07-09 11:00:00,0.008265000000000007,0.5883613666666637,14.683559833333359
2023-07-09 12:00:00,0.0,0.6264427166666635,0.0
2023-07-09 13:00:00,0.0,0.6836831333333304,7.4078533333333345
2023-07-09 14:00:00,0.0,0.8310926666666629,11.062168000000012
2023-07-09 15:00:00,0.0,0.8098452833333294,9.56079300000001
2023-07-09 16:00:00,0.0,3.2453884833333304,18.517527666666698
2023-07-09 17:00:00,0.0,32.19338258333341,33.989699666666695
2023-07-09 18:00:00,1.5238000000000016,46.046321500000076,0.5971280000000011
2023-07-09 19:00:00,1.5013030000000018,35.3348176166667,9.579086666666688
2023-07-09 20:00:00,0.0,32.04231183333337,10.494380666666691
2023-07-09 21:00:00,0.0,22.23714703333337,0.0
2023-07-09 22:00:00,0.0,5.172755766666673,0.0
2023-07-09 23:00:00,0.0,0.3874688999999996,0.0
2023-07-10 00:00:00,0.0,2.1001152666666667,0.0
2023-07-10 01:00:00,0.0,6.505094633333341,0.0
2023-07-10 02:00:00,0.0,8.610080600000009,0.0
2023-07-10 03:00:00,0.0,10.417569100000007,0.0
2023-07-10 04:00:00,0.0,11.214982416666672,0.0
2023-07-10 05:00:00,0.0,17.16149368333335,0.4752360000000011
2023-07-10 06:00:00,1.523800000000004,29.79520368333339,10.49803333333336
2023-07-10 07:00:00,1.508802000000003,32.897394500000054,48.76472400000006
2023-07-10 08:00:00,0.0,43.16036666666668,23.21106133333337
2023-07-10 09:00:00,0.0,59.40033328333333,13.651208166666684
2023-07-10 10:00:00,0.008275000000000006,72.32905604999998,16.783705666666698
2023-07-10 11:00:00,0.008266000000000006,102.6506515833333,13.325718333333356
2023-07-10 12:00:00,0.0,147.2993370833332,0.0
2023-07-10 13:00:00,0.0,150.68441074999993,6.947902333333338
2023-07-10 14:00:00,0.0,145.3404254833333,11.219609000000007
2023-07-10 15:00:00,0.0,131.25612286666663,9.726267000000004
2023-07-10 16:00:00,0.0,95.41627646666667,33.82752433333337
2023-07-10 17:00:00,0.0,57.02853580000009,20.862673000000033
2023-07-10 18:00:00,1.5462970000000018,58.80805276666674,0.5839840000000006
2023-07-10 19:00:00,1.5163010000000023,48.912023600000055,9.94923133333336
2023-07-10 20:00:00,0.0,45.223980183333374,10.381115333333364
2023-07-10 21:00:00,0.0,34.365423183333384,0.0
2023-07-10 22:00:00,0.0,16.205371800000016,0.0
2023-07-10 23:00:00,0.0,5.475561933333337,0.0
2023-07-11 00:00:00,0.0,2.7501111000000003,0.0
2023-07-11 01:00:00,0.0,7.022591183333341,0.0
2023-07-11 02:00:00,0.0,9.585074100000007,0.0
2023-07-11 03:00:00,0.0,11.022565100000008,0.0
2023-07-11 04:00:00,0.0,11.736939050000007,0.0
2023-07-11 05:00:00,0.0,17.75597898333335,0.40579600000000027
2023-07-11 06:00:00,1.5387980000000026,28.41350233333339,10.722049000000029
2023-07-11 07:00:00,1.441311000000002,31.64390375000005,33.46351866666673
2023-07-11 08:00:00,0.0,26.439397000000007,32.38640466666669
2023-07-11 09:00:00,0.0,44.32953111666667,13.100998000000024
2023-07-11 10:00:00,0.008271000000000006,81.5308921333333,16.129922333333372
2023-07-11 11:00:00,0.008270000000000007,120.7480897166666,14.062588333333366
2023-07-11 12:00:00,0.0,144.74660526666656,0.0
2023-07-11 13:00:00,0.0,142.8329087833333,7.357009000000001
2023-07-11 14:00:00,0.0,148.2709102166666,9.250301
2023-07-11 15:00:00,0.0,144.23416624999993,11.147773666666675
2023-07-11 16:00:00,0.0,92.35715026666666,36.78838833333336
2023-07-11 17:00:00,0.0,62.410062050000086,28.3179516666667
2023-07-11 18:00:00,1.6212870000000024,61.99009513333342,0.5769160000000012
2023-07-11 19:00:00,1.4938040000000035,50.47034050000004,10.24974166666669
2023-07-11 20:00:00,0.0,45.80588968333337,9.078564000000027
2023-07-11 21:00:00,0.0,33.03202356666671,0.0
2023-07-11 22:00:00,0.0,15.237976250000015,0.0
2023-07-11 23:00:00,0.0,5.1665681500000025,0.0
2023-07-12 00:00:00,0.0,3.2101077500000006,0.0
2023-07-12 01:00:00,0.0,7.210089933333338,0.0
2023-07-12 02:00:00,0.0,8.847579016666673,0.0
2023-07-12 03:00:00,0.0,11.080064600000009,0.0
2023-07-12 04:00:00,0.0,11.51401563333334,0.0
2023-07-12 05:00:00,0.0,17.21727693333335,0.4575040000000006
2023-07-12 06:00:00,1.4638080000000024,30.23470518333339,10.686370333333363
2023-07-12 07:00:00,1.463808000000002,31.08454200000005,43.0548133333334
2023-07-12 08:00:00,0.0,36.33222623333335,20.85603066666669
2023-07-12 09:00:00,0.0,60.27894836666667,14.818584000000024
2023-07-12 10:00:00,0.008276000000000006,73.80388929999998,15.451253833333372
2023-07-12 11:00:00,0.008265000000000007,101.22330649999998,11.614382833333357
2023-07-12 12:00:00,0.0,142.46015723333323,0.0
2023-07-12 13:00:00,0.0,151.55039176666662,8.068436000000004
2023-07-12 14:00:00,0.0,146.96059646666657,10.152529333333336
2023-07-12 15:00:00,0.0,137.15329428333325,8.288728333333333
2023-07-12 16:00:00,0.0,92.0055446,31.6600446666667
2023-07-12 17:00:00,0.0,62.025988233333415,31.75431533333337
2023-07-12 18:00:00,1.4713070000000017,62.63050651666676,0.5929120000000013
2023-07-12 19:00:00,1.6962770000000005,48.6154754666667,9.568939333333365
2023-07-12 20:00:00,0.0,44.61152630000005,10.09628633333336
2023-07-12 21:00:00,0.0,32.71768651666671,0.0
2023-07-12 22:00:00,0.0,14.262972800000014,0.0
2023-07-12 23:00:00,0.0,4.4872343000000035,0.0
2023-07-13 00:00:00,0.0,2.410113766666668,0.0
2023-07-13 01:00:00,0.0,7.330089133333339,0.0
2023-07-13 02:00:00,0.0,9.43007513333334,0.0
2023-07-13 03:00:00,0.0,11.413562316666672,0.0
2023-07-13 04:00:00,0.0,12.145921150000003,0.0
2023-07-13 05:00:00,0.0,17.46522653333335,0.4938360000000014
2023-07-13 06:00:00,1.7337720000000014,30.474164716666724,9.390877666666697
2023-07-13 07:00:00,1.3963170000000031,33.214640583333384,32.67041833333339
2023-07-13 08:00:00,0.0,45.08501146666668,35.740159666666706
2023-07-13 09:00:00,0.0,74.47403688333328,20.310777666666706
2023-07-13 10:00:00,0.008270000000000007,79.53861389999999,15.357358000000037
2023-07-13 11:00:00,0.008271000000000006,103.23015889999998,10.844473333333351
2023-07-13 12:00:00,0.0,115.08944249999996,0.0
2023-07-13 13:00:00,0.0,146.37275048333328,7.647823333333342
2023-07-13 14:00:00,0.0,145.96166706666662,6.548591999999999
2023-07-13 15:00:00,0.0,143.13101468333323,7.742257333333333
2023-07-13 16:00:00,0.0,99.3061535,32.06469500000004
2023-07-13 17:00:00,0.0,55.80167586666676,36.009868333333365
2023-07-13 18:00:00,1.516301000000003,58.96474978333341,0.6317240000000005
2023-07-13 19:00:00,1.4488100000000028,48.69218005000004,10.46338733333336
2023-07-13 20:00:00,0.0,42.81689171666671,10.697592000000022
2023-07-13 21:00:00,0.0,33.026198366666705,0.0
2023-07-13 22:00:00,0.0,14.718014466666682,0.0
2023-07-13 23:00:00,0.0,5.31681296666667,0.0
2023-07-14 00:00:00,0.0,2.800109683333334,0.0
2023-07-14 01:00:00,0.0,6.562594250000007,0.0
2023-07-14 02:00:00,0.0,8.792579383333337,0.0
2023-07-14 03:00:00,0.0,10.925066466666674,0.0
2023-07-14 04:00:00,0.0,11.997366466666673,0.0
2023-07-14 05:00:00,0.0,17.15410881666668,0.4411360000000008
2023-07-14 06:00:00,1.426313000000001,29.872132533333396,11.303202000000026
2023-07-14 07:00:00,1.5462970000000034,33.345940150000054,43.576851000000055
2023-07-14 08:00:00,0.0,38.769454066666675,23.639753666666696
2023-07-14 09:00:00,0.0,55.71384898333333,15.710344833333362
2023-07-14 10:00:00,0.008278000000000006,67.25148333333331,16.454617500000037
2023-07-14 11:00:00,0.008263000000000005,100.56342774999996,14.679094666666696
2023-07-14 12:00:00,0.0,133.1363473833333,0.0
2023-07-14 13:00:00,0.0,149.85916483333327,10.026255000000004
2023-07-14 14:00:00,0.0,139.72834853333327,9.241835000000007
2023-07-14 15:00:00,0.0,143.3344313666666,10.477032333333337
2023-07-14 16:00:00,0.0,113.75114666666664,29.2491736666667
2023-07-14 17:00:00,0.0,65.28314696666676,22.854312000000032
2023-07-14 18:00:00,1.6437840000000024,61.913958150000084,0.6039480000000008
2023-07-14 19:00:00,1.478806000000002,49.886275883333376,9.793075000000021
2023-07-14 20:00:00,0.0,45.47215981666671,9.889743666666696
2023-07-14 21:00:00,0.0,33.92928478333338,0.0
2023-07-14 22:00:00,0.0,12.38249336666668,0.0
2023-07-14 23:00:00,0.0,3.6214915500000013,0.0
2023-07-15 00:00:00,0.0,2.9376101500000007,0.0
2023-07-15 01:00:00,0.0,7.995084700000008,0.0
2023-07-15 02:00:00,0.0,9.015077900000007,0.0
2023-07-15 03:00:00,0.0,10.865065983333336,0.0
2023-07-15 04:00:00,0.0,12.209851916666672,0.0
2023-07-15 05:00:00,0.0,18.184358666666682,0.46655600000000097
2023-07-15 06:00:00,1.5387980000000028,30.235613916666725,9.846937333333365
2023-07-15 07:00:00,1.4638080000000013,33.384610716666714,49.328675666666726
2023-07-15 08:00:00,0.0,40.46593221666668,22.580960333333373
2023-07-15 09:00:00,0.0,54.77692228333334,15.70569800000003
2023-07-15 10:00:00,0.008269000000000006,71.18888906666668,15.38703733333337
2023-07-15 11:00:00,0.008272000000000005,113.09516463333333,13.241684833333357
2023-07-15 12:00:00,0.0,138.55259643333326,0.0
2023-07-15 13:00:00,0.0,144.0219883666666,4.420634333333331
2023-07-15 14:00:00,0.0,148.66108594999992,8.919542666666672
2023-07-15 15:00:00,0.0,133.55660713333324,10.584353666666678
2023-07-15 16:00:00,0.0,87.1350788,36.797961000000036
2023-07-15 17:00:00,0.0,65.25747958333342,27.20453733333337
2023-07-15 18:00:00,1.7412710000000025,60.279781733333415,0.5898120000000017
2023-07-15 19:00:00,1.3513230000000036,49.040665600000054,10.548082666666687
2023-07-15 20:00:00,0.0,43.82601540000004,9.731505333333363
2023-07-15 21:00:00,0.0,33.87357480000004,0.0
2023-07-15 22:00:00,0.0,13.30227156666668,0.0
2023-07-15 23:00:00,0.0,3.717737650000002,0.0
2023-07-16 00:00:00,0.0,0.0,0.0
2023-07-16 01:00:00,0.0,0.0,0.0
2023-07-16 02:00:00,0.0,0.0,0.0
2023-07-16 03:00:00,0.0,0.0,0.0
2023-07-16 04:00:00,0.0,0.24626296666666636,0.0
2023-07-16 05:00:00,0.0,5.060959433333341,0.47598000000000046
2023-07-16 06:00:00,1.4338120000000025,16.394064750000044,10.036003333333364
2023-07-16 07:00:00,1.598790000000003,17.363862466666717,38.78504300000006
2023-07-16 08:00:00,0.0,2.2184703666666663,42.770833000000025
2023-07-16 09:00:00,0.0,0.5962089833333306,16.16199533333336
2023-07-16 10:00:00,0.008270000000000007,0.6852640333333305,15.551563000000042
2023-07-16 11:00:00,0.008271000000000006,0.6882630166666636,15.67745033333336
2023-07-16 12:00:00,0.0,0.6005195166666631,0.0
2023-07-16 13:00:00,0.0,0.5906027333333306,6.450133000000001
2023-07-16 14:00:00,0.0,0.5813575833333295,9.185652333333335
2023-07-16 15:00:00,0.0,0.5973641666666631,8.186762333333336
2023-07-16 16:00:00,0.0,2.81923218333333,18.73990900000004
2023-07-16 17:00:00,0.0,31.676072166666746,29.139875666666697
2023-07-16 18:00:00,1.6212870000000037,46.19763400000008,0.5400880000000016
2023-07-16 19:00:00,1.4413110000000036,34.99848585000004,10.231158333333358
2023-07-16 20:00:00,0.0,32.140647116666706,10.50104333333336
2023-07-16 21:00:00,0.0,21.76114218333337,0.0
2023-07-16 22:00:00,0.0,5.1602283666666775,0.0
2023-07-16 23:00:00,0.0,0.41871923333333283,0.0
2023-07-17 00:00:00,0.0,2.3826127166666655,0.0
2023-07-17 01:00:00,0.0,6.125097166666673,0.0
2023-07-17 02:00:00,0.0,9.037577750000008,0.0
2023-07-17 03:00:00,0.0,11.187564983333338,0.0
2023-07-17 04:00:00,0.0,11.52440858333334,0.0
2023-07-17 05:00:00,0.0,18.11605953333335,0.48118800000000106
2023-07-17 06:00:00,1.3138280000000018,31.64846186666672,9.461639000000027
2023-07-17 07:00:00,1.478806000000001,32.79997315000004,30.972470000000058
2023-07-17 08:00:00,0.0,42.66122641666667,40.714639333333366
2023-07-17 09:00:00,0.0,60.638576699999994,15.52859300000003
2023-07-17 10:00:00,0.008264000000000004,69.53465313333331,12.737280666666699
2023-07-17 11:00:00,0.008277000000000007,109.52533189999995,13.800349666666692
2023-07-17 12:00:00,0.0,141.75451429999993,0.0
2023-07-17 13:00:00,0.0,155.78798984999992,6.015509333333335
2023-07-17 14:00:00,0.0,147.1689947666666,11.659692666666672
2023-07-17 15:00:00,0.0,135.15760534999993,9.417122333333337
2023-07-17 16:00:00,0.0,88.99875583333333,31.39314733333336
2023-07-17 17:00:00,0.0,57.86826460000009,26.56194533333337
2023-07-17 18:00:00,1.598790000000001,62.15820353333342,0.6351960000000013
2023-07-17 19:00:00,1.7037760000000022,47.779803366666705,10.726797666666693
2023-07-17 20:00:00,0.0,43.852211800000035,11.212283000000022
2023-07-17 21:00:00,0.0,33.79863580000004,0.0
2023-07-17 22:00:00,0.0,15.740756000000015,0.0
2023-07-17 23:00:00,0.0,4.665401033333335,0.0
2023-07-18 00:00:00,0.0,3.1326093666666677,0.0
2023-07-18 01:00:00,0.0,7.2400897333333365,0.0
2023-07-18 02:00:00,0.0,8.68258011666667,0.0
2023-07-18 03:00:00,0.0,10.90506703333334,0.0
2023-07-18 04:00:00,0.0,12.14624958333334,0.0
2023-07-18 05:00:00,0.0,16.634637583333348,0.4443600000000007
2023-07-18 06:00:00,1.3813190000000024,33.81528621666673,9.851662333333355
2023-07-18 07:00:00,1.6737800000000012,31.33937393333338,26.09810866666673
2023-07-18 08:00:00,0.0,43.01708736666667,33.05692300000004
2023-07-18 09:00:00,0.0,59.60587015,17.118452166666692
2023-07-18 10:00:00,0.008275000000000006,73.81547953333332,15.863609333333372
2023-07-18 11:00:00,0.008266000000000006,109.81351399999998,13.740332500000024
2023-07-18 12:00:00,0.0,146.9471727666666,0.0
2023-07-18 13:00:00,0.0,146.87550279999994,6.088312666666667
2023-07-18 14:00:00,0.0,147.46847599999992,9.408967666666676
2023-07-18 15:00:00,0.0,133.72484024999991,11.783875333333341
2023-07-18 16:00:00,0.0,91.17686896666667,31.49315866666669
2023-07-18 17:00:00,0.0,57.75372256666675,35.00222800000003
2023-07-18 18:00:00,1.6737800000000023,59.52222345000009,0.6240360000000009
2023-07-18 19:00:00,1.3663210000000026,48.35195726666671,10.98272566666669
2023-07-18 20:00:00,0.0,45.947218200000044,10.406100333333356
2023-07-18 21:00:00,0.0,32.45475568333338,0.0
2023-07-18 22:00:00,0.0,14.328708566666684,0.0
2023-07-18 23:00:00,0.0,5.418151233333336,0.0
2023-07-19 00:00:00,0.0,2.127613716666668,0.0
2023-07-19 01:00:00,0.0,5.937598416666671,0.0
2023-07-19 02:00:00,0.0,9.22757648333334,0.0
2023-07-19 03:00:00,0.0,11.27506371666667,0.0
2023-07-19 04:00:00,0.0,12.372945466666671,0.0
2023-07-19 05:00:00,0.0,17.21300673333335,0.4324560000000011
2023-07-19 06:00:00,1.4938040000000026,31.68210898333339,9.747858000000036
2023-07-19 07:00:00,1.4413110000000025,33.320842550000044,35.10521666666673
2023-07-19 08:00:00,0.0,43.557949216666685,31.456792666666697
2023-07-19 09:00:00,0.0,75.9173510833333,16.41059733333336
2023-07-19 10:00:00,0.008259000000000006,60.61598001666667,17.28232733333337
2023-07-19 11:00:00,0.008282000000000005,99.22609248333333,11.743170166666683
2023-07-19 12:00:00,0.0,136.7584175666666,0.0
2023-07-19 13:00:00,0.0,155.31107318333324,7.2480460000000075
2023-07-19 14:00:00,0.0,155.9018024666666,9.911073333333336
2023-07-19 15:00:00,0.0,134.4564272666666,9.011851000000005
2023-07-19 16:00:00,0.0,86.6906674,37.54409600000003
2023-07-19 17:00:00,0.0,58.26461505000009,27.675006666666704
2023-07-19 18:00:00,1.696277000000002,60.68050605000008,0.5916720000000011
2023-07-19 19:00:00,1.4638080000000013,49.44125116666671,11.035740000000024
2023-07-19 20:00:00,0.0,44.499816800000055,10.156250333333356
2023-07-19 21:00:00,0.0,32.18000171666671,0.0
2023-07-19 22:00:00,0.0,12.776772100000013,0.0
2023-07-19 23:00:00,0.0,3.428745900000001,0.0
2023-07-20 00:00:00,0.0,1.9001177333333332,0.0
2023-07-20 01:00:00,0.0,5.2276031500000055,0.0
2023-07-20 02:00:00,0.0,8.047584350000005,0.0
2023-07-20 03:00:00,0.0,9.202576766666672,0.0
2023-07-20 04:00:00,0.0,10.558423366666672,0.0
2023-07-20 05:00:00,0.0,17.319294750000015,0.45948800000000084
2023-07-20 06:00:00,1.478806000000001,31.566890116666727,10.86555533333336
2023-07-20 07:00:00,1.5312990000000024,30.62045431666672,35.34021100000005
2023-07-20 08:00:00,0.0,39.97002078333335,34.31332433333338
2023-07-20 09:00:00,0.0,66.96084406666664,14.852004833333359
2023-07-20 10:00:00,0.008267000000000007,84.79865299999996,17.095019833333374
2023-07-20 11:00:00,0.008274000000000005,91.32042405000001,13.401986166666697
2023-07-20 12:00:00,0.0,135.8050049166666,0.0
2023-07-20 13:00:00,0.0,147.94706904999993,7.13421166666667
2023-07-20 14:00:00,0.0,151.46140571666658,9.768300000000009
2023-07-20 15:00:00,0.0,135.75526764999998,9.783055333333339
2023-07-20 16:00:00,0.0,88.2378023,28.76781033333336
2023-07-20 17:00:00,0.0,58.56182098333343,28.33581566666669
2023-07-20 18:00:00,1.538798000000001,61.729203966666745,0.6573920000000008
2023-07-20 19:00:00,1.546297000000002,49.245035233333375,10.710705333333362
2023-07-20 20:00:00,0.0,45.2318868166667,9.776478333333364
2023-07-20 21:00:00,0.0,33.80728183333338,0.0
2023-07-20 22:00:00,0.0,14.502490383333352,0.0
2023-07-20 23:00:00,0.0,4.55348191666667,0.0
2023-07-21 00:00:00,0.0,2.5151133833333335,0.0
2023-07-21 01:00:00,0.0,6.900092000000007,0.0
2023-07-21 02:00:00,0.0,8.200083333333337,0.0
2023-07-21 03:00:00,0.0,8.247584033333338,0.0
2023-07-21 04:00:00,0.0,10.10086296666667,0.0
2023-07-21 05:00:00,0.0,17.272916366666678,0.4775920000000009
2023-07-21 06:00:00,1.5762930000000026,32.928387733333395,11.222757666666695
2023-07-21 07:00:00,1.6512830000000032,34.15251790000004,41.32228700000005
2023-07-21 08:00:00,0.0,40.241161933333345,20.157658000000033
2023-07-21 09:00:00,0.0,64.76741503333334,14.02562533333336
2023-07-21 10:00:00,0.008274000000000007,77.9642902333333,17.46507416666671
2023-07-21 11:00:00,0.008267000000000005,103.81556238333329,15.623123000000028
2023-07-21 12:00:00,0.0,146.16234926666658,0.0
2023-07-21 13:00:00,0.0,147.07365888333325,6.100786666666665
2023-07-21 14:00:00,0.0,138.19374979999995,10.611373666666674
2023-07-21 15:00:00,0.0,139.31566184999994,8.802858000000006
2023-07-21 16:00:00,0.0,93.74412598333332,38.7413876666667
2023-07-21 17:00:00,0.0,61.138085516666756,30.01387766666669
2023-07-21 18:00:00,1.3363250000000046,59.65727250000008,0.6037000000000017
2023-07-21 19:00:00,1.531299000000001,49.50388858333337,9.25976000000003
2023-07-21 20:00:00,0.0,45.0132044166667,10.307826000000029
2023-07-21 21:00:00,0.0,33.36488278333338,0.0
2023-07-21 22:00:00,0.0,14.641290783333348,0.0
2023-07-21 23:00:00,0.0,5.380983983333335,0.0
2023-07-22 00:00:00,0.0,2.3976107333333347,0.0
2023-07-22 01:00:00,0.0,6.285096100000005,0.0
2023-07-22 02:00:00,0.0,8.540081066666673,0.0
2023-07-22 03:00:00,0.0,9.780074350000007,0.0
2023-07-22 04:00:00,0.0,10.172545516666672,0.0
2023-07-22 05:00:00,0.0,15.556803466666684,0.3625199999999999
2023-07-22 06:00:00,1.6287860000000027,32.24404556666673,10.659235000000029
2023-07-22 07:00:00,1.531299000000003,31.776538250000048,39.322258333333394
2023-07-22 08:00:00,0.0,41.15780828333334,35.36361800000003
2023-07-22 09:00:00,0.0,68.55520184999997,17.61768600000003
2023-07-22 10:00:00,0.008257000000000007,74.67455034999998,14.40381650000003
2023-07-22 11:00:00,0.008284000000000007,99.52966681666663,12.185851000000024
2023-07-22 12:00:00,0.0,137.28708234999996,0.0
2023-07-22 13:00:00,0.0,140.11714373333328,9.233819000000004
2023-07-22 14:00:00,0.0,142.2986530666666,9.222814000000001
2023-07-22 15:00:00,0.0,146.12643688333327,7.726966999999997
2023-07-22 16:00:00,0.0,94.27049004999999,19.677835000000023
2023-07-22 17:00:00,0.0,61.33730755000009,35.74933533333336
2023-07-22 18:00:00,1.5612950000000003,59.66208683333342,0.6193240000000007
2023-07-22 19:00:00,1.3738200000000018,49.51998915000004,10.55531733333336
2023-07-22 20:00:00,0.0,43.69217163333337,9.763153000000028
2023-07-22 21:00:00,0.0,34.50790051666671,0.0
2023-07-22 22:00:00,0.0,15.38084771666668,0.0
2023-07-22 23:00:00,0.0,4.948062433333335,0.0
2023-07-23 00:00:00,0.0,0.0,0.0
2023-07-23 01:00:00,0.0,0.0,0.0
2023-07-23 02:00:00,0.0,0.0,0.0
2023-07-23 03:00:00,0.0,0.0,0.0
2023-07-23 04:00:00,0.0,0.27049968333333313,0.0
2023-07-23 05:00:00,0.0,5.39572300000001,0.48565200000000075
2023-07-23 06:00:00,1.591291000000003,19.07741981666672,10.188789666666692
2023-07-23 07:00:00,1.568794000000002,13.283825116666709,34.92751566666672
2023-07-23 08:00:00,0.0,1.649379666666664,28.64133800000004
2023-07-23 09:00:00,0.0,0.7417637999999966,15.45418133333336
2023-07-23 10:00:00,0.008254000000000004,0.6758488333333293,17.185290000000037
2023-07-23 11:00:00,0.008287000000000006,0.6541853666666632,12.850967666666692
2023-07-23 12:00:00,0.0,0.6362715999999964,0.0
2023-07-23 13:00:00,0.0,0.6149403499999969,5.664504333333333
2023-07-23 14:00:00,0.0,0.5931917666666637,11.329591000000011
2023-07-23 15:00:00,0.0,0.5986910333333294,12.508345333333342
2023-07-23 16:00:00,0.0,3.5158486166666645,26.186049000000036
2023-07-23 17:00:00,0.0,31.343327400000078,37.14738766666669
2023-07-23 18:00:00,1.5238000000000012,45.822015416666744,0.6060560000000011
2023-07-23 19:00:00,1.4113150000000023,35.689420450000036,9.724484666666697
2023-07-23 20:00:00,0.0,32.38098358333336,10.72757400000003
2023-07-23 21:00:00,0.0,22.71814198333337,0.0
2023-07-23 22:00:00,0.0,5.050321250000008,0.0
2023-07-23 23:00:00,0.0,0.30813388333333297,0.0
2023-07-24 00:00:00,0.0,2.312614116666666,0.0
2023-07-24 01:00:00,0.0,5.395102033333337,0.0
2023-07-24 02:00:00,0.0,7.372588850000006,0.0
2023-07-24 03:00:00,0.0,10.247569833333339,0.0
2023-07-24 04:00:00,0.0,12.02024213333334,0.0
2023-07-24 05:00:00,0.0,17.843183116666683,0.48900000000000016
2023-07-24 06:00:00,1.3738200000000031,34.705731800000066,10.328912666666696
2023-07-24 07:00:00,1.6212870000000021,32.70679293333338,48.6392473333334
2023-07-24 08:00:00,0.0,32.84613791666668,33.05466866666671
2023-07-24 09:00:00,0.0,54.76469898333333,13.197004666666688
2023-07-24 10:00:00,0.008274000000000007,80.6403050333333,17.048218333333367
2023-07-24 11:00:00,0.008267000000000007,122.12132506666664,13.307354333333356
2023-07-24 12:00:00,0.0,156.7264088999999,0.0
2023-07-24 13:00:00,0.0,154.70463363333326,6.465440333333331
2023-07-24 14:00:00,0.0,127.88799753333329,8.99020333333334
2023-07-24 15:00:00,0.0,139.6914441833333,12.337032000000008
2023-07-24 16:00:00,0.0,92.29907743333332,30.019974000000026
2023-07-24 17:00:00,0.0,57.29840691666676,18.711084666666707
2023-07-24 18:00:00,1.5537960000000024,58.87250525000008,0.6125040000000013
2023-07-24 19:00:00,1.5462970000000023,47.18183863333337,9.812357666666694
2023-07-24 20:00:00,0.0,43.52446673333337,10.08296100000003
2023-07-24 21:00:00,0.0,32.53268423333338,0.0
2023-07-24 22:00:00,0.0,13.85507166666668,0.0
2023-07-24 23:00:00,0.0,4.935479350000003,0.0
2023-07-25 00:00:00,0.0,2.182617166666665,0.0
2023-07-25 01:00:00,0.0,5.800099333333337,0.0
2023-07-25 02:00:00,0.0,8.727579816666676,0.0
2023-07-25 03:00:00,0.0,10.265071566666677,0.0
2023-07-25 04:00:00,0.0,12.174585950000008,0.0
2023-07-25 05:00:00,0.0,16.766582216666684,0.4520480000000011
2023-07-25 06:00:00,1.268834000000004,28.497765066666727,9.903694000000028
2023-07-25 07:00:00,1.5537960000000022,32.31321455000005,31.27417333333339
2023-07-25 08:00:00,0.0,41.69837521666668,30.294949666666692
2023-07-25 09:00:00,0.0,53.35590188333333,15.57551600000003
2023-07-25 10:00:00,0.008271000000000006,82.91812849999997,17.360259166666708
2023-07-25 11:00:00,0.008270000000000007,114.54650289999992,12.889268000000024
2023-07-25 12:00:00,0.0,142.23333856666662,0.0
2023-07-25 13:00:00,0.0,148.55664551666658,10.263219000000008
2023-07-25 14:00:00,0.0,139.96024173333328,10.670010333333341
2023-07-25 15:00:00,0.0,127.54985204999996,6.84486633333333
2023-07-25 16:00:00,0.0,90.89610920000001,36.0544936666667
2023-07-25 17:00:00,0.0,62.202575983333425,29.67126600000003
2023-07-25 18:00:00,1.5088020000000029,65.18695873333343,0.5769160000000015
2023-07-25 19:00:00,1.7637680000000027,49.992112833333366,10.239022000000027
2023-07-25 20:00:00,0.0,45.34395695000004,10.787538000000023
2023-07-25 21:00:00,0.0,34.05548298333337,0.0
2023-07-25 22:00:00,0.0,14.229240766666681,0.0
2023-07-25 23:00:00,0.0,5.118483433333334,0.0
2023-07-26 00:00:00,0.0,2.1701153833333326,0.0
2023-07-26 01:00:00,0.0,5.557600950000004,0.0
2023-07-26 02:00:00,0.0,8.022584516666674,0.0
2023-07-26 03:00:00,0.0,9.745074616666672,0.0
2023-07-26 04:00:00,0.0,11.608568416666673,0.0
2023-07-26 05:00:00,0.0,17.599324033333346,0.4500640000000008
2023-07-26 06:00:00,1.5312990000000017,29.89749325000005,9.860756666666692
2023-07-26 07:00:00,1.5537960000000013,31.586620233333377,47.10334466666673
2023-07-26 08:00:00,0.0,36.63589650000001,25.40615133333337
2023-07-26 09:00:00,0.0,62.86208808333333,14.97418333333336
2023-07-26 10:00:00,0.008269000000000006,76.51830744999998,16.61470500000004
2023-07-26 11:00:00,0.008272000000000005,103.75665464999999,15.021968000000024
2023-07-26 12:00:00,0.0,137.8619931499999,0.0
2023-07-26 13:00:00,0.0,155.3961522166666,8.98868333333334
2023-07-26 14:00:00,0.0,148.46490323333327,8.983829000000002
2023-07-26 15:00:00,0.0,138.39810706666663,8.436251333333333
2023-07-26 16:00:00,0.0,102.68300516666665,27.6319006666667
2023-07-26 17:00:00,0.0,62.658093683333426,27.005592333333368
2023-07-26 18:00:00,1.636285000000004,60.87039333333341,0.633336000000001
2023-07-26 19:00:00,1.3738200000000036,48.45004320000004,9.995938333333354
2023-07-26 20:00:00,0.0,44.08242603333337,10.620971333333364
2023-07-26 21:00:00,0.0,32.905495700000046,0.0
2023-07-26 22:00:00,0.0,14.401226333333348,0.0
2023-07-26 23:00:00,0.0,5.062814550000002,0.0
2023-07-27 00:00:00,0.0,2.8626108833333337,0.0
2023-07-27 01:00:00,0.0,7.560087600000004,0.0
2023-07-27 02:00:00,0.0,8.782579450000005,0.0
2023-07-27 03:00:00,0.0,9.227576783333337,0.0
2023-07-27 04:00:00,0.0,9.782063533333337,0.0
2023-07-27 05:00:00,0.0,16.83024948333335,0.4783360000000005
2023-07-27 06:00:00,1.5837920000000023,29.5699259833334,10.554286666666693
2023-07-27 07:00:00,1.4788060000000014,30.187008800000044,34.821125666666724
2023-07-27 08:00:00,0.0,38.21141078333334,37.105621333333374
2023-07-27 09:00:00,0.0,69.46264763333333,17.227293333333364
2023-07-27 10:00:00,0.008272000000000005,74.56387954999998,17.313150166666702
2023-07-27 11:00:00,0.008269000000000006,94.31593883333332,12.577158333333358
2023-07-27 12:00:00,0.0,133.2945194833333,0.0
2023-07-27 13:00:00,0.0,145.40032693333325,7.673479000000003
2023-07-27 14:00:00,0.0,145.55464853333325,10.14402933333334
2023-07-27 15:00:00,0.0,129.54799456666666,9.234164333333338
2023-07-27 16:00:00,0.0,105.81949300000001,34.9614996666667
2023-07-27 17:00:00,0.0,64.28316525000008,21.93717166666669
2023-07-27 18:00:00,1.508802000000003,63.16563756666676,0.6020880000000011
2023-07-27 19:00:00,1.5238000000000025,49.50834958333337,10.877860666666693
2023-07-27 20:00:00,0.0,45.747000900000046,9.390043666666688
2023-07-27 21:00:00,0.0,34.02432775000004,0.0
2023-07-27 22:00:00,0.0,13.592036100000014,0.0
2023-07-27 23:00:00,0.0,4.815397283333336,0.0
2023-07-28 00:00:00,0.0,1.9976161166666664,0.0
2023-07-28 01:00:00,0.0,6.235096433333337,0.0
2023-07-28 02:00:00,0.0,8.725079833333337,0.0
2023-07-28 03:00:00,0.0,10.300069750000006,0.0
2023-07-28 04:00:00,0.0,12.578912850000005,0.0
2023-07-28 05:00:00,0.0,18.055310533333348,0.47684800000000044
2023-07-28 06:00:00,1.576293000000004,30.43498043333339,10.724358666666692
2023-07-28 07:00:00,1.523800000000003,32.327020966666716,34.63887833333339
2023-07-28 08:00:00,0.0,41.34484746666668,33.20823433333337
2023-07-28 09:00:00,0.0,60.1569485,17.647235000000034
2023-07-28 10:00:00,0.008269000000000007,71.45872838333332,17.53498916666671
2023-07-28 11:00:00,0.008272000000000005,99.76224646666664,12.887689500000022
2023-07-28 12:00:00,0.0,129.22642736666657,0.0
2023-07-28 13:00:00,0.0,143.75057671666664,6.887227666666667
2023-07-28 14:00:00,0.0,147.94099738333327,9.805082333333335
2023-07-28 15:00:00,0.0,148.09891166666662,9.058619333333336
2023-07-28 16:00:00,0.0,98.75814603333332,30.087361666666695
2023-07-28 17:00:00,0.0,62.16513810000008,34.11318133333337
2023-07-28 18:00:00,1.4713070000000035,61.903892916666756,0.536368000000002
2023-07-28 19:00:00,1.5238000000000025,48.968861283333375,9.532192666666697
2023-07-28 20:00:00,0.0,44.11358803333338,10.239533666666695
2023-07-28 21:00:00,0.0,33.15297816666671,0.0
2023-07-28 22:00:00,0.0,14.745158350000017,0.0
2023-07-28 23:00:00,0.0,4.756651133333336,0.0
2023-07-29 00:00:00,0.0,2.347613066666668,0.0
2023-07-29 01:00:00,0.0,5.792599383333337,0.0
2023-07-29 02:00:00,0.0,7.882585450000004,0.0
2023-07-29 03:00:00,0.0,9.58007468333334,0.0
2023-07-29 04:00:00,0.0,11.761297100000004,0.0
2023-07-29 05:00:00,0.0,17.580048950000013,0.4816840000000007
2023-07-29 06:00:00,1.6812790000000049,31.133165933333387,11.213411333333351
2023-07-29 07:00:00,1.6137880000000013,31.307974600000048,43.05633733333339
2023-07-29 08:00:00,0.0,45.22241540000001,31.184475666666703
2023-07-29 09:00:00,0.0,61.37827673333334,16.560439166666697
2023-07-29 10:00:00,0.008279000000000007,71.84215336666665,15.931574333333378
2023-07-29 11:00:00,0.008262000000000005,110.73241696666666,13.028829333333361
2023-07-29 12:00:00,0.0,127.00009496666664,0.0
2023-07-29 13:00:00,0.0,133.18149424999993,6.911380333333333
2023-07-29 14:00:00,0.0,158.2083262499999,7.974797333333335
2023-07-29 15:00:00,0.0,142.2925051666666,9.037317000000005
2023-07-29 16:00:00,0.0,92.22619543333333,24.3742346666667
2023-07-29 17:00:00,0.0,56.18533361666675,32.41765700000004
2023-07-29 18:00:00,1.313828000000001,62.41188828333342,0.6223000000000009
2023-07-29 19:00:00,1.4863050000000022,49.90226273333338,9.90274233333336
2023-07-29 20:00:00,0.0,45.96662491666671,9.849767666666699
2023-07-29 21:00:00,0.0,33.587168066666706,0.0
2023-07-29 22:00:00,0.0,13.323869666666678,0.0
2023-07-29 23:00:00,0.0,4.5990678500000035,0.0
2023-07-30 00:00:00,0.0,0.0,0.0
2023-07-30 01:00:00,0.0,0.0,0.0
2023-07-30 02:00:00,0.0,0.0,0.0
2023-07-30 03:00:00,0.0,0.0,0.0
2023-07-30 04:00:00,0.0,0.32223974999999966,0.0
2023-07-30 05:00:00,0.0,4.476138550000008,0.40951600000000127
2023-07-30 06:00:00,1.5163010000000015,19.885130683333387,10.225525000000022
2023-07-30 07:00:00,1.4038160000000013,11.911781450000037,43.311199666666724
2023-07-30 08:00:00,0.0,2.179340566666666,19.98559600000004
2023-07-30 09:00:00,0.0,0.6853834666666632,15.816430000000025
2023-07-30 10:00:00,0.008271000000000006,0.7290901333333296,16.36731883333337
2023-07-30 11:00:00,0.008270000000000007,0.59135113333333,12.897657666666692
2023-07-30 12:00:00,0.0,0.6110158666666632,0.0
2023-07-30 13:00:00,0.0,0.6267668333333298,7.09720566666667
2023-07-30 14:00:00,0.0,0.5919399333333295,8.98851066666667
2023-07-30 15:00:00,0.0,0.7053525999999961,8.92450166666667
2023-07-30 16:00:00,0.0,2.991157199999996,29.653743333333363
2023-07-30 17:00:00,0.0,33.168761433333415,38.1828226666667
2023-07-30 18:00:00,1.5238000000000012,47.222013466666745,0.5237200000000011
2023-07-30 19:00:00,1.6512830000000027,34.714859916666704,10.074187666666695
2023-07-30 20:00:00,0.0,31.84953490000003,10.456070333333367
2023-07-30 21:00:00,0.0,23.149126216666705,0.0
2023-07-30 22:00:00,0.0,5.602622283333342,0.0
2023-07-30 23:00:00,0.0,0.4407159333333328,0.0
2023-07-31 00:00:00,0.0,3.215107533333335,0.0
2023-07-31 01:00:00,0.0,9.26007626666667,0.0
2023-07-31 02:00:00,0.0,10.755066300000006,0.0
2023-07-31 03:00:00,0.0,11.39206328333334,0.0
2023-07-31 04:00:00,0.0,12.915673950000006,0.0
2023-07-31 05:00:00,0.0,19.169025950000016,0.48317200000000027
2023-07-31 06:00:00,1.6212870000000024,31.466348800000056,10.87421866666669
2023-07-31 07:00:00,1.3888180000000028,29.86693245000005,36.73209166666672
2023-07-31 08:00:00,0.0,34.533097433333346,38.65063333333337
2023-07-31 09:00:00,0.0,64.30395923333332,16.94218800000003
2023-07-31 10:00:00,0.008273000000000004,74.80314583333333,17.991453666666704
2023-07-31 11:00:00,0.008268000000000006,110.1851755833333,14.81098900000003
2023-07-31 12:00:00,0.0,134.17976894999995,0.0
2023-07-31 13:00:00,0.0,140.40649036666662,8.177433000000006
2023-07-31 14:00:00,0.0,144.87507534999992,8.027093666666667
2023-07-31 15:00:00,0.0,144.92759313333323,9.075860000000004
2023-07-31 16:00:00,0.0,98.83346793333332,23.805200333333364
2023-07-31 17:00:00,0.0,60.986751200000086,22.139855333333358
2023-07-31 18:00:00,1.4638080000000024,59.63961273333342,0.6137440000000014
2023-07-31 19:00:00,1.621287000000003,48.52543976666671,10.088057000000028
2023-07-31 20:00:00,0.0,43.60136313333338,10.037988000000032
2023-07-31 21:00:00,0.0,32.53433226666671,0.0
2023-07-31 22:00:00,0.0,15.43019698333335,0.0
2023-07-31 23:00:00,0.0,5.253401950000003,0.0
2023-08-01 00:00:00,0.0,2.330115483333332,0.0
2023-08-01 01:00:00,0.0,6.49009473333334,0.0
2023-08-01 02:00:00,0.0,9.270076200000009,0.0
2023-08-01 03:00:00,0.0,10.810066166666676,0.0
2023-08-01 04:00:00,0.0,11.760178183333345,0.0
2023-08-01 05:00:00,0.0,16.656690133333345,0.47684800000000127
2023-08-01 06:00:00,1.4488100000000015,32.15802340000006,10.898019333333359
2023-08-01 07:00:00,1.501303,33.11730358333339,46.23419666666672
2023-08-01 08:00:00,0.0,36.66721948333334,37.64107333333336
2023-08-01 09:00:00,0.0,54.349454400000006,16.25927383333336
2023-08-01 10:00:00,0.008275000000000006,67.71755756666667,15.61158433333337
2023-08-01 11:00:00,0.008266000000000008,94.48224671666667,17.715674333333364
2023-08-01 12:00:00,0.0,131.0592616499999,0.0
2023-08-01 13:00:00,0.0,149.48765608333323,5.445559333333334
2023-08-01 14:00:00,0.0,159.35382466666658,7.486858333333333
2023-08-01 15:00:00,0.0,137.1956828666666,9.809764000000005
2023-08-01 16:00:00,0.0,105.67085615,27.503700333333363
2023-08-01 17:00:00,0.0,64.52132696666676,21.05481633333337
2023-08-01 18:00:00,1.5312990000000024,61.40980490000008,0.5304160000000021
2023-08-01 19:00:00,1.613788000000003,49.85202298333336,10.001100000000022
2023-08-01 20:00:00,0.0,45.672169283333375,10.384446666666697
2023-08-01 21:00:00,0.0,32.69660600000004,0.0
2023-08-01 22:00:00,0.0,12.890604933333348,0.0
2023-08-01 23:00:00,0.0,3.5725821166666676,0.0
2023-08-02 00:00:00,0.0,2.3301141666666663,0.0
2023-08-02 01:00:00,0.0,7.05259098333334,0.0
2023-08-02 02:00:00,0.0,8.560080933333339,0.0
2023-08-02 03:00:00,0.0,10.742567016666671,0.0
2023-08-02 04:00:00,0.0,12.348662183333335,0.0
2023-08-02 05:00:00,0.0,17.998294416666678,0.4040600000000004
2023-08-02 06:00:00,1.4638080000000024,29.667814750000048,10.452627333333364
2023-08-02 07:00:00,1.516301000000002,31.354408683333382,35.25802666666672
2023-08-02 08:00:00,0.0,47.12145300000001,39.69269600000003
2023-08-02 09:00:00,0.0,77.70431056666663,14.281092833333354
2023-08-02 10:00:00,0.008287000000000006,84.50177955,17.56999250000004
2023-08-02 11:00:00,0.008254000000000004,94.70742253333336,14.671251666666697
2023-08-02 12:00:00,0.0,133.36658883333328,0.0
2023-08-02 13:00:00,0.0,136.72598669999996,7.129201666666667
2023-08-02 14:00:00,0.0,135.8500947833333,9.491134333333335
2023-08-02 15:00:00,0.0,134.07910316666658,9.156818000000005
2023-08-02 16:00:00,0.0,96.81207736666664,27.4828946666667
2023-08-02 17:00:00,0.0,62.146195866666766,28.424099000000027
2023-08-02 18:00:00,1.5687940000000011,62.565189300000085,0.6430080000000009
2023-08-02 19:00:00,1.5462970000000011,47.12911113333337,10.002717666666692
2023-08-02 20:00:00,0.0,43.690896850000044,10.452739000000031
2023-08-02 21:00:00,0.0,34.92911378333338,0.0
2023-08-02 22:00:00,0.0,15.008347150000015,0.0
2023-08-02 23:00:00,0.0,4.476738150000001,0.0
2023-08-03 00:00:00,0.0,1.6476170833333326,0.0
2023-08-03 01:00:00,0.0,5.775099500000006,0.0
2023-08-03 02:00:00,0.0,8.800079333333342,0.0
2023-08-03 03:00:00,0.0,10.787566516666672,0.0
2023-08-03 04:00:00,0.0,11.395506050000003,0.0
2023-08-03 05:00:00,0.0,17.368632250000015,0.44002000000000074
2023-08-03 06:00:00,1.5312990000000017,30.345696616666725,10.623523000000025
2023-08-03 07:00:00,1.4413110000000036,32.00399141666672,29.36482600000006
2023-08-03 08:00:00,0.0,50.94697008333333,32.10475333333336
2023-08-03 09:00:00,0.0,84.65430216666661,15.705667500000033
2023-08-03 10:00:00,0.008265000000000007,85.11645848333329,15.05919133333337
2023-08-03 11:00:00,0.008276000000000006,102.66816241666666,13.916426666666691
2023-08-03 12:00:00,0.0,133.67993043333328,0.0
2023-08-03 13:00:00,0.0,131.62875329999994,6.720734666666664
2023-08-03 14:00:00,0.0,140.94393433333326,11.264113000000009
2023-08-03 15:00:00,0.0,127.0362771333333,9.848117333333342
2023-08-03 16:00:00,0.0,80.08691001666666,42.07531633333336
2023-08-03 17:00:00,0.0,59.17860773333343,22.464208000000035
2023-08-03 18:00:00,1.4713070000000024,58.45654780000009,0.5231000000000023
2023-08-03 19:00:00,1.651283000000002,48.82369863333338,10.194641333333356
2023-08-03 20:00:00,0.0,46.4389588666667,10.021331333333368
2023-08-03 21:00:00,0.0,35.33609740000004,0.0
2023-08-03 22:00:00,0.0,15.17546228333335,0.0
2023-08-03 23:00:00,0.0,5.834060250000004,0.0
2023-08-04 00:00:00,0.0,3.255107766666666,0.0
2023-08-04 01:00:00,0.0,6.580094133333341,0.0
2023-08-04 02:00:00,0.0,8.407581950000006,0.0
2023-08-04 03:00:00,0.0,9.242577250000005,0.0
2023-08-04 04:00:00,0.0,11.64361073333334,0.0
2023-08-04 05:00:00,0.0,16.49879851666668,0.4586200000000003
2023-08-04 06:00:00,1.523800000000002,29.81462821666672,11.044814333333353
2023-08-04 07:00:00,1.5912910000000002,36.11774833333339,30.449282666666726
2023-08-04 08:00:00,0.0,37.60014683333334,32.30075433333337
2023-08-04 09:00:00,0.0,68.82220781666666,14.34438083333336
2023-08-04 10:00:00,0.008274000000000007,85.60670851666667,17.813335500000036
2023-08-04 11:00:00,0.008267000000000005,109.70839809999997,13.47497150000002
2023-08-04 12:00:00,0.0,147.77239748333324,0.0
2023-08-04 13:00:00,0.0,143.47380968333326,9.368488666666668
2023-08-04 14:00:00,0.0,126.64966954999991,9.145864000000003
2023-08-04 15:00:00,0.0,129.47350171666662,8.046080666666668
2023-08-04 16:00:00,0.0,96.85775003333332,33.306820333333356
2023-08-04 17:00:00,0.0,59.183303333333434,33.0755806666667
2023-08-04 18:00:00,1.478806000000002,60.17209576666675,0.6320960000000004
2023-08-04 19:00:00,1.5013030000000012,48.20376620000004,10.136681666666696
2023-08-04 20:00:00,0.0,44.766766216666724,9.718180000000036
2023-08-04 21:00:00,0.0,33.59369595000004,0.0
2023-08-04 22:00:00,0.0,14.805395200000014,0.0
2023-08-04 23:00:00,0.0,4.382569233333335,0.0
2023-08-05 00:00:00,0.0,2.227614983333333,0.0
2023-08-05 01:00:00,0.0,6.897592016666675,0.0
2023-08-05 02:00:00,0.0,8.660080266666675,0.0
2023-08-05 03:00:00,0.0,9.795072983333341,0.0
2023-08-05 04:00:00,0.0,11.582264883333341,0.0
2023-08-05 05:00:00,0.0,17.867511116666684,0.40678800000000126
2023-08-05 06:00:00,1.6887780000000017,31.53446626666673,10.696647666666697
2023-08-05 07:00:00,1.4413110000000025,34.28617148333338,25.26358600000005
2023-08-05 08:00:00,0.0,36.41417010000001,32.48352433333338
2023-08-05 09:00:00,0.0,58.233537166666665,15.205800333333357
2023-08-05 10:00:00,0.008281000000000005,72.27938881666664,14.701896166666698
2023-08-05 11:00:00,0.008260000000000007,93.14590211666666,14.940951166666691
2023-08-05 12:00:00,0.0,142.90172063333327,0.0
2023-08-05 13:00:00,0.0,160.4745484499999,6.805406333333333
2023-08-05 14:00:00,0.0,156.55823203333327,9.474100333333336
2023-08-05 15:00:00,0.0,145.23065619999994,8.432243333333336
2023-08-05 16:00:00,0.0,89.08840159999998,40.32452866666669
2023-08-05 17:00:00,0.0,58.01112271666676,35.818708000000036
2023-08-05 18:00:00,1.4338120000000034,58.10832510000008,0.6376760000000001
2023-08-05 19:00:00,1.5312990000000024,46.488667566666706,10.529199666666697
2023-08-05 20:00:00,0.0,42.593104716666716,8.928654000000034
2023-08-05 21:00:00,0.0,32.77642151666671,0.0
2023-08-05 22:00:00,0.0,13.234056800000012,0.0
2023-08-05 23:00:00,0.0,3.9365792833333355,0.0
2023-08-06 00:00:00,0.0,0.0,0.0
2023-08-06 01:00:00,0.0,0.0,0.0
2023-08-06 02:00:00,0.0,0.0,0.0
2023-08-06 03:00:00,0.0,0.0,0.0
2023-08-06 04:00:00,0.0,0.2746760499999997,0.0
2023-08-06 05:00:00,0.0,5.465848166666676,0.4354320000000008
2023-08-06 06:00:00,1.6287860000000014,20.55340220000006,9.776157666666691
2023-08-06 07:00:00,1.4038160000000006,14.093935466666702,38.6079203333334
2023-08-06 08:00:00,0.0,1.6391078666666634,40.32156700000003
2023-08-06 09:00:00,0.0,0.592706299999997,15.220211666666689
2023-08-06 10:00:00,0.008274000000000007,0.46736468333333064,15.815277500000033
2023-08-06 11:00:00,0.008267000000000007,0.5332784833333297,14.85867300000003
2023-08-06 12:00:00,0.0,0.5525282166666633,0.0
2023-08-06 13:00:00,0.0,0.5877710666666631,6.725277666666667
2023-08-06 14:00:00,0.0,0.6733507666666633,9.750436666666673
2023-08-06 15:00:00,0.0,0.6833509833333304,10.072089333333341
2023-08-06 16:00:00,0.0,3.667413566666666,28.62581233333336
2023-08-06 17:00:00,0.0,30.86125576666674,29.7397006666667
2023-08-06 18:00:00,1.4488100000000015,45.56421298333342,0.6143640000000014
2023-08-06 19:00:00,1.6137880000000049,34.488013416666696,10.94379333333336
2023-08-06 20:00:00,0.0,31.39860600000004,10.439413666666702
2023-08-06 21:00:00,0.0,22.24454493333337,0.0
2023-08-06 22:00:00,0.0,5.527984083333341,0.0
2023-08-06 23:00:00,0.0,0.3913087999999995,0.0
2023-08-07 00:00:00,0.0,1.9451164166666666,0.0
2023-08-07 01:00:00,0.0,6.270096200000006,0.0
2023-08-07 02:00:00,0.0,8.865078900000007,0.0
2023-08-07 03:00:00,0.0,9.247576983333342,0.0
2023-08-07 04:00:00,0.0,10.686437166666673,0.0
2023-08-07 05:00:00,0.0,16.363865616666683,0.4906120000000011
2023-08-07 06:00:00,1.5837920000000023,28.382174583333384,10.152857333333362
2023-08-07 07:00:00,1.696277000000002,30.935387450000054,39.56113233333338
2023-08-07 08:00:00,0.0,34.74344053333335,45.60867066666671
2023-08-07 09:00:00,0.0,51.34086231666668,13.687462500000024
2023-08-07 10:00:00,0.008283000000000006,64.78989979999999,16.351531000000044
2023-08-07 11:00:00,0.008258000000000007,111.17931008333329,13.958077166666692
2023-08-07 12:00:00,0.0,142.2705005499999,0.0
2023-08-07 13:00:00,0.0,143.7377310166666,4.741095333333331
2023-08-07 14:00:00,0.0,154.4358762166666,11.262143000000007
2023-08-07 15:00:00,0.0,126.63817491666664,11.27745033333334
2023-08-07 16:00:00,0.0,108.96083675,22.22503033333336
2023-08-07 17:00:00,0.0,63.422549050000086,23.852570666666697
2023-08-07 18:00:00,1.471307,59.59191335000009,0.5841080000000008
2023-08-07 19:00:00,1.343824000000003,48.56786285000004,9.67384833333336
2023-08-07 20:00:00,0.0,43.74353263333338,11.005740333333357
2023-08-07 21:00:00,0.0,34.970062783333375,0.0
2023-08-07 22:00:00,0.0,15.434784733333348,0.0
2023-08-07 23:00:00,0.0,4.7730706166666685,0.0
2023-08-08 00:00:00,0.0,2.0226164333333316,0.0
2023-08-08 01:00:00,0.0,6.0225978500000075,0.0
2023-08-08 02:00:00,0.0,9.072577516666675,0.0
2023-08-08 03:00:00,0.0,11.25756408333334,0.0
2023-08-08 04:00:00,0.0,12.68577918333334,0.0
2023-08-08 05:00:00,0.0,17.516821250000014,0.4473360000000008
2023-08-08 06:00:00,1.5687940000000005,29.556915583333396,9.533205333333367
2023-08-08 07:00:00,1.4863050000000018,31.80477153333338,43.886263000000056
2023-08-08 08:00:00,0.0,50.217839033333355,38.566271000000036
2023-08-08 09:00:00,0.0,87.8603851833333,15.495764500000025
2023-08-08 10:00:00,0.008274000000000007,71.76405691666665,16.763201166666708
2023-08-08 11:00:00,0.008267000000000005,114.7877276333333,12.512426333333359
2023-08-08 12:00:00,0.0,136.08833209999995,0.0
2023-08-08 13:00:00,0.0,136.47741253333328,6.970880333333334
2023-08-08 14:00:00,0.0,138.5792429333333,12.31351900000001
2023-08-08 15:00:00,0.0,127.14029033333324,8.894337
2023-08-08 16:00:00,0.0,92.22223935000001,24.019966333333358
2023-08-08 17:00:00,0.0,59.31625038333342,22.131266666666704
2023-08-08 18:00:00,1.5163010000000028,59.81555081666675,0.5971280000000015
2023-08-08 19:00:00,1.5238000000000012,48.49503661666671,10.348332333333355
2023-08-08 20:00:00,0.0,44.12587581666671,10.847502000000024
2023-08-08 21:00:00,0.0,33.794615583333375,0.0
2023-08-08 22:00:00,0.0,13.613503300000012,0.0
2023-08-08 23:00:00,0.0,4.142158016666667,0.0
2023-08-09 00:00:00,0.0,1.9251155166666667,0.0
2023-08-09 01:00:00,0.0,7.070090866666674,0.0
2023-08-09 02:00:00,0.0,8.142583716666671,0.0
2023-08-09 03:00:00,0.0,9.067578966666671,0.0
2023-08-09 04:00:00,0.0,11.596769583333339,0.0
2023-08-09 05:00:00,0.0,16.866472900000016,0.4317120000000012
2023-08-09 06:00:00,1.493804000000002,31.22063145000006,9.76042633333336
2023-08-09 07:00:00,1.4788060000000016,30.41636350000005,32.71661500000007
2023-08-09 08:00:00,0.0,47.21335536666667,27.42228100000004
2023-08-09 09:00:00,0.0,69.268138,13.074611666666685
2023-08-09 10:00:00,0.008270000000000005,80.87287358333329,15.64162900000003
2023-08-09 11:00:00,0.008271000000000006,102.44190836666664,14.193255333333356
2023-08-09 12:00:00,0.0,142.0486617999999,0.0
2023-08-09 13:00:00,0.0,140.69806681666662,8.394269333333341
2023-08-09 14:00:00,0.0,130.9400902666666,10.652871666666677
2023-08-09 15:00:00,0.0,134.52910149999997,10.14686266666667
2023-08-09 16:00:00,0.0,93.68577136666664,37.20349100000002
2023-08-09 17:00:00,0.0,59.64092170000009,31.737457000000035
2023-08-09 18:00:00,1.4713070000000041,63.583842783333424,0.6061800000000008
2023-08-09 19:00:00,1.651283000000002,48.50859686666671,10.830846333333362
2023-08-09 20:00:00,0.0,43.62774371666671,10.39610633333336
2023-08-09 21:00:00,0.0,33.061269500000044,0.0
2023-08-09 22:00:00,0.0,14.64392966666668,0.0
2023-08-09 23:00:00,0.0,5.081900616666669,0.0
2023-08-10 00:00:00,0.0,2.0926168333333344,0.0
2023-08-10 01:00:00,0.0,5.875098833333338,0.0
2023-08-10 02:00:00,0.0,8.225083166666675,0.0
2023-08-10 03:00:00,0.0,10.31782033333334,0.0
2023-08-10 04:00:00,0.0,12.741740933333338,0.0
2023-08-10 05:00:00,0.0,19.02968456666668,0.4329520000000011
2023-08-10 06:00:00,1.568794000000002,35.03118230000006,10.03296633333336
2023-08-10 07:00:00,1.606289000000002,34.85431808333338,39.39718400000006
2023-08-10 08:00:00,0.0,39.37679811666668,38.68612100000003
2023-08-10 09:00:00,0.0,51.53449605000001,18.010625833333364
2023-08-10 10:00:00,0.008274000000000007,63.84822356666667,16.522036500000038
2023-08-10 11:00:00,0.008267000000000007,107.36392214999995,15.352767833333361
2023-08-10 12:00:00,0.0,142.65016956666656,0.0
2023-08-10 13:00:00,0.0,151.1818265666666,7.938309333333339
2023-08-10 14:00:00,0.0,151.0652412333333,6.325622000000001
2023-08-10 15:00:00,0.0,133.61019954999995,10.229202000000008
2023-08-10 16:00:00,0.0,90.16034376666666,23.384384666666698
2023-08-10 17:00:00,0.0,60.90814658333342,24.934787666666708
2023-08-10 18:00:00,1.4938040000000017,59.50058191666674,0.6236640000000004
2023-08-10 19:00:00,1.4263130000000026,48.58698878333336,10.054616000000024
2023-08-10 20:00:00,0.0,45.22270096666671,10.356130333333361
2023-08-10 21:00:00,0.0,33.823084833333375,0.0
2023-08-10 22:00:00,0.0,13.954231016666684,0.0
2023-08-10 23:00:00,0.0,4.587995983333336,0.0
2023-08-11 00:00:00,0.0,2.525112200000001,0.0
2023-08-11 01:00:00,0.0,6.537594416666672,0.0
2023-08-11 02:00:00,0.0,7.867585550000005,0.0
2023-08-11 03:00:00,0.0,9.897573416666672,0.0
2023-08-11 04:00:00,0.0,12.19226450000001,0.0
2023-08-11 05:00:00,0.0,18.058861800000013,0.47201200000000043
2023-08-11 06:00:00,1.4113150000000012,31.587592333333387,11.088416000000029
2023-08-11 07:00:00,1.5387980000000028,31.12134791666672,43.16423866666672
2023-08-11 08:00:00,0.0,34.38070153333335,28.94235433333337
2023-08-11 09:00:00,0.0,57.09356446666667,17.52828133333336
2023-08-11 10:00:00,0.008266000000000006,76.75556381666667,15.1463056666667
2023-08-11 11:00:00,0.008275000000000006,120.84532913333331,12.602091333333359
2023-08-11 12:00:00,0.0,150.39590948333327,0.0
2023-08-11 13:00:00,0.0,141.07689599999992,7.939639666666671
2023-08-11 14:00:00,0.0,135.5625827666666,8.46306466666667
2023-08-11 15:00:00,0.0,134.38220376666658,8.780709333333336
2023-08-11 16:00:00,0.0,97.28509434999998,36.2791236666667
2023-08-11 17:00:00,0.0,65.05430241666676,25.186470666666697
2023-08-11 18:00:00,1.493804000000003,60.24969378333341,0.5482720000000022
2023-08-11 19:00:00,1.6512830000000038,47.82074196666671,8.477683333333362
2023-08-11 20:00:00,0.0,43.795262066666716,10.562673000000029
2023-08-11 21:00:00,0.0,33.79300545000004,0.0
2023-08-11 22:00:00,0.0,14.482670516666683,0.0
2023-08-11 23:00:00,0.0,4.870236450000002,0.0
2023-08-12 00:00:00,0.0,2.1401169333333327,0.0
2023-08-12 01:00:00,0.0,6.355095633333339,0.0
2023-08-12 02:00:00,0.0,8.167583550000005,0.0
2023-08-12 03:00:00,0.0,9.33757651666667,0.0
2023-08-12 04:00:00,0.0,12.275413266666675,0.0
2023-08-12 05:00:00,0.0,17.59584283333335,0.4551480000000011
2023-08-12 06:00:00,1.4563090000000027,32.141247866666724,9.540958000000032
2023-08-12 07:00:00,1.591291000000001,29.44643288333338,31.420789666666717
2023-08-12 08:00:00,0.0,36.64841915000002,30.732448666666706
2023-08-12 09:00:00,0.0,62.16964966666666,15.118290166666696
2023-08-12 10:00:00,0.008278000000000006,76.43980604999997,16.568312500000037
2023-08-12 11:00:00,0.008263000000000006,103.20184184999998,14.642499166666688
2023-08-12 12:00:00,0.0,140.55160034999994,0.0
2023-08-12 13:00:00,0.0,158.32832553333324,5.688345666666664
2023-08-12 14:00:00,0.0,141.12750943333327,10.021918666666672
2023-08-12 15:00:00,0.0,139.44641073333327,8.654573666666675
2023-08-12 16:00:00,0.0,99.13325511666663,29.95207300000004
2023-08-12 17:00:00,0.0,59.955775266666755,33.31049533333337
2023-08-12 18:00:00,1.516301000000001,60.55783341666676,0.5476520000000014
2023-08-12 19:00:00,1.531299000000001,47.53549953333338,10.15046233333336
2023-08-12 20:00:00,0.0,43.36451408333337,10.77088133333336
2023-08-12 21:00:00,0.0,32.67845075000004,0.0
2023-08-12 22:00:00,0.0,13.366267216666682,0.0
2023-08-12 23:00:00,0.0,4.1171582833333344,0.0
2023-08-13 00:00:00,0.0,0.0,0.0
2023-08-13 01:00:00,0.0,0.0,0.0
2023-08-13 02:00:00,0.0,0.0,0.0
2023-08-13 03:00:00,0.0,0.0,0.0
2023-08-13 04:00:00,0.0,0.23776236666666645,0.0
2023-08-13 05:00:00,0.0,5.303455616666678,0.4702760000000013
2023-08-13 06:00:00,1.6062890000000019,19.78703171666672,10.566903333333356
2023-08-13 07:00:00,1.4713070000000021,13.969238066666708,27.761696000000065
2023-08-13 08:00:00,0.0,1.6892290166666637,23.36785800000004
2023-08-13 09:00:00,0.0,0.6123924999999976,14.789692333333356
2023-08-13 10:00:00,0.008270000000000007,0.6168519833333306,20.973856000000044
2023-08-13 11:00:00,0.008271000000000006,0.5987697499999975,16.134017666666697
2023-08-13 12:00:00,0.0,0.6213521666666636,0.0
2023-08-13 13:00:00,0.0,0.6542632666666632,6.592094000000001
2023-08-13 14:00:00,0.0,0.5675216833333305,7.739319333333335
2023-08-13 15:00:00,0.0,0.6078510999999966,6.9037266666666675
2023-08-13 16:00:00,0.0,3.1943239833333315,39.4954166666667
2023-08-13 17:00:00,0.0,31.666733833333407,33.904216333333366
2023-08-13 18:00:00,1.4413110000000031,45.32754655000007,0.5713360000000016
2023-08-13 19:00:00,1.5762930000000028,34.1150091666667,10.33152766666669
2023-08-13 20:00:00,0.0,31.788807900000037,10.284506666666692
2023-08-13 21:00:00,0.0,22.296889750000037,0.0
2023-08-13 22:00:00,0.0,5.588019216666675,0.0
2023-08-13 23:00:00,0.0,0.4390440166666662,0.0
2023-08-14 00:00:00,0.0,1.6376192333333328,0.0
2023-08-14 01:00:00,0.0,5.530101133333339,0.0
2023-08-14 02:00:00,0.0,8.460081600000006,0.0
2023-08-14 03:00:00,0.0,10.457569300000005,0.0
2023-08-14 04:00:00,0.0,11.816362766666673,0.0
2023-08-14 05:00:00,0.0,18.91431808333335,0.4299760000000006
2023-08-14 06:00:00,1.546297000000002,29.57339340000005,10.8066316666667
2023-08-14 07:00:00,1.508802000000003,29.974498383333383,44.76160066666674
2023-08-14 08:00:00,0.0,32.12593475000001,17.753748666666695
2023-08-14 09:00:00,0.0,66.00473811666667,13.6869641666667
2023-08-14 10:00:00,0.008268000000000006,94.58412904999996,14.326579500000028
2023-08-14 11:00:00,0.008273000000000004,111.65674841666664,13.468557000000025
2023-08-14 12:00:00,0.0,141.4501065333332,0.0
2023-08-14 13:00:00,0.0,148.5336593166666,7.532485999999999
2023-08-14 14:00:00,0.0,138.7883205333333,10.574472333333336
2023-08-14 15:00:00,0.0,135.5305146666666,11.894582000000009
2023-08-14 16:00:00,0.0,92.4686885333333,33.70539333333337
2023-08-14 17:00:00,0.0,53.72463868333342,32.02001200000003
2023-08-14 18:00:00,1.501303000000002,64.21685085000009,0.6101480000000009
2023-08-14 19:00:00,1.5387980000000028,47.63018540000004,10.411076000000024
2023-08-14 20:00:00,0.0,44.986902700000044,10.264518666666696
2023-08-14 21:00:00,0.0,32.93403410000005,0.0
2023-08-14 22:00:00,0.0,14.995471166666684,0.0
2023-08-14 23:00:00,0.0,4.566150516666668,0.0
2023-08-15 00:00:00,0.0,2.1826169666666657,0.0
2023-08-15 01:00:00,0.0,6.010097933333336,0.0
2023-08-15 02:00:00,0.0,9.237576416666673,0.0
2023-08-15 03:00:00,0.0,10.427569050000008,0.0
2023-08-15 04:00:00,0.0,11.300835500000009,0.0
2023-08-15 05:00:00,0.0,16.679938466666684,0.487264000000001
2023-08-15 06:00:00,1.6887780000000008,30.802255766666725,10.651052666666692
2023-08-15 07:00:00,1.4863050000000033,31.197576866666722,47.142760666666724
2023-08-15 08:00:00,0.0,39.36014756666668,18.5209456666667
2023-08-15 09:00:00,0.0,59.73388584999997,15.71693433333336
2023-08-15 10:00:00,0.008268000000000006,88.05661826666665,14.699585833333371
2023-08-15 11:00:00,0.008273000000000004,117.96939181666664,14.872592833333357
2023-08-15 12:00:00,0.0,138.29324849999992,0.0
2023-08-15 13:00:00,0.0,136.07991574999994,6.498282666666669
2023-08-15 14:00:00,0.0,143.15999483333331,8.698214333333336
2023-08-15 15:00:00,0.0,131.54900496666664,11.092765666666672
2023-08-15 16:00:00,0.0,91.99350836666666,33.09355500000002
2023-08-15 17:00:00,0.0,55.78442776666676,29.728782333333374
2023-08-15 18:00:00,1.4488100000000004,61.739825633333425,0.5951440000000016
2023-08-15 19:00:00,1.4713070000000041,49.414219733333375,10.111852000000024
2023-08-15 20:00:00,0.0,45.99727438333338,9.145190666666698
2023-08-15 21:00:00,0.0,33.82551033333338,0.0
2023-08-15 22:00:00,0.0,14.105275550000016,0.0
2023-08-15 23:00:00,0.0,4.245990866666667,0.0
2023-08-16 00:00:00,0.0,1.867616566666668,0.0
2023-08-16 01:00:00,0.0,6.600094000000007,0.0
2023-08-16 02:00:00,0.0,9.195076700000003,0.0
2023-08-16 03:00:00,0.0,9.322577150000008,0.0
2023-08-16 04:00:00,0.0,10.688263800000009,0.0
2023-08-16 05:00:00,0.0,16.600344166666684,0.4675480000000011
2023-08-16 06:00:00,1.621287000000003,29.685917566666728,10.352907666666695
2023-08-16 07:00:00,1.5387980000000026,34.50205258333339,34.06672000000006
2023-08-16 08:00:00,0.0,49.25493351666667,30.693126666666704
2023-08-16 09:00:00,0.0,71.04463208333331,16.10939233333336
2023-08-16 10:00:00,0.008271000000000006,76.39054509999997,14.626284666666695
2023-08-16 11:00:00,0.008270000000000007,117.18189866666664,12.842038333333354
2023-08-16 12:00:00,0.0,133.96200226666662,0.0
2023-08-16 13:00:00,0.0,132.67716481666662,9.524288000000004
2023-08-16 14:00:00,0.0,137.1506636333333,10.950148000000004
2023-08-16 15:00:00,0.0,132.0928634833333,10.940006333333343
2023-08-16 16:00:00,0.0,101.89928411666664,35.99665166666669
2023-08-16 17:00:00,0.0,61.36732891666675,24.333290333333366
2023-08-16 18:00:00,1.6212870000000035,60.253788400000076,0.6174640000000011
2023-08-16 19:00:00,1.3138280000000024,48.96761115000003,10.715080666666688
2023-08-16 20:00:00,0.0,44.42265556666671,10.286172333333369
2023-08-16 21:00:00,0.0,34.465577500000045,0.0
2023-08-16 22:00:00,0.0,15.210522200000014,0.0
2023-08-16 23:00:00,0.0,4.408240933333336,0.0
2023-08-17 00:00:00,0.0,2.797611616666667,0.0
2023-08-17 01:00:00,0.0,6.507594616666673,0.0
2023-08-17 02:00:00,0.0,9.032577783333343,0.0
2023-08-17 03:00:00,0.0,10.671068633333343,0.0
2023-08-17 04:00:00,0.0,11.377749900000007,0.0
2023-08-17 05:00:00,0.0,18.13052101666668,0.4944560000000002
2023-08-17 06:00:00,1.426313000000002,31.28684506666672,10.639978000000024
2023-08-17 07:00:00,1.7037760000000022,31.692717200000054,30.373603333333403
2023-08-17 08:00:00,0.0,41.50251246666667,25.010716333333363
2023-08-17 09:00:00,0.0,60.1991906,14.524287333333364
2023-08-17 10:00:00,0.008272000000000005,68.62071738333333,15.499685500000036
2023-08-17 11:00:00,0.008269000000000006,106.31132863333332,14.010160500000024
2023-08-17 12:00:00,0.0,130.5525062666666,0.0
2023-08-17 13:00:00,0.0,153.55816489999998,11.079946333333341
2023-08-17 14:00:00,0.0,145.53391638333326,8.967001666666668
2023-08-17 15:00:00,0.0,135.26877033333326,6.79837533333333
2023-08-17 16:00:00,0.0,95.78735039999997,40.90993733333336
2023-08-17 17:00:00,0.0,58.33267145000009,35.717017333333374
2023-08-17 18:00:00,1.6137880000000018,61.35947283333342,0.5733200000000018
2023-08-17 19:00:00,1.3513230000000023,46.66477530000004,9.694345333333361
2023-08-17 20:00:00,0.0,44.05767715000004,10.62596833333336
2023-08-17 21:00:00,0.0,34.30576196666671,0.0
2023-08-17 22:00:00,0.0,16.144516150000015,0.0
2023-08-17 23:00:00,0.0,5.001401800000004,0.0
2023-08-18 00:00:00,0.0,2.4551142833333337,0.0
2023-08-18 01:00:00,0.0,6.047597683333339,0.0
2023-08-18 02:00:00,0.0,8.882578783333338,0.0
2023-08-18 03:00:00,0.0,11.032564966666675,0.0
2023-08-18 04:00:00,0.0,11.606996766666674,0.0
2023-08-18 05:00:00,0.0,16.911112516666684,0.5296720000000005
2023-08-18 06:00:00,1.5462970000000018,32.956852216666725,10.51600600000003
2023-08-18 07:00:00,1.4713070000000024,30.959101650000047,40.74411400000006
2023-08-18 08:00:00,0.0,35.72632483333334,32.601445333333366
2023-08-18 09:00:00,0.0,71.04310109999999,15.444638666666691
2023-08-18 10:00:00,0.008269000000000006,76.27780229999996,15.726404833333369
2023-08-18 11:00:00,0.008272000000000005,108.45906976666664,14.333932333333358
2023-08-18 12:00:00,0.0,143.38480473333323,0.0
2023-08-18 13:00:00,0.0,141.88872853333322,7.857991000000006
2023-08-18 14:00:00,0.0,137.49091853333329,9.352335000000005
2023-08-18 15:00:00,0.0,140.15910213333328,12.519678666666676
2023-08-18 16:00:00,0.0,89.39098693333335,33.43363766666669
2023-08-18 17:00:00,0.0,63.08650881666675,22.018150000000027
2023-08-18 18:00:00,1.5462970000000031,60.63074325000009,0.6309800000000008
2023-08-18 19:00:00,1.5312990000000017,48.53805208333337,10.325534666666691
2023-08-18 20:00:00,0.0,44.79749346666671,10.077964000000032
2023-08-18 21:00:00,0.0,33.54461866666672,0.0
2023-08-18 22:00:00,0.0,13.936965950000015,0.0
2023-08-18 23:00:00,0.0,4.427159516666669,0.0
2023-08-19 00:00:00,0.0,2.6626103000000003,0.0
2023-08-19 01:00:00,0.0,6.357595616666671,0.0
2023-08-19 02:00:00,0.0,7.445088366666672,0.0
2023-08-19 03:00:00,0.0,9.57257428333334,0.0
2023-08-19 04:00:00,0.0,11.257768333333335,0.0
2023-08-19 05:00:00,0.0,18.334531283333348,0.4587440000000002
2023-08-19 06:00:00,1.3513230000000018,33.092926833333394,10.640344333333362
2023-08-19 07:00:00,1.5013030000000007,31.918955633333386,34.19253700000006
2023-08-19 08:00:00,0.0,42.50044766666668,32.087061666666706
2023-08-19 09:00:00,0.0,55.74752003333335,14.95032150000002
2023-08-19 10:00:00,0.008280000000000006,74.05289048333329,16.188058166666703
2023-08-19 11:00:00,0.008261000000000004,103.71766576666664,12.575407333333354
2023-08-19 12:00:00,0.0,145.7733301666666,0.0
2023-08-19 13:00:00,0.0,138.96697989999993,6.168837666666671
2023-08-19 14:00:00,0.0,145.7424878666666,10.779664000000006
2023-08-19 15:00:00,0.0,137.3635974333333,10.286214000000006
2023-08-19 16:00:00,0.0,97.14368871666669,40.62323533333336
2023-08-19 17:00:00,0.0,59.42040570000008,22.031359333333363
2023-08-19 18:00:00,1.6737800000000012,61.544371400000074,0.616720000000001
2023-08-19 19:00:00,1.5687940000000011,48.805260150000045,9.878436666666694
2023-08-19 20:00:00,0.0,44.45117910000004,10.371121333333363
2023-08-19 21:00:00,0.0,34.84138461666671,0.0
2023-08-19 22:00:00,0.0,14.573976300000016,0.0
2023-08-19 23:00:00,0.0,3.6023287,0.0
2023-08-20 00:00:00,0.0,0.0,0.0
2023-08-20 01:00:00,0.0,0.0,0.0
2023-08-20 02:00:00,0.0,0.0,0.0
2023-08-20 03:00:00,0.0,0.0,0.0
2023-08-20 04:00:00,0.0,0.2593201666666664,0.0
2023-08-20 05:00:00,0.0,5.12531763333334,0.4288600000000009
2023-08-20 06:00:00,1.5013030000000036,19.513077966666717,10.010104333333368
2023-08-20 07:00:00,1.568794000000002,13.837233833333375,39.28205233333339
2023-08-20 08:00:00,0.0,1.5873941333333321,19.563488000000042
2023-08-20 09:00:00,0.0,0.5681925833333307,16.36473066666669
2023-08-20 10:00:00,0.008277000000000007,0.5627775999999965,15.786248000000034
2023-08-20 11:00:00,0.008264000000000006,0.6762679499999958,13.91906416666669
2023-08-20 12:00:00,0.0,0.7825940499999958,0.0
2023-08-20 13:00:00,0.0,0.7246838833333291,6.266277666666664
2023-08-20 14:00:00,0.0,0.5714431499999966,8.66253866666667
2023-08-20 15:00:00,0.0,0.6384392499999968,8.336255333333334
2023-08-20 16:00:00,0.0,4.175539650000001,39.79631933333337
2023-08-20 17:00:00,0.0,30.28277406666673,33.47223133333337
2023-08-20 18:00:00,1.5387980000000032,47.76844936666675,0.5781560000000012
2023-08-20 19:00:00,1.4863050000000029,33.8086644166667,10.2536706666667
2023-08-20 20:00:00,0.0,31.505021450000037,10.11627433333336
2023-08-20 21:00:00,0.0,21.741526033333372,0.0
2023-08-20 22:00:00,0.0,5.330489183333343,0.0
2023-08-20 23:00:00,0.0,0.4272136166666662,0.0
2023-08-21 00:00:00,0.0,2.4751145166666664,0.0
2023-08-21 01:00:00,0.0,5.912598583333338,0.0
2023-08-21 02:00:00,0.0,8.830079133333342,0.0
2023-08-21 03:00:00,0.0,11.105063966666672,0.0
2023-08-21 04:00:00,0.0,11.738899450000007,0.0
2023-08-21 05:00:00,0.0,17.438273283333352,0.5160320000000005
2023-08-21 06:00:00,1.598790000000001,31.219396316666725,10.522594666666697
2023-08-21 07:00:00,1.343824000000002,30.06260790000005,36.70199200000006
2023-08-21 08:00:00,0.0,36.673130233333346,40.133600000000044
2023-08-21 09:00:00,0.0,62.24903933333332,16.270047500000025
2023-08-21 10:00:00,0.008277000000000007,66.71845559999998,18.237323833333367
2023-08-21 11:00:00,0.008264000000000006,96.52523140000001,12.525073333333355
2023-08-21 12:00:00,0.0,137.80566174999993,0.0
2023-08-21 13:00:00,0.0,158.6269946833333,6.772252666666668
2023-08-21 14:00:00,0.0,146.13765268333327,12.372501000000005
2023-08-21 15:00:00,0.0,134.65835151666658,8.858868000000008
2023-08-21 16:00:00,0.0,101.87315325,36.17758000000002
2023-08-21 17:00:00,0.0,60.778803150000094,15.786253666666697
2023-08-21 18:00:00,1.568794000000001,60.97159365000008,0.5823720000000014
2023-08-21 19:00:00,1.583792000000001,48.82756425000004,10.296241333333361
2023-08-21 20:00:00,0.0,44.58471961666671,10.677604000000029
2023-08-21 21:00:00,0.0,34.44041180000004,0.0
2023-08-21 22:00:00,0.0,14.091972600000014,0.0
2023-08-21 23:00:00,0.0,4.29140856666667,0.0
2023-08-22 00:00:00,0.0,2.020114916666668,0.0
2023-08-22 01:00:00,0.0,5.977598150000007,0.0
2023-08-22 02:00:00,0.0,8.420081866666674,0.0
2023-08-22 03:00:00,0.0,10.425068966666677,0.0
2023-08-22 04:00:00,0.0,12.443381333333342,0.0
2023-08-22 05:00:00,0.0,19.908828016666682,0.4531640000000011
2023-08-22 06:00:00,1.5312990000000044,32.67400646666672,9.821267666666698
2023-08-22 07:00:00,1.5462970000000031,29.548284116666718,47.79301400000005
2023-08-22 08:00:00,0.0,38.23859488333334,28.550939333333368
2023-08-22 09:00:00,0.0,61.81248908333331,11.26141400000002
2023-08-22 10:00:00,0.008261000000000006,79.12220253333328,17.247339666666704
2023-08-22 11:00:00,0.008280000000000004,106.39932385,14.546922333333354
2023-08-22 12:00:00,0.0,144.38899314999992,0.0
2023-08-22 13:00:00,0.0,149.50674498333325,8.333628666666671
2023-08-22 14:00:00,0.0,135.75376146666662,8.939220333333342
2023-08-22 15:00:00,0.0,137.14045368333328,11.795415333333343
2023-08-22 16:00:00,0.0,91.4671095333333,19.997541333333366
2023-08-22 17:00:00,0.0,62.568364850000094,27.683929333333367
2023-08-22 18:00:00,1.5687940000000025,60.81807378333341,0.5802640000000014
2023-08-22 19:00:00,1.448810000000002,49.037446666666696,10.615764333333358
2023-08-22 20:00:00,0.0,44.123974183333374,10.407766000000024
2023-08-22 21:00:00,0.0,33.82965026666672,0.0
2023-08-22 22:00:00,0.0,14.25434521666668,0.0
2023-08-22 23:00:00,0.0,4.732401100000002,0.0
2023-08-23 00:00:00,0.0,2.1451158499999994,0.0
2023-08-23 01:00:00,0.0,7.35258898333334,0.0
2023-08-23 02:00:00,0.0,9.755072966666674,0.0
2023-08-23 03:00:00,0.0,10.38756928333334,0.0
2023-08-23 04:00:00,0.0,11.440053416666672,0.0
2023-08-23 05:00:00,0.0,17.604186950000017,0.38471600000000045
2023-08-23 06:00:00,1.4488100000000037,28.83010411666673,10.616780666666697
2023-08-23 07:00:00,1.7262730000000024,33.98821855000005,39.5766483333334
2023-08-23 08:00:00,0.0,40.31739286666669,35.368770333333366
2023-08-23 09:00:00,0.0,62.613354949999994,14.276774500000023
2023-08-23 10:00:00,0.008272000000000005,64.54530388333333,18.374803333333382
2023-08-23 11:00:00,0.008269000000000007,89.9381578,13.935482833333355
2023-08-23 12:00:00,0.0,136.81198753333328,0.0
2023-08-23 13:00:00,0.0,149.30181524999992,7.017060000000002
2023-08-23 14:00:00,0.0,151.20891356666658,10.97846433333334
2023-08-23 15:00:00,0.0,143.35451383333327,7.158709666666667
2023-08-23 16:00:00,0.0,104.54904546666663,26.591094333333366
2023-08-23 17:00:00,0.0,62.95943091666676,34.195384333333365
2023-08-23 18:00:00,1.4713070000000004,60.74067428333342,0.6666920000000004
2023-08-23 19:00:00,1.4488100000000017,48.79809296666671,9.919105000000028
2023-08-23 20:00:00,0.0,43.987109516666706,10.607646000000024
2023-08-23 21:00:00,0.0,33.20087871666671,0.0
2023-08-23 22:00:00,0.0,15.710820066666678,0.0
2023-08-23 23:00:00,0.0,5.303737783333336,0.0
2023-08-24 00:00:00,0.0,2.007615916666665,0.0
2023-08-24 01:00:00,0.0,6.285096100000004,0.0
2023-08-24 02:00:00,0.0,8.872578850000009,0.0
2023-08-24 03:00:00,0.0,10.199571116666672,0.0
2023-08-24 04:00:00,0.0,11.75617073333334,0.0
2023-08-24 05:00:00,0.0,18.779179733333343,0.48404000000000047
2023-08-24 06:00:00,1.538798000000002,31.91338591666672,9.876449333333365
2023-08-24 07:00:00,1.5088020000000026,28.668136483333377,32.29793433333339
2023-08-24 08:00:00,0.0,36.62581365,37.8848596666667
2023-08-24 09:00:00,0.0,59.87795678333332,15.472813833333365
2023-08-24 10:00:00,0.008278000000000006,73.81780203333331,14.310263166666703
2023-08-24 11:00:00,0.008263000000000005,111.80024734999996,14.669214000000023
2023-08-24 12:00:00,0.0,133.56493453333326,0.0
2023-08-24 13:00:00,0.0,136.73958489999993,6.289790666666664
2023-08-24 14:00:00,0.0,153.92432031666658,8.984814000000002
2023-08-24 15:00:00,0.0,139.5235991166666,11.635919333333343
2023-08-24 16:00:00,0.0,86.94329796666666,29.25466933333336
2023-08-24 17:00:00,0.0,60.87104450000009,29.255252000000024
2023-08-24 18:00:00,1.7037760000000037,61.08532273333342,0.5641440000000014
2023-08-24 19:00:00,1.3438240000000032,50.94256588333337,9.871487000000027
2023-08-24 20:00:00,0.0,44.292678000000045,10.834176666666691
2023-08-24 21:00:00,0.0,33.14927601666671,0.0
2023-08-24 22:00:00,0.0,13.916982900000013,0.0
2023-08-24 23:00:00,0.0,5.277401066666669,0.0
2023-08-25 00:00:00,0.0,2.0601169,0.0
2023-08-25 01:00:00,0.0,5.892598716666673,0.0
2023-08-25 02:00:00,0.0,7.747586350000006,0.0
2023-08-25 03:00:00,0.0,9.505075100000004,0.0
2023-08-25 04:00:00,0.0,12.543596566666672,0.0
2023-08-25 05:00:00,0.0,19.26608441666668,0.4524200000000013
2023-08-25 06:00:00,1.5687940000000027,32.310463083333396,10.096422666666689
2023-08-25 07:00:00,1.5987900000000017,34.121146366666714,30.73546166666672
2023-08-25 08:00:00,0.0,36.974162233333345,42.95421800000004
2023-08-25 09:00:00,0.0,61.0522163833333,16.01998883333336
2023-08-25 10:00:00,0.008274000000000007,73.59955715,17.294445500000037
2023-08-25 11:00:00,0.008267000000000007,101.12224219999997,14.393002500000028
2023-08-25 12:00:00,0.0,137.00850416666663,0.0
2023-08-25 13:00:00,0.0,152.4963311499999,5.612847666666663
2023-08-25 14:00:00,0.0,144.48018318333325,9.791951666666671
2023-08-25 15:00:00,0.0,139.5841944833333,9.139679333333335
2023-08-25 16:00:00,0.0,88.52655788333334,33.93375566666669
2023-08-25 17:00:00,0.0,66.27955938333342,23.75615333333337
2023-08-25 18:00:00,1.5537960000000037,62.661867750000084,0.5997320000000012
2023-08-25 19:00:00,1.3738200000000007,47.380372233333375,10.23517433333336
2023-08-25 20:00:00,0.0,45.04381903333338,11.085692333333359
2023-08-25 21:00:00,0.0,35.25846391666671,0.0
2023-08-25 22:00:00,0.0,13.97899713333335,0.0
2023-08-25 23:00:00,0.0,5.138817200000003,0.0
2023-08-26 00:00:00,0.0,2.7251121833333336,0.0
2023-08-26 01:00:00,0.0,5.780099466666671,0.0
2023-08-26 02:00:00,0.0,8.710079933333338,0.0
2023-08-26 03:00:00,0.0,9.72507425000001,0.0
2023-08-26 04:00:00,0.0,11.265840466666672,0.0
2023-08-26 05:00:00,0.0,16.529155666666682,0.44659200000000093
2023-08-26 06:00:00,1.6812790000000037,30.646213350000064,10.231769333333355
2023-08-26 07:00:00,1.4563090000000023,29.220885883333384,48.721424333333395
2023-08-26 08:00:00,0.0,45.60496423333334,39.1973356666667
2023-08-26 09:00:00,0.0,55.6562901,15.850805166666694
2023-08-26 10:00:00,0.008263000000000006,70.58487134999997,17.46596650000004
2023-08-26 11:00:00,0.008278000000000006,97.7764244833333,12.310118666666687
2023-08-26 12:00:00,0.0,131.3911033833333,0.0
2023-08-26 13:00:00,0.0,137.30334691666664,6.027499333333334
2023-08-26 14:00:00,0.0,150.87699654999992,8.980166333333338
2023-08-26 15:00:00,0.0,147.9439256999999,9.022977666666668
2023-08-26 16:00:00,0.0,103.31679201666665,29.91941666666669
2023-08-26 17:00:00,0.0,62.44371746666676,16.26781700000003
2023-08-26 18:00:00,1.5387980000000019,61.63667670000007,0.6049400000000011
2023-08-26 19:00:00,1.4188140000000011,48.701185133333375,10.400414000000023
2023-08-26 20:00:00,0.0,45.20726143333338,10.234536666666694
2023-08-26 21:00:00,0.0,34.58774038333338,0.0
2023-08-26 22:00:00,0.0,12.925062466666684,0.0
2023-08-26 23:00:00,0.0,4.417157516666669,0.0
2023-08-27 00:00:00,0.0,0.0,0.0
2023-08-27 01:00:00,0.0,0.0,0.0
2023-08-27 02:00:00,0.0,0.0,0.0
2023-08-27 03:00:00,0.0,0.0,0.0
2023-08-27 04:00:00,0.0,0.27367889999999967,0.0
2023-08-27 05:00:00,0.0,4.777988183333341,0.4422520000000008
2023-08-27 06:00:00,1.643784000000002,18.301902600000048,10.741567000000027
2023-08-27 07:00:00,1.3813190000000037,11.94268186666671,38.13253766666673
2023-08-27 08:00:00,0.0,2.2088598000000013,33.7205306666667
2023-08-27 09:00:00,0.0,0.67798673333333,12.136641833333352
2023-08-27 10:00:00,0.008275000000000006,0.5941032166666633,16.55797916666671
2023-08-27 11:00:00,0.008266000000000006,0.6091801833333301,14.758224666666688
2023-08-27 12:00:00,0.0,0.6668434333333302,0.0
2023-08-27 13:00:00,0.0,0.5376135499999977,6.664033999999998
2023-08-27 14:00:00,0.0,0.6152738999999963,10.075044333333336
2023-08-27 15:00:00,0.0,0.5496968833333303,8.835527666666673
2023-08-27 16:00:00,0.0,3.3229033999999977,23.592094333333364
2023-08-27 17:00:00,0.0,33.74407926666674,36.570955333333366
2023-08-27 18:00:00,1.6662810000000032,47.39938438333341,0.6268880000000008
2023-08-27 19:00:00,1.403816000000003,34.46799766666669,9.908531333333356
2023-08-27 20:00:00,0.0,31.33264638333337,9.958036000000028
2023-08-27 21:00:00,0.0,22.0388998166667,0.0
2023-08-27 22:00:00,0.0,5.474113600000009,0.0
2023-08-27 23:00:00,0.0,0.4324717833333329,0.0
2023-08-28 00:00:00,0.0,2.5626133166666683,0.0
2023-08-28 01:00:00,0.0,6.315095900000005,0.0
2023-08-28 02:00:00,0.0,9.202576650000006,0.0
2023-08-28 03:00:00,0.0,10.885066916666673,0.0
2023-08-28 04:00:00,0.0,11.446354516666672,0.0
2023-08-28 05:00:00,0.0,17.575619250000013,0.4594880000000007
2023-08-28 06:00:00,1.433812000000003,31.409901283333383,10.3003706666667
2023-08-28 07:00:00,1.5537960000000026,37.01538095000005,25.378726666666722
2023-08-28 08:00:00,0.0,35.832302233333344,34.067674666666704
2023-08-28 09:00:00,0.0,52.114713233333326,15.400335666666692
2023-08-28 10:00:00,0.008261000000000006,69.66972836666665,14.8982601666667
2023-08-28 11:00:00,0.008280000000000004,100.42283766666664,12.905226666666689
2023-08-28 12:00:00,0.0,135.8693376666666,0.0
2023-08-28 13:00:00,0.0,151.1043370666666,5.993810666666664
2023-08-28 14:00:00,0.0,148.82959658333328,11.274065000000009
2023-08-28 15:00:00,0.0,140.21984674999993,9.091841000000004
2023-08-28 16:00:00,0.0,102.38730913333332,36.18041433333338
2023-08-28 17:00:00,0.0,58.165098466666755,32.111294666666694
2023-08-28 18:00:00,1.4488100000000022,58.581180166666755,0.5727000000000015
2023-08-28 19:00:00,1.658782000000002,47.753730016666715,10.039286333333354
2023-08-28 20:00:00,0.0,44.74932616666671,10.779209666666691
2023-08-28 21:00:00,0.0,33.48479725000004,0.0
2023-08-28 22:00:00,0.0,15.542145250000015,0.0
2023-08-28 23:00:00,0.0,5.122479916666669,0.0
2023-08-29 00:00:00,0.0,2.587612033333335,0.0
2023-08-29 01:00:00,0.0,5.985098100000004,0.0
2023-08-29 02:00:00,0.0,7.9350851000000056,0.0
2023-08-29 03:00:00,0.0,10.53506778333334,0.0
2023-08-29 04:00:00,0.0,11.276466866666672,0.0
2023-08-29 05:00:00,0.0,16.919747216666682,0.41546800000000095
2023-08-29 06:00:00,1.583792000000002,31.299019166666724,9.07865233333336
2023-08-29 07:00:00,1.6137880000000029,30.020756566666723,34.23106800000006
2023-08-29 08:00:00,0.0,40.86198793333335,42.1709606666667
2023-08-29 09:00:00,0.0,64.40500531666666,16.040001500000024
2023-08-29 10:00:00,0.008273000000000006,64.29539274999999,18.323451833333372
2023-08-29 11:00:00,0.008268000000000006,100.95090309999998,14.687969333333356
2023-08-29 12:00:00,0.0,131.41757868333323,0.0
2023-08-29 13:00:00,0.0,158.5997339833333,7.194541000000003
2023-08-29 14:00:00,0.0,164.56515558333328,10.668162000000006
2023-08-29 15:00:00,0.0,131.99767939999992,7.325013000000004
2023-08-29 16:00:00,0.0,89.13138573333335,26.5655026666667
2023-08-29 17:00:00,0.0,59.954749700000086,22.074575000000024
2023-08-29 18:00:00,1.4488100000000028,60.04107116666675,0.5748080000000011
2023-08-29 19:00:00,1.448810000000003,49.33339140000004,10.963198333333354
2023-08-29 20:00:00,0.0,44.90760921666671,10.194560666666696
2023-08-29 21:00:00,0.0,32.70494001666671,0.0
2023-08-29 22:00:00,0.0,13.976515316666681,0.0
2023-08-29 23:00:00,0.0,4.46048431666667,0.0
2023-08-30 00:00:00,0.0,1.7826168499999995,0.0
2023-08-30 01:00:00,0.0,6.000098000000005,0.0
2023-08-30 02:00:00,0.0,8.25508296666667,0.0
2023-08-30 03:00:00,0.0,10.02557236666667,0.0
2023-08-30 04:00:00,0.0,12.645557600000007,0.0
2023-08-30 05:00:00,0.0,18.239868133333353,0.4496920000000009
2023-08-30 06:00:00,1.5013030000000016,31.58071710000007,9.464581666666692
2023-08-30 07:00:00,1.4938040000000032,31.250053616666715,40.00131000000005
2023-08-30 08:00:00,0.0,44.6602248,22.61280433333336
2023-08-30 09:00:00,0.0,71.89968186666665,17.20437100000003
2023-08-30 10:00:00,0.008278000000000006,76.80088899999996,15.2447861666667
2023-08-30 11:00:00,0.008263000000000005,118.45966441666664,13.113265833333351
2023-08-30 12:00:00,0.0,148.14298349999996,0.0
2023-08-30 13:00:00,0.0,139.52681009999995,6.598935333333333
2023-08-30 14:00:00,0.0,128.52591404999995,9.831100333333335
2023-08-30 15:00:00,0.0,117.04928131666662,8.077955000000003
2023-08-30 16:00:00,0.0,92.74699473333332,30.3508656666667
2023-08-30 17:00:00,0.0,60.47088225000009,36.73532066666671
2023-08-30 18:00:00,1.5462970000000016,59.52133138333342,0.6086600000000015
2023-08-30 19:00:00,1.5537960000000017,47.54719190000004,10.764960000000025
2023-08-30 20:00:00,0.0,43.77529718333337,10.622637000000031
2023-08-30 21:00:00,0.0,33.753864333333375,0.0
2023-08-30 22:00:00,0.0,14.659318133333349,0.0
2023-08-30 23:00:00,0.0,4.882315966666669,0.0
2023-08-31 00:00:00,0.0,1.5201177166666662,0.0
2023-08-31 01:00:00,0.0,6.4250951666666705,0.0
2023-08-31 02:00:00,0.0,8.495081366666673,0.0
2023-08-31 03:00:00,0.0,10.230071033333335,0.0
2023-08-31 04:00:00,0.0,11.626791583333342,0.0
2023-08-31 05:00:00,0.0,16.67951675000001,0.4840400000000006
2023-08-31 06:00:00,1.5762930000000004,31.997868083333387,10.010002333333356
2023-08-31 07:00:00,1.531299000000003,31.390142950000044,34.56049133333339
2023-08-31 08:00:00,0.0,33.05844543333335,23.451018000000037
2023-08-31 09:00:00,0.0,48.93032005000002,16.25925750000003
2023-08-31 10:00:00,0.008269000000000006,67.80340471666666,14.491567333333373
2023-08-31 11:00:00,0.008272000000000005,102.2558317833333,15.123989833333365
2023-08-31 12:00:00,0.0,134.60251318333323,0.0
2023-08-31 13:00:00,0.0,155.99431718333327,8.68022933333334
2023-08-31 14:00:00,0.0,155.7668201166666,9.393003666666676
2023-08-31 15:00:00,0.0,151.38473969999995,10.015388666666672
2023-08-31 16:00:00,0.0,98.72733096666666,25.43191700000003
2023-08-31 17:00:00,0.0,61.73814591666676,34.78732100000003
2023-08-31 18:00:00,1.5013030000000012,60.83158191666676,0.6003520000000018
2023-08-31 19:00:00,1.4863050000000038,48.57942725000004,10.303579666666693
2023-08-31 20:00:00,0.0,46.29959458333337,10.422757000000033
2023-08-31 21:00:00,0.0,34.17929200000004,0.0
2023-08-31 22:00:00,0.0,14.753330033333347,0.0
2023-08-31 23:00:00,0.0,5.04498311666667,0.0
2023-09-01 00:00:00,0.0,1.7501172666666667,0.0
2023-09-01 01:00:00,0.0,5.662600250000003,0.0
2023-09-01 02:00:00,0.0,7.220089866666672,0.0
2023-09-01 03:00:00,0.0,9.057578766666673,0.0
2023-09-01 04:00:00,0.0,11.337306316666673,0.0
2023-09-01 05:00:00,0.0,18.33430996666668,0.43952400000000086
2023-09-01 06:00:00,1.5462970000000014,29.59147755000005,10.128740333333367
2023-09-01 07:00:00,1.5912910000000022,30.62918250000005,42.37063500000006
2023-09-01 08:00:00,0.0,40.70944483333335,23.421308333333364
2023-09-01 09:00:00,0.0,70.25323809999995,15.853631166666695
2023-09-01 10:00:00,0.008272000000000005,76.94903724999998,16.626553000000037
2023-09-01 11:00:00,0.008269000000000007,109.6160793666666,13.841362833333358
2023-09-01 12:00:00,0.0,126.5717775666666,0.0
2023-09-01 13:00:00,0.0,140.6324145166666,6.777902333333333
2023-09-01 14:00:00,0.0,133.2315724333333,9.709923666666672
2023-09-01 15:00:00,0.0,144.32092211666662,9.239865000000004
2023-09-01 16:00:00,0.0,98.05480616666667,40.12291100000004
2023-09-01 17:00:00,0.0,58.47509388333342,23.43284733333337
2023-09-01 18:00:00,1.5912910000000025,62.233386400000086,0.6213080000000011
2023-09-01 19:00:00,1.3663210000000021,49.41970648333337,11.042600666666692
2023-09-01 20:00:00,0.0,44.85726826666671,9.659881666666692
2023-09-01 21:00:00,0.0,32.93931255000004,0.0
2023-09-01 22:00:00,0.0,14.366309983333347,0.0
2023-09-01 23:00:00,0.0,4.9392388500000015,0.0
2023-09-02 00:00:00,0.0,3.1126092333333357,0.0
2023-09-02 01:00:00,0.0,7.1200905333333395,0.0
2023-09-02 02:00:00,0.0,9.12507716666667,0.0
2023-09-02 03:00:00,0.0,10.857566016666672,0.0
2023-09-02 04:00:00,0.0,11.83079781666667,0.0
2023-09-02 05:00:00,0.0,17.350911150000016,0.45651200000000086
2023-09-02 06:00:00,1.5612950000000032,30.766827216666723,11.030167666666696
2023-09-02 07:00:00,1.6812790000000013,31.34248665000005,32.23108066666672
2023-09-02 08:00:00,0.0,40.658714900000014,40.37805500000004
2023-09-02 09:00:00,0.0,65.57139073333333,17.705685166666697
2023-09-02 10:00:00,0.008271000000000006,74.3773001,16.838988500000035
2023-09-02 11:00:00,0.008270000000000007,99.6168313,12.436776333333357
2023-09-02 12:00:00,0.0,129.84167653333327,0.0
2023-09-02 13:00:00,0.0,150.33133148333326,6.818432333333333
2023-09-02 14:00:00,0.0,151.6465846666666,9.720773000000008
2023-09-02 15:00:00,0.0,137.29069161666658,8.657339
2023-09-02 16:00:00,0.0,101.58981016666664,30.5030956666667
2023-09-02 17:00:00,0.0,62.82001106666675,28.17411633333337
2023-09-02 18:00:00,1.5312990000000026,60.480782266666765,0.6308560000000012
2023-09-02 19:00:00,1.3213270000000026,48.679289566666704,9.839214000000027
2023-09-02 20:00:00,0.0,44.20701976666671,9.689863666666692
2023-09-02 21:00:00,0.0,33.543874816666715,0.0
2023-09-02 22:00:00,0.0,14.121242483333345,0.0
2023-09-02 23:00:00,0.0,4.232076766666667,0.0
2023-09-03 00:00:00,0.0,0.0,0.0
2023-09-03 01:00:00,0.0,0.0,0.0
2023-09-03 02:00:00,0.0,0.0,0.0
2023-09-03 03:00:00,0.0,0.0,0.0
2023-09-03 04:00:00,0.0,0.24214636666666645,0.0
2023-09-03 05:00:00,0.0,5.006462216666675,0.4157160000000005
2023-09-03 06:00:00,1.4563090000000016,16.366997716666717,9.329601666666694
2023-09-03 07:00:00,1.5762930000000026,14.86071858333338,37.14789000000006
2023-09-03 08:00:00,0.0,2.4424363666666657,39.42760533333337
2023-09-03 09:00:00,0.0,0.6886011833333294,14.888348000000022
2023-09-03 10:00:00,0.008275000000000006,0.6312667666666631,15.594042500000034
2023-09-03 11:00:00,0.008266000000000006,0.6614338833333298,13.653305166666692
2023-09-03 12:00:00,0.0,0.6429388166666631,0.0
2023-09-03 13:00:00,0.0,0.7194345499999961,8.597717333333334
2023-09-03 14:00:00,0.0,0.7103516499999961,8.953871000000007
2023-09-03 15:00:00,0.0,0.7091793833333296,8.473897000000004
2023-09-03 16:00:00,0.0,3.097717266666662,32.94212466666669
2023-09-03 17:00:00,0.0,32.05607691666675,18.2046066666667
2023-09-03 18:00:00,1.6287860000000032,46.78475485000008,0.593284000000001
2023-09-03 19:00:00,1.4338120000000034,35.2299568166667,10.345328666666692
2023-09-03 20:00:00,0.0,32.37615038333337,11.075698333333355
2023-09-03 21:00:00,0.0,22.643471616666705,0.0
2023-09-03 22:00:00,0.0,5.509036850000006,0.0
2023-09-03 23:00:00,0.0,0.3494674166666662,0.0
2023-09-04 00:00:00,0.0,2.0051153666666655,0.0
2023-09-04 01:00:00,0.0,5.5076012833333365,0.0
2023-09-04 02:00:00,0.0,9.260076266666672,0.0
2023-09-04 03:00:00,0.0,11.070065083333338,0.0
2023-09-04 04:00:00,0.0,11.967812916666677,0.0
2023-09-04 05:00:00,0.0,19.223317666666684,0.42724800000000057
2023-09-04 06:00:00,1.5163010000000015,33.68715510000006,10.811752666666695
2023-09-04 07:00:00,1.5013030000000032,31.571876833333384,37.940935333333385
2023-09-04 08:00:00,0.0,35.36972370000001,24.85677500000003
2023-09-04 09:00:00,0.0,58.761940383333325,15.94982850000003
2023-09-04 10:00:00,0.008272000000000007,81.73345373333332,18.98778483333337
2023-09-04 11:00:00,0.008269000000000006,113.18898824999997,12.39702483333335
2023-09-04 12:00:00,0.0,131.3035225166666,0.0
2023-09-04 13:00:00,0.0,146.98876279999996,7.418357333333335
2023-09-04 14:00:00,0.0,137.81575703333326,10.50351733333334
2023-09-04 15:00:00,0.0,136.43983221666662,9.091512666666677
2023-09-04 16:00:00,0.0,100.58934561666665,35.27112066666669
2023-09-04 17:00:00,0.0,62.76359211666676,24.61237533333336
2023-09-04 18:00:00,1.778766000000001,58.628699016666744,0.5683600000000014
2023-09-04 19:00:00,1.2988300000000041,48.2687011666667,10.145015666666694
2023-09-04 20:00:00,0.0,45.720345450000046,9.958036000000027
2023-09-04 21:00:00,0.0,34.33093721666671,0.0
2023-09-04 22:00:00,0.0,13.939542950000014,0.0
2023-09-04 23:00:00,0.0,4.105496350000002,0.0
2023-09-05 00:00:00,0.0,2.605111016666668,0.0
2023-09-05 01:00:00,0.0,6.345095700000009,0.0
2023-09-05 02:00:00,0.0,8.795079366666675,0.0
2023-09-05 03:00:00,0.0,10.85256603333334,0.0
2023-09-05 04:00:00,0.0,11.523575216666671,0.0
2023-09-05 05:00:00,0.0,17.608787400000015,0.4191880000000006
2023-09-05 06:00:00,1.553796000000003,29.797337366666724,10.48013500000003
2023-09-05 07:00:00,1.4713070000000017,28.53273936666671,34.60740500000006
2023-09-05 08:00:00,0.0,41.53798860000001,34.62527300000003
2023-09-05 09:00:00,0.0,72.38233491666665,17.888237000000032
2023-09-05 10:00:00,0.008289000000000006,78.49997146666665,16.665917166666702
2023-09-05 11:00:00,0.008252000000000006,108.99398114999998,11.820974333333353
2023-09-05 12:00:00,0.0,137.2381768499999,0.0
2023-09-05 13:00:00,0.0,144.8879952333333,5.902988333333335
2023-09-05 14:00:00,0.0,138.18373789999993,11.358097000000013
2023-09-05 15:00:00,0.0,129.79641544999996,8.658097666666675
2023-09-05 16:00:00,0.0,95.27403611666665,29.74975233333336
2023-09-05 17:00:00,0.0,57.24295746666676,30.157400666666696
2023-09-05 18:00:00,1.5537960000000033,63.51034050000008,0.6132480000000011
2023-09-05 19:00:00,1.5163010000000015,48.6194312166667,10.10129366666669
2023-09-05 20:00:00,0.0,44.98394000000004,9.901403333333365
2023-09-05 21:00:00,0.0,33.00645953333338,0.0
2023-09-05 22:00:00,0.0,14.63319003333335,0.0
2023-09-05 23:00:00,0.0,5.413975583333337,0.0
2023-09-06 00:00:00,0.0,2.355114566666666,0.0
2023-09-06 01:00:00,0.0,7.257589616666674,0.0
2023-09-06 02:00:00,0.0,10.890065400000008,0.0
2023-09-06 03:00:00,0.0,11.725061016666674,0.0
2023-09-06 04:00:00,0.0,12.28174638333334,0.0
2023-09-06 05:00:00,0.0,18.85352211666668,0.44113600000000097
2023-09-06 06:00:00,1.591291000000003,30.64757171666672,9.564769666666688
2023-09-06 07:00:00,1.4638080000000018,32.58372691666672,53.6610393333334
2023-09-06 08:00:00,0.0,41.08792996666668,37.016408333333366
2023-09-06 09:00:00,0.0,61.95575703333331,14.72142833333336
2023-09-06 10:00:00,0.008275000000000006,73.09781311666664,19.679031833333372
2023-09-06 11:00:00,0.008266000000000008,95.98491506666664,14.182617666666694
2023-09-06 12:00:00,0.0,136.62085419999994,0.0
2023-09-06 13:00:00,0.0,147.54441831666657,6.299102999999997
2023-09-06 14:00:00,0.0,142.4709938666666,8.217739333333336
2023-09-06 15:00:00,0.0,143.47333119999993,7.63846
2023-09-06 16:00:00,0.0,90.69525218333331,22.601342666666696
2023-09-06 17:00:00,0.0,61.33404186666676,16.11247200000003
2023-09-06 18:00:00,1.5088020000000015,60.26622005000009,0.5466600000000018
2023-09-06 19:00:00,1.5312990000000024,46.222147083333375,9.94873700000003
2023-09-06 20:00:00,0.0,44.059601933333376,10.764218666666698
2023-09-06 21:00:00,0.0,33.21981581666671,0.0
2023-09-06 22:00:00,0.0,14.953495483333349,0.0
2023-09-06 23:00:00,0.0,5.009311916666669,0.0
2023-09-07 00:00:00,0.0,2.460112516666666,0.0
2023-09-07 01:00:00,0.0,6.980091466666672,0.0
2023-09-07 02:00:00,0.0,9.66007360000001,0.0
2023-09-07 03:00:00,0.0,10.504068650000008,0.0
2023-09-07 04:00:00,0.0,12.527370416666672,0.0
2023-09-07 05:00:00,0.0,17.36936993333335,0.46110000000000084
2023-09-07 06:00:00,1.3813190000000006,30.809017650000058,10.474194000000029
2023-09-07 07:00:00,1.583792000000003,31.900515833333387,37.34308466666672
2023-09-07 08:00:00,0.0,40.691995200000015,37.637277333333365
2023-09-07 09:00:00,0.0,53.61914791666667,16.82435883333336
2023-09-07 10:00:00,0.008273000000000004,71.41528831666668,14.825791333333363
2023-09-07 11:00:00,0.008268000000000006,109.86190404999998,13.509124666666693
2023-09-07 12:00:00,0.0,150.1334042999999,0.0
2023-09-07 13:00:00,0.0,154.57431666666662,6.244768666666667
2023-09-07 14:00:00,0.0,142.50040661666662,9.031010666666669
2023-09-07 15:00:00,0.0,136.9818344333333,11.169956333333335
2023-09-07 16:00:00,0.0,97.88722784999999,30.956648666666705
2023-09-07 17:00:00,0.0,56.63062793333342,23.89299133333337
2023-09-07 18:00:00,1.5312990000000017,61.92018765000009,0.5505040000000014
2023-09-07 19:00:00,1.5987900000000028,49.30215686666671,9.762676666666689
2023-09-07 20:00:00,0.0,44.735467316666714,10.481055333333364
2023-09-07 21:00:00,0.0,32.87166770000004,0.0
2023-09-07 22:00:00,0.0,13.070003483333348,0.0
2023-09-07 23:00:00,0.0,4.099897950000002,0.0
2023-09-08 00:00:00,0.0,2.3976123499999997,0.0
2023-09-08 01:00:00,0.0,7.32258918333334,0.0
2023-09-08 02:00:00,0.0,9.260076266666674,0.0
2023-09-08 03:00:00,0.0,10.657567400000007,0.0
2023-09-08 04:00:00,0.0,12.632441016666672,0.0
2023-09-08 05:00:00,0.0,17.141251300000018,0.5043760000000008
2023-09-08 06:00:00,1.6137880000000018,33.10811525000006,10.166495666666691
2023-09-08 07:00:00,1.5462970000000023,31.50297205000005,32.243145333333395
2023-09-08 08:00:00,0.0,44.782875666666676,36.695556333333364
2023-09-08 09:00:00,0.0,60.696513949999996,16.66824916666669
2023-09-08 10:00:00,0.008268000000000006,77.9218753833333,16.486409000000037
2023-09-08 11:00:00,0.008273000000000006,108.34348204999998,13.06175233333336
2023-09-08 12:00:00,0.0,141.79225698333323,0.0
2023-09-08 13:00:00,0.0,145.3729960666666,6.133317666666666
2023-09-08 14:00:00,0.0,131.7037663666666,7.568956999999998
2023-09-08 15:00:00,0.0,129.63086039999996,11.954532000000011
2023-09-08 16:00:00,0.0,96.95525463333331,23.199036333333375
2023-09-08 17:00:00,0.0,62.24465411666676,37.274967666666704
2023-09-08 18:00:00,1.5013030000000036,60.64850223333341,0.5842320000000012
2023-09-08 19:00:00,1.4338120000000014,48.818565333333375,10.436235000000028
2023-09-08 20:00:00,0.0,45.088617783333376,9.873087000000028
2023-09-08 21:00:00,0.0,33.04865773333338,0.0
2023-09-08 22:00:00,0.0,14.596622333333345,0.0
2023-09-08 23:00:00,0.0,4.893900666666668,0.0
2023-09-09 00:00:00,0.0,2.7901107,0.0
2023-09-09 01:00:00,0.0,7.51008793333334,0.0
2023-09-09 02:00:00,0.0,9.485074766666676,0.0
2023-09-09 03:00:00,0.0,10.307570466666672,0.0
2023-09-09 04:00:00,0.0,11.644578366666671,0.0
2023-09-09 05:00:00,0.0,16.94558986666668,0.5094599999999997
2023-09-09 06:00:00,1.5687940000000011,30.04153155000005,10.31887800000003
2023-09-09 07:00:00,1.508802000000002,29.674986300000047,36.127487666666724
2023-09-09 08:00:00,0.0,44.08171298333334,36.87358400000003
2023-09-09 09:00:00,0.0,68.91164836666664,14.268757833333357
2023-09-09 10:00:00,0.008259000000000006,70.74565366666667,16.3737751666667
2023-09-09 11:00:00,0.008282000000000006,112.47492006666664,12.878628166666687
2023-09-09 12:00:00,0.0,127.35467099999994,0.0
2023-09-09 13:00:00,0.0,144.8995636666666,7.211023000000003
2023-09-09 14:00:00,0.0,148.04674533333326,7.837795333333337
2023-09-09 15:00:00,0.0,137.51461189999992,10.148572333333341
2023-09-09 16:00:00,0.0,96.65089241666664,26.42498433333337
2023-09-09 17:00:00,0.0,62.79241095000008,36.085709666666716
2023-09-09 18:00:00,1.456309000000003,60.32446016666676,0.5859680000000013
2023-09-09 19:00:00,1.5612950000000037,49.88418735000003,9.678960000000028
2023-09-09 20:00:00,0.0,45.73529433333338,10.73423666666669
2023-09-09 21:00:00,0.0,34.99913648333338,0.0
2023-09-09 22:00:00,0.0,15.729330233333348,0.0
2023-09-09 23:00:00,0.0,4.409817800000001,0.0
2023-09-10 00:00:00,0.0,0.0,0.0
2023-09-10 01:00:00,0.0,0.0,0.0
2023-09-10 02:00:00,0.0,0.0,0.0
2023-09-10 03:00:00,0.0,0.0,0.0
2023-09-10 04:00:00,0.0,0.25294888333333315,0.0
2023-09-10 05:00:00,0.0,5.301970266666676,0.4761040000000002
2023-09-10 06:00:00,1.448810000000003,18.287861033333385,10.372651333333357
2023-09-10 07:00:00,1.508802,14.206976733333377,38.44922166666673
2023-09-10 08:00:00,0.0,1.830693166666665,41.750892333333375
2023-09-10 09:00:00,0.0,0.6323565333333296,15.756000666666695
2023-09-10 10:00:00,0.008267000000000007,0.6485229999999962,15.268147000000035
2023-09-10 11:00:00,0.008274000000000007,0.6711024499999968,12.125033333333356
2023-09-10 12:00:00,0.0,0.6204372166666643,0.0
2023-09-10 13:00:00,0.0,0.4882814833333309,9.222312999999998
2023-09-10 14:00:00,0.0,0.6445201499999963,8.720346000000001
2023-09-10 15:00:00,0.0,0.6516055999999965,9.68131300000001
2023-09-10 16:00:00,0.0,3.736641483333332,25.4661416666667
2023-09-10 17:00:00,0.0,30.59191131666674,33.871416666666704
2023-09-10 18:00:00,1.501303000000004,47.07124093333342,0.6911200000000002
2023-09-10 19:00:00,1.6362850000000029,34.556920333333366,9.367926333333362
2023-09-10 20:00:00,0.0,31.76665455000004,10.604314666666692
2023-09-10 21:00:00,0.0,22.699521466666702,0.0
2023-09-10 22:00:00,0.0,5.420056083333342,0.0
2023-09-10 23:00:00,0.0,0.3953041833333329,0.0
2023-09-11 00:00:00,0.0,2.5651126666666677,0.0
2023-09-11 01:00:00,0.0,6.297596016666671,0.0
2023-09-11 02:00:00,0.0,8.942578383333341,0.0
2023-09-11 03:00:00,0.0,10.095070866666672,0.0
2023-09-11 04:00:00,0.0,11.384683466666672,0.0
2023-09-11 05:00:00,0.0,17.982226850000014,0.5207440000000013
2023-09-11 06:00:00,1.5462970000000014,29.848178316666722,9.93203433333336
2023-09-11 07:00:00,1.4188140000000018,32.178710800000054,27.495300000000057
2023-09-11 08:00:00,0.0,36.46064235000001,43.71442233333337
2023-09-11 09:00:00,0.0,64.67437648333333,13.781170500000025
2023-09-11 10:00:00,0.008253000000000005,88.03387969999997,15.87589350000004
2023-09-11 11:00:00,0.008288000000000005,119.66738883333329,15.087971000000028
2023-09-11 12:00:00,0.0,139.0527477166666,0.0
2023-09-11 13:00:00,0.0,141.8751462666666,7.660988000000005
2023-09-11 14:00:00,0.0,137.44818658333324,8.908693333333334
2023-09-11 15:00:00,0.0,129.41302524999992,9.433309999999997
2023-09-11 16:00:00,0.0,88.4616683,29.77792633333337
2023-09-11 17:00:00,0.0,58.93621651666676,28.5096186666667
2023-09-11 18:00:00,1.5837920000000012,60.082257450000085,0.5598040000000011
2023-09-11 19:00:00,1.5462970000000034,49.72678716666671,11.452008666666691
2023-09-11 20:00:00,0.0,45.45891456666671,10.352799000000028
2023-09-11 21:00:00,0.0,33.41995890000005,0.0
2023-09-11 22:00:00,0.0,15.351867933333349,0.0
2023-09-11 23:00:00,0.0,4.621317333333336,0.0
2023-09-12 00:00:00,0.0,2.095117566666666,0.0
2023-09-12 01:00:00,0.0,5.557600950000004,0.0
2023-09-12 02:00:00,0.0,8.66508023333334,0.0
2023-09-12 03:00:00,0.0,10.295070550000005,0.0
2023-09-12 04:00:00,0.0,10.315079933333339,0.0
2023-09-12 05:00:00,0.0,17.02134771666668,0.4614720000000007
2023-09-12 06:00:00,1.5462970000000023,30.43077125000005,9.635927000000024
2023-09-12 07:00:00,1.5687940000000007,38.60876990000005,38.52011800000006
2023-09-12 08:00:00,0.0,52.25537703333334,28.357397333333367
2023-09-12 09:00:00,0.0,74.89871886666663,16.593244000000027
2023-09-12 10:00:00,0.008274000000000007,81.86255848333332,15.175191000000035
2023-09-12 11:00:00,0.008267000000000007,114.13164744999996,13.113720000000026
2023-09-12 12:00:00,0.0,126.19932223333329,0.0
2023-09-12 13:00:00,0.0,134.8859737666666,8.192083666666665
2023-09-12 14:00:00,0.0,144.46007349999994,9.08351366666667
2023-09-12 15:00:00,0.0,127.3320339666666,10.808688000000005
2023-09-12 16:00:00,0.0,91.321562,36.659861000000035
2023-09-12 17:00:00,0.0,59.62524971666676,31.170912333333362
2023-09-12 18:00:00,1.5088020000000015,58.78686950000009,0.6208120000000008
2023-09-12 19:00:00,1.4713070000000021,47.056508700000045,10.790515000000024
2023-09-12 20:00:00,0.0,43.733142800000046,10.825848333333363
2023-09-12 21:00:00,0.0,33.21443036666671,0.0
2023-09-12 22:00:00,0.0,13.57605143333335,0.0
2023-09-12 23:00:00,0.0,4.0509087,0.0
2023-09-13 00:00:00,0.0,2.0426142,0.0
2023-09-13 01:00:00,0.0,6.705093300000008,0.0
2023-09-13 02:00:00,0.0,9.572574183333339,0.0
2023-09-13 03:00:00,0.0,11.060064650000008,0.0
2023-09-13 04:00:00,0.0,12.49106013333334,0.0
2023-09-13 05:00:00,0.0,18.83437136666668,0.4380360000000004
2023-09-13 06:00:00,1.5687940000000005,32.78815498333339,10.423987333333356
2023-09-13 07:00:00,1.5013030000000012,34.575347200000046,31.229519000000067
2023-09-13 08:00:00,0.0,36.44333211666668,27.995096000000025
2023-09-13 09:00:00,0.0,55.3381646,14.59865866666669
2023-09-13 10:00:00,0.008268000000000006,62.80613561666667,16.34825183333337
2023-09-13 11:00:00,0.008273000000000006,108.77332586666662,13.931111666666697
2023-09-13 12:00:00,0.0,140.45158049999992,0.0
2023-09-13 13:00:00,0.0,147.09300898333328,7.914796333333336
2023-09-13 14:00:00,0.0,149.45417093333327,9.484431666666667
2023-09-13 15:00:00,0.0,135.22369323333328,10.930988333333339
2023-09-13 16:00:00,0.0,98.65137869999995,30.867830666666705
2023-09-13 17:00:00,0.0,59.4393398000001,38.15986933333336
2023-09-13 18:00:00,1.523800000000003,57.42123293333342,0.5638960000000016
2023-09-13 19:00:00,1.5013030000000034,48.72808598333337,10.248275666666693
2023-09-13 20:00:00,0.0,44.31657335000004,10.102949000000025
2023-09-13 21:00:00,0.0,34.813780350000044,0.0
2023-09-13 22:00:00,0.0,15.115564200000012,0.0
2023-09-13 23:00:00,0.0,4.418651233333335,0.0
2023-09-14 00:00:00,0.0,1.900117816666667,0.0
2023-09-14 01:00:00,0.0,5.445101700000003,0.0
2023-09-14 02:00:00,0.0,7.875085500000006,0.0
2023-09-14 03:00:00,0.0,9.740073700000009,0.0
2023-09-14 04:00:00,0.0,11.180581833333338,0.0
2023-09-14 05:00:00,0.0,17.346501233333342,0.522852
2023-09-14 06:00:00,1.5612950000000014,30.621937583333384,9.899840666666691
2023-09-14 07:00:00,1.4488100000000037,30.919994050000046,40.6104483333334
2023-09-14 08:00:00,0.0,37.956461900000015,35.7944316666667
2023-09-14 09:00:00,0.0,69.75699036666666,16.15528633333336
2023-09-14 10:00:00,0.008269000000000006,78.48904723333334,17.89416500000004
2023-09-14 11:00:00,0.008272000000000005,114.12332699999997,13.969307000000025
2023-09-14 12:00:00,0.0,143.81240851666658,0.0
2023-09-14 13:00:00,0.0,151.6775446166666,5.7130163333333295
2023-09-14 14:00:00,0.0,143.94215843333325,9.639936666666669
2023-09-14 15:00:00,0.0,137.99293604999997,12.280693666666675
2023-09-14 16:00:00,0.0,81.10718561666667,16.40325100000003
2023-09-14 17:00:00,0.0,56.750166000000085,36.1714956666667
2023-09-14 18:00:00,1.5612950000000019,60.388075133333416,0.5500080000000014
2023-09-14 19:00:00,1.5238000000000012,46.90075585000004,9.428623333333357
2023-09-14 20:00:00,0.0,42.95800633333337,10.217880000000028
2023-09-14 21:00:00,0.0,33.00142440000005,0.0
2023-09-14 22:00:00,0.0,14.89611241666668,0.0
2023-09-14 23:00:00,0.0,6.08780841666667,0.0
2023-09-15 00:00:00,0.0,2.632610816666669,0.0
2023-09-15 01:00:00,0.0,6.682593450000006,0.0
2023-09-15 02:00:00,0.0,9.010077933333337,0.0
2023-09-15 03:00:00,0.0,9.88507233333334,0.0
2023-09-15 04:00:00,0.0,10.744983116666672,0.0
2023-09-15 05:00:00,0.0,16.657258233333348,0.40579600000000066
2023-09-15 06:00:00,1.5762930000000024,32.83277575000006,10.98534466666669
2023-09-15 07:00:00,1.6512830000000014,31.141283300000048,48.515566666666714
2023-09-15 08:00:00,0.0,39.03289093333334,33.852006333333364
2023-09-15 09:00:00,0.0,66.03743678333332,15.159458000000027
2023-09-15 10:00:00,0.008270000000000007,75.41163881666664,16.65493683333337
2023-09-15 11:00:00,0.008271000000000006,113.94723775,14.154214666666693
2023-09-15 12:00:00,0.0,137.17849016666662,0.0
2023-09-15 13:00:00,0.0,148.0318120833333,6.301936333333331
2023-09-15 14:00:00,0.0,143.67831918333326,8.855015666666672
2023-09-15 15:00:00,0.0,141.11325523333326,12.390814333333344
2023-09-15 16:00:00,0.0,96.00983308333332,28.79173233333336
2023-09-15 17:00:00,0.0,57.691729150000086,15.038226333333375
2023-09-15 18:00:00,1.3888180000000012,58.91212066666675,0.5945240000000015
2023-09-15 19:00:00,1.478806000000002,47.976251233333365,11.043927666666693
2023-09-15 20:00:00,0.0,42.749156200000044,9.313423000000025
2023-09-15 21:00:00,0.0,31.16319078333337,0.0
2023-09-15 22:00:00,0.0,13.74395983333335,0.0
2023-09-15 23:00:00,0.0,4.69873591666667,0.0
2023-09-16 00:00:00,0.0,2.012616633333334,0.0
2023-09-16 01:00:00,0.0,6.59509403333334,0.0
2023-09-16 02:00:00,0.0,8.56758088333334,0.0
2023-09-16 03:00:00,0.0,10.437569600000009,0.0
2023-09-16 04:00:00,0.0,11.48890498333334,0.0
2023-09-16 05:00:00,0.0,17.999754366666682,0.4867680000000008
2023-09-16 06:00:00,1.5837920000000008,30.347590033333393,10.888162333333359
2023-09-16 07:00:00,1.5088020000000044,29.66802973333338,35.886286666666734
2023-09-16 08:00:00,0.0,36.48624593333333,24.21825366666671
2023-09-16 09:00:00,0.0,56.21455948333333,15.618178666666696
2023-09-16 10:00:00,0.008260000000000005,77.8254679333333,16.41167700000004
2023-09-16 11:00:00,0.008281000000000005,120.35697474999996,12.41012300000002
2023-09-16 12:00:00,0.0,144.55016174999994,0.0
2023-09-16 13:00:00,0.0,147.46565323333328,9.095331000000003
2023-09-16 14:00:00,0.0,138.43825414999995,10.282690000000006
2023-09-16 15:00:00,0.0,136.94877154999992,8.146405
2023-09-16 16:00:00,0.0,89.98389856666665,31.910730000000026
2023-09-16 17:00:00,0.0,60.229110200000086,37.1355186666667
2023-09-16 18:00:00,1.5238000000000038,62.70332468333342,0.619696000000001
2023-09-16 19:00:00,1.4788060000000016,48.275550883333366,9.796920666666699
2023-09-16 20:00:00,0.0,45.41232356666671,10.119605666666695
2023-09-16 21:00:00,0.0,33.812664883333376,0.0
2023-09-16 22:00:00,0.0,14.924627300000017,0.0
2023-09-16 23:00:00,0.0,4.340242750000003,0.0
2023-09-17 00:00:00,0.0,0.0,0.0
2023-09-17 01:00:00,0.0,0.0,0.0
2023-09-17 02:00:00,0.0,0.0,0.0
2023-09-17 03:00:00,0.0,0.0,0.0
2023-09-17 04:00:00,0.0,0.2894777999999997,0.0
2023-09-17 05:00:00,0.0,5.076386300000007,0.4747400000000011
2023-09-17 06:00:00,1.598790000000002,17.958936283333387,10.392150666666696
2023-09-17 07:00:00,1.5013030000000005,13.352398833333377,36.617926000000054
2023-09-17 08:00:00,0.0,1.3793735666666627,31.54954600000003
2023-09-17 09:00:00,0.0,0.6918824999999963,13.493486166666697
2023-09-17 10:00:00,0.008274000000000007,0.7008485999999965,16.36997400000004
2023-09-17 11:00:00,0.008267000000000007,0.5915219833333304,13.050031333333354
2023-09-17 12:00:00,0.0,0.5564442833333308,0.0
2023-09-17 13:00:00,0.0,0.612856366666664,7.6464760000000025
2023-09-17 14:00:00,0.0,0.7305107166666631,10.972970333333338
2023-09-17 15:00:00,0.0,0.7120951333333292,10.537534333333337
2023-09-17 16:00:00,0.0,4.112458416666665,25.162573000000027
2023-09-17 17:00:00,0.0,32.755425183333415,32.69968000000003
2023-09-17 18:00:00,1.6137880000000029,46.89399148333341,0.5758000000000016
2023-09-17 19:00:00,1.3813190000000026,34.55100218333337,11.008214000000027
2023-09-17 20:00:00,0.0,31.975948483333365,10.013003000000028
2023-09-17 21:00:00,0.0,21.83774943333337,0.0
2023-09-17 22:00:00,0.0,5.048410816666675,0.0
2023-09-17 23:00:00,0.0,0.3428827666666663,0.0
2023-09-18 00:00:00,0.0,2.5476131000000004,0.0
2023-09-18 01:00:00,0.0,6.802592650000003,0.0
2023-09-18 02:00:00,0.0,9.88757208333334,0.0
2023-09-18 03:00:00,0.0,11.253313816666672,0.0
2023-09-18 04:00:00,0.0,12.56414640000001,0.0
2023-09-18 05:00:00,0.0,17.07522276666668,0.4930920000000003
2023-09-18 06:00:00,1.6737800000000012,30.035273850000056,10.507564666666697
2023-09-18 07:00:00,1.3588220000000033,29.130439566666716,45.53360266666672
2023-09-18 08:00:00,0.0,33.860365650000006,35.034292000000036
2023-09-18 09:00:00,0.0,61.201184133333314,14.116993833333355
2023-09-18 10:00:00,0.008288000000000007,76.79762894999999,13.1710516666667
2023-09-18 11:00:00,0.008253000000000005,104.89350449999998,16.335922000000032
2023-09-18 12:00:00,0.0,136.01392294999994,0.0
2023-09-18 13:00:00,0.0,148.33340929999994,8.468437000000005
2023-09-18 14:00:00,0.0,152.49857039999992,9.934620333333344
2023-09-18 15:00:00,0.0,132.84643221666659,7.007385333333334
2023-09-18 16:00:00,0.0,95.20591879999998,30.997105666666698
2023-09-18 17:00:00,0.0,59.295816616666755,17.42133066666669
2023-09-18 18:00:00,1.5537960000000026,61.11825976666676,0.6077920000000016
2023-09-18 19:00:00,1.5088020000000024,47.23267060000004,10.357069666666696
2023-09-18 20:00:00,0.0,44.59679511666671,10.227874000000023
2023-09-18 21:00:00,0.0,34.028835950000044,0.0
2023-09-18 22:00:00,0.0,14.761919000000015,0.0
2023-09-18 23:00:00,0.0,5.366649733333336,0.0
2023-09-19 00:00:00,0.0,2.502614116666666,0.0
2023-09-19 01:00:00,0.0,5.980098133333337,0.0
2023-09-19 02:00:00,0.0,8.812579250000006,0.0
2023-09-19 03:00:00,0.0,9.757573216666671,0.0
2023-09-19 04:00:00,0.0,11.46638813333334,0.0
2023-09-19 05:00:00,0.0,16.841607666666683,0.4475840000000005
2023-09-19 06:00:00,1.4338120000000034,32.11688228333339,9.990221666666692
2023-09-19 07:00:00,1.426313000000002,32.87961035000006,40.94257866666672
2023-09-19 08:00:00,0.0,44.72454108333334,28.945961666666697
2023-09-19 09:00:00,0.0,62.051752650000005,14.368673833333355
2023-09-19 10:00:00,0.008277000000000007,68.68438736666666,15.355249000000034
2023-09-19 11:00:00,0.008264000000000006,110.88234084999998,14.314621500000024
2023-09-19 12:00:00,0.0,144.38982268333325,0.0
2023-09-19 13:00:00,0.0,146.58764104999992,6.481299666666669
2023-09-19 14:00:00,0.0,144.81066403333327,10.936516333333342
2023-09-19 15:00:00,0.0,125.76126079999996,11.137632000000009
2023-09-19 16:00:00,0.0,93.46488073333333,32.931008000000034
2023-09-19 17:00:00,0.0,60.341845116666754,26.475970666666697
2023-09-19 18:00:00,1.5687940000000002,59.56772465000007,0.6037000000000009
2023-09-19 19:00:00,1.6662810000000006,49.128452400000036,9.92458666666669
2023-09-19 20:00:00,0.0,44.25098696666672,10.171241333333365
2023-09-19 21:00:00,0.0,31.373654300000048,0.0
2023-09-19 22:00:00,0.0,13.184660783333348,0.0
2023-09-19 23:00:00,0.0,4.316654183333334,0.0
2023-09-20 00:00:00,0.0,2.5026140999999997,0.0
2023-09-20 01:00:00,0.0,6.375095500000005,0.0
2023-09-20 02:00:00,0.0,8.70257998333334,0.0
2023-09-20 03:00:00,0.0,10.022571716666672,0.0
2023-09-20 04:00:00,0.0,11.102758216666672,0.0
2023-09-20 05:00:00,0.0,17.47115073333335,0.4531640000000008
2023-09-20 06:00:00,1.463808000000002,28.583414566666725,10.087961000000028
2023-09-20 07:00:00,1.651283000000001,37.25755288333338,42.28896766666672
2023-09-20 08:00:00,0.0,40.868135883333345,24.58028400000003
2023-09-20 09:00:00,0.0,73.10458418333332,16.352781500000034
2023-09-20 10:00:00,0.008274000000000007,66.99929463333334,15.4799286666667
2023-09-20 11:00:00,0.008267000000000007,94.16242373333331,12.23525866666669
2023-09-20 12:00:00,0.0,142.62632503333327,0.0
2023-09-20 13:00:00,0.0,152.84515821666665,6.218957333333332
2023-09-20 14:00:00,0.0,144.24756696666657,10.901013333333344
2023-09-20 15:00:00,0.0,129.68860093333325,9.750592333333334
2023-09-20 16:00:00,0.0,92.45420716666666,35.0991816666667
2023-09-20 17:00:00,0.0,58.49146453333342,32.14532133333337
2023-09-20 18:00:00,1.4488100000000013,59.44103761666676,0.6107680000000014
2023-09-20 19:00:00,1.5312990000000029,48.159993683333376,10.294870000000026
2023-09-20 20:00:00,0.0,46.53440418333338,11.050713333333364
2023-09-20 21:00:00,0.0,35.009752666666714,0.0
2023-09-20 22:00:00,0.0,15.388355133333347,0.0
2023-09-20 23:00:00,0.0,4.282816600000001,0.0
2023-09-21 00:00:00,0.0,2.285114833333334,0.0
2023-09-21 01:00:00,0.0,6.03259778333334,0.0
2023-09-21 02:00:00,0.0,7.792586050000007,0.0
2023-09-21 03:00:00,0.0,10.560068500000005,0.0
2023-09-21 04:00:00,0.0,10.980289616666672,0.0
2023-09-21 05:00:00,0.0,16.919022550000015,0.4887520000000008
2023-09-21 06:00:00,1.471307000000003,31.120944283333394,9.89379633333336
2023-09-21 07:00:00,1.4788060000000027,33.74963210000005,34.559065666666704
2023-09-21 08:00:00,0.0,45.58138960000001,34.392931000000026
2023-09-21 09:00:00,0.0,60.10124255,15.228005333333364
2023-09-21 10:00:00,0.008260000000000007,64.42265801666666,16.457171000000038
2023-09-21 11:00:00,0.008281000000000005,111.80426271666664,13.435530333333356
2023-09-21 12:00:00,0.0,161.3717402666666,0.0
2023-09-21 13:00:00,0.0,151.88989718333326,7.450353333333335
2023-09-21 14:00:00,0.0,141.4890652166666,10.432372666666671
2023-09-21 15:00:00,0.0,125.78325644999994,10.526201000000007
2023-09-21 16:00:00,0.0,89.97301131666666,19.899672000000027
2023-09-21 17:00:00,0.0,59.94227541666676,33.09206833333337
2023-09-21 18:00:00,1.6737800000000032,61.865279750000084,0.6017160000000014
2023-09-21 19:00:00,1.471307000000003,48.261774266666706,9.835579000000024
2023-09-21 20:00:00,0.0,44.3080128666667,10.124602666666696
2023-09-21 21:00:00,0.0,32.61664236666672,0.0
2023-09-21 22:00:00,0.0,14.056722716666684,0.0
2023-09-21 23:00:00,0.0,5.181481650000002,0.0
2023-09-22 00:00:00,0.0,2.4751113166666676,0.0
2023-09-22 01:00:00,0.0,6.1675968833333386,0.0
2023-09-22 02:00:00,0.0,8.732579783333339,0.0
2023-09-22 03:00:00,0.0,10.972565416666672,0.0
2023-09-22 04:00:00,0.0,13.271003583333341,0.0
2023-09-22 05:00:00,0.0,20.089441450000017,0.46444800000000036
2023-09-22 06:00:00,1.3663210000000023,31.49642025000006,9.842301333333362
2023-09-22 07:00:00,1.621287000000004,33.12830663333339,32.66413300000006
2023-09-22 08:00:00,0.0,47.62996286666668,33.74050900000003
2023-09-22 09:00:00,0.0,67.73410539999999,14.941746333333358
2023-09-22 10:00:00,0.008271000000000006,77.08230428333329,16.226630833333367
2023-09-22 11:00:00,0.008270000000000007,95.79859780000001,13.83264916666669
2023-09-22 12:00:00,0.0,132.14493679999995,0.0
2023-09-22 13:00:00,0.0,147.6282622666666,6.353955333333334
2023-09-22 14:00:00,0.0,141.32366238333327,7.872970000000006
2023-09-22 15:00:00,0.0,137.80251089999993,9.146537666666676
2023-09-22 16:00:00,0.0,89.8372931,33.71842333333337
2023-09-22 17:00:00,0.0,55.92462365000008,31.13581700000003
2023-09-22 18:00:00,1.523800000000003,64.56533823333342,0.487636000000002
2023-09-22 19:00:00,1.5837920000000019,48.019061816666714,9.719041666666692
2023-09-22 20:00:00,0.0,44.4960043666667,11.007406000000024
2023-09-22 21:00:00,0.0,33.707700850000045,0.0
2023-09-22 22:00:00,0.0,13.616691583333347,0.0
2023-09-22 23:00:00,0.0,4.660569716666668,0.0
2023-09-23 00:00:00,0.0,2.277614666666668,0.0
2023-09-23 01:00:00,0.0,6.080097466666673,0.0
2023-09-23 02:00:00,0.0,9.487574750000004,0.0
2023-09-23 03:00:00,0.0,9.867573166666672,0.0
2023-09-23 04:00:00,0.0,10.646519950000007,0.0
2023-09-23 05:00:00,0.0,16.81471071666668,0.43865600000000093
2023-09-23 06:00:00,1.5163010000000023,32.484372016666725,10.893945666666694
2023-09-23 07:00:00,1.6737800000000016,31.316220700000045,29.93821966666672
2023-09-23 08:00:00,0.0,46.838908650000015,38.50405500000004
2023-09-23 09:00:00,0.0,61.61923681666664,14.075794333333361
2023-09-23 10:00:00,0.008272000000000005,59.23399011666668,15.428388833333363
2023-09-23 11:00:00,0.008269000000000006,103.12958751666662,13.297610000000024
2023-09-23 12:00:00,0.0,143.3113340166666,0.0
2023-09-23 13:00:00,0.0,152.43815469999993,6.502307666666672
2023-09-23 14:00:00,0.0,160.9265785666666,7.061167666666666
2023-09-23 15:00:00,0.0,138.3688482999999,10.366877666666673
2023-09-23 16:00:00,0.0,87.33645971666665,30.389523333333365
2023-09-23 17:00:00,0.0,57.356715533333414,33.103568000000045
2023-09-23 18:00:00,1.3513230000000018,62.17536263333342,0.5702200000000013
2023-09-23 19:00:00,1.5537960000000026,49.98089228333337,9.989127666666695
2023-09-23 20:00:00,0.0,45.906067016666704,10.134596666666694
2023-09-23 21:00:00,0.0,33.56009078333338,0.0
2023-09-23 22:00:00,0.0,14.336569200000017,0.0
2023-09-23 23:00:00,0.0,5.06848146666667,0.0
2023-09-24 00:00:00,0.0,0.0,0.0
2023-09-24 01:00:00,0.0,0.0,0.0
2023-09-24 02:00:00,0.0,0.0,0.0
2023-09-24 03:00:00,0.0,0.0,0.0
2023-09-24 04:00:00,0.0,0.29706454999999965,0.0
2023-09-24 05:00:00,0.0,5.196582833333343,0.4720120000000008
2023-09-24 06:00:00,1.4788060000000036,19.17234470000005,10.289475333333359
2023-09-24 07:00:00,1.4713070000000017,14.36704436666671,35.169942333333395
2023-09-24 08:00:00,0.0,1.7123689833333304,32.44093400000004
2023-09-24 09:00:00,0.0,0.6496378999999964,13.64786850000002
2023-09-24 10:00:00,0.008276000000000006,0.6611835999999965,16.364391666666705
2023-09-24 11:00:00,0.008265000000000007,0.6615982999999974,14.055898500000028
2023-09-24 12:00:00,0.0,0.6142724166666637,0.0
2023-09-24 13:00:00,0.0,0.7252607166666628,7.299547000000004
2023-09-24 14:00:00,0.0,0.6214368999999963,8.99669933333334
2023-09-24 15:00:00,0.0,0.6316920333333307,8.106755333333338
2023-09-24 16:00:00,0.0,3.142940366666665,37.27253900000002
2023-09-24 17:00:00,0.0,31.752984616666748,19.1791566666667
2023-09-24 18:00:00,1.4563090000000039,46.11792220000008,0.5493880000000017
2023-09-24 19:00:00,1.6887780000000017,33.85380543333336,10.376300666666701
2023-09-24 20:00:00,0.0,31.42469810000003,10.077964000000023
2023-09-24 21:00:00,0.0,22.4935623666667,0.0
2023-09-24 22:00:00,0.0,5.22889003333334,0.0
2023-09-24 23:00:00,0.0,0.29689236666666624,0.0
2023-09-25 00:00:00,0.0,2.2976135666666653,0.0
2023-09-25 01:00:00,0.0,5.8925987166666705,0.0
2023-09-25 02:00:00,0.0,7.817585883333342,0.0
2023-09-25 03:00:00,0.0,9.65557413333334,0.0
2023-09-25 04:00:00,0.0,9.734313550000007,0.0
2023-09-25 05:00:00,0.0,16.292202750000015,0.4230320000000009
2023-09-25 06:00:00,1.5238000000000034,29.614408350000055,10.777336000000028
2023-09-25 07:00:00,1.351323000000003,30.80823065000005,38.076405666666716
2023-09-25 08:00:00,0.0,41.13999656666668,25.270477333333364
2023-09-25 09:00:00,0.0,63.24306888333333,15.973960000000032
2023-09-25 10:00:00,0.008280000000000006,78.78863736666663,14.647992000000036
2023-09-25 11:00:00,0.008261000000000004,105.74732618333329,13.261889333333354
2023-09-25 12:00:00,0.0,142.96816558333327,0.0
2023-09-25 13:00:00,0.0,147.82165494999992,7.896655666666669
2023-09-25 14:00:00,0.0,133.96966376666663,8.432036666666669
2023-09-25 15:00:00,0.0,123.93426731666663,12.140218666666676
2023-09-25 16:00:00,0.0,96.42207693333332,34.90034033333337
2023-09-25 17:00:00,0.0,68.49237525000008,28.924831000000026
2023-09-25 18:00:00,1.6812790000000004,62.390856550000095,0.6416440000000002
2023-09-25 19:00:00,1.538798000000004,49.3180214666667,9.515828666666692
2023-09-25 20:00:00,0.0,46.112110483333375,10.544350666666693
2023-09-25 21:00:00,0.0,34.94200121666671,0.0
2023-09-25 22:00:00,0.0,14.945795300000015,0.0
2023-09-25 23:00:00,0.0,4.483316316666669,0.0
2023-09-26 00:00:00,0.0,2.7176119333333353,0.0
2023-09-26 01:00:00,0.0,6.827592483333339,0.0
2023-09-26 02:00:00,0.0,9.592574050000009,0.0
2023-09-26 03:00:00,0.0,10.91006568333334,0.0
2023-09-26 04:00:00,0.0,11.802814316666675,0.0
2023-09-26 05:00:00,0.0,16.581495933333347,0.44312000000000124
2023-09-26 06:00:00,1.5238000000000016,29.657429516666728,10.620956000000028
2023-09-26 07:00:00,1.4788060000000027,33.13127371666672,44.09317200000007
2023-09-26 08:00:00,0.0,45.04541766666668,34.52714133333336
2023-09-26 09:00:00,0.0,51.263100600000016,15.12655883333336
2023-09-26 10:00:00,0.008269000000000006,70.67681131666666,14.400017333333365
2023-09-26 11:00:00,0.008272000000000005,108.46575118333332,14.16210200000003
2023-09-26 12:00:00,0.0,150.15341809999995,0.0
2023-09-26 13:00:00,0.0,147.76691133333324,5.801161000000002
2023-09-26 14:00:00,0.0,141.3066520666666,13.175407000000012
2023-09-26 15:00:00,0.0,130.3705193166666,9.34796466666667
2023-09-26 16:00:00,0.0,95.71744386666664,24.83917433333336
2023-09-26 17:00:00,0.0,69.16165918333343,24.516744333333364
2023-09-26 18:00:00,1.4563090000000012,61.720486233333425,0.6247800000000013
2023-09-26 19:00:00,1.6362850000000018,47.421592050000044,9.56989766666669
2023-09-26 20:00:00,0.0,44.57738355000004,10.899137666666697
2023-09-26 21:00:00,0.0,32.199477133333374,0.0
2023-09-26 22:00:00,0.0,13.475964150000012,0.0
2023-09-26 23:00:00,0.0,4.669071650000002,0.0
2023-09-27 00:00:00,0.0,2.817612300000001,0.0
2023-09-27 01:00:00,0.0,6.657593616666674,0.0
2023-09-27 02:00:00,0.0,10.055070966666674,0.0
2023-09-27 03:00:00,0.0,11.537562116666676,0.0
2023-09-27 04:00:00,0.0,11.914003883333342,0.0
2023-09-27 05:00:00,0.0,17.07249085000002,0.48788400000000165
2023-09-27 06:00:00,1.673780000000003,29.768514533333395,9.502137000000024
2023-09-27 07:00:00,1.5238000000000016,29.90745660000005,36.06978266666672
2023-09-27 08:00:00,0.0,42.117853666666676,41.68838533333338
2023-09-27 09:00:00,0.0,53.63178508333334,14.730014333333356
2023-09-27 10:00:00,0.008279000000000007,61.97555635000001,13.908758500000028
2023-09-27 11:00:00,0.008262000000000005,104.51407453333327,14.532519666666689
2023-09-27 12:00:00,0.0,148.15741211666662,0.0
2023-09-27 13:00:00,0.0,142.1724174333333,6.581762666666664
2023-09-27 14:00:00,0.0,151.9139810333333,10.36456233333334
2023-09-27 15:00:00,0.0,136.71043038333326,10.057215000000006
2023-09-27 16:00:00,0.0,86.59140376666667,29.688991666666702
2023-09-27 17:00:00,0.0,63.01966796666676,23.58997100000004
2023-09-27 18:00:00,1.5612950000000012,60.793569816666746,0.6007240000000013
2023-09-27 19:00:00,1.3363250000000009,49.37779930000004,11.379789000000027
2023-09-27 20:00:00,0.0,43.76037250000004,10.121271333333363
2023-09-27 21:00:00,0.0,35.07614831666671,0.0
2023-09-27 22:00:00,0.0,13.502080633333346,0.0
2023-09-27 23:00:00,0.0,4.5846543,0.0
2023-09-28 00:00:00,0.0,3.372607983333336,0.0
2023-09-28 01:00:00,0.0,7.32258918333334,0.0
2023-09-28 02:00:00,0.0,9.39757535000001,0.0
2023-09-28 03:00:00,0.0,10.322569566666676,0.0
2023-09-28 04:00:00,0.0,11.37558108333334,0.0
2023-09-28 05:00:00,0.0,17.965722116666687,0.40542400000000095
2023-09-28 06:00:00,1.4563090000000043,34.0767665833334,10.11804133333336
2023-09-28 07:00:00,1.448810000000001,34.92800945000005,33.14942633333338
2023-09-28 08:00:00,0.0,44.91478868333335,28.795994666666704
2023-09-28 09:00:00,0.0,56.4601306,12.65103150000002
2023-09-28 10:00:00,0.008276000000000006,76.9471960833333,17.522137833333378
2023-09-28 11:00:00,0.008265000000000007,95.55224325,14.015390000000025
2023-09-28 12:00:00,0.0,123.71385314999998,0.0
2023-09-28 13:00:00,0.0,144.2663963666666,10.71268300000001
2023-09-28 14:00:00,0.0,161.58606266666658,10.752160000000007
2023-09-28 15:00:00,0.0,140.48518333333323,7.307217666666672
2023-09-28 16:00:00,0.0,98.85082391666664,36.93022700000003
2023-09-28 17:00:00,0.0,57.24629025000009,28.285670333333368
2023-09-28 18:00:00,1.6062890000000025,59.47626945000009,0.6256480000000006
2023-09-28 19:00:00,1.5837920000000019,47.87059866666671,10.245401666666693
2023-09-28 20:00:00,0.0,43.01235278333338,10.459401666666695
2023-09-28 21:00:00,0.0,33.00253170000005,0.0
2023-09-28 22:00:00,0.0,14.42863930000002,0.0
2023-09-28 23:00:00,0.0,3.5450773500000006,0.0
2023-09-29 00:00:00,0.0,2.5126141333333347,0.0
2023-09-29 01:00:00,0.0,5.412601916666673,0.0
2023-09-29 02:00:00,0.0,7.125090500000007,0.0
2023-09-29 03:00:00,0.0,9.000078600000007,0.0
2023-09-29 04:00:00,0.0,10.859920633333342,0.0
2023-09-29 05:00:00,0.0,16.88192716666668,0.44126000000000076
2023-09-29 06:00:00,1.4788060000000043,31.04159640000006,9.444412333333354
2023-09-29 07:00:00,1.508802000000001,32.941859816666714,42.93666466666672
2023-09-29 08:00:00,0.0,42.725203983333344,32.67303800000004
2023-09-29 09:00:00,0.0,65.52011616666664,17.035991333333364
2023-09-29 10:00:00,0.008269000000000006,76.03295544999997,17.012667166666702
2023-09-29 11:00:00,0.008272000000000005,107.29033928333332,12.37047633333335
2023-09-29 12:00:00,0.0,131.55533294999995,0.0
2023-09-29 13:00:00,0.0,150.7164732833333,7.9954600000000005
2023-09-29 14:00:00,0.0,141.4909851999999,9.679292000000004
2023-09-29 15:00:00,0.0,135.9841818833333,7.7988023333333345
2023-09-29 16:00:00,0.0,105.07921161666664,26.540914666666698
2023-09-29 17:00:00,0.0,61.93341870000009,25.136773000000037
2023-09-29 18:00:00,1.6062890000000019,62.22791163333343,0.6314760000000007
2023-09-29 19:00:00,1.501303000000001,48.28301610000004,10.283586000000028
2023-09-29 20:00:00,0.0,44.32517053333338,10.427754000000029
2023-09-29 21:00:00,0.0,34.18564298333338,0.0
2023-09-29 22:00:00,0.0,13.832610300000011,0.0
2023-09-29 23:00:00,0.0,4.151570616666668,0.0
2023-09-30 00:00:00,0.0,2.3501138166666675,0.0
2023-09-30 01:00:00,0.0,6.085097433333339,0.0
2023-09-30 02:00:00,0.0,8.12508383333334,0.0
2023-09-30 03:00:00,0.0,10.007571400000009,0.0
2023-09-30 04:00:00,0.0,10.916392883333339,0.0
2023-09-30 05:00:00,0.0,17.315196816666685,0.4950760000000004
2023-09-30 06:00:00,1.598790000000002,31.488420866666726,10.204746666666695
2023-09-30 07:00:00,1.4863050000000009,36.65176781666672,45.89945966666672
2023-09-30 08:00:00,0.0,46.14034391666667,32.83185733333337
2023-09-30 09:00:00,0.0,59.98989931666667,16.205106666666694
2023-09-30 10:00:00,0.008259000000000006,71.95963038333332,16.097438333333372
2023-09-30 11:00:00,0.008282000000000006,107.27408441666662,15.48388466666669
2023-09-30 12:00:00,0.0,138.03709918333325,0.0
2023-09-30 13:00:00,0.0,142.6750924499999,8.911025666666673
2023-09-30 14:00:00,0.0,133.5582596166666,7.709483000000002
2023-09-30 15:00:00,0.0,149.69434419999993,7.077873333333329
2023-09-30 16:00:00,0.0,92.24484524999998,27.935415333333363
2023-09-30 17:00:00,0.0,55.464343483333415,30.025654333333367
2023-09-30 18:00:00,1.6212870000000024,59.748555933333414,0.642140000000001
2023-09-30 19:00:00,1.3888180000000017,50.38754206666671,9.70214066666669
2023-09-30 20:00:00,0.0,46.442938783333375,10.619305666666692
2023-09-30 21:00:00,0.0,33.78089473333338,0.0
2023-09-30 22:00:00,0.0,15.382783016666684,0.0
2023-09-30 23:00:00,0.0,4.613236650000003,0.0
2023-10-01 00:00:00,0.0,0.0,0.0
2023-10-01 01:00:00,0.0,0.0,0.0
2023-10-01 02:00:00,0.0,0.0,0.0
2023-10-01 03:00:00,0.0,0.0,0.0
2023-10-01 04:00:00,0.0,0.28789591666666636,0.0
2023-10-01 05:00:00,0.0,4.762032883333341,0.40344000000000063
2023-10-01 06:00:00,1.6437840000000017,18.330927133333386,10.521438000000025
2023-10-01 07:00:00,1.5387980000000037,13.0994923166667,26.56203000000005
2023-10-01 08:00:00,0.0,1.437545116666664,25.64113000000004
2023-10-01 09:00:00,0.0,0.6321565666666638,17.750415666666694
2023-10-01 10:00:00,0.008275000000000006,0.6115229666666633,14.742956333333366
2023-10-01 11:00:00,0.008266000000000006,0.7224300333333293,11.046406333333355
2023-10-01 12:00:00,0.0,0.7752588333333296,0.0
2023-10-01 13:00:00,0.0,0.6445172333333296,5.979643999999999
2023-10-01 14:00:00,0.0,0.5392785166666628,9.95441966666667
2023-10-01 15:00:00,0.0,0.5940251666666623,9.81660533333334
2023-10-01 16:00:00,0.0,3.7858232333333337,33.566562666666705
2023-10-01 17:00:00,0.0,35.65437963333343,39.02252200000004
2023-10-01 18:00:00,1.4113150000000028,44.45356655000008,0.6330880000000003
2023-10-01 19:00:00,1.5013030000000018,35.887045283333364,10.728091333333355
2023-10-01 20:00:00,0.0,32.68389090000004,10.09961766666669
2023-10-01 21:00:00,0.0,22.04227688333337,0.0
2023-10-01 22:00:00,0.0,5.3476644166666745,0.0
2023-10-01 23:00:00,0.0,0.40238123333333287,0.0
2023-10-02 00:00:00,0.0,2.482612116666667,0.0
2023-10-02 01:00:00,0.0,7.312589250000004,0.0
2023-10-02 02:00:00,0.0,8.450081666666673,0.0
2023-10-02 03:00:00,0.0,9.494076116666674,0.0
2023-10-02 04:00:00,0.0,11.925949150000005,0.0
2023-10-02 05:00:00,0.0,17.77788905000002,0.4478320000000009
2023-10-02 06:00:00,1.448810000000003,32.431878083333395,10.634955000000023
2023-10-02 07:00:00,1.4263130000000042,32.95405598333339,31.79131500000005
2023-10-02 08:00:00,0.0,33.311071816666676,33.45991700000003
2023-10-02 09:00:00,0.0,59.6498499,15.424169500000023
2023-10-02 10:00:00,0.008272000000000005,70.60289246666666,16.78521650000004
2023-10-02 11:00:00,0.008269000000000006,102.34774691666664,14.045862166666689
2023-10-02 12:00:00,0.0,152.14292188333326,0.0
2023-10-02 13:00:00,0.0,141.74866186666657,5.981164000000001
2023-10-02 14:00:00,0.0,149.3946490833333,8.445442000000005
2023-10-02 15:00:00,0.0,141.62452794999996,13.017827333333344
2023-10-02 16:00:00,0.0,93.38121083333331,32.13121133333336
2023-10-02 17:00:00,0.0,59.75516820000008,27.81947066666669
2023-10-02 18:00:00,1.4788060000000014,59.92705193333342,0.5676160000000017
2023-10-02 19:00:00,1.7412710000000025,47.450773800000036,10.480405000000028
2023-10-02 20:00:00,0.0,44.34389700000004,10.664278666666691
2023-10-02 21:00:00,0.0,34.66199981666671,0.0
2023-10-02 22:00:00,0.0,14.98895476666668,0.0
2023-10-02 23:00:00,0.0,5.12906886666667,0.0
2023-10-03 00:00:00,0.0,2.585112816666668,0.0
2023-10-03 01:00:00,0.0,6.04759768333334,0.0
2023-10-03 02:00:00,0.0,8.735079766666676,0.0
2023-10-03 03:00:00,0.0,10.22507093333334,0.0
2023-10-03 04:00:00,0.0,11.787698466666672,0.0
2023-10-03 05:00:00,0.0,16.880422266666685,0.423156000000001
2023-10-03 06:00:00,1.3588220000000022,29.139152733333393,10.169014333333356
2023-10-03 07:00:00,1.4113150000000023,31.23671780000005,42.24158133333339
2023-10-03 08:00:00,0.0,34.01380755000001,27.225188666666693
2023-10-03 09:00:00,0.0,53.77258613333334,15.775792166666696
2023-10-03 10:00:00,0.008267000000000007,78.17504116666666,14.886243666666704
2023-10-03 11:00:00,0.008274000000000007,110.5073987833333,12.898466000000026
2023-10-03 12:00:00,0.0,146.2298275999999,0.0
2023-10-03 13:00:00,0.0,149.55456321666654,6.068824666666665
2023-10-03 14:00:00,0.0,131.6942590833333,9.647797000000002
2023-10-03 15:00:00,0.0,141.39127174999993,12.475347333333344
2023-10-03 16:00:00,0.0,88.34768918333333,23.610834000000033
2023-10-03 17:00:00,0.0,60.476099433333424,36.80271466666671
2023-10-03 18:00:00,1.636285000000003,59.36225043333342,0.5841080000000013
2023-10-03 19:00:00,1.688778000000002,48.67829948333337,10.603771666666693
2023-10-03 20:00:00,0.0,44.83758438333337,10.00134333333336
2023-10-03 21:00:00,0.0,34.28911126666671,0.0
2023-10-03 22:00:00,0.0,14.40155846666668,0.0
2023-10-03 23:00:00,0.0,5.337981283333336,0.0
2023-10-04 00:00:00,0.0,2.4976132666666673,0.0
2023-10-04 01:00:00,0.0,6.922591850000006,0.0
2023-10-04 02:00:00,0.0,8.625080500000008,0.0
2023-10-04 03:00:00,0.0,10.072571533333338,0.0
2023-10-04 04:00:00,0.0,10.533740300000009,0.0
2023-10-04 05:00:00,0.0,16.09609698333335,0.4231560000000004
2023-10-04 06:00:00,1.5837920000000036,30.835133933333385,10.284337666666696
2023-10-04 07:00:00,1.523800000000002,29.760258300000046,46.22043300000006
2023-10-04 08:00:00,0.0,37.05977440000001,23.908253000000045
2023-10-04 09:00:00,0.0,56.027333483333344,15.850509333333362
2023-10-04 10:00:00,0.008277000000000007,68.80295696666666,15.954287500000031
2023-10-04 11:00:00,0.008264000000000006,106.97065279999997,14.26963433333336
2023-10-04 12:00:00,0.0,153.4695904999999,0.0
2023-10-04 13:00:00,0.0,144.2334221666666,7.246732666666671
2023-10-04 14:00:00,0.0,137.51390366666664,8.902854000000003
2023-10-04 15:00:00,0.0,142.55540588333326,8.071113666666673
2023-10-04 16:00:00,0.0,99.90715069999999,19.21200100000004
2023-10-04 17:00:00,0.0,61.45930161666675,36.91542433333337
2023-10-04 18:00:00,1.5387980000000017,60.90421206666675,0.6489600000000011
2023-10-04 19:00:00,1.448810000000002,47.36821560000004,10.36145400000003
2023-10-04 20:00:00,0.0,45.47587698333337,10.551013333333357
2023-10-04 21:00:00,0.0,35.340908566666705,0.0
2023-10-04 22:00:00,0.0,14.42791216666668,0.0
2023-10-04 23:00:00,0.0,5.36380396666667,0.0
2023-10-05 00:00:00,0.0,2.26761445,0.0
2023-10-05 01:00:00,0.0,5.9950980333333375,0.0
2023-10-05 02:00:00,0.0,8.162583583333337,0.0
2023-10-05 03:00:00,0.0,10.30507083333334,0.0
2023-10-05 04:00:00,0.0,11.522552483333337,0.0
2023-10-05 05:00:00,0.0,16.239374283333344,0.4296040000000013
2023-10-05 06:00:00,1.5312990000000015,30.28293475000006,9.44611133333336
2023-10-05 07:00:00,1.523800000000001,34.89996548333338,37.17814566666672
2023-10-05 08:00:00,0.0,39.01300036666668,26.420585000000028
2023-10-05 09:00:00,0.0,62.78786701666664,13.04241366666669
2023-10-05 10:00:00,0.008268000000000006,82.0838759833333,17.804537833333374
2023-10-05 11:00:00,0.008273000000000006,105.24858484999999,13.818291333333361
2023-10-05 12:00:00,0.0,132.08507781666663,0.0
2023-10-05 13:00:00,0.0,146.89721933333328,7.979807333333336
2023-10-05 14:00:00,0.0,139.79256271666665,10.214551333333342
2023-10-05 15:00:00,0.0,139.03568774999994,10.031576333333339
2023-10-05 16:00:00,0.0,97.8366419,28.227065666666707
2023-10-05 17:00:00,0.0,60.56345890000009,33.1796466666667
2023-10-05 18:00:00,1.5612950000000032,62.059437166666754,0.5963840000000014
2023-10-05 19:00:00,1.478806000000002,48.56150703333337,10.234276666666696
2023-10-05 20:00:00,0.0,43.259529450000045,11.142325000000026
2023-10-05 21:00:00,0.0,32.70905540000004,0.0
2023-10-05 22:00:00,0.0,15.27268773333335,0.0
2023-10-05 23:00:00,0.0,4.831729466666669,0.0
2023-10-06 00:00:00,0.0,3.0076079333333348,0.0
2023-10-06 01:00:00,0.0,7.892585383333341,0.0
2023-10-06 02:00:00,0.0,10.08257078333334,0.0
2023-10-06 03:00:00,0.0,11.320063516666675,0.0
2023-10-06 04:00:00,0.0,11.459866250000006,0.0
2023-10-06 05:00:00,0.0,16.250086866666685,0.47994800000000093
2023-10-06 06:00:00,1.6212870000000024,33.950077500000056,10.39287433333336
2023-10-06 07:00:00,1.6062890000000034,32.03148668333338,35.079058333333386
2023-10-06 08:00:00,0.0,33.61744138333334,41.50566466666671
2023-10-06 09:00:00,0.0,51.15650485000001,14.387269333333359
2023-10-06 10:00:00,0.008280000000000006,72.04071193333333,15.557337666666701
2023-10-06 11:00:00,0.008261000000000006,111.01442933333331,13.82495533333336
2023-10-06 12:00:00,0.0,157.41976408333326,0.0
2023-10-06 13:00:00,0.0,154.89264838333327,7.445516000000004
2023-10-06 14:00:00,0.0,144.33400238333329,11.448936333333341
2023-10-06 15:00:00,0.0,128.4086855833333,11.00128666666667
2023-10-06 16:00:00,0.0,89.84117698333333,27.97728500000003
2023-10-06 17:00:00,0.0,62.29605678333343,24.404850333333368
2023-10-06 18:00:00,1.2463370000000014,61.45543453333342,0.6220520000000007
2023-10-06 19:00:00,1.6212870000000033,49.76658776666671,10.08292500000003
2023-10-06 20:00:00,0.0,46.901313483333375,9.856430333333355
2023-10-06 21:00:00,0.0,33.793481016666725,0.0
2023-10-06 22:00:00,0.0,13.673830566666679,0.0
2023-10-06 23:00:00,0.0,4.470982933333334,0.0
2023-10-07 00:00:00,0.0,2.032616883333333,0.0
2023-10-07 01:00:00,0.0,5.60010066666667,0.0
2023-10-07 02:00:00,0.0,8.225083166666671,0.0
2023-10-07 03:00:00,0.0,10.17007078333334,0.0
2023-10-07 04:00:00,0.0,10.95239783333334,0.0
2023-10-07 05:00:00,0.0,16.24941503333335,0.4332000000000005
2023-10-07 06:00:00,1.4788060000000023,31.9920957833334,9.978460333333361
2023-10-07 07:00:00,1.4638080000000016,31.786981133333377,46.86824166666673
2023-10-07 08:00:00,0.0,42.79370715000001,16.48917466666671
2023-10-07 09:00:00,0.0,71.90781109999996,17.330182000000033
2023-10-07 10:00:00,0.008271000000000006,77.57871928333333,17.793799500000038
2023-10-07 11:00:00,0.008270000000000007,86.40276906666668,13.991000833333361
2023-10-07 12:00:00,0.0,130.95768148333326,0.0
2023-10-07 13:00:00,0.0,157.69831163333328,8.594054666666676
2023-10-07 14:00:00,0.0,153.80423339999993,8.902681333333337
2023-10-07 15:00:00,0.0,132.8001755166666,10.386676999999999
2023-10-07 16:00:00,0.0,98.38718336666666,25.613222000000018
2023-10-07 17:00:00,0.0,59.14258448333342,35.82684200000002
2023-10-07 18:00:00,1.6887780000000023,62.125281116666756,0.5700960000000016
2023-10-07 19:00:00,1.463808000000003,49.91129233333338,10.358683666666689
2023-10-07 20:00:00,0.0,45.6667129166667,10.754224666666692
2023-10-07 21:00:00,0.0,33.56661941666671,0.0
2023-10-07 22:00:00,0.0,13.73587056666668,0.0
2023-10-07 23:00:00,0.0,4.349901000000002,0.0
2023-10-08 00:00:00,0.0,0.0,0.0
2023-10-08 01:00:00,0.0,0.0,0.0
2023-10-08 02:00:00,0.0,0.0,0.0
2023-10-08 03:00:00,0.0,0.0,0.0
2023-10-08 04:00:00,0.0,0.21924213333333306,0.0
2023-10-08 05:00:00,0.0,5.252682650000008,0.42600800000000055
2023-10-08 06:00:00,1.6812789999999995,17.36309535000005,10.174951666666692
2023-10-08 07:00:00,1.4863050000000024,13.53684355000004,38.2228603333334
2023-10-08 08:00:00,0.0,2.218447583333332,40.45918066666671
2023-10-08 09:00:00,0.0,0.7069035833333301,13.376454833333352
2023-10-08 10:00:00,0.008262000000000005,0.5556133833333312,14.893318000000038
2023-10-08 11:00:00,0.008279000000000005,0.5771934666666636,13.485670000000024
2023-10-08 12:00:00,0.0,0.6781822999999959,0.0
2023-10-08 13:00:00,0.0,0.6458531833333296,7.4309869999999965
2023-10-08 14:00:00,0.0,0.6551012833333298,8.079441000000001
2023-10-08 15:00:00,0.0,0.6481867499999965,9.16065333333334
2023-10-08 16:00:00,0.0,3.6263162833333307,29.27817433333336
2023-10-08 17:00:00,0.0,31.786236650000074,28.652023666666697
2023-10-08 18:00:00,1.5088020000000026,46.93928268333341,0.6012200000000013
2023-10-08 19:00:00,1.4188140000000018,36.41536185000003,10.435972333333357
2023-10-08 20:00:00,0.0,32.525998983333366,9.936382333333361
2023-10-08 21:00:00,0.0,21.90496345000004,0.0
2023-10-08 22:00:00,0.0,5.217837216666674,0.0
2023-10-08 23:00:00,0.0,0.440630933333333,0.0
2023-10-09 00:00:00,0.0,2.3576154666666658,0.0
2023-10-09 01:00:00,0.0,6.247596350000006,0.0
2023-10-09 02:00:00,0.0,7.9575849500000055,0.0
2023-10-09 03:00:00,0.0,9.352576033333339,0.0
2023-10-09 04:00:00,0.0,10.935346466666669,0.0
2023-10-09 05:00:00,0.0,17.38379978333335,0.46792000000000056
2023-10-09 06:00:00,1.5987900000000002,31.557027066666727,10.359922000000026
2023-10-09 07:00:00,1.4338120000000014,33.28178830000005,36.15195400000005
2023-10-09 08:00:00,0.0,52.0037848,39.458995333333384
2023-10-09 09:00:00,0.0,61.40281301666665,17.108273500000028
2023-10-09 10:00:00,0.008263000000000005,67.32555058333332,16.350866166666698
2023-10-09 11:00:00,0.008278000000000006,102.12748115000001,12.577991500000019
2023-10-09 12:00:00,0.0,135.42741219999994,0.0
2023-10-09 13:00:00,0.0,142.47240631666662,9.362165333333335
2023-10-09 14:00:00,0.0,138.36615849999993,7.472139666666665
2023-10-09 15:00:00,0.0,140.70509418333327,7.7236326666666635
2023-10-09 16:00:00,0.0,96.84563099999998,39.8196026666667
2023-10-09 17:00:00,0.0,59.90650200000009,17.517531666666706
2023-10-09 18:00:00,1.4563090000000019,62.83411625000008,0.5367400000000012
2023-10-09 19:00:00,1.6062890000000027,49.10347261666671,9.774371333333358
2023-10-09 20:00:00,0.0,44.306739716666705,10.61264300000002
2023-10-09 21:00:00,0.0,33.89267965000005,0.0
2023-10-09 22:00:00,0.0,13.834428900000015,0.0
2023-10-09 23:00:00,0.0,4.819820016666668,0.0
2023-10-10 00:00:00,0.0,2.4901122,0.0
2023-10-10 01:00:00,0.0,6.700093333333337,0.0
2023-10-10 02:00:00,0.0,8.255082966666672,0.0
2023-10-10 03:00:00,0.0,10.127571866666674,0.0
2023-10-10 04:00:00,0.0,11.07369108333334,0.0
2023-10-10 05:00:00,0.0,16.33383781666668,0.4743680000000004
2023-10-10 06:00:00,1.5687940000000018,29.985343433333398,10.378309333333364
2023-10-10 07:00:00,1.5088020000000026,35.02558958333338,30.773301333333396
2023-10-10 08:00:00,0.0,41.706869650000016,37.51130533333336
2023-10-10 09:00:00,0.0,62.887028233333325,13.353128000000027
2023-10-10 10:00:00,0.008270000000000007,71.13489933333332,18.20304883333337
2023-10-10 11:00:00,0.008271000000000006,109.58392669999996,15.495331166666697
2023-10-10 12:00:00,0.0,143.38068221666657,0.0
2023-10-10 13:00:00,0.0,162.6397074166666,9.864443666666672
2023-10-10 14:00:00,0.0,143.58513068333323,9.279152333333332
2023-10-10 15:00:00,0.0,123.34193069999995,7.569509000000003
2023-10-10 16:00:00,0.0,85.84336248333334,28.99864433333336
2023-10-10 17:00:00,0.0,62.71777323333342,29.34759300000004
2023-10-10 18:00:00,1.5612949999999997,59.688399500000095,0.5797680000000018
2023-10-10 19:00:00,1.4563090000000032,46.95336413333337,10.444696666666689
2023-10-10 20:00:00,0.0,44.52658816666671,9.599917666666693
2023-10-10 21:00:00,0.0,33.677044633333374,0.0
2023-10-10 22:00:00,0.0,14.208136550000015,0.0
2023-10-10 23:00:00,0.0,4.629491066666671,0.0
2023-10-11 00:00:00,0.0,2.0251155166666654,0.0
2023-10-11 01:00:00,0.0,6.465094900000003,0.0
2023-10-11 02:00:00,0.0,7.972584850000004,0.0
2023-10-11 03:00:00,0.0,9.262577216666672,0.0
2023-10-11 04:00:00,0.0,11.038734650000006,0.0
2023-10-11 05:00:00,0.0,17.575882283333346,0.4774680000000004
2023-10-11 06:00:00,1.5687940000000034,31.123984800000052,10.478299000000025
2023-10-11 07:00:00,1.5537960000000022,31.12783578333338,39.3413633333334
2023-10-11 08:00:00,0.0,37.61422000000001,25.96240633333337
2023-10-11 09:00:00,0.0,55.54231141666668,17.920659166666695
2023-10-11 10:00:00,0.008276000000000007,69.87705471666666,15.52212083333337
2023-10-11 11:00:00,0.008265000000000007,106.58558349999998,13.185316000000025
2023-10-11 12:00:00,0.0,135.31140131666663,0.0
2023-10-11 13:00:00,0.0,152.45780164999994,5.7055013333333315
2023-10-11 14:00:00,0.0,157.09397128333327,8.272263333333337
2023-10-11 15:00:00,0.0,135.06309841666655,9.07764033333334
2023-10-11 16:00:00,0.0,102.00143538333332,29.338058333333368
2023-10-11 17:00:00,0.0,59.753571550000096,30.74066700000003
2023-10-11 18:00:00,1.4413110000000016,61.63891226666674,0.5865880000000014
2023-10-11 19:00:00,1.531299000000003,48.56889495000004,9.678221666666696
2023-10-11 20:00:00,0.0,43.879983016666706,10.52602833333336
2023-10-11 21:00:00,0.0,33.33457765000004,0.0
2023-10-11 22:00:00,0.0,14.124924066666676,0.0
2023-10-11 23:00:00,0.0,4.937987650000003,0.0
2023-10-12 00:00:00,0.0,1.3901202499999985,0.0
2023-10-12 01:00:00,0.0,5.380102133333337,0.0
2023-10-12 02:00:00,0.0,7.892585383333341,0.0
2023-10-12 03:00:00,0.0,11.505061816666675,0.0
2023-10-12 04:00:00,0.0,12.814924750000005,0.0
2023-10-12 05:00:00,0.0,18.75441053333335,0.46754800000000085
2023-10-12 06:00:00,1.5088020000000026,29.70517408333339,10.11662566666669
2023-10-12 07:00:00,1.4863050000000038,30.070983216666715,37.134294000000054
2023-10-12 08:00:00,0.0,43.27035466666668,34.47983733333336
2023-10-12 09:00:00,0.0,49.75678313333335,17.863156333333368
2023-10-12 10:00:00,0.008274000000000007,67.5664707,16.612747333333374
2023-10-12 11:00:00,0.008267000000000007,101.69841241666664,13.17363900000002
2023-10-12 12:00:00,0.0,145.7892483166666,0.0
2023-10-12 13:00:00,0.0,168.17505301666662,5.810179
2023-10-12 14:00:00,0.0,152.01291354999995,8.006742333333333
2023-10-12 15:00:00,0.0,125.57019624999994,8.737880999999998
2023-10-12 16:00:00,0.0,92.99069241666669,31.040631000000037
2023-10-12 17:00:00,0.0,64.1034677000001,27.60906866666671
2023-10-12 18:00:00,1.4713070000000041,61.64386281666676,0.5500080000000016
2023-10-12 19:00:00,1.628786000000004,49.22080306666671,10.096254000000034
2023-10-12 20:00:00,0.0,44.994977683333374,10.77254700000003
2023-10-12 21:00:00,0.0,34.23463248333338,0.0
2023-10-12 22:00:00,0.0,15.22072208333335,0.0
2023-10-12 23:00:00,0.0,5.621475100000002,0.0
2023-10-13 00:00:00,0.0,2.5476123666666672,0.0
2023-10-13 01:00:00,0.0,6.792592716666674,0.0
2023-10-13 02:00:00,0.0,9.225076500000007,0.0
2023-10-13 03:00:00,0.0,10.558068900000006,0.0
2023-10-13 04:00:00,0.0,11.160269983333341,0.0
2023-10-13 05:00:00,0.0,16.234852983333347,0.4587440000000007
2023-10-13 06:00:00,1.553796000000004,30.369829833333387,10.530064333333364
2023-10-13 07:00:00,1.5088020000000015,31.676035200000054,35.35628300000006
2023-10-13 08:00:00,0.0,37.17454318333334,34.243536000000034
2023-10-13 09:00:00,0.0,59.38319066666668,14.27971833333336
2023-10-13 10:00:00,0.008269000000000006,67.73631083333333,16.345448000000037
2023-10-13 11:00:00,0.008272000000000005,104.20590259999996,15.066500666666691
2023-10-13 12:00:00,0.0,151.69023831666658,0.0
2023-10-13 13:00:00,0.0,149.88506663333325,7.761329333333335
2023-10-13 14:00:00,0.0,158.4773944666666,8.959348000000004
2023-10-13 15:00:00,0.0,133.67744458333328,10.124230000000008
2023-10-13 16:00:00,0.0,90.49308433333331,31.0778176666667
2023-10-13 17:00:00,0.0,59.660666900000074,24.942642000000035
2023-10-13 18:00:00,1.4788060000000016,62.00434550000009,0.5798920000000012
2023-10-13 19:00:00,1.5537960000000022,49.01782920000005,10.324167333333353
2023-10-13 20:00:00,0.0,44.95594821666672,10.48771800000003
2023-10-13 21:00:00,0.0,33.839186033333384,0.0
2023-10-13 22:00:00,0.0,14.815315966666683,0.0
2023-10-13 23:00:00,0.0,5.116319350000003,0.0
2023-10-14 00:00:00,0.0,2.012615016666665,0.0
2023-10-14 01:00:00,0.0,5.180103466666669,0.0
2023-10-14 02:00:00,0.0,7.52008786666667,0.0
2023-10-14 03:00:00,0.0,8.760081283333337,0.0
2023-10-14 04:00:00,0.0,11.411840983333342,0.0
2023-10-14 05:00:00,0.0,17.57881723333335,0.457752000000001
2023-10-14 06:00:00,1.568794000000001,30.722482150000054,10.337108000000025
2023-10-14 07:00:00,1.478806000000002,31.68282023333338,44.08976133333338
2023-10-14 08:00:00,0.0,36.42128833333335,29.93165300000004
2023-10-14 09:00:00,0.0,61.45268861666666,15.121513166666691
2023-10-14 10:00:00,0.008270000000000007,77.35628999999996,15.966608833333366
2023-10-14 11:00:00,0.008271000000000006,119.32274296666664,13.008457333333354
2023-10-14 12:00:00,0.0,155.0733290166666,0.0
2023-10-14 13:00:00,0.0,150.2549179499999,7.973501000000007
2023-10-14 14:00:00,0.0,131.96368158333325,7.440005000000002
2023-10-14 15:00:00,0.0,135.21368648333328,9.294977666666671
2023-10-14 16:00:00,0.0,85.82341741666666,41.892722666666714
2023-10-14 17:00:00,0.0,56.75319606666676,16.299640000000036
2023-10-14 18:00:00,1.5612950000000008,62.00352483333342,0.5761720000000015
2023-10-14 19:00:00,1.4863050000000029,48.432794016666705,10.113369666666692
2023-10-14 20:00:00,0.0,45.40100883333337,9.829779666666704
2023-10-14 21:00:00,0.0,34.49278490000004,0.0
2023-10-14 22:00:00,0.0,14.819863700000013,0.0
2023-10-14 23:00:00,0.0,5.638144666666671,0.0
2023-10-15 00:00:00,0.0,0.0,0.0
2023-10-15 01:00:00,0.0,0.0,0.0
2023-10-15 02:00:00,0.0,0.0,0.0
2023-10-15 03:00:00,0.0,0.0,0.0
2023-10-15 04:00:00,0.0,0.22659629999999975,0.0
2023-10-15 05:00:00,0.0,5.5069412000000115,0.48416400000000076
2023-10-15 06:00:00,1.591291000000003,20.460683666666718,9.631426000000028
2023-10-15 07:00:00,1.5612950000000037,12.515063333333375,33.217685333333385
2023-10-15 08:00:00,0.0,1.7554412166666638,27.801867666666695
2023-10-15 09:00:00,0.0,0.6237575499999966,16.05515766666669
2023-10-15 10:00:00,0.008272000000000005,0.5812738833333295,17.63519283333337
2023-10-15 11:00:00,0.008269000000000006,0.6549388666666629,13.450705500000021
2023-10-15 12:00:00,0.0,0.6381016833333304,0.0
2023-10-15 13:00:00,0.0,0.6319337666666629,7.954100666666668
2023-10-15 14:00:00,0.0,0.7121760666666629,9.717628333333339
2023-10-15 15:00:00,0.0,0.7384285833333303,8.223768333333336
2023-10-15 16:00:00,0.0,3.388202949999997,39.00970900000003
2023-10-15 17:00:00,0.0,33.28136466666675,29.2330106666667
2023-10-15 18:00:00,1.351323000000003,45.21100935000008,0.6244080000000003
2023-10-15 19:00:00,1.5912910000000033,35.164673416666695,10.615631000000029
2023-10-15 20:00:00,0.0,30.978075650000033,10.329479666666696
2023-10-15 21:00:00,0.0,21.785032966666705,0.0
2023-10-15 22:00:00,0.0,5.143332050000007,0.0
2023-10-15 23:00:00,0.0,0.3830476666666664,0.0
2023-10-16 00:00:00,0.0,2.907610816666666,0.0
2023-10-16 01:00:00,0.0,6.6875934166666715,0.0
2023-10-16 02:00:00,0.0,8.79257938333334,0.0
2023-10-16 03:00:00,0.0,10.625067716666674,0.0
2023-10-16 04:00:00,0.0,11.679477733333341,0.0
2023-10-16 05:00:00,0.0,16.736961733333345,0.4691600000000004
2023-10-16 06:00:00,1.6587820000000013,30.522591550000048,10.84539900000003
2023-10-16 07:00:00,1.6062890000000032,30.79170403333338,31.96565233333338
2023-10-16 08:00:00,0.0,35.814442583333346,38.690223666666704
2023-10-16 09:00:00,0.0,55.407631800000004,15.788951000000024
2023-10-16 10:00:00,0.008284000000000007,63.06854991666667,14.692214500000032
2023-10-16 11:00:00,0.008257000000000007,101.95840951666663,13.302361666666691
2023-10-16 12:00:00,0.0,148.93015866666659,0.0
2023-10-16 13:00:00,0.0,146.33805771666658,7.649343333333335
2023-10-16 14:00:00,0.0,148.9261593666666,10.735021333333343
2023-10-16 15:00:00,0.0,152.0977635166666,9.050170333333336
2023-10-16 16:00:00,0.0,98.63705573333333,20.843976000000023
2023-10-16 17:00:00,0.0,61.15757361666676,37.58033366666671
2023-10-16 18:00:00,1.478806000000002,61.69848445000009,0.6017160000000011
2023-10-16 19:00:00,1.3513230000000018,49.95758166666671,9.451728000000028
2023-10-16 20:00:00,0.0,45.81951220000004,10.209551666666695
2023-10-16 21:00:00,0.0,34.01788273333337,0.0
2023-10-16 22:00:00,0.0,14.435504700000015,0.0
2023-10-16 23:00:00,0.0,4.6781499500000026,0.0
2023-10-17 00:00:00,0.0,1.5851187999999994,0.0
2023-10-17 01:00:00,0.0,5.660100266666669,0.0
2023-10-17 02:00:00,0.0,8.617580550000007,0.0
2023-10-17 03:00:00,0.0,10.148322133333343,0.0
2023-10-17 04:00:00,0.0,10.613795650000007,0.0
2023-10-17 05:00:00,0.0,15.96663153333335,0.42005600000000093
2023-10-17 06:00:00,1.6662810000000021,29.336355083333387,10.496419666666695
2023-10-17 07:00:00,1.5163010000000028,31.45025141666672,35.20213400000005
2023-10-17 08:00:00,0.0,40.24283848333333,34.45855600000003
2023-10-17 09:00:00,0.0,75.82835313333331,13.558782666666687
2023-10-17 10:00:00,0.008279000000000007,65.1759821,14.221875166666697
2023-10-17 11:00:00,0.008262000000000005,102.90347678333328,12.80962366666669
2023-10-17 12:00:00,0.0,145.3635652166666,0.0
2023-10-17 13:00:00,0.0,134.53332728333328,8.382919000000005
2023-10-17 14:00:00,0.0,136.74781268333325,12.092536000000008
2023-10-17 15:00:00,0.0,141.3125158833333,9.849275000000004
2023-10-17 16:00:00,0.0,103.40489948333332,25.642562000000027
2023-10-17 17:00:00,0.0,62.96360611666676,33.700375333333376
2023-10-17 18:00:00,1.3813190000000009,59.73700686666675,0.6288720000000007
2023-10-17 19:00:00,1.5312990000000024,49.06693213333338,10.03269033333336
2023-10-17 20:00:00,0.0,45.43391885000004,10.256190333333358
2023-10-17 21:00:00,0.0,34.20590443333338,0.0
2023-10-17 22:00:00,0.0,14.245990933333351,0.0
2023-10-17 23:00:00,0.0,3.9002428666666686,0.0
2023-10-18 00:00:00,0.0,1.8026170000000008,0.0
2023-10-18 01:00:00,0.0,5.940098400000005,0.0
2023-10-18 02:00:00,0.0,9.315075900000007,0.0
2023-10-18 03:00:00,0.0,11.778560166666672,0.0
2023-10-18 04:00:00,0.0,13.136095750000008,0.0
2023-10-18 05:00:00,0.0,18.358045083333348,0.4862720000000008
2023-10-18 06:00:00,1.5312990000000017,27.47928295000005,10.592948666666688
2023-10-18 07:00:00,1.5088020000000026,32.545238866666715,42.57064200000007
2023-10-18 08:00:00,0.0,43.14578525000001,21.8952126666667
2023-10-18 09:00:00,0.0,70.34651029999998,14.412788000000026
2023-10-18 10:00:00,0.008276000000000006,68.0269699,15.388868500000036
2023-10-18 11:00:00,0.008265000000000007,93.43901003333335,14.92398200000003
2023-10-18 12:00:00,0.0,134.28534863333329,0.0
2023-10-18 13:00:00,0.0,136.23008793333327,5.551689
2023-10-18 14:00:00,0.0,141.64166426666657,9.880770000000007
2023-10-18 15:00:00,0.0,153.2625931666666,8.540895000000003
2023-10-18 16:00:00,0.0,96.94074651666668,29.78052833333336
2023-10-18 17:00:00,0.0,64.17147301666675,37.82999900000003
2023-10-18 18:00:00,1.5612950000000019,63.21500325000009,0.617092000000001
2023-10-18 19:00:00,1.4938040000000026,48.50914568333337,9.994132000000029
2023-10-18 20:00:00,0.0,43.44976586666671,10.157916000000032
2023-10-18 21:00:00,0.0,32.91174696666672,0.0
2023-10-18 22:00:00,0.0,13.706290250000016,0.0
2023-10-18 23:00:00,0.0,3.5570702999999995,0.0
2023-10-19 00:00:00,0.0,1.8276185333333328,0.0
2023-10-19 01:00:00,0.0,5.060104266666672,0.0
2023-10-19 02:00:00,0.0,7.5475876833333375,0.0
2023-10-19 03:00:00,0.0,8.77508021666667,0.0
2023-10-19 04:00:00,0.0,11.187038533333338,0.0
2023-10-19 05:00:00,0.0,17.468461800000014,0.4385320000000016
2023-10-19 06:00:00,1.4488100000000017,30.05228790000006,10.68024433333336
2023-10-19 07:00:00,1.4263130000000017,32.11478008333338,38.125043000000055
2023-10-19 08:00:00,0.0,40.39112991666668,38.74200300000004
2023-10-19 09:00:00,0.0,59.55063710000001,14.337308833333358
2023-10-19 10:00:00,0.008271000000000006,78.24247193333329,15.030475166666703
2023-10-19 11:00:00,0.008270000000000005,118.21933584999995,13.118222166666687
2023-10-19 12:00:00,0.0,148.25567149999992,0.0
2023-10-19 13:00:00,0.0,148.64315794999996,6.296459333333334
2023-10-19 14:00:00,0.0,140.81317149999998,7.945099666666665
2023-10-19 15:00:00,0.0,126.90683449999996,10.289392666666673
2023-10-19 16:00:00,0.0,95.50261496666666,31.403931333333365
2023-10-19 17:00:00,0.0,57.85019451666675,21.96567433333336
2023-10-19 18:00:00,1.583792000000003,65.58386693333343,0.631600000000001
2023-10-19 19:00:00,1.6362850000000002,48.00682761666671,9.285254000000027
2023-10-19 20:00:00,0.0,42.42668158333338,10.777544000000027
2023-10-19 21:00:00,0.0,33.849370700000044,0.0
2023-10-19 22:00:00,0.0,13.99382686666668,0.0
2023-10-19 23:00:00,0.0,3.8994092000000014,0.0
2023-10-20 00:00:00,0.0,2.5551125833333344,0.0
2023-10-20 01:00:00,0.0,6.440095066666673,0.0
2023-10-20 02:00:00,0.0,9.635073766666672,0.0
2023-10-20 03:00:00,0.0,11.25756421666667,0.0
2023-10-20 04:00:00,0.0,11.865680816666673,0.0
2023-10-20 05:00:00,0.0,17.97386321666668,0.4396480000000005
2023-10-20 06:00:00,1.5987900000000042,30.35711858333339,10.839930333333355
2023-10-20 07:00:00,1.441311000000003,32.95376873333338,41.163947333333404
2023-10-20 08:00:00,0.0,40.04077470000001,31.47173933333336
2023-10-20 09:00:00,0.0,65.55161203333333,13.313511500000022
2023-10-20 10:00:00,0.008266000000000008,75.85457271666664,16.845902666666706
2023-10-20 11:00:00,0.008275000000000006,103.2280061833333,13.709348000000023
2023-10-20 12:00:00,0.0,134.05660758333326,0.0
2023-10-20 13:00:00,0.0,143.30198936666662,5.464891666666666
2023-10-20 14:00:00,0.0,133.9443318833333,10.47385366666667
2023-10-20 15:00:00,0.0,136.4060174166666,10.501530333333344
2023-10-20 16:00:00,0.0,96.14596153333332,25.9988276666667
2023-10-20 17:00:00,0.0,59.04595156666676,30.85942633333337
2023-10-20 18:00:00,1.5088020000000038,64.98043778333343,0.5906800000000013
2023-10-20 19:00:00,1.5462970000000023,48.188111800000044,10.305169333333366
2023-10-20 20:00:00,0.0,43.96498191666671,10.242865000000029
2023-10-20 21:00:00,0.0,33.324558000000046,0.0
2023-10-20 22:00:00,0.0,15.265012350000015,0.0
2023-10-20 23:00:00,0.0,6.226809583333338,0.0
2023-10-21 00:00:00,0.0,2.057615666666669,0.0
2023-10-21 01:00:00,0.0,5.44760168333334,0.0
2023-10-21 02:00:00,0.0,7.272589516666673,0.0
2023-10-21 03:00:00,0.0,9.222577450000006,0.0
2023-10-21 04:00:00,0.0,10.794369916666675,0.0
2023-10-21 05:00:00,0.0,16.792674300000012,0.49743200000000065
2023-10-21 06:00:00,1.501303000000002,31.42258618333339,9.785492666666691
2023-10-21 07:00:00,1.5387980000000028,33.06695416666671,25.818382666666725
2023-10-21 08:00:00,0.0,34.592945516666674,34.98699800000004
2023-10-21 09:00:00,0.0,66.05920928333332,16.934832166666695
2023-10-21 10:00:00,0.008270000000000007,77.26706323333332,16.92520500000004
2023-10-21 11:00:00,0.008271000000000006,104.73516286666664,13.782676666666692
2023-10-21 12:00:00,0.0,129.6505885333333,0.0
2023-10-21 13:00:00,0.0,138.0518240333333,6.169961333333332
2023-10-21 14:00:00,0.0,140.7465663333333,8.884056666666671
2023-10-21 15:00:00,0.0,150.42082678333324,10.258537333333338
2023-10-21 16:00:00,0.0,104.44904839999995,34.43942533333336
2023-10-21 17:00:00,0.0,63.477410733333414,38.21993433333337
2023-10-21 18:00:00,1.4863050000000007,62.42658606666675,0.6060560000000007
2023-10-21 19:00:00,1.5687940000000034,49.49522021666671,10.323495333333364
2023-10-21 20:00:00,0.0,45.004542866666704,11.009071666666694
2023-10-21 21:00:00,0.0,34.92289280000004,0.0
2023-10-21 22:00:00,0.0,14.806569550000019,0.0
2023-10-21 23:00:00,0.0,5.1070631333333365,0.0
2023-10-22 00:00:00,0.0,0.0,0.0
2023-10-22 01:00:00,0.0,0.0,0.0
2023-10-22 02:00:00,0.0,0.0,0.0
2023-10-22 03:00:00,0.0,0.0,0.0
2023-10-22 04:00:00,0.0,0.26757796666666644,0.0
2023-10-22 05:00:00,0.0,4.210553533333339,0.47622800000000054
2023-10-22 06:00:00,1.5462970000000007,15.90993021666671,11.311201000000025
2023-10-22 07:00:00,1.456309000000002,16.422885800000042,33.89758466666673
2023-10-22 08:00:00,0.0,2.358137133333332,31.229922000000034
2023-10-22 09:00:00,0.0,0.6961479833333294,14.895604666666696
2023-10-22 10:00:00,0.008274000000000007,0.6420140333333296,17.825856166666703
2023-10-22 11:00:00,0.008267000000000007,0.5548576666666637,15.524116166666692
2023-10-22 12:00:00,0.0,0.6451036666666636,0.0
2023-10-22 13:00:00,0.0,0.5538644166666643,7.961270333333335
2023-10-22 14:00:00,0.0,0.687517499999997,7.357215666666672
2023-10-22 15:00:00,0.0,0.7824281833333296,9.387838000000004
2023-10-22 16:00:00,0.0,3.906637566666665,29.056479666666693
2023-10-22 17:00:00,0.0,33.795175533333406,32.005759333333366
2023-10-22 18:00:00,1.6212870000000017,45.69351453333341,0.551124000000002
2023-10-22 19:00:00,1.4713070000000004,34.9606873166667,9.924566333333363
2023-10-22 20:00:00,0.0,31.09509505000004,9.136862333333362
2023-10-22 21:00:00,0.0,21.985813766666702,0.0
2023-10-22 22:00:00,0.0,5.430156866666674,0.0
2023-10-22 23:00:00,0.0,0.36104693333333293,0.0
2023-10-23 00:00:00,0.0,2.095114733333333,0.0
2023-10-23 01:00:00,0.0,6.182596783333338,0.0
2023-10-23 02:00:00,0.0,9.200076666666671,0.0
2023-10-23 03:00:00,0.0,11.135064100000003,0.0
2023-10-23 04:00:00,0.0,12.948678066666673,0.0
2023-10-23 05:00:00,0.0,18.47191721666668,0.43667200000000045
2023-10-23 06:00:00,1.6737800000000038,32.40483731666672,10.074189666666692
2023-10-23 07:00:00,1.4338120000000014,32.459368466666724,37.819602333333386
2023-10-23 08:00:00,0.0,45.8754489,31.535041666666697
2023-10-23 09:00:00,0.0,65.19274018333331,16.489403833333366
2023-10-23 10:00:00,0.008250000000000006,71.3772271833333,16.928499500000036
2023-10-23 11:00:00,0.008291000000000005,107.62884271666663,13.238873333333357
2023-10-23 12:00:00,0.0,149.17584013333325,0.0
2023-10-23 13:00:00,0.0,147.45900189999995,7.347524000000002
2023-10-23 14:00:00,0.0,125.12768959999995,9.589299000000004
2023-10-23 15:00:00,0.0,128.96369975,8.453234333333338
2023-10-23 16:00:00,0.0,96.24990395,29.69097466666669
2023-10-23 17:00:00,0.0,61.177078866666754,30.2819616666667
2023-10-23 18:00:00,1.5837920000000003,63.889977783333414,0.6325920000000008
2023-10-23 19:00:00,1.403816000000002,48.45166523333338,10.497644333333358
2023-10-23 20:00:00,0.0,44.87601551666671,10.06130733333336
2023-10-23 21:00:00,0.0,33.922934650000045,0.0
2023-10-23 22:00:00,0.0,14.932849583333347,0.0
2023-10-23 23:00:00,0.0,4.3357366666666675,0.0
2023-10-24 00:00:00,0.0,3.165109216666668,0.0
2023-10-24 01:00:00,0.0,7.710086600000005,0.0
2023-10-24 02:00:00,0.0,9.610073933333341,0.0
2023-10-24 03:00:00,0.0,10.557068250000006,0.0
2023-10-24 04:00:00,0.0,11.530037566666671,0.0
2023-10-24 05:00:00,0.0,17.99138520000001,0.4469640000000008
2023-10-24 06:00:00,1.5612950000000019,30.3651708833334,10.779237000000025
2023-10-24 07:00:00,1.6437840000000006,27.911141550000046,39.853450666666724
2023-10-24 08:00:00,0.0,42.515765783333336,29.92993300000004
2023-10-24 09:00:00,0.0,65.72934079999999,16.933875333333358
2023-10-24 10:00:00,0.008271000000000006,74.17612894999996,14.458533666666701
2023-10-24 11:00:00,0.008270000000000007,107.53317849999998,14.641788000000027
2023-10-24 12:00:00,0.0,146.06891618333327,0.0
2023-10-24 13:00:00,0.0,154.33523013333328,7.2653913333333415
2023-10-24 14:00:00,0.0,140.47802014999994,9.216318000000008
2023-10-24 15:00:00,0.0,126.7155239333333,9.35231800000001
2023-10-24 16:00:00,0.0,81.24908238333333,37.27221033333336
2023-10-24 17:00:00,0.0,62.70076106666676,20.087681666666697
2023-10-24 18:00:00,1.4188140000000045,62.78560025000008,0.5941520000000013
2023-10-24 19:00:00,1.4713070000000028,49.0411793166667,9.404945000000023
2023-10-24 20:00:00,0.0,45.67489085000003,10.201223333333367
2023-10-24 21:00:00,0.0,34.688557600000046,0.0
2023-10-24 22:00:00,0.0,15.31631893333335,0.0
2023-10-24 23:00:00,0.0,4.622314566666668,0.0
2023-10-25 00:00:00,0.0,2.7801116999999995,0.0
2023-10-25 01:00:00,0.0,5.9150985666666696,0.0
2023-10-25 02:00:00,0.0,10.267569550000008,0.0
2023-10-25 03:00:00,0.0,10.49256881666667,0.0
2023-10-25 04:00:00,0.0,11.768765300000005,0.0
2023-10-25 05:00:00,0.0,17.911691033333348,0.4742440000000005
2023-10-25 06:00:00,1.5312990000000035,32.654490516666726,10.113932666666697
2023-10-25 07:00:00,1.5462970000000011,30.52069073333338,27.109656000000054
2023-10-25 08:00:00,0.0,33.40219550000001,33.60636633333337
2023-10-25 09:00:00,0.0,56.73982426666668,14.778440000000026
2023-10-25 10:00:00,0.008265000000000007,74.36272253333331,17.77679883333337
2023-10-25 11:00:00,0.008276000000000006,104.88264919999996,15.201391166666694
2023-10-25 12:00:00,0.0,130.2085824499999,0.0
2023-10-25 13:00:00,0.0,145.58599766666657,7.709483000000005
2023-10-25 14:00:00,0.0,159.38633138333324,10.01056833333334
2023-10-25 15:00:00,0.0,143.0610140166666,9.470783000000004
2023-10-25 16:00:00,0.0,96.34331204999998,28.29479600000003
2023-10-25 17:00:00,0.0,57.66900205000008,35.73956000000003
2023-10-25 18:00:00,1.568794000000004,60.26109313333342,0.6008480000000012
2023-10-25 19:00:00,1.4488100000000035,48.82687208333337,10.358169000000027
2023-10-25 20:00:00,0.0,44.513083800000054,9.713183000000026
2023-10-25 21:00:00,0.0,33.22949308333338,0.0
2023-10-25 22:00:00,0.0,14.73091938333335,0.0
2023-10-25 23:00:00,0.0,4.263235183333336,0.0
2023-10-26 00:00:00,0.0,2.3251139000000003,0.0
2023-10-26 01:00:00,0.0,6.512594583333339,0.0
2023-10-26 02:00:00,0.0,9.365075566666674,0.0
2023-10-26 03:00:00,0.0,11.256563900000005,0.0
2023-10-26 04:00:00,0.0,11.609150916666676,0.0
2023-10-26 05:00:00,0.0,16.363700100000017,0.495324
2023-10-26 06:00:00,1.508802000000003,29.642423833333392,10.0605756666667
2023-10-26 07:00:00,1.553796000000001,30.832598750000045,33.450475333333394
2023-10-26 08:00:00,0.0,34.10383400000001,36.28155200000004
2023-10-26 09:00:00,0.0,51.785967916666685,14.677214666666693
2023-10-26 10:00:00,0.008267000000000007,67.98671678333334,16.75510683333337
2023-10-26 11:00:00,0.008274000000000007,107.55683033333332,13.67679816666669
2023-10-26 12:00:00,0.0,126.4541625666666,0.0
2023-10-26 13:00:00,0.0,149.37156308333326,4.749923666666665
2023-10-26 14:00:00,0.0,155.83897956666658,10.128705000000004
2023-10-26 15:00:00,0.0,152.62667044999995,9.27918633333334
2023-10-26 16:00:00,0.0,99.14737634999997,32.921489333333376
2023-10-26 17:00:00,0.0,65.75477561666676,29.27785700000004
2023-10-26 18:00:00,1.4938040000000024,62.30115870000009,0.6236640000000009
2023-10-26 19:00:00,1.5387980000000014,48.88230110000004,9.801059000000029
2023-10-26 20:00:00,0.0,45.524257166666715,10.73590233333336
2023-10-26 21:00:00,0.0,33.83131103333338,0.0
2023-10-26 22:00:00,0.0,13.93344756666668,0.0
2023-10-26 23:00:00,0.0,4.31482695,0.0
2023-10-27 00:00:00,0.0,2.5676134333333325,0.0
2023-10-27 01:00:00,0.0,5.620100533333337,0.0
2023-10-27 02:00:00,0.0,7.9350851000000056,0.0
2023-10-27 03:00:00,0.0,9.795072900000005,0.0
2023-10-27 04:00:00,0.0,10.51622213333334,0.0
2023-10-27 05:00:00,0.0,15.68548713333335,0.42700000000000116
2023-10-27 06:00:00,1.4788060000000023,29.575065083333396,10.249971333333361
2023-10-27 07:00:00,1.4113150000000017,32.76996660000005,49.87641666666672
2023-10-27 08:00:00,0.0,40.66347513333335,36.56151533333337
2023-10-27 09:00:00,0.0,64.37607463333332,16.257025166666697
2023-10-27 10:00:00,0.008273000000000004,78.25104198333331,16.117888333333372
2023-10-27 11:00:00,0.008268000000000006,125.07313778333328,16.72684250000003
2023-10-27 12:00:00,0.0,142.32457823333328,0.0
2023-10-27 13:00:00,0.0,138.04133844999993,6.178789666666664
2023-10-27 14:00:00,0.0,128.97041464999995,9.45233100000001
2023-10-27 15:00:00,0.0,136.29234131666664,7.545011000000003
2023-10-27 16:00:00,0.0,100.83335104999998,21.698817333333363
2023-10-27 17:00:00,0.0,59.00024473333342,20.166939000000028
2023-10-27 18:00:00,1.5837920000000012,62.00681888333342,0.5574480000000004
2023-10-27 19:00:00,1.6212870000000037,47.57662723333337,10.442372000000026
2023-10-27 20:00:00,0.0,44.1310968666667,10.199557666666697
2023-10-27 21:00:00,0.0,33.54593263333337,0.0
2023-10-27 22:00:00,0.0,13.796589216666682,0.0
2023-10-27 23:00:00,0.0,3.9865723166666682,0.0
2023-10-28 00:00:00,0.0,2.345113850000001,0.0
2023-10-28 01:00:00,0.0,5.6901000666666715,0.0
2023-10-28 02:00:00,0.0,8.047584350000005,0.0
2023-10-28 03:00:00,0.0,9.645073700000005,0.0
2023-10-28 04:00:00,0.0,12.523943416666674,0.0
2023-10-28 05:00:00,0.0,17.74042126666668,0.43506000000000034
2023-10-28 06:00:00,1.5612950000000037,30.709709983333394,10.247769000000028
2023-10-28 07:00:00,1.3738200000000018,38.68057481666672,32.28611633333339
2023-10-28 08:00:00,0.0,47.147560616666674,29.633941666666704
2023-10-28 09:00:00,0.0,74.71141248333333,13.270114833333361
2023-10-28 10:00:00,0.008272000000000005,90.2318685833333,16.646612333333373
2023-10-28 11:00:00,0.008269000000000007,115.72940031666664,15.185992166666695
2023-10-28 12:00:00,0.0,140.40375158333325,0.0
2023-10-28 13:00:00,0.0,137.59565633333327,8.806330999999998
2023-10-28 14:00:00,0.0,127.0169049666666,11.81122366666668
2023-10-28 15:00:00,0.0,122.07818739999993,8.084433999999998
2023-10-28 16:00:00,0.0,101.74834271666664,35.80776400000003
2023-10-28 17:00:00,0.0,60.36298255000009,32.8633046666667
2023-10-28 18:00:00,1.6362850000000018,59.77933143333342,0.6070480000000013
2023-10-28 19:00:00,1.5238000000000012,49.67140733333337,10.242594000000032
2023-10-28 20:00:00,0.0,44.18609271666671,10.632631000000028
2023-10-28 21:00:00,0.0,33.09190568333337,0.0
2023-10-28 22:00:00,0.0,13.735964550000014,0.0
2023-10-28 23:00:00,0.0,4.444241416666666,0.0
2023-10-29 00:00:00,0.0,0.0,0.0
2023-10-29 01:00:00,0.0,0.0,0.0
2023-10-29 02:00:00,0.0,0.0,0.0
2023-10-29 03:00:00,0.0,0.0,0.0
2023-10-29 04:00:00,0.0,0.23525664999999968,0.0
2023-10-29 05:00:00,0.0,5.133894800000007,0.4784600000000007
2023-10-29 06:00:00,1.4563090000000019,18.512483266666727,10.027297666666696
2023-10-29 07:00:00,1.643784000000003,13.27699380000004,34.8255723333334
2023-10-29 08:00:00,0.0,2.4629786499999984,26.49920333333336
2023-10-29 09:00:00,0.0,0.6151259166666629,15.371845000000029
2023-10-29 10:00:00,0.008276000000000007,0.5893623499999964,18.866709833333374
2023-10-29 11:00:00,0.008265000000000007,0.6916838999999967,12.497931000000026
2023-10-29 12:00:00,0.0,0.6877691833333303,0.0
2023-10-29 13:00:00,0.0,0.6454364666666639,8.02096
2023-10-29 14:00:00,0.0,0.6991798499999967,13.11742700000001
2023-10-29 15:00:00,0.0,0.7856742166666628,7.649136666666668
2023-10-29 16:00:00,0.0,3.7950745833333324,27.468520000000023
2023-10-29 17:00:00,0.0,32.947852116666745,32.06976733333337
2023-10-29 18:00:00,1.5088020000000004,46.47507986666674,0.6122560000000012
2023-10-29 19:00:00,1.4863050000000022,34.92167073333337,10.30178433333336
2023-10-29 20:00:00,0.0,31.818619116666703,10.097952000000028
2023-10-29 21:00:00,0.0,21.9307875666667,0.0
2023-10-29 22:00:00,0.0,5.71142263333334,0.0
2023-10-29 23:00:00,0.0,0.3498771666666663,0.0
2023-10-30 00:00:00,0.0,2.075116916666668,0.0
2023-10-30 01:00:00,0.0,6.46759488333334,0.0
2023-10-30 02:00:00,0.0,8.712579916666673,0.0
2023-10-30 03:00:00,0.0,10.65006770000001,0.0
2023-10-30 04:00:00,0.0,12.023908350000008,0.0
2023-10-30 05:00:00,0.0,17.662850083333346,0.4902400000000009
2023-10-30 06:00:00,1.6212870000000021,31.109724266666724,10.383561333333361
2023-10-30 07:00:00,1.4713070000000015,30.55926356666672,39.41587533333338
2023-10-30 08:00:00,0.0,31.372048083333343,39.09855300000003
2023-10-30 09:00:00,0.0,66.75446338333332,15.88787400000003
2023-10-30 10:00:00,0.008265000000000007,81.27838108333333,16.84521000000004
2023-10-30 11:00:00,0.008276000000000006,111.58698439999996,14.445990333333357
2023-10-30 12:00:00,0.0,140.1900837999999,0.0
2023-10-30 13:00:00,0.0,153.47956141666657,6.7105760000000005
2023-10-30 14:00:00,0.0,142.7614769833333,7.852963999999997
2023-10-30 15:00:00,0.0,124.1860106166666,10.774654000000009
2023-10-30 16:00:00,0.0,99.06273861666668,29.574297000000033
2023-10-30 17:00:00,0.0,59.64654183333343,24.02896100000003
2023-10-30 18:00:00,1.5837920000000012,61.440842916666746,0.6147360000000014
2023-10-30 19:00:00,1.4188140000000018,47.797036300000045,9.762243333333364
2023-10-30 20:00:00,0.0,45.41123191666671,10.209551666666695
2023-10-30 21:00:00,0.0,33.79866931666671,0.0
2023-10-30 22:00:00,0.0,13.342691983333344,0.0
2023-10-30 23:00:00,0.0,4.253642650000001,0.0
2023-10-31 00:00:00,0.0,2.3601138500000003,0.0
2023-10-31 01:00:00,0.0,6.345095700000004,0.0
2023-10-31 02:00:00,0.0,9.670073533333337,0.0
2023-10-31 03:00:00,0.0,10.86256685000001,0.0
2023-10-31 04:00:00,0.0,11.603454283333338,0.0
2023-10-31 05:00:00,0.0,18.53462425000001,0.4620920000000011
2023-10-31 06:00:00,1.5537960000000026,30.97963150000005,10.009689666666697
2023-10-31 07:00:00,1.4488100000000015,29.80214858333338,24.68720000000005
2023-10-31 08:00:00,0.0,35.184232283333344,36.19383033333336
2023-10-31 09:00:00,0.0,57.73733493333332,17.340206000000027
2023-10-31 10:00:00,0.008263000000000005,72.73690081666663,15.365668333333371
2023-10-31 11:00:00,0.008278000000000006,118.16125488333329,15.274777333333361
2023-10-31 12:00:00,0.0,124.54667588333332,0.0
2023-10-31 13:00:00,0.0,148.65581909999995,7.4740050000000045
2023-10-31 14:00:00,0.0,157.2394233499999,10.62137666666667
2023-10-31 15:00:00,0.0,131.05570048333328,8.773177333333335
2023-10-31 16:00:00,0.0,92.8818031,21.04128000000003
2023-10-31 17:00:00,0.0,60.57324648333342,35.42143500000003
2023-10-31 18:00:00,1.4863050000000038,61.095892900000095,0.6275080000000013
2023-10-31 19:00:00,1.6062890000000016,49.6300630166667,9.661568666666692
2023-10-31 20:00:00,0.0,44.99955270000005,11.092355000000023
2023-10-31 21:00:00,0.0,34.77470796666671,0.0
2023-10-31 22:00:00,0.0,15.019093700000013,0.0
2023-10-31 23:00:00,0.0,5.399400100000002,0.0
2023-11-01 00:00:00,0.0,2.2751145000000004,0.0
2023-11-01 01:00:00,0.0,6.990091400000005,0.0
2023-11-01 02:00:00,0.0,8.640080400000006,0.0
2023-11-01 03:00:00,0.0,11.262564550000006,0.0
2023-11-01 04:00:00,0.0,12.783791350000003,0.0
2023-11-01 05:00:00,0.0,17.709781150000012,0.4335720000000011
2023-11-01 06:00:00,1.606289000000001,32.46372156666673,10.744674333333352
2023-11-01 07:00:00,1.5013030000000012,33.396999683333384,35.46055500000006
2023-11-01 08:00:00,0.0,47.41425538333334,19.66808466666669
2023-11-01 09:00:00,0.0,59.424458316666666,15.434949666666693
2023-11-01 10:00:00,0.008264000000000004,69.16537918333336,16.436018166666702
2023-11-01 11:00:00,0.008277000000000007,103.08632025,13.711229166666692
2023-11-01 12:00:00,0.0,132.6722506166666,0.0
2023-11-01 13:00:00,0.0,149.9629652166666,7.311347333333334
2023-11-01 14:00:00,0.0,143.73981053333327,9.144154333333336
2023-11-01 15:00:00,0.0,144.04686914999994,7.714977000000003
2023-11-01 16:00:00,0.0,97.95132006666668,41.364076666666705
2023-11-01 17:00:00,0.0,62.099159183333434,33.79512133333336
2023-11-01 18:00:00,1.4338120000000014,58.817219083333406,0.5658800000000013
2023-11-01 19:00:00,1.553796000000003,47.54331803333337,9.805064000000026
2023-11-01 20:00:00,0.0,42.81571383333337,9.295100666666697
2023-11-01 21:00:00,0.0,32.756241966666714,0.0
2023-11-01 22:00:00,0.0,13.748168516666679,0.0
2023-11-01 23:00:00,0.0,4.121489583333334,0.0
2023-11-02 00:00:00,0.0,2.392614383333333,0.0
2023-11-02 01:00:00,0.0,6.8350924333333385,0.0
2023-11-02 02:00:00,0.0,8.967578216666672,0.0
2023-11-02 03:00:00,0.0,10.01532233333334,0.0
2023-11-02 04:00:00,0.0,11.67309963333334,0.0
2023-11-02 05:00:00,0.0,17.771468216666683,0.4583720000000005
2023-11-02 06:00:00,1.2538360000000024,30.531696333333393,10.244718666666696
2023-11-02 07:00:00,1.5762929999999997,33.58233173333338,34.28817200000005
2023-11-02 08:00:00,0.0,39.981301683333356,36.71968966666669
2023-11-02 09:00:00,0.0,70.75070576666666,16.54011350000003
2023-11-02 10:00:00,0.008270000000000007,82.94229761666665,16.339183166666704
2023-11-02 11:00:00,0.008271000000000006,110.8475708833333,13.619097666666693
2023-11-02 12:00:00,0.0,139.01784283333328,0.0
2023-11-02 13:00:00,0.0,144.03082734999995,7.839626666666668
2023-11-02 14:00:00,0.0,147.2444835166666,8.193448000000004
2023-11-02 15:00:00,0.0,130.94102274999997,10.605189000000008
2023-11-02 16:00:00,0.0,90.26549158333333,29.1750256666667
2023-11-02 17:00:00,0.0,59.10145975000009,24.602915333333367
2023-11-02 18:00:00,1.5837920000000008,61.438666750000074,0.6099000000000011
2023-11-02 19:00:00,1.6812790000000044,46.879921600000046,10.48153766666669
2023-11-02 20:00:00,0.0,44.296388950000036,10.171241333333356
2023-11-02 21:00:00,0.0,34.144435850000036,0.0
2023-11-02 22:00:00,0.0,15.588490550000017,0.0
2023-11-02 23:00:00,0.0,5.320812100000003,0.0
2023-11-03 00:00:00,0.0,1.477621033333332,0.0
2023-11-03 01:00:00,0.0,5.755099633333339,0.0
2023-11-03 02:00:00,0.0,7.530087800000006,0.0
2023-11-03 03:00:00,0.0,9.350075850000009,0.0
2023-11-03 04:00:00,0.0,11.483865850000006,0.0
2023-11-03 05:00:00,0.0,16.944120000000012,0.4048040000000013
2023-11-03 06:00:00,1.5013030000000023,28.87891958333339,9.347565000000026
2023-11-03 07:00:00,1.5013030000000032,34.65291546666672,29.336265666666723
2023-11-03 08:00:00,0.0,42.40765840000002,28.05398300000004
2023-11-03 09:00:00,0.0,62.79833678333333,15.576669166666695
2023-11-03 10:00:00,0.008268000000000006,74.52287501666662,13.607747666666695
2023-11-03 11:00:00,0.008273000000000006,111.97858633333328,12.747995000000024
2023-11-03 12:00:00,0.0,140.94383363333327,0.0
2023-11-03 13:00:00,0.0,160.88988669999998,9.055024666666672
2023-11-03 14:00:00,0.0,139.75465654999996,10.256706000000003
2023-11-03 15:00:00,0.0,122.87244153333329,11.793722666666676
2023-11-03 16:00:00,0.0,94.61768141666666,38.612829000000026
2023-11-03 17:00:00,0.0,61.85531341666676,31.31353166666669
2023-11-03 18:00:00,1.576293000000003,57.55373233333342,0.6225480000000008
2023-11-03 19:00:00,1.5163010000000006,48.75798155000004,10.31595166666669
2023-11-03 20:00:00,0.0,44.735485483333385,11.378849666666694
2023-11-03 21:00:00,0.0,33.98508005000005,0.0
2023-11-03 22:00:00,0.0,15.337657433333348,0.0
2023-11-03 23:00:00,0.0,4.720736766666671,0.0
2023-11-04 00:00:00,0.0,2.427614833333333,0.0
2023-11-04 01:00:00,0.0,6.517594550000007,0.0
2023-11-04 02:00:00,0.0,9.410075266666674,0.0
2023-11-04 03:00:00,0.0,11.295563400000006,0.0
2023-11-04 04:00:00,0.0,12.65239288333334,0.0
2023-11-04 05:00:00,0.0,18.079791433333348,0.45874400000000104
2023-11-04 06:00:00,1.4938040000000028,33.619389816666725,11.351149000000024
2023-11-04 07:00:00,1.5837920000000028,32.560973283333375,33.60767233333338
2023-11-04 08:00:00,0.0,31.270063650000008,31.89524233333336
2023-11-04 09:00:00,0.0,57.65308621666667,14.046476166666693
2023-11-04 10:00:00,0.008271000000000006,75.84605988333334,15.089762166666704
2023-11-04 11:00:00,0.008270000000000007,106.36533766666665,12.514855166666688
2023-11-04 12:00:00,0.0,139.1821498333333,0.0
2023-11-04 13:00:00,0.0,155.40648224999993,7.211178666666669
2023-11-04 14:00:00,0.0,136.09475883333323,10.466372666666672
2023-11-04 15:00:00,0.0,141.9281180166666,12.140513000000013
2023-11-04 16:00:00,0.0,95.67947591666666,37.525031000000034
2023-11-04 17:00:00,0.0,58.8549280500001,25.45526800000003
2023-11-04 18:00:00,1.6062890000000034,62.40021540000008,0.6050640000000018
2023-11-04 19:00:00,1.411315000000002,49.173562650000044,10.206656333333362
2023-11-04 20:00:00,0.0,44.31980040000005,9.898072000000026
2023-11-04 21:00:00,0.0,32.820471216666725,0.0
2023-11-04 22:00:00,0.0,13.591130050000015,0.0
2023-11-04 23:00:00,0.0,4.253907100000001,0.0
2023-11-05 00:00:00,0.0,0.0,0.0
2023-11-05 01:00:00,0.0,0.0,0.0
2023-11-05 02:00:00,0.0,0.0,0.0
2023-11-05 03:00:00,0.0,0.0,0.0
2023-11-05 04:00:00,0.0,0.27342991666666644,0.0
2023-11-05 05:00:00,0.0,5.4816448833333435,0.5115680000000005
2023-11-05 06:00:00,1.531299000000002,19.03685353333339,10.52783600000002
2023-11-05 07:00:00,1.3513230000000023,14.963599683333376,41.383891666666734
2023-11-05 08:00:00,0.0,2.602951133333333,33.19602433333336
2023-11-05 09:00:00,0.0,0.53771898333333,15.844931500000024
2023-11-05 10:00:00,0.008274000000000005,0.62727548333333,16.699630666666703
2023-11-05 11:00:00,0.008267000000000007,0.5632804166666641,14.234578833333357
2023-11-05 12:00:00,0.0,0.7150138166666633,0.0
2023-11-05 13:00:00,0.0,0.702596916666663,7.568317333333336
2023-11-05 14:00:00,0.0,0.7522586999999966,11.156774666666676
2023-11-05 15:00:00,0.0,0.6827660499999963,6.368104999999996
2023-11-05 16:00:00,0.0,3.13101458333333,30.296423000000033
2023-11-05 17:00:00,0.0,30.319950316666738,24.780322333333366
2023-11-05 18:00:00,1.4863050000000022,44.84849203333341,0.5548440000000019
2023-11-05 19:00:00,1.7262730000000035,34.98108020000004,10.71073866666669
2023-11-05 20:00:00,0.0,31.485181016666704,9.80646033333336
2023-11-05 21:00:00,0.0,21.8478402666667,0.0
2023-11-05 22:00:00,0.0,5.360095433333341,0.0
2023-11-05 23:00:00,0.0,0.38063678333333295,0.0
2023-11-06 00:00:00,0.0,2.4051144166666663,0.0
2023-11-06 01:00:00,0.0,5.642600383333338,0.0
2023-11-06 02:00:00,0.0,9.06257758333334,0.0
2023-11-06 03:00:00,0.0,10.192571000000003,0.0
2023-11-06 04:00:00,0.0,11.20795918333334,0.0
2023-11-06 05:00:00,0.0,17.336239233333348,0.44733600000000145
2023-11-06 06:00:00,1.4938040000000017,28.76617778333339,9.704613666666692
2023-11-06 07:00:00,1.3888180000000032,32.018305766666714,41.79615966666672
2023-11-06 08:00:00,0.0,38.05303943333334,27.94295633333337
2023-11-06 09:00:00,0.0,55.04919333333335,17.95829350000003
2023-11-06 10:00:00,0.008269000000000007,82.84670886666665,17.26446650000004
2023-11-06 11:00:00,0.008272000000000005,100.21359246666664,12.660783833333356
2023-11-06 12:00:00,0.0,141.19482554999993,0.0
2023-11-06 13:00:00,0.0,152.75863518333327,6.372285666666666
2023-11-06 14:00:00,0.0,143.71323279999993,6.192093000000001
2023-11-06 15:00:00,0.0,139.72509968333324,9.676286000000003
2023-11-06 16:00:00,0.0,85.39615401666667,40.37554200000003
2023-11-06 17:00:00,0.0,58.28250905000009,19.279932666666696
2023-11-06 18:00:00,1.5612950000000019,62.23289166666675,0.5594320000000015
2023-11-06 19:00:00,1.6512830000000034,47.66968288333337,10.570573000000032
2023-11-06 20:00:00,0.0,43.66092621666671,10.164578666666694
2023-11-06 21:00:00,0.0,32.764399533333375,0.0
2023-11-06 22:00:00,0.0,14.248305700000016,0.0
2023-11-06 23:00:00,0.0,5.114073233333334,0.0
2023-11-07 00:00:00,0.0,2.122617016666666,0.0
2023-11-07 01:00:00,0.0,5.582600783333338,0.0
2023-11-07 02:00:00,0.0,8.362582250000004,0.0
2023-11-07 03:00:00,0.0,9.987571700000007,0.0
2023-11-07 04:00:00,0.0,10.929984366666677,0.0
2023-11-07 05:00:00,0.0,16.583004400000018,0.4556440000000013
2023-11-07 06:00:00,1.5312990000000024,30.830733433333396,10.829928666666692
2023-11-07 07:00:00,1.5387980000000028,30.44874013333338,42.90107766666672
2023-11-07 08:00:00,0.0,35.65050571666667,40.271228000000036
2023-11-07 09:00:00,0.0,64.02067658333331,16.57554400000003
2023-11-07 10:00:00,0.008263000000000005,80.20786488333331,14.78405000000003
2023-11-07 11:00:00,0.008278000000000006,98.94358315000001,14.796208500000025
2023-11-07 12:00:00,0.0,140.70009073333327,0.0
2023-11-07 13:00:00,0.0,143.60025783333327,7.6728393333333385
2023-11-07 14:00:00,0.0,147.12458101666658,10.209057333333337
2023-11-07 15:00:00,0.0,139.2286825166666,9.570951666666671
2023-11-07 16:00:00,0.0,85.96395525000001,18.247028666666694
2023-11-07 17:00:00,0.0,62.95565958333343,24.841217333333365
2023-11-07 18:00:00,1.4563090000000012,60.55996663333342,0.618580000000001
2023-11-07 19:00:00,1.568794000000001,50.7978163666667,9.840424333333358
2023-11-07 20:00:00,0.0,44.82934533333337,10.35779600000003
2023-11-07 21:00:00,0.0,34.46884681666671,0.0
2023-11-07 22:00:00,0.0,15.93528133333335,0.0
2023-11-07 23:00:00,0.0,5.450730366666671,0.0
2023-11-08 00:00:00,0.0,1.9751161666666666,0.0
2023-11-08 01:00:00,0.0,5.38260211666667,0.0
2023-11-08 02:00:00,0.0,7.820085866666673,0.0
2023-11-08 03:00:00,0.0,9.705074183333343,0.0
2023-11-08 04:00:00,0.0,11.611014750000006,0.0
2023-11-08 05:00:00,0.0,16.648520900000015,0.4415080000000008
2023-11-08 06:00:00,1.6212870000000033,29.431841933333388,9.67338600000003
2023-11-08 07:00:00,1.5612950000000014,32.874812033333384,47.250154000000066
2023-11-08 08:00:00,0.0,46.22630215000001,35.927509000000036
2023-11-08 09:00:00,0.0,64.40582459999999,16.098806166666694
2023-11-08 10:00:00,0.008265000000000007,69.54411346666664,19.130932166666707
2023-11-08 11:00:00,0.008276000000000007,100.76214949999998,13.16353616666669
2023-11-08 12:00:00,0.0,153.83673944999993,0.0
2023-11-08 13:00:00,0.0,151.22241078333326,5.724194000000001
2023-11-08 14:00:00,0.0,142.79908314999994,7.59466366666667
2023-11-08 15:00:00,0.0,134.8856910666666,10.32353133333334
2023-11-08 16:00:00,0.0,94.19456873333331,19.149539333333365
2023-11-08 17:00:00,0.0,55.813411733333425,22.694272666666702
2023-11-08 18:00:00,1.4188140000000011,60.99354170000009,0.5812560000000017
2023-11-08 19:00:00,1.4938040000000017,49.172031050000044,10.686411000000026
2023-11-08 20:00:00,0.0,43.88667480000004,10.944110666666694
2023-11-08 21:00:00,0.0,34.287277283333374,0.0
2023-11-08 22:00:00,0.0,14.007203266666679,0.0
2023-11-08 23:00:00,0.0,5.166816183333336,0.0
2023-11-09 00:00:00,0.0,2.0901151500000004,0.0
2023-11-09 01:00:00,0.0,5.787599416666673,0.0
2023-11-09 02:00:00,0.0,7.330089133333339,0.0
2023-11-09 03:00:00,0.0,9.92257260000001,0.0
2023-11-09 04:00:00,0.0,10.934318716666674,0.0
2023-11-09 05:00:00,0.0,16.686811916666684,0.4835440000000011
2023-11-09 06:00:00,1.4638080000000024,28.3126630333334,10.440062666666693
2023-11-09 07:00:00,1.636285,32.34965531666672,26.7532373333334
2023-11-09 08:00:00,0.0,41.002076500000015,36.44553133333337
2023-11-09 09:00:00,0.0,60.889710833333325,17.62867200000003
2023-11-09 10:00:00,0.008273000000000006,85.88566599999999,17.662861833333373
2023-11-09 11:00:00,0.008268000000000006,101.01032544999995,14.911999333333357
2023-11-09 12:00:00,0.0,131.27557618333324,0.0
2023-11-09 13:00:00,0.0,151.40321759999992,6.740585000000005
2023-11-09 14:00:00,0.0,147.77173109999995,7.214374333333334
2023-11-09 15:00:00,0.0,142.29173714999993,8.968176333333332
2023-11-09 16:00:00,0.0,90.67247743333336,37.41931166666669
2023-11-09 17:00:00,0.0,61.01301843333342,20.4138846666667
2023-11-09 18:00:00,1.5462970000000018,63.17441915000009,0.6158520000000008
2023-11-09 19:00:00,1.448810000000004,47.929902483333365,10.10768433333336
2023-11-09 20:00:00,0.0,43.349081200000036,9.934716666666695
2023-11-09 21:00:00,0.0,33.43405771666671,0.0
2023-11-09 22:00:00,0.0,14.455341133333349,0.0
2023-11-09 23:00:00,0.0,4.690232850000002,0.0
2023-11-10 00:00:00,0.0,2.307615416666667,0.0
2023-11-10 01:00:00,0.0,6.555094300000006,0.0
2023-11-10 02:00:00,0.0,8.137583750000006,0.0
2023-11-10 03:00:00,0.0,9.982572150000006,0.0
2023-11-10 04:00:00,0.0,10.416661416666672,0.0
2023-11-10 05:00:00,0.0,17.267168600000012,0.5285560000000006
2023-11-10 06:00:00,1.486305000000003,31.966033200000062,10.687810333333362
2023-11-10 07:00:00,1.5687940000000036,34.612548366666715,35.3296773333334
2023-11-10 08:00:00,0.0,41.97737866666668,36.01432266666671
2023-11-10 09:00:00,0.0,69.00450939999998,16.332596000000027
2023-11-10 10:00:00,0.008269000000000007,76.84137723333332,17.384223166666704
2023-11-10 11:00:00,0.008272000000000005,103.68690251666663,12.441753333333356
2023-11-10 12:00:00,0.0,133.7665155166666,0.0
2023-11-10 13:00:00,0.0,146.7173961666666,6.548263666666665
2023-11-10 14:00:00,0.0,138.45000654999993,9.245169333333342
2023-11-10 15:00:00,0.0,142.96743961666658,8.050606666666669
2023-11-10 16:00:00,0.0,98.57821266666664,21.199025000000024
2023-11-10 17:00:00,0.0,57.32883216666676,35.39682733333336
2023-11-10 18:00:00,1.4188140000000018,58.54802658333342,0.5898120000000011
2023-11-10 19:00:00,1.6212870000000028,47.365975933333374,10.456611666666689
2023-11-10 20:00:00,0.0,43.4574286666667,10.359461666666688
2023-11-10 21:00:00,0.0,32.863994183333375,0.0
2023-11-10 22:00:00,0.0,14.520300633333349,0.0
2023-11-10 23:00:00,0.0,5.669807750000002,0.0
2023-11-11 00:00:00,0.0,2.157615333333333,0.0
2023-11-11 01:00:00,0.0,6.89509203333334,0.0
2023-11-11 02:00:00,0.0,8.992578050000008,0.0
2023-11-11 03:00:00,0.0,9.577574466666674,0.0
2023-11-11 04:00:00,0.0,12.226180566666677,0.0
2023-11-11 05:00:00,0.0,18.24881310000001,0.47387200000000057
2023-11-11 06:00:00,1.4638080000000033,32.379316666666725,10.201184000000028
2023-11-11 07:00:00,1.5387980000000026,35.43190043333339,46.87502533333338
2023-11-11 08:00:00,0.0,46.893578350000006,42.1253906666667
2023-11-11 09:00:00,0.0,65.4170207,13.43428800000002
2023-11-11 10:00:00,0.008272000000000005,63.82622640000001,16.078476666666702
2023-11-11 11:00:00,0.008269000000000007,103.8009325833333,15.686489166666691
2023-11-11 12:00:00,0.0,128.4570096166666,0.0
2023-11-11 13:00:00,0.0,157.9858892166666,8.55122633333334
2023-11-11 14:00:00,0.0,147.50158983333324,10.393535333333336
2023-11-11 15:00:00,0.0,136.7698734666666,7.230216666666669
2023-11-11 16:00:00,0.0,92.36402804999999,29.517448333333363
2023-11-11 17:00:00,0.0,58.82409733333342,16.264198666666704
2023-11-11 18:00:00,1.6362850000000042,60.84300565000009,0.5619120000000017
2023-11-11 19:00:00,1.4563090000000032,48.4962646666667,10.083284000000031
2023-11-11 20:00:00,0.0,45.00744968333338,9.400037666666698
2023-11-11 21:00:00,0.0,34.34527776666671,0.0
2023-11-11 22:00:00,0.0,15.410507200000016,0.0
2023-11-11 23:00:00,0.0,5.727148483333338,0.0
2023-11-12 00:00:00,0.0,0.0,0.0
2023-11-12 01:00:00,0.0,0.0,0.0
2023-11-12 02:00:00,0.0,0.0,0.0
2023-11-12 03:00:00,0.0,0.0,0.0
2023-11-12 04:00:00,0.0,0.2095780333333331,0.0
2023-11-12 05:00:00,0.0,5.368270016666677,0.4582479999999997
2023-11-12 06:00:00,1.3888180000000028,22.925165833333388,10.847947333333355
2023-11-12 07:00:00,1.6512830000000025,12.878508450000037,39.63286566666673
2023-11-12 08:00:00,0.0,2.0672990166666665,32.1533886666667
2023-11-12 09:00:00,0.0,0.714545349999997,15.917470833333365
2023-11-12 10:00:00,0.008275000000000006,0.6726808833333308,17.963342166666706
2023-11-12 11:00:00,0.008266000000000008,0.6498514666666638,12.87029016666669
2023-11-12 12:00:00,0.0,0.5826119666666635,0.0
2023-11-12 13:00:00,0.0,0.6246044666666632,7.513292333333335
2023-11-12 14:00:00,0.0,0.5846936999999967,10.04658933333334
2023-11-12 15:00:00,0.0,0.6822661999999963,9.505802000000003
2023-11-12 16:00:00,0.0,3.272191233333332,36.76104766666669
2023-11-12 17:00:00,0.0,30.74872020000008,21.52454966666669
2023-11-12 18:00:00,1.5387980000000017,43.66793448333341,0.6480920000000002
2023-11-12 19:00:00,1.5163010000000015,34.710095883333366,9.470894333333359
2023-11-12 20:00:00,0.0,31.544208383333366,10.186232333333365
2023-11-12 21:00:00,0.0,21.975820100000035,0.0
2023-11-12 22:00:00,0.0,5.3611300166666735,0.0
2023-11-12 23:00:00,0.0,0.3383058666666663,0.0
2023-11-13 00:00:00,0.0,2.225114550000001,0.0
2023-11-13 01:00:00,0.0,5.502601316666672,0.0
2023-11-13 02:00:00,0.0,7.455088300000005,0.0
2023-11-13 03:00:00,0.0,9.50207558333334,0.0
2023-11-13 04:00:00,0.0,11.724862416666673,0.0
2023-11-13 05:00:00,0.0,17.19295776666668,0.4612240000000007
2023-11-13 06:00:00,1.5163010000000001,28.180416916666726,9.62003833333336
2023-11-13 07:00:00,1.4563090000000025,30.105515650000044,32.8820593333334
2023-11-13 08:00:00,0.0,34.35765923333334,40.90234833333336
2023-11-13 09:00:00,0.0,63.240703999999994,17.19177333333336
2023-11-13 10:00:00,0.008277000000000005,78.53280113333332,17.839723500000037
2023-11-13 11:00:00,0.008264000000000006,101.69598054999999,12.364606833333351
2023-11-13 12:00:00,0.0,138.47514439999992,0.0
2023-11-13 13:00:00,0.0,147.73505216666663,6.644597
2023-11-13 14:00:00,0.0,150.14941139999996,8.204402000000004
2023-11-13 15:00:00,0.0,139.2797691666666,9.169170333333335
2023-11-13 16:00:00,0.0,94.50604565,22.7138646666667
2023-11-13 17:00:00,0.0,62.35648178333342,35.20872500000003
2023-11-13 18:00:00,1.6512830000000032,60.77421516666675,0.5781560000000018
2023-11-13 19:00:00,1.4713070000000015,51.07264685000004,11.158351666666693
2023-11-13 20:00:00,0.0,45.174541400000045,10.027994000000035
2023-11-13 21:00:00,0.0,33.22608810000004,0.0
2023-11-13 22:00:00,0.0,14.052090516666683,0.0
2023-11-13 23:00:00,0.0,4.694823116666668,0.0
2023-11-14 00:00:00,0.0,2.1326149833333337,0.0
2023-11-14 01:00:00,0.0,6.485094766666672,0.0
2023-11-14 02:00:00,0.0,8.892578716666675,0.0
2023-11-14 03:00:00,0.0,11.035064883333343,0.0
2023-11-14 04:00:00,0.0,12.31989788333334,0.0
2023-11-14 05:00:00,0.0,18.21669046666668,0.4790800000000006
2023-11-14 06:00:00,1.4788060000000007,33.679268050000054,9.990003333333354
2023-11-14 07:00:00,1.328826,35.47327756666672,37.620299000000074
2023-11-14 08:00:00,0.0,41.87744905000001,27.38098433333337
2023-11-14 09:00:00,0.0,75.49832444999998,14.92819416666669
2023-11-14 10:00:00,0.008268000000000006,69.01131664999998,14.140182333333364
2023-11-14 11:00:00,0.008273000000000006,98.6300781333333,12.395119166666692
2023-11-14 12:00:00,0.0,122.09743269999996,0.0
2023-11-14 13:00:00,0.0,150.29007648333328,7.729126666666669
2023-11-14 14:00:00,0.0,147.74406289999993,9.599647333333342
2023-11-14 15:00:00,0.0,136.42393768333326,11.279264666666675
2023-11-14 16:00:00,0.0,89.96823189999999,38.01296833333337
2023-11-14 17:00:00,0.0,62.21633860000009,26.655080333333363
2023-11-14 18:00:00,1.8312590000000042,59.34149153333342,0.6364360000000007
2023-11-14 19:00:00,1.4563090000000027,48.73566965000004,10.321498333333361
2023-11-14 20:00:00,0.0,44.20414835000004,10.767550000000025
2023-11-14 21:00:00,0.0,33.85478050000005,0.0
2023-11-14 22:00:00,0.0,14.795219500000016,0.0
2023-11-14 23:00:00,0.0,4.546986866666668,0.0
2023-11-15 00:00:00,0.0,2.03761685,0.0
2023-11-15 01:00:00,0.0,6.262596250000003,0.0
2023-11-15 02:00:00,0.0,8.910078600000006,0.0
2023-11-15 03:00:00,0.0,9.905072533333339,0.0
2023-11-15 04:00:00,0.0,12.07843006666667,0.0
2023-11-15 05:00:00,0.0,18.306654816666683,0.4215440000000006
2023-11-15 06:00:00,1.4413110000000016,30.283628700000058,10.983492000000028
2023-11-15 07:00:00,1.591291000000002,30.67362580000005,26.849377333333386
2023-11-15 08:00:00,0.0,36.44630256666668,25.6801796666667
2023-11-15 09:00:00,0.0,55.65177308333333,15.54580066666669
2023-11-15 10:00:00,0.008268000000000006,68.09605118333332,18.10657833333337
2023-11-15 11:00:00,0.008273000000000006,118.20706184999995,13.861625333333361
2023-11-15 12:00:00,0.0,138.0924911166666,0.0
2023-11-15 13:00:00,0.0,158.95923501666658,5.2795673333333335
2023-11-15 14:00:00,0.0,143.5654090666666,11.676882333333342
2023-11-15 15:00:00,0.0,125.01435131666663,8.738866000000003
2023-11-15 16:00:00,0.0,86.61992776666668,40.469984000000025
2023-11-15 17:00:00,0.0,65.73887308333343,32.24068633333336
2023-11-15 18:00:00,1.486305000000004,61.019627966666754,0.5936560000000007
2023-11-15 19:00:00,1.5762930000000022,47.00872721666671,9.791916333333358
2023-11-15 20:00:00,0.0,43.718151000000034,9.831445333333361
2023-11-15 21:00:00,0.0,33.39717783333337,0.0
2023-11-15 22:00:00,0.0,13.820504300000017,0.0
2023-11-15 23:00:00,0.0,4.5026544000000035,0.0
2023-11-16 00:00:00,0.0,2.065116749999999,0.0
2023-11-16 01:00:00,0.0,6.99509136666667,0.0
2023-11-16 02:00:00,0.0,8.780079466666672,0.0
2023-11-16 03:00:00,0.0,11.130064183333339,0.0
2023-11-16 04:00:00,0.0,12.192230616666677,0.0
2023-11-16 05:00:00,0.0,18.76610120000002,0.4928440000000007
2023-11-16 06:00:00,1.4863050000000002,33.62960745000006,10.936283333333362
2023-11-16 07:00:00,1.4413110000000016,31.28490600000005,29.58109733333339
2023-11-16 08:00:00,0.0,42.913468866666676,31.094539000000037
2023-11-16 09:00:00,0.0,64.93555826666663,15.737516333333366
2023-11-16 10:00:00,0.008275000000000006,67.44714428333332,16.6237311666667
2023-11-16 11:00:00,0.008266000000000006,105.6624910333333,13.619913500000022
2023-11-16 12:00:00,0.0,148.0627480166666,0.0
2023-11-16 13:00:00,0.0,152.22098159999993,10.127754000000008
2023-11-16 14:00:00,0.0,150.07440553333322,9.84157033333334
2023-11-16 15:00:00,0.0,129.8803491666666,9.504471666666674
2023-11-16 16:00:00,0.0,86.48973261666667,29.526518666666696
2023-11-16 17:00:00,0.0,55.82053733333342,30.157711666666692
2023-11-16 18:00:00,1.5612950000000017,57.06985768333342,0.581752000000001
2023-11-16 19:00:00,1.6062890000000012,45.376906350000034,10.82630466666669
2023-11-16 20:00:00,0.0,44.00459121666671,10.625968333333358
2023-11-16 21:00:00,0.0,33.91308706666671,0.0
2023-11-16 22:00:00,0.0,16.042038400000017,0.0
2023-11-16 23:00:00,0.0,5.910560466666669,0.0
2023-11-17 00:00:00,0.0,2.002616399999998,0.0
2023-11-17 01:00:00,0.0,6.280096133333338,0.0
2023-11-17 02:00:00,0.0,9.76007293333334,0.0
2023-11-17 03:00:00,0.0,10.102571966666675,0.0
2023-11-17 04:00:00,0.0,11.158418683333341,0.0
2023-11-17 05:00:00,0.0,17.229527816666682,0.4420040000000013
2023-11-17 06:00:00,1.5088020000000022,30.18426660000006,10.201787333333359
2023-11-17 07:00:00,1.7112750000000028,32.54041666666672,39.83327766666672
2023-11-17 08:00:00,0.0,35.29462170000001,37.941359000000034
2023-11-17 09:00:00,0.0,56.784779666666665,17.448490666666697
2023-11-17 10:00:00,0.008274000000000007,81.15821044999998,18.21127200000004
2023-11-17 11:00:00,0.008267000000000005,120.4555622333333,12.73665366666669
2023-11-17 12:00:00,0.0,149.9362513333332,0.0
2023-11-17 13:00:00,0.0,138.46823559999993,7.218036999999998
2023-11-17 14:00:00,0.0,134.15366424999996,9.88142666666667
2023-11-17 15:00:00,0.0,136.04375584999994,9.61960233333334
2023-11-17 16:00:00,0.0,102.0499976,23.29731400000003
2023-11-17 17:00:00,0.0,58.296988800000086,24.977679000000027
2023-11-17 18:00:00,1.3438240000000026,59.762597100000086,0.5800160000000022
2023-11-17 19:00:00,1.531299000000003,47.79922645000004,10.822977000000021
2023-11-17 20:00:00,0.0,44.400805550000044,10.116274333333363
2023-11-17 21:00:00,0.0,32.961278433333376,0.0
2023-11-17 22:00:00,0.0,13.368871150000013,0.0
2023-11-17 23:00:00,0.0,4.156907216666669,0.0
2023-11-18 00:00:00,0.0,2.822610433333334,0.0
2023-11-18 01:00:00,0.0,7.512587916666676,0.0
2023-11-18 02:00:00,0.0,9.590074066666672,0.0
2023-11-18 03:00:00,0.0,11.492563233333339,0.0
2023-11-18 04:00:00,0.0,12.233704083333338,0.0
2023-11-18 05:00:00,0.0,17.43727358333335,0.4494440000000003
2023-11-18 06:00:00,1.568794000000003,30.958672133333394,9.678692000000025
2023-11-18 07:00:00,1.5987900000000028,34.69990211666672,40.03212200000006
2023-11-18 08:00:00,0.0,42.703838083333345,32.455518666666705
2023-11-18 09:00:00,0.0,71.95285294999998,14.25370900000002
2023-11-18 10:00:00,0.008250000000000006,81.80254859999998,15.810415000000033
2023-11-18 11:00:00,0.008291000000000005,110.35023463333333,13.69596100000002
2023-11-18 12:00:00,0.0,138.2268163666666,0.0
2023-11-18 13:00:00,0.0,141.00881874999993,6.874235666666666
2023-11-18 14:00:00,0.0,131.35825136666656,8.895528666666666
2023-11-18 15:00:00,0.0,129.96477301666664,8.906550666666673
2023-11-18 16:00:00,0.0,97.99511691666667,32.888513666666704
2023-11-18 17:00:00,0.0,57.64897875000008,26.40221966666669
2023-11-18 18:00:00,1.3888180000000032,57.42014755000008,0.643876
2023-11-18 19:00:00,1.5387980000000026,46.99942070000003,10.258923000000028
2023-11-18 20:00:00,0.0,42.95641396666671,10.457736000000027
2023-11-18 21:00:00,0.0,32.04047546666672,0.0
2023-11-18 22:00:00,0.0,13.398536033333349,0.0
2023-11-18 23:00:00,0.0,5.087311066666673,0.0
2023-11-19 00:00:00,0.0,0.0,0.0
2023-11-19 01:00:00,0.0,0.0,0.0
2023-11-19 02:00:00,0.0,0.0,0.0
2023-11-19 03:00:00,0.0,0.0,0.0
2023-11-19 04:00:00,0.0,0.22810026666666644,0.0
2023-11-19 05:00:00,0.0,5.384535050000008,0.4356800000000007
2023-11-19 06:00:00,1.493804000000002,17.224082433333383,10.560386666666696
2023-11-19 07:00:00,1.5762930000000013,13.487107183333372,38.4161233333334
2023-11-19 08:00:00,0.0,1.9826516499999989,32.3588226666667
2023-11-19 09:00:00,0.0,0.6339061833333299,15.630013333333359
2023-11-19 10:00:00,0.008266000000000006,0.6561858999999967,14.27894450000003
2023-11-19 11:00:00,0.008275000000000006,0.5953598666666639,12.842772000000027
2023-11-19 12:00:00,0.0,0.5771083666666639,0.0
2023-11-19 13:00:00,0.0,0.5560239999999969,9.17767033333334
2023-11-19 14:00:00,0.0,0.6071896833333305,10.33854433333334
2023-11-19 15:00:00,0.0,0.5802821999999972,10.107903666666674
2023-11-19 16:00:00,0.0,2.9494819499999947,26.10350233333336
2023-11-19 17:00:00,0.0,34.44093798333342,29.0937056666667
2023-11-19 18:00:00,1.5912910000000016,44.28511488333341,0.5839840000000008
2023-11-19 19:00:00,1.4338120000000028,34.7367760166667,9.670582000000026
2023-11-19 20:00:00,0.0,32.5226815666667,10.62596833333336
2023-11-19 21:00:00,0.0,22.455281100000036,0.0
2023-11-19 22:00:00,0.0,5.0622277166666745,0.0
2023-11-19 23:00:00,0.0,0.41830236666666615,0.0
2023-11-20 00:00:00,0.0,2.09511615,0.0
2023-11-20 01:00:00,0.0,5.757599616666673,0.0
2023-11-20 02:00:00,0.0,7.542587716666673,0.0
2023-11-20 03:00:00,0.0,8.995079416666675,0.0
2023-11-20 04:00:00,0.0,11.660921166666672,0.0
2023-11-20 05:00:00,0.0,18.073848383333353,0.46965600000000046
2023-11-20 06:00:00,1.5462970000000023,34.19837831666673,11.19886266666669
2023-11-20 07:00:00,1.5837920000000045,30.754992350000048,28.394988666666723
2023-11-20 08:00:00,0.0,35.071362133333345,40.86121033333337
2023-11-20 09:00:00,0.0,54.70756266666668,14.353995500000027
2023-11-20 10:00:00,0.008269000000000006,73.12038513333333,17.320998000000042
2023-11-20 11:00:00,0.008272000000000007,103.79564813333333,13.558623500000028
2023-11-20 12:00:00,0.0,123.00274904999993,0.0
2023-11-20 13:00:00,0.0,150.15198753333328,6.2309643333333335
2023-11-20 14:00:00,0.0,165.90672501666657,13.415238333333344
2023-11-20 15:00:00,0.0,151.05900546666658,9.371789000000005
2023-11-20 16:00:00,0.0,100.17994256666664,24.816674666666692
2023-11-20 17:00:00,0.0,63.4226664000001,30.474481333333358
2023-11-20 18:00:00,1.5238000000000025,57.15082705000009,0.5916720000000016
2023-11-20 19:00:00,1.4413110000000036,47.812459850000046,9.757239000000034
2023-11-20 20:00:00,0.0,45.08207053333337,10.184566666666697
2023-11-20 21:00:00,0.0,34.575199200000036,0.0
2023-11-20 22:00:00,0.0,14.925925033333348,0.0
2023-11-20 23:00:00,0.0,5.277222216666669,0.0
2023-11-21 00:00:00,0.0,2.905110950000001,0.0
2023-11-21 01:00:00,0.0,7.280089466666669,0.0
2023-11-21 02:00:00,0.0,9.577574150000004,0.0
2023-11-21 03:00:00,0.0,10.87756588333334,0.0
2023-11-21 04:00:00,0.0,12.780910233333339,0.0
2023-11-21 05:00:00,0.0,18.032527150000018,0.48230400000000123
2023-11-21 06:00:00,1.6062890000000019,31.15318568333339,10.527887666666693
2023-11-21 07:00:00,1.5238000000000012,31.98543255000005,41.216616666666724
2023-11-21 08:00:00,0.0,32.80219540000001,33.16960133333337
2023-11-21 09:00:00,0.0,55.50675475,13.597986166666692
2023-11-21 10:00:00,0.008269000000000006,73.68672066666664,14.6348686666667
2023-11-21 11:00:00,0.008272000000000007,114.15208071666663,14.072646833333355
2023-11-21 12:00:00,0.0,144.8044209666666,0.0
2023-11-21 13:00:00,0.0,153.36839603333328,8.040759333333337
2023-11-21 14:00:00,0.0,146.36257051666658,9.52549666666667
2023-11-21 15:00:00,0.0,128.63634416666662,9.913872666666672
2023-11-21 16:00:00,0.0,91.9682162,42.819102666666694
2023-11-21 17:00:00,0.0,60.09492740000009,15.864462000000039
2023-11-21 18:00:00,1.456309000000002,59.096897800000086,0.6149840000000008
2023-11-21 19:00:00,1.5088020000000024,47.85520858333338,10.445840333333361
2023-11-21 20:00:00,0.0,43.39551326666671,9.533291000000036
2023-11-21 21:00:00,0.0,32.807300900000044,0.0
2023-11-21 22:00:00,0.0,14.33612178333335,0.0
2023-11-21 23:00:00,0.0,5.274980150000003,0.0
2023-11-22 00:00:00,0.0,2.812610700000001,0.0
2023-11-22 01:00:00,0.0,6.817592550000006,0.0
2023-11-22 02:00:00,0.0,8.285082766666674,0.0
2023-11-22 03:00:00,0.0,10.85756623333334,0.0
2023-11-22 04:00:00,0.0,11.751861516666677,0.0
2023-11-22 05:00:00,0.0,17.675642000000014,0.4143520000000003
2023-11-22 06:00:00,1.5837920000000005,29.568877100000062,9.779156000000029
2023-11-22 07:00:00,1.6512830000000014,33.33137850000004,47.906532333333395
2023-11-22 08:00:00,0.0,36.37079088333334,21.258884000000037
2023-11-22 09:00:00,0.0,62.80298496666664,15.07500783333336
2023-11-22 10:00:00,0.008275000000000006,73.60340609999996,18.852481166666713
2023-11-22 11:00:00,0.008266000000000006,94.29668558333333,14.416917333333359
2023-11-22 12:00:00,0.0,126.70900053333324,0.0
2023-11-22 13:00:00,0.0,147.76814639999992,5.432895666666668
2023-11-22 14:00:00,0.0,148.47681336666662,9.295634333333336
2023-11-22 15:00:00,0.0,144.49382584999995,8.905325000000001
2023-11-22 16:00:00,0.0,96.84810148333332,31.790947000000028
2023-11-22 17:00:00,0.0,64.5652831000001,32.61109033333337
2023-11-22 18:00:00,1.4413110000000013,60.83036220000009,0.5733200000000014
2023-11-22 19:00:00,1.418814000000003,48.770955466666706,10.080065666666687
2023-11-22 20:00:00,0.0,44.0482443666667,10.43774800000003
2023-11-22 21:00:00,0.0,34.23109113333338,0.0
2023-11-22 22:00:00,0.0,13.816210533333345,0.0
2023-11-22 23:00:00,0.0,4.499730733333338,0.0
2023-11-23 00:00:00,0.0,2.29261365,0.0
2023-11-23 01:00:00,0.0,6.837592416666672,0.0
2023-11-23 02:00:00,0.0,9.76007293333334,0.0
2023-11-23 03:00:00,0.0,10.024072166666674,0.0
2023-11-23 04:00:00,0.0,10.734425066666672,0.0
2023-11-23 05:00:00,0.0,16.51740835000001,0.5186360000000008
2023-11-23 06:00:00,1.4113150000000023,29.27236146666672,10.050071000000028
2023-11-23 07:00:00,1.673780000000003,35.560632250000054,38.56017100000007
2023-11-23 08:00:00,0.0,41.22366593333335,38.253451333333366
2023-11-23 09:00:00,0.0,62.260573183333314,18.39608083333336
2023-11-23 10:00:00,0.008280000000000004,89.01244474999996,15.636036333333369
2023-11-23 11:00:00,0.008261000000000006,110.47464579999995,15.369302000000033
2023-11-23 12:00:00,0.0,131.3719193166666,0.0
2023-11-23 13:00:00,0.0,147.6827212166666,7.420811333333335
2023-11-23 14:00:00,0.0,144.58515238333328,8.624029666666669
2023-11-23 15:00:00,0.0,126.71211123333332,7.017405333333338
2023-11-23 16:00:00,0.0,93.78861696666668,27.091200000000036
2023-11-23 17:00:00,0.0,57.248850033333426,22.46737600000004
2023-11-23 18:00:00,1.3438240000000028,56.825981400000074,0.624036000000001
2023-11-23 19:00:00,1.6662810000000032,50.09982755000004,9.508845333333358
2023-11-23 20:00:00,0.0,45.23357428333337,10.612643000000023
2023-11-23 21:00:00,0.0,33.654909833333384,0.0
2023-11-23 22:00:00,0.0,14.668855966666682,0.0
2023-11-23 23:00:00,0.0,4.7095709666666705,0.0
2023-11-24 00:00:00,0.0,2.0551149166666667,0.0
2023-11-24 01:00:00,0.0,6.125097166666672,0.0
2023-11-24 02:00:00,0.0,9.095077366666672,0.0
2023-11-24 03:00:00,0.0,11.632560966666672,0.0
2023-11-24 04:00:00,0.0,13.357105716666673,0.0
2023-11-24 05:00:00,0.0,17.77471266666668,0.4779640000000008
2023-11-24 06:00:00,1.358822000000003,29.800275433333386,10.377346666666687
2023-11-24 07:00:00,1.4863050000000013,33.36276078333338,34.68911966666673
2023-11-24 08:00:00,0.0,39.493228516666676,37.94222633333337
2023-11-24 09:00:00,0.0,61.02169031666664,12.989850000000024
2023-11-24 10:00:00,0.008266000000000006,71.57939578333334,16.359640833333373
2023-11-24 11:00:00,0.008275000000000006,104.80217706666666,13.363691333333357
2023-11-24 12:00:00,0.0,141.32366946666662,0.0
2023-11-24 13:00:00,0.0,154.81150066666657,6.545430333333335
2023-11-24 14:00:00,0.0,140.94033911666662,10.902499333333344
2023-11-24 15:00:00,0.0,141.9232898166666,9.155816000000009
2023-11-24 16:00:00,0.0,91.57214296666663,27.13063500000003
2023-11-24 17:00:00,0.0,59.51049410000009,30.584579000000026
2023-11-24 18:00:00,1.6437840000000012,60.51352360000008,0.5553400000000019
2023-11-24 19:00:00,1.6062890000000016,49.22129436666671,10.575466333333356
2023-11-24 20:00:00,0.0,44.933640916666704,9.959701666666701
2023-11-24 21:00:00,0.0,33.08642206666671,0.0
2023-11-24 22:00:00,0.0,13.873203800000013,0.0
2023-11-24 23:00:00,0.0,4.200406733333333,0.0
2023-11-25 00:00:00,0.0,2.3151141333333327,0.0
2023-11-25 01:00:00,0.0,5.502601316666674,0.0
2023-11-25 02:00:00,0.0,8.152583650000008,0.0
2023-11-25 03:00:00,0.0,9.15507723333334,0.0
2023-11-25 04:00:00,0.0,9.96149778333334,0.0
2023-11-25 05:00:00,0.0,15.509487150000016,0.4999120000000009
2023-11-25 06:00:00,1.5837920000000032,30.2241643333334,9.40353133333336
2023-11-25 07:00:00,1.4938040000000024,30.95963461666671,33.184077666666724
2023-11-25 08:00:00,0.0,42.65046540000001,26.449950333333362
2023-11-25 09:00:00,0.0,66.03153406666664,15.119280666666697
2023-11-25 10:00:00,0.008262000000000005,69.28520748333332,16.864264500000033
2023-11-25 11:00:00,0.008279000000000005,96.04032391666665,14.663962500000029
2023-11-25 12:00:00,0.0,138.70642394999993,0.0
2023-11-25 13:00:00,0.0,145.0669734166666,6.711249666666669
2023-11-25 14:00:00,0.0,146.13190009999994,8.345584666666669
2023-11-25 15:00:00,0.0,140.04318044999997,9.161845000000005
2023-11-25 16:00:00,0.0,98.49885409999999,39.67095700000004
2023-11-25 17:00:00,0.0,62.21408505000009,25.73693133333337
2023-11-25 18:00:00,1.5762930000000013,59.35029051666676,0.6077920000000009
2023-11-25 19:00:00,1.4413110000000031,48.58212725000004,10.532762333333359
2023-11-25 20:00:00,0.0,45.31300266666671,11.18896366666669
2023-11-25 21:00:00,0.0,33.73959843333338,0.0
2023-11-25 22:00:00,0.0,14.771227450000017,0.0
2023-11-25 23:00:00,0.0,4.988651350000001,0.0
2023-11-26 00:00:00,0.0,0.0,0.0
2023-11-26 01:00:00,0.0,0.0,0.0
2023-11-26 02:00:00,0.0,0.0,0.0
2023-11-26 03:00:00,0.0,0.0,0.0
2023-11-26 04:00:00,0.0,0.2251943999999998,0.0
2023-11-26 05:00:00,0.0,4.837815366666674,0.4964400000000009
2023-11-26 06:00:00,1.501303000000003,16.94955455000005,10.098492000000025
2023-11-26 07:00:00,1.3738200000000025,14.784028233333377,29.73846466666673
2023-11-26 08:00:00,0.0,1.5270263166666636,32.8473586666667
2023-11-26 09:00:00,0.0,0.6360604166666632,14.022930500000024
2023-11-26 10:00:00,0.008279000000000007,0.6826006166666636,17.26066566666671
2023-11-26 11:00:00,0.008262000000000005,0.6201026833333305,14.26203183333336
2023-11-26 12:00:00,0.0,0.6768470166666629,0.0
2023-11-26 13:00:00,0.0,0.71484253333333,7.663631666666669
2023-11-26 14:00:00,0.0,0.6377726499999964,9.903074333333338
2023-11-26 15:00:00,0.0,0.671938516666663,8.873000666666671
2023-11-26 16:00:00,0.0,3.1592369166666647,40.056792666666695
2023-11-26 17:00:00,0.0,33.432707500000085,23.067212000000033
2023-11-26 18:00:00,1.6662810000000017,46.24595730000008,0.557572000000002
2023-11-26 19:00:00,1.553796000000003,33.940673950000026,10.405129666666692
2023-11-26 20:00:00,0.0,31.308113250000037,10.236202333333363
2023-11-26 21:00:00,0.0,22.52801243333337,0.0
2023-11-26 22:00:00,0.0,5.7310205166666774,0.0
2023-11-26 23:00:00,0.0,0.4454665999999995,0.0
2023-11-27 00:00:00,0.0,2.5676121833333356,0.0
2023-11-27 01:00:00,0.0,6.917591883333339,0.0
2023-11-27 02:00:00,0.0,8.910078600000004,0.0
2023-11-27 03:00:00,0.0,10.325069600000006,0.0
2023-11-27 04:00:00,0.0,11.555746016666674,0.0
2023-11-27 05:00:00,0.0,17.128982850000018,0.4325800000000015
2023-11-27 06:00:00,1.456309000000002,31.030521216666735,10.941537666666688
2023-11-27 07:00:00,1.4263130000000028,31.86675493333338,35.52278866666672
2023-11-27 08:00:00,0.0,35.91232713333334,25.87237533333337
2023-11-27 09:00:00,0.0,54.94362920000001,13.727626333333355
2023-11-27 10:00:00,0.008271000000000006,68.980956,16.517328500000037
2023-11-27 11:00:00,0.008270000000000007,111.87898468333331,13.299004333333356
2023-11-27 12:00:00,0.0,148.5052537499999,0.0
2023-11-27 13:00:00,0.0,150.40573948333326,8.911509666666669
2023-11-27 14:00:00,0.0,141.81198934999992,10.703181000000008
2023-11-27 15:00:00,0.0,139.4075054833333,10.036569333333336
2023-11-27 16:00:00,0.0,89.4463213,27.56427633333337
2023-11-27 17:00:00,0.0,59.61714520000009,37.5907446666667
2023-11-27 18:00:00,1.6212870000000017,57.68269271666675,0.6100240000000005
2023-11-27 19:00:00,1.5912910000000033,48.604374816666706,10.100268333333364
2023-11-27 20:00:00,0.0,44.70402108333338,10.196226333333366
2023-11-27 21:00:00,0.0,33.90227623333338,0.0
2023-11-27 22:00:00,0.0,14.951409016666684,0.0
2023-11-27 23:00:00,0.0,4.410150200000002,0.0
2023-11-28 00:00:00,0.0,2.56010945,0.0
2023-11-28 01:00:00,0.0,6.650093666666672,0.0
2023-11-28 02:00:00,0.0,8.050084333333338,0.0
2023-11-28 03:00:00,0.0,10.497569400000005,0.0
2023-11-28 04:00:00,0.0,12.304409950000009,0.0
2023-11-28 05:00:00,0.0,17.555281300000015,0.41497200000000056
2023-11-28 06:00:00,1.4488100000000035,32.5870659333334,11.078033333333357
2023-11-28 07:00:00,1.5462970000000036,31.52659400000005,32.997770666666725
2023-11-28 08:00:00,0.0,39.03255608333335,24.80866333333336
2023-11-28 09:00:00,0.0,58.11318021666667,14.481570166666696
2023-11-28 10:00:00,0.008262000000000005,80.42739148333331,17.16456233333337
2023-11-28 11:00:00,0.008279000000000005,107.30223956666664,14.114007333333351
2023-11-28 12:00:00,0.0,136.1289974666666,0.0
2023-11-28 13:00:00,0.0,144.09331673333324,7.0680260000000015
2023-11-28 14:00:00,0.0,144.2988173166666,12.142517000000007
2023-11-28 15:00:00,0.0,148.4486635666666,9.740278000000005
2023-11-28 16:00:00,0.0,99.5172989,36.96300533333336
2023-11-28 17:00:00,0.0,59.57105663333342,28.55980100000004
2023-11-28 18:00:00,1.6737800000000043,60.219564916666755,0.6680560000000003
2023-11-28 19:00:00,1.4263130000000017,48.663425433333366,9.881979000000031
2023-11-28 20:00:00,0.0,44.964091983333375,10.142925000000028
2023-11-28 21:00:00,0.0,33.12950680000004,0.0
2023-11-28 22:00:00,0.0,14.334015850000014,0.0
2023-11-28 23:00:00,0.0,4.599233333333335,0.0
2023-11-29 00:00:00,0.0,2.112616116666667,0.0
2023-11-29 01:00:00,0.0,6.397595350000007,0.0
2023-11-29 02:00:00,0.0,7.532587783333341,0.0
2023-11-29 03:00:00,0.0,10.037571850000006,0.0
2023-11-29 04:00:00,0.0,11.544452600000007,0.0
2023-11-29 05:00:00,0.0,16.90978568333335,0.4250160000000013
2023-11-29 06:00:00,1.5088020000000015,30.493992733333382,10.853240666666695
2023-11-29 07:00:00,1.538798000000003,35.35933710000005,30.47363533333339
2023-11-29 08:00:00,0.0,36.68320430000001,33.68774266666671
2023-11-29 09:00:00,0.0,57.211515500000004,14.57339633333336
2023-11-29 10:00:00,0.008276000000000006,76.06990551666665,15.279734333333364
2023-11-29 11:00:00,0.008265000000000007,115.49450319999997,12.750716833333355
2023-11-29 12:00:00,0.0,146.4409192499999,0.0
2023-11-29 13:00:00,0.0,153.76475159999993,5.988161
2023-11-29 14:00:00,0.0,137.88682278333332,8.550881000000006
2023-11-29 15:00:00,0.0,122.55103258333328,12.089063000000014
2023-11-29 16:00:00,0.0,77.41143421666668,33.5550826666667
2023-11-29 17:00:00,0.0,59.70152283333342,30.343505000000036
2023-11-29 18:00:00,1.553796000000004,59.736255200000095,0.5440560000000019
2023-11-29 19:00:00,1.4938040000000017,49.63361711666671,10.326936000000023
2023-11-29 20:00:00,0.0,46.67834543333337,9.450007666666691
2023-11-29 21:00:00,0.0,34.910329916666704,0.0
2023-11-29 22:00:00,0.0,14.400376733333347,0.0
2023-11-29 23:00:00,0.0,4.922399500000004,0.0
2023-11-30 00:00:00,0.0,2.647611433333333,0.0
2023-11-30 01:00:00,0.0,6.495094700000006,0.0
2023-11-30 02:00:00,0.0,9.24257638333334,0.0
2023-11-30 03:00:00,0.0,10.47756898333334,0.0
2023-11-30 04:00:00,0.0,12.066127750000003,0.0
2023-11-30 05:00:00,0.0,17.04312261666668,0.45080800000000065
2023-11-30 06:00:00,1.591291000000003,33.20308701666673,10.898715000000024
2023-11-30 07:00:00,1.4788060000000043,34.59413133333338,41.7692443333334
2023-11-30 08:00:00,0.0,42.20208441666667,35.599750000000036
2023-11-30 09:00:00,0.0,61.38189824999999,13.328198333333352
2023-11-30 10:00:00,0.008274000000000007,66.58546754999999,18.51390233333338
2023-11-30 11:00:00,0.008267000000000007,100.22407816666666,17.425804166666698
2023-11-30 12:00:00,0.0,139.1895840833333,0.0
2023-11-30 13:00:00,0.0,157.51656866666661,5.9414973333333325
2023-11-30 14:00:00,0.0,154.09376191666658,8.647871000000004
2023-11-30 15:00:00,0.0,141.89644289999993,10.07635766666667
2023-11-30 16:00:00,0.0,89.18371158333332,22.53368766666669
2023-11-30 17:00:00,0.0,50.864086766666745,26.940190666666705
2023-11-30 18:00:00,1.3888180000000026,60.59546355000009,0.6447440000000006
2023-11-30 19:00:00,1.6362850000000018,49.41028160000004,9.692679666666695
2023-11-30 20:00:00,0.0,44.123814766666705,10.189563666666693
2023-11-30 21:00:00,0.0,31.966236883333373,0.0
2023-11-30 22:00:00,0.0,14.511205050000017,0.0
2023-11-30 23:00:00,0.0,5.052394983333335,0.0
2023-12-01 00:00:00,0.0,2.1701145666666655,0.0
2023-12-01 01:00:00,0.0,6.335095766666672,0.0
2023-12-01 02:00:00,0.0,9.41507523333334,0.0
2023-12-01 03:00:00,0.0,10.720067566666673,0.0
2023-12-01 04:00:00,0.0,11.223654500000006,0.0
2023-12-01 05:00:00,0.0,16.96820780000002,0.48416400000000154
2023-12-01 06:00:00,1.5912910000000022,28.654223550000058,10.963245000000027
2023-12-01 07:00:00,1.5687940000000018,26.94949645000005,39.3152113333334
2023-12-01 08:00:00,0.0,37.40804016666668,29.165333000000036
2023-12-01 09:00:00,0.0,59.43931598333333,14.534177666666695
2023-12-01 10:00:00,0.008269000000000006,80.04722563333334,17.2421826666667
2023-12-01 11:00:00,0.008272000000000005,99.95283603333333,13.37138916666669
2023-12-01 12:00:00,0.0,139.91649569999993,0.0
2023-12-01 13:00:00,0.0,138.46366338333328,4.731782999999997
2023-12-01 14:00:00,0.0,147.8173430166666,8.389069666666668
2023-12-01 15:00:00,0.0,152.69875603333324,10.887659000000008
2023-12-01 16:00:00,0.0,97.21384445000001,24.37494500000004
2023-12-01 17:00:00,0.0,59.144322633333424,30.895417000000037
2023-12-01 18:00:00,1.2913310000000022,64.50184020000009,0.5493880000000017
2023-12-01 19:00:00,1.6437840000000024,52.118480783333375,9.535455666666694
2023-12-01 20:00:00,0.0,46.01198255000005,10.274512666666697
2023-12-01 21:00:00,0.0,34.17510470000005,0.0
2023-12-01 22:00:00,0.0,14.024522433333347,0.0
2023-12-01 23:00:00,0.0,3.7135789166666666,0.0
2023-12-02 00:00:00,0.0,2.64511295,0.0
2023-12-02 01:00:00,0.0,6.422595183333336,0.0
2023-12-02 02:00:00,0.0,9.105077300000005,0.0
2023-12-02 03:00:00,0.0,10.145071200000006,0.0
2023-12-02 04:00:00,0.0,11.719809966666672,0.0
2023-12-02 05:00:00,0.0,17.78978255000002,0.4358040000000009
2023-12-02 06:00:00,1.4713070000000044,29.326514416666722,9.99691200000003
2023-12-02 07:00:00,1.508802000000003,33.142769666666716,44.25072233333339
2023-12-02 08:00:00,0.0,37.32854913333335,35.94267400000003
2023-12-02 09:00:00,0.0,63.17536434999998,13.599493166666687
2023-12-02 10:00:00,0.008278000000000006,87.9868768833333,15.231092833333369
2023-12-02 11:00:00,0.008263000000000005,114.94032976666662,12.09906500000002
2023-12-02 12:00:00,0.0,132.7670988499999,0.0
2023-12-02 13:00:00,0.0,134.48589523333328,9.71427700000001
2023-12-02 14:00:00,0.0,144.88330748333328,10.788837666666673
2023-12-02 15:00:00,0.0,138.69392784999994,8.185916
2023-12-02 16:00:00,0.0,87.37882269999999,31.848842000000037
2023-12-02 17:00:00,0.0,60.55316981666676,26.99607800000003
2023-12-02 18:00:00,1.5837920000000012,62.11812543333342,0.6345760000000005
2023-12-02 19:00:00,1.5312990000000037,50.424481833333374,10.352589000000021
2023-12-02 20:00:00,0.0,45.24718068333338,10.186232333333361
2023-12-02 21:00:00,0.0,32.75559473333338,0.0
2023-12-02 22:00:00,0.0,13.553340200000015,0.0
2023-12-02 23:00:00,0.0,4.370904500000002,0.0
2023-12-03 00:00:00,0.0,0.0,0.0
2023-12-03 01:00:00,0.0,0.0,0.0
2023-12-03 02:00:00,0.0,0.0,0.0
2023-12-03 03:00:00,0.0,0.0,0.0
2023-12-03 04:00:00,0.0,0.2403355333333331,0.0
2023-12-03 05:00:00,0.0,5.586306116666679,0.43406800000000056
2023-12-03 06:00:00,1.5912910000000002,18.784234266666722,10.414528000000024
2023-12-03 07:00:00,1.5537960000000022,15.737279066666712,37.877576000000055
2023-12-03 08:00:00,0.0,2.0112467166666654,38.19125100000002
2023-12-03 09:00:00,0.0,0.648588966666663,17.674469333333366
2023-12-03 10:00:00,0.008269000000000006,0.47253288333333077,17.583291166666704
2023-12-03 11:00:00,0.008272000000000005,0.5352809333333304,13.558658333333357
2023-12-03 12:00:00,0.0,0.6735991499999965,0.0
2023-12-03 13:00:00,0.0,0.6899335499999963,8.854047666666673
2023-12-03 14:00:00,0.0,0.57794663333333,10.959650000000009
2023-12-03 15:00:00,0.0,0.6264436999999966,7.849958
2023-12-03 16:00:00,0.0,3.852040099999999,27.518869000000034
2023-12-03 17:00:00,0.0,29.58220965000007,24.795033000000046
2023-12-03 18:00:00,1.4638080000000018,45.34815006666675,0.5998560000000013
2023-12-03 19:00:00,1.4863050000000022,35.89711725000003,10.177964333333364
2023-12-03 20:00:00,0.0,32.76016290000003,10.289503666666697
2023-12-03 21:00:00,0.0,22.469321716666705,0.0
2023-12-03 22:00:00,0.0,5.608111233333341,0.0
2023-12-03 23:00:00,0.0,0.43946188333333297,0.0
2023-12-04 00:00:00,0.0,3.0051085666666686,0.0
2023-12-04 01:00:00,0.0,7.750086333333338,0.0
2023-12-04 02:00:00,0.0,10.027571150000009,0.0
2023-12-04 03:00:00,0.0,10.81256666666667,0.0
2023-12-04 04:00:00,0.0,11.100036266666672,0.0
2023-12-04 05:00:00,0.0,16.85592958333335,0.43468800000000074
2023-12-04 06:00:00,1.4263130000000017,29.941683533333386,10.301547666666696
2023-12-04 07:00:00,1.4713070000000021,32.323938416666714,29.98685800000005
2023-12-04 08:00:00,0.0,34.26138366666668,30.311320666666695
2023-12-04 09:00:00,0.0,62.05201506666666,17.456826500000023
2023-12-04 10:00:00,0.008266000000000008,79.3097869833333,14.847029000000036
2023-12-04 11:00:00,0.008275000000000006,111.42021181666664,13.216362000000025
2023-12-04 12:00:00,0.0,128.6352546166666,0.0
2023-12-04 13:00:00,0.0,147.8230579166666,7.243381333333336
2023-12-04 14:00:00,0.0,148.7838366166666,10.839164000000007
2023-12-04 15:00:00,0.0,137.87410344999998,10.460377666666671
2023-12-04 16:00:00,0.0,106.75097185,33.60156966666669
2023-12-04 17:00:00,0.0,58.334986133333416,35.260704000000025
2023-12-04 18:00:00,1.531299000000002,61.65538823333342,0.5704680000000015
2023-12-04 19:00:00,1.6662810000000017,49.86019538333337,9.78116733333336
2023-12-04 20:00:00,0.0,45.60978170000004,10.191229333333364
2023-12-04 21:00:00,0.0,33.13741166666671,0.0
2023-12-04 22:00:00,0.0,15.72405973333335,0.0
2023-12-04 23:00:00,0.0,5.528732300000005,0.0
2023-12-05 00:00:00,0.0,2.4576150000000014,0.0
2023-12-05 01:00:00,0.0,6.502594650000006,0.0
2023-12-05 02:00:00,0.0,8.730079800000006,0.0
2023-12-05 03:00:00,0.0,10.73831728333334,0.0
2023-12-05 04:00:00,0.0,12.106164466666671,0.0
2023-12-05 05:00:00,0.0,17.296623033333343,0.4153440000000005
2023-12-05 06:00:00,1.5088020000000024,32.5929737833334,9.998018666666693
2023-12-05 07:00:00,1.5013030000000023,33.16568583333338,34.52955166666673
2023-12-05 08:00:00,0.0,33.95621556666668,29.489474666666695
2023-12-05 09:00:00,0.0,67.71016906666665,15.413443833333362
2023-12-05 10:00:00,0.008278000000000006,84.4387161833333,16.4960606666667
2023-12-05 11:00:00,0.008263000000000006,114.11863564999996,14.20816633333336
2023-12-05 12:00:00,0.0,143.58999688333324,0.0
2023-12-05 13:00:00,0.0,149.8098135999999,7.237714666666668
2023-12-05 14:00:00,0.0,127.10190496666664,9.801091333333336
2023-12-05 15:00:00,0.0,143.22341994999994,8.288589666666667
2023-12-05 16:00:00,0.0,92.12479728333332,37.97929133333337
2023-12-05 17:00:00,0.0,62.18475641666676,24.67044366666669
2023-12-05 18:00:00,1.4488100000000028,59.787101650000096,0.6312280000000012
2023-12-05 19:00:00,1.636285000000003,48.10110083333337,10.054810333333357
2023-12-05 20:00:00,0.0,43.35094103333338,11.44714200000002
2023-12-05 21:00:00,0.0,32.35722945000005,0.0
2023-12-05 22:00:00,0.0,13.98804905000002,0.0
2023-12-05 23:00:00,0.0,4.321821900000002,0.0
2023-12-06 00:00:00,0.0,2.4026150500000005,0.0
2023-12-06 01:00:00,0.0,6.107597283333341,0.0
2023-12-06 02:00:00,0.0,8.232583116666673,0.0
2023-12-06 03:00:00,0.0,10.120071400000006,0.0
2023-12-06 04:00:00,0.0,10.91191035000001,0.0
2023-12-06 05:00:00,0.0,17.026189166666683,0.4669280000000009
2023-12-06 06:00:00,1.478806000000003,30.48570668333339,10.339116000000027
2023-12-06 07:00:00,1.6587820000000024,32.28092705000005,41.42785300000005
2023-12-06 08:00:00,0.0,37.961627250000014,19.021038666666705
2023-12-06 09:00:00,0.0,62.35640933333334,14.44988333333336
2023-12-06 10:00:00,0.008271000000000006,77.50462454999997,15.829281833333367
2023-12-06 11:00:00,0.008270000000000007,111.20050694999996,13.83426916666669
2023-12-06 12:00:00,0.0,133.93810493333325,0.0
2023-12-06 13:00:00,0.0,146.26199159999996,7.647616666666665
2023-12-06 14:00:00,0.0,154.22215366666663,10.623519333333336
2023-12-06 15:00:00,0.0,136.0929297333333,9.24919433333334
2023-12-06 16:00:00,0.0,95.68218484999997,35.7272906666667
2023-12-06 17:00:00,0.0,56.49651048333342,31.455791666666702
2023-12-06 18:00:00,1.463808000000001,62.22505071666675,0.5643920000000008
2023-12-06 19:00:00,1.4938040000000028,49.858000033333376,10.493956000000026
2023-12-06 20:00:00,0.0,45.55236145000004,10.204554666666697
2023-12-06 21:00:00,0.0,34.317388933333376,0.0
2023-12-06 22:00:00,0.0,13.680435100000011,0.0
2023-12-06 23:00:00,0.0,4.075074616666669,0.0
2023-12-07 00:00:00,0.0,2.700112050000001,0.0
2023-12-07 01:00:00,0.0,6.287596083333337,0.0
2023-12-07 02:00:00,0.0,8.57508083333334,0.0
2023-12-07 03:00:00,0.0,10.242570766666677,0.0
2023-12-07 04:00:00,0.0,11.172647616666673,0.0
2023-12-07 05:00:00,0.0,16.646854266666683,0.4527920000000002
2023-12-07 06:00:00,1.4938040000000017,28.00083798333339,9.982954000000023
2023-12-07 07:00:00,1.6737800000000025,33.962994250000044,44.46015066666673
2023-12-07 08:00:00,0.0,41.978094916666684,21.590924333333366
2023-12-07 09:00:00,0.0,51.178056766666685,14.374948000000023
2023-12-07 10:00:00,0.008258000000000007,73.64072433333332,14.768505000000035
2023-12-07 11:00:00,0.008283000000000007,109.17141388333333,13.39621916666669
2023-12-07 12:00:00,0.0,133.5545061166666,0.0
2023-12-07 13:00:00,0.0,151.95604818333322,8.811375000000004
2023-12-07 14:00:00,0.0,151.42365089999996,8.663696333333338
2023-12-07 15:00:00,0.0,141.2205986166666,12.19702400000001
2023-12-07 16:00:00,0.0,96.71751561666669,25.261858333333365
2023-12-07 17:00:00,0.0,61.450261500000096,39.22207600000003
2023-12-07 18:00:00,1.5088020000000038,61.869356516666755,0.5590600000000013
2023-12-07 19:00:00,1.4188140000000027,50.513252833333375,10.20240700000003
2023-12-07 20:00:00,0.0,45.21237280000004,10.402769000000028
2023-12-07 21:00:00,0.0,34.725039250000044,0.0
2023-12-07 22:00:00,0.0,14.849217700000015,0.0
2023-12-07 23:00:00,0.0,4.741901116666671,0.0
2023-12-08 00:00:00,0.0,2.5876127500000026,0.0
2023-12-08 01:00:00,0.0,6.817592550000006,0.0
2023-12-08 02:00:00,0.0,11.325062500000003,0.0
2023-12-08 03:00:00,0.0,12.190057050000005,0.0
2023-12-08 04:00:00,0.0,12.400562750000006,0.0
2023-12-08 05:00:00,0.0,16.65056328333335,0.46841600000000055
2023-12-08 06:00:00,1.4113150000000039,31.53483271666672,10.102656000000025
2023-12-08 07:00:00,1.5612950000000032,33.69458695000005,30.80066100000006
2023-12-08 08:00:00,0.0,37.25131436666668,25.905616333333366
2023-12-08 09:00:00,0.0,61.60689304999999,16.9971411666667
2023-12-08 10:00:00,0.008276000000000007,74.46629596666666,16.51337450000004
2023-12-08 11:00:00,0.008265000000000007,109.85198889999995,13.572921500000026
2023-12-08 12:00:00,0.0,131.62901541666662,0.0
2023-12-08 13:00:00,0.0,143.97007841666658,6.749552
2023-12-08 14:00:00,0.0,149.31865848333325,8.070907
2023-12-08 15:00:00,0.0,134.4685997666666,9.815241000000007
2023-12-08 16:00:00,0.0,99.21130658333333,30.333797000000025
2023-12-08 17:00:00,0.0,61.31964633333342,42.068530000000045
2023-12-08 18:00:00,1.463808000000002,61.13144640000009,0.5450480000000019
2023-12-08 19:00:00,1.658782000000002,49.9717352166667,10.037326333333361
2023-12-08 20:00:00,0.0,45.41617600000004,10.414428666666696
2023-12-08 21:00:00,0.0,33.09964966666671,0.0
2023-12-08 22:00:00,0.0,14.528208250000016,0.0
2023-12-08 23:00:00,0.0,5.279648833333338,0.0
2023-12-09 00:00:00,0.0,2.8626099166666674,0.0
2023-12-09 01:00:00,0.0,8.135083766666671,0.0
2023-12-09 02:00:00,0.0,9.88507210000001,0.0
2023-12-09 03:00:00,0.0,10.48256881666667,0.0
2023-12-09 04:00:00,0.0,11.352228566666675,0.0
2023-12-09 05:00:00,0.0,18.088421316666686,0.44138400000000094
2023-12-09 06:00:00,1.5462970000000007,30.133916716666725,11.070980333333358
2023-12-09 07:00:00,1.4413110000000022,33.57375455000005,36.14273666666673
2023-12-09 08:00:00,0.0,40.396373916666676,34.231095333333364
2023-12-09 09:00:00,0.0,71.04575783333333,17.744113166666697
2023-12-09 10:00:00,0.008273000000000004,87.99345694999998,16.66208833333337
2023-12-09 11:00:00,0.008268000000000006,124.40623941666661,11.268933166666688
2023-12-09 12:00:00,0.0,147.72909333333328,0.0
2023-12-09 13:00:00,0.0,126.45608974999996,7.090899333333337
2023-12-09 14:00:00,0.0,122.77735078333329,11.019322666666673
2023-12-09 15:00:00,0.0,131.42544028333327,9.438147333333335
2023-12-09 16:00:00,0.0,90.7783075833333,36.58961600000003
2023-12-09 17:00:00,0.0,54.62482565000009,20.45078566666669
2023-12-09 18:00:00,1.4038160000000024,61.42017028333342,0.5950200000000009
2023-12-09 19:00:00,1.7037760000000017,50.06919875000004,9.849202333333357
2023-12-09 20:00:00,0.0,44.398132466666716,10.009671666666698
2023-12-09 21:00:00,0.0,32.20143846666671,0.0
2023-12-09 22:00:00,0.0,14.75017433333335,0.0
2023-12-09 23:00:00,0.0,5.337891633333335,0.0
2023-12-10 00:00:00,0.0,0.0,0.0
2023-12-10 01:00:00,0.0,0.0,0.0
2023-12-10 02:00:00,0.0,0.0,0.0
2023-12-10 03:00:00,0.0,0.0,0.0
2023-12-10 04:00:00,0.0,0.2882070499999997,0.0
2023-12-10 05:00:00,0.0,4.856551050000007,0.4322080000000004
2023-12-10 06:00:00,1.4788060000000023,18.44573988333338,10.66098933333336
2023-12-10 07:00:00,1.6362850000000002,14.671574383333382,41.489105666666724
2023-12-10 08:00:00,0.0,1.673651199999999,30.220444000000025
2023-12-10 09:00:00,0.0,0.6919852833333298,15.681774333333358
2023-12-10 10:00:00,0.008279000000000005,0.7603404833333297,15.58152333333337
2023-12-10 11:00:00,0.008262000000000005,0.6269366333333305,13.591747166666686
2023-12-10 12:00:00,0.0,0.6042722166666636,0.0
2023-12-10 13:00:00,0.0,0.5749421166666638,5.7188386666666675
2023-12-10 14:00:00,0.0,0.5437831999999967,8.615702333333335
2023-12-10 15:00:00,0.0,0.6687739166666629,9.45746266666667
2023-12-10 16:00:00,0.0,3.744211616666665,33.11224366666671
2023-12-10 17:00:00,0.0,32.98210441666674,29.23567200000004
2023-12-10 18:00:00,1.3888180000000026,46.32039681666673,0.6110160000000013
2023-12-10 19:00:00,1.591291000000003,35.67135530000003,10.45001200000003
2023-12-10 20:00:00,0.0,32.2787703166667,9.86142733333336
2023-12-10 21:00:00,0.0,21.819314283333373,0.0
2023-12-10 22:00:00,0.0,5.459036866666675,0.0
2023-12-10 23:00:00,0.0,0.3889769833333328,0.0
2023-12-11 00:00:00,0.0,2.010114466666667,0.0
2023-12-11 01:00:00,0.0,5.39010206666667,0.0
2023-12-11 02:00:00,0.0,7.662586916666673,0.0
2023-12-11 03:00:00,0.0,10.275070016666676,0.0
2023-12-11 04:00:00,0.0,11.955929400000008,0.0
2023-12-11 05:00:00,0.0,18.503608016666682,0.4371680000000008
2023-12-11 06:00:00,1.6287860000000005,30.02966275000005,9.50177033333336
2023-12-11 07:00:00,1.651283000000004,34.00206030000005,28.00846066666672
2023-12-11 08:00:00,0.0,44.154756550000016,21.531559333333366
2023-12-11 09:00:00,0.0,64.75347219999998,13.689432500000025
2023-12-11 10:00:00,0.008279000000000005,73.63786619999999,19.9593546666667
2023-12-11 11:00:00,0.008262000000000005,105.75083181666665,16.54890700000003
2023-12-11 12:00:00,0.0,152.1050906999999,0.0
2023-12-11 13:00:00,0.0,152.00322583333323,6.697584000000001
2023-12-11 14:00:00,0.0,138.9632607333333,9.702771000000004
2023-12-11 15:00:00,0.0,131.35711991666662,6.903899333333335
2023-12-11 16:00:00,0.0,85.3194749,35.39673866666669
2023-12-11 17:00:00,0.0,60.78302261666676,38.136875666666704
2023-12-11 18:00:00,1.381319000000001,61.02887256666674,0.6117600000000006
2023-12-11 19:00:00,1.433812000000003,49.34372288333337,10.851946666666688
2023-12-11 20:00:00,0.0,46.1050613166667,10.36779000000003
2023-12-11 21:00:00,0.0,34.28449123333338,0.0
2023-12-11 22:00:00,0.0,14.06428331666668,0.0
2023-12-11 23:00:00,0.0,5.5743918666666685,0.0
2023-12-12 00:00:00,0.0,2.567613250000001,0.0
2023-12-12 01:00:00,0.0,6.7800928000000065,0.0
2023-12-12 02:00:00,0.0,9.747573016666674,0.0
2023-12-12 03:00:00,0.0,10.985065050000008,0.0
2023-12-12 04:00:00,0.0,12.114810766666674,0.0
2023-12-12 05:00:00,0.0,17.51045311666668,0.41460000000000047
2023-12-12 06:00:00,1.5612950000000037,30.750620516666725,9.82987533333336
2023-12-12 07:00:00,1.486305000000004,35.596684200000055,42.75569933333339
2023-12-12 08:00:00,0.0,35.35629070000001,26.866879333333365
2023-12-12 09:00:00,0.0,66.38214946666666,14.860929833333355
2023-12-12 10:00:00,0.008274000000000007,62.289141150000006,17.03519133333337
2023-12-12 11:00:00,0.008267000000000007,97.18866653333333,14.69411616666669
2023-12-12 12:00:00,0.0,142.10682569999994,0.0
2023-12-12 13:00:00,0.0,147.94407189999995,7.469340333333335
2023-12-12 14:00:00,0.0,168.5570747499999,8.837894000000004
2023-12-12 15:00:00,0.0,145.09600833333323,9.696447666666677
2023-12-12 16:00:00,0.0,87.71316723333331,22.766370000000027
2023-12-12 17:00:00,0.0,53.80360225000008,30.729187666666697
2023-12-12 18:00:00,1.508802000000002,61.89906785000008,0.6376760000000007
2023-12-12 19:00:00,1.5387980000000026,48.074897366666704,10.412127333333368
2023-12-12 20:00:00,0.0,44.75964240000004,9.91639433333336
2023-12-12 21:00:00,0.0,32.87484000000005,0.0
2023-12-12 22:00:00,0.0,14.348479016666685,0.0
2023-12-12 23:00:00,0.0,4.534487250000005,0.0
2023-12-13 00:00:00,0.0,2.2426134833333324,0.0
2023-12-13 01:00:00,0.0,6.660093600000005,0.0
2023-12-13 02:00:00,0.0,8.780079466666674,0.0
2023-12-13 03:00:00,0.0,10.637567616666672,0.0
2023-12-13 04:00:00,0.0,12.51130161666667,0.0
2023-12-13 05:00:00,0.0,17.54672671666668,0.46010800000000085
2023-12-13 06:00:00,1.4338120000000025,29.25333365000006,10.131385000000028
2023-12-13 07:00:00,1.5537960000000028,32.34264726666672,28.585063000000073
2023-12-13 08:00:00,0.0,40.742691099999995,37.126487666666705
2023-12-13 09:00:00,0.0,66.8655388,17.36246716666669
2023-12-13 10:00:00,0.008276000000000006,65.59230439999999,14.596241333333367
2023-12-13 11:00:00,0.008265000000000007,95.60625819999998,14.140114166666692
2023-12-13 12:00:00,0.0,150.53125189999992,0.0
2023-12-13 13:00:00,0.0,165.58747413333325,7.63633433333333
2023-12-13 14:00:00,0.0,146.06198661666662,8.257906999999996
2023-12-13 15:00:00,0.0,113.42534034999998,10.240051333333337
2023-12-13 16:00:00,0.0,105.08899616666666,39.21376266666669
2023-12-13 17:00:00,0.0,66.77790903333343,25.801501333333363
2023-12-13 18:00:00,1.501303000000003,62.65369538333342,0.579768000000001
2023-12-13 19:00:00,1.6062890000000025,48.512089283333374,9.705734666666693
2023-12-13 20:00:00,0.0,43.741937900000046,10.439413666666693
2023-12-13 21:00:00,0.0,31.418617550000043,0.0
2023-12-13 22:00:00,0.0,12.248187183333346,0.0
2023-12-13 23:00:00,0.0,4.134405250000001,0.0
2023-12-14 00:00:00,0.0,1.7601192499999996,0.0
2023-12-14 01:00:00,0.0,6.272596183333341,0.0
2023-12-14 02:00:00,0.0,9.847572350000005,0.0
2023-12-14 03:00:00,0.0,10.66856755000001,0.0
2023-12-14 04:00:00,0.0,11.58546740000001,0.0
2023-12-14 05:00:00,0.0,16.993473583333348,0.45118000000000097
2023-12-14 06:00:00,1.5462970000000027,31.662337683333398,10.0749206666667
2023-12-14 07:00:00,1.4713070000000035,32.29751110000005,42.51225366666672
2023-12-14 08:00:00,0.0,38.57147130000001,31.612983333333368
2023-12-14 09:00:00,0.0,50.96015125000001,13.302866333333355
2023-12-14 10:00:00,0.008272000000000007,60.796303249999994,14.795106833333366
2023-12-14 11:00:00,0.008269000000000006,107.10492029999996,13.23851283333336
2023-12-14 12:00:00,0.0,149.71391043333324,0.0
2023-12-14 13:00:00,0.0,143.69974666666658,7.523190666666672
2023-12-14 14:00:00,0.0,145.81239823333328,11.040780666666677
2023-12-14 15:00:00,0.0,144.62157149999996,9.642113333333342
2023-12-14 16:00:00,0.0,109.92595889999996,27.555545333333363
2023-12-14 17:00:00,0.0,61.51458491666675,29.16656933333337
2023-12-14 18:00:00,1.576293000000002,58.84479398333342,0.6216800000000011
2023-12-14 19:00:00,1.501303000000003,49.796743316666706,9.971231000000031
2023-12-14 20:00:00,0.0,46.48820681666671,10.629299666666688
2023-12-14 21:00:00,0.0,34.02184636666671,0.0
2023-12-14 22:00:00,0.0,14.328810716666677,0.0
2023-12-14 23:00:00,0.0,4.171658583333335,0.0
2023-12-15 00:00:00,0.0,2.8976107333333365,0.0
2023-12-15 01:00:00,0.0,7.11259058333334,0.0
2023-12-15 02:00:00,0.0,9.70757328333334,0.0
2023-12-15 03:00:00,0.0,9.600074483333339,0.0
2023-12-15 04:00:00,0.0,11.246023066666671,0.0
2023-12-15 05:00:00,0.0,17.66128673333335,0.4433680000000011
2023-12-15 06:00:00,1.4788060000000023,32.848750283333395,9.117012666666696
2023-12-15 07:00:00,1.4338120000000014,31.37125680000005,45.641548000000064
2023-12-15 08:00:00,0.0,47.71686241666667,35.09405700000003
2023-12-15 09:00:00,0.0,76.32427541666664,15.589793166666691
2023-12-15 10:00:00,0.008269000000000007,80.58111979999995,16.045760000000037
2023-12-15 11:00:00,0.008272000000000005,111.37489909999996,16.19417383333337
2023-12-15 12:00:00,0.0,135.29649966666662,0.0
2023-12-15 13:00:00,0.0,141.90473903333324,6.609733666666667
2023-12-15 14:00:00,0.0,140.3867527166666,8.527747333333343
2023-12-15 15:00:00,0.0,127.18986871666662,9.047682333333338
2023-12-15 16:00:00,0.0,86.35828230000001,28.262714666666696
2023-12-15 17:00:00,0.0,57.713724250000084,20.31059200000004
2023-12-15 18:00:00,1.6437840000000026,60.063476733333424,0.6350720000000007
2023-12-15 19:00:00,1.5387980000000026,50.10382606666671,10.574870333333356
2023-12-15 20:00:00,0.0,44.577534583333374,11.17563833333336
2023-12-15 21:00:00,0.0,33.09001208333338,0.0
2023-12-15 22:00:00,0.0,14.258432283333347,0.0
2023-12-15 23:00:00,0.0,4.176910500000001,0.0
2023-12-16 00:00:00,0.0,3.052609950000002,0.0
2023-12-16 01:00:00,0.0,7.237589750000007,0.0
2023-12-16 02:00:00,0.0,7.955084966666673,0.0
2023-12-16 03:00:00,0.0,9.507575866666672,0.0
2023-12-16 04:00:00,0.0,11.43238096666667,0.0
2023-12-16 05:00:00,0.0,17.643343900000016,0.4255120000000008
2023-12-16 06:00:00,1.3963170000000025,30.26755628333339,10.580734000000028
2023-12-16 07:00:00,1.4938040000000028,33.47808341666672,39.9118193333334
2023-12-16 08:00:00,0.0,34.021910466666675,27.805028333333365
2023-12-16 09:00:00,0.0,58.751678716666646,13.685710333333356
2023-12-16 10:00:00,0.008267000000000007,89.34695673333331,18.85854633333338
2023-12-16 11:00:00,0.008274000000000007,104.31642124999999,12.057668666666693
2023-12-16 12:00:00,0.0,135.84668476666664,0.0
2023-12-16 13:00:00,0.0,147.05481919999994,5.246223999999997
2023-12-16 14:00:00,0.0,148.50256763333329,9.170812000000003
2023-12-16 15:00:00,0.0,138.80753086666658,11.01847633333334
2023-12-16 16:00:00,0.0,103.24454373333333,30.509132000000026
2023-12-16 17:00:00,0.0,60.25539293333342,33.50178366666669
2023-12-16 18:00:00,1.6587820000000015,60.33692151666676,0.6497040000000005
2023-12-16 19:00:00,1.546297000000002,50.553544100000046,10.254544000000028
2023-12-16 20:00:00,0.0,45.99317371666671,9.698192000000024
2023-12-16 21:00:00,0.0,34.73949643333338,0.0
2023-12-16 22:00:00,0.0,14.940010766666685,0.0
2023-12-16 23:00:00,0.0,4.223828533333333,0.0
2023-12-17 00:00:00,0.0,0.0,0.0
2023-12-17 01:00:00,0.0,0.0,0.0
2023-12-17 02:00:00,0.0,0.0,0.0
2023-12-17 03:00:00,0.0,0.0,0.0
2023-12-17 04:00:00,0.0,0.2630309999999997,0.0
2023-12-17 05:00:00,0.0,5.345152250000009,0.49892000000000086
2023-12-17 06:00:00,1.7037760000000037,17.281873050000048,9.43054100000003
2023-12-17 07:00:00,1.4713070000000028,15.159735116666713,30.65941900000006
2023-12-17 08:00:00,0.0,1.75457153333333,40.333229333333364
2023-12-17 09:00:00,0.0,0.59496278333333,16.295903666666696
2023-12-17 10:00:00,0.008272000000000005,0.5861945999999968,15.813446833333368
2023-12-17 11:00:00,0.008269000000000006,0.6053565166666635,12.062134166666688
2023-12-17 12:00:00,0.0,0.6115246999999965,0.0
2023-12-17 13:00:00,0.0,0.6677708166666626,6.601250666666671
2023-12-17 14:00:00,0.0,0.7614294333333292,8.517917000000013
2023-12-17 15:00:00,0.0,0.7352646499999959,9.500998666666675
2023-12-17 16:00:00,0.0,3.090563183333331,29.38052433333336
2023-12-17 17:00:00,0.0,34.259601800000084,32.28719733333337
2023-12-17 18:00:00,1.4413110000000011,45.07522255000006,0.5576960000000014
2023-12-17 19:00:00,1.478806000000002,35.575428000000045,10.82388400000002
2023-12-17 20:00:00,0.0,31.85655855000004,11.172307000000027
2023-12-17 21:00:00,0.0,22.5543124666667,0.0
2023-12-17 22:00:00,0.0,5.797552550000008,0.0
2023-12-17 23:00:00,0.0,0.4486360666666661,0.0
2023-12-18 00:00:00,0.0,1.4076221666666657,0.0
2023-12-18 01:00:00,0.0,5.5301011333333365,0.0
2023-12-18 02:00:00,0.0,7.887585416666673,0.0
2023-12-18 03:00:00,0.0,8.942079483333341,0.0
2023-12-18 04:00:00,0.0,11.19028663333334,0.0
2023-12-18 05:00:00,0.0,17.459962216666682,0.42873600000000056
2023-12-18 06:00:00,1.508802000000003,30.650081233333385,9.482939000000032
2023-12-18 07:00:00,1.4413110000000036,32.98871760000006,42.169375666666724
2023-12-18 08:00:00,0.0,38.02336733333334,31.96486566666669
2023-12-18 09:00:00,0.0,66.69793051666664,15.896104166666692
2023-12-18 10:00:00,0.008267000000000007,79.12747281666661,17.494136500000035
2023-12-18 11:00:00,0.008274000000000007,116.25499999999995,14.367694166666691
2023-12-18 12:00:00,0.0,129.7612519666666,0.0
2023-12-18 13:00:00,0.0,131.10308498333328,7.087236666666672
2023-12-18 14:00:00,0.0,148.3358161499999,8.566049666666668
2023-12-18 15:00:00,0.0,135.7485957333333,7.475836333333334
2023-12-18 16:00:00,0.0,101.9235662,33.301157333333364
2023-12-18 17:00:00,0.0,70.82588726666675,28.0231366666667
2023-12-18 18:00:00,1.5312990000000024,59.277615833333414,0.6094040000000012
2023-12-18 19:00:00,1.6137880000000029,49.120469433333376,10.66501633333336
2023-12-18 20:00:00,0.0,44.80576401666671,10.587658000000028
2023-12-18 21:00:00,0.0,33.337210316666706,0.0
2023-12-18 22:00:00,0.0,13.70931730000002,0.0
2023-12-18 23:00:00,0.0,4.504319183333337,0.0
2023-12-19 00:00:00,0.0,2.9726078666666673,0.0
2023-12-19 01:00:00,0.0,6.93259178333334,0.0
2023-12-19 02:00:00,0.0,9.24257638333334,0.0
2023-12-19 03:00:00,0.0,9.820073866666672,0.0
2023-12-19 04:00:00,0.0,10.34298931666667,0.0
2023-12-19 05:00:00,0.0,16.44371098333335,0.4069120000000013
2023-12-19 06:00:00,1.5013030000000007,32.08609568333339,9.729161666666691
2023-12-19 07:00:00,1.4563090000000025,39.60655413333338,46.91930533333339
2023-12-19 08:00:00,0.0,41.00921765000001,25.47196333333337
2023-12-19 09:00:00,0.0,54.19033805000001,14.95265533333336
2023-12-19 10:00:00,0.008267000000000007,73.71529861666664,16.2459696666667
2023-12-19 11:00:00,0.008274000000000007,107.87360011666662,14.03238816666669
2023-12-19 12:00:00,0.0,145.21185749999992,0.0
2023-12-19 13:00:00,0.0,150.69990781666658,6.096968333333332
2023-12-19 14:00:00,0.0,141.84906395,8.329898000000004
2023-12-19 15:00:00,0.0,137.06410574999992,10.207209000000006
2023-12-19 16:00:00,0.0,93.6318403,26.455376666666698
2023-12-19 17:00:00,0.0,61.38584218333342,23.65497000000003
2023-12-19 18:00:00,1.5163010000000015,58.96035796666675,0.6780999999999998
2023-12-19 19:00:00,1.6212870000000021,50.026620666666716,10.773784333333362
2023-12-19 20:00:00,0.0,44.49408346666671,10.332811000000033
2023-12-19 21:00:00,0.0,33.03218605000004,0.0
2023-12-19 22:00:00,0.0,15.46046901666668,0.0
2023-12-19 23:00:00,0.0,5.4143984333333375,0.0
2023-12-20 00:00:00,0.0,2.2901150500000003,0.0
2023-12-20 01:00:00,0.0,5.425101833333339,0.0
2023-12-20 02:00:00,0.0,7.935085100000006,0.0
2023-12-20 03:00:00,0.0,9.197577983333339,0.0
2023-12-20 04:00:00,0.0,11.371256950000006,0.0
2023-12-20 05:00:00,0.0,17.434349783333346,0.41708000000000106
2023-12-20 06:00:00,1.5312990000000024,31.27802415000006,10.103220333333363
2023-12-20 07:00:00,1.6212870000000008,32.07591750000005,39.0737203333334
2023-12-20 08:00:00,0.0,40.68141535000001,25.32924333333337
2023-12-20 09:00:00,0.0,70.90463628333333,14.581192333333355
2023-12-20 10:00:00,0.008270000000000007,92.77813881666664,16.374030833333368
2023-12-20 11:00:00,0.008271000000000006,106.09916401666663,14.34533066666669
2023-12-20 12:00:00,0.0,127.18467314999995,0.0
2023-12-20 13:00:00,0.0,148.93782926666657,8.61654866666667
2023-12-20 14:00:00,0.0,150.36181701666663,13.429266333333347
2023-12-20 15:00:00,0.0,131.85284353333327,8.85701966666667
2023-12-20 16:00:00,0.0,86.02534151666667,35.573215000000026
2023-12-20 17:00:00,0.0,55.79882383333342,23.89735566666669
2023-12-20 18:00:00,1.4713070000000028,60.85924086666675,0.6368080000000007
2023-12-20 19:00:00,1.4713070000000024,47.76665768333337,10.30873766666669
2023-12-20 20:00:00,0.0,44.60090190000004,9.856430333333355
2023-12-20 21:00:00,0.0,33.98392486666671,0.0
2023-12-20 22:00:00,0.0,13.33307291666668,0.0
2023-12-20 23:00:00,0.0,4.439157400000002,0.0
2023-12-21 00:00:00,0.0,2.552613433333335,0.0
2023-12-21 01:00:00,0.0,5.902598650000004,0.0
2023-12-21 02:00:00,0.0,7.830085800000004,0.0
2023-12-21 03:00:00,0.0,9.900072650000006,0.0
2023-12-21 04:00:00,0.0,11.325570133333336,0.0
2023-12-21 05:00:00,0.0,16.595565383333348,0.43927600000000083
2023-12-21 06:00:00,1.5013030000000027,31.8919605833334,9.306006666666692
2023-12-21 07:00:00,1.5312990000000009,34.154860866666716,45.08859433333338
2023-12-21 08:00:00,0.0,39.675165816666684,34.27833500000004
2023-12-21 09:00:00,0.0,52.85812503333334,13.535990833333361
2023-12-21 10:00:00,0.008280000000000006,80.68976718333329,20.000645166666704
2023-12-21 11:00:00,0.008261000000000006,107.29473676666665,15.383968666666696
2023-12-21 12:00:00,0.0,148.0665064666666,0.0
2023-12-21 13:00:00,0.0,150.3257367833333,5.590336666666665
2023-12-21 14:00:00,0.0,138.0210040333333,7.494512000000004
2023-12-21 15:00:00,0.0,132.6845235666666,10.976338666666676
2023-12-21 16:00:00,0.0,103.78746226666664,20.27346200000002
2023-12-21 17:00:00,0.0,59.29298405000009,28.656260333333368
2023-12-21 18:00:00,1.4638080000000033,60.61072795000009,0.5413280000000011
2023-12-21 19:00:00,1.5987900000000028,48.879343866666716,10.897230666666692
2023-12-21 20:00:00,0.0,42.34805483333337,10.594320666666698
2023-12-21 21:00:00,0.0,32.23512280000004,0.0
2023-12-21 22:00:00,0.0,14.147237750000016,0.0
2023-12-21 23:00:00,0.0,4.726399250000003,0.0
2023-12-22 00:00:00,0.0,2.0726170833333324,0.0
2023-12-22 01:00:00,0.0,6.840092400000005,0.0
2023-12-22 02:00:00,0.0,8.55508096666667,0.0
2023-12-22 03:00:00,0.0,9.342576483333337,0.0
2023-12-22 04:00:00,0.0,10.185678800000003,0.0
2023-12-22 05:00:00,0.0,16.31645101666668,0.4552720000000002
2023-12-22 06:00:00,1.5612950000000008,31.428513566666727,10.6100126666667
2023-12-22 07:00:00,1.6287860000000027,29.33595685000005,35.320565666666724
2023-12-22 08:00:00,0.0,38.83105583333334,37.5821656666667
2023-12-22 09:00:00,0.0,60.071230150000005,15.148424166666691
2023-12-22 10:00:00,0.008263000000000006,75.78296091666664,18.43824666666671
2023-12-22 11:00:00,0.008278000000000006,107.56231868333332,15.522314500000029
2023-12-22 12:00:00,0.0,137.1705778666666,0.0
2023-12-22 13:00:00,0.0,153.81813769999997,5.869679000000003
2023-12-22 14:00:00,0.0,148.77724048333323,8.716043666666668
2023-12-22 15:00:00,0.0,135.85452289999992,11.353950333333342
2023-12-22 16:00:00,0.0,95.60237278333332,25.458957000000023
2023-12-22 17:00:00,0.0,62.96197463333343,18.88316100000003
2023-12-22 18:00:00,1.5088020000000022,61.384081750000085,0.5642680000000017
2023-12-22 19:00:00,1.3963170000000036,47.996729966666706,9.440655000000021
2023-12-22 20:00:00,0.0,45.13782478333338,11.173972666666693
2023-12-22 21:00:00,0.0,35.29978408333338,0.0
2023-12-22 22:00:00,0.0,15.032295750000015,0.0
2023-12-22 23:00:00,0.0,5.456644483333335,0.0
2023-12-23 00:00:00,0.0,2.52261401666667,0.0
2023-12-23 01:00:00,0.0,6.137597083333341,0.0
2023-12-23 02:00:00,0.0,8.292582716666672,0.0
2023-12-23 03:00:00,0.0,9.36257735000001,0.0
2023-12-23 04:00:00,0.0,10.651407500000008,0.0
2023-12-23 05:00:00,0.0,17.286045633333348,0.47994800000000076
2023-12-23 06:00:00,1.426313000000002,28.25322968333339,10.329727000000029
2023-12-23 07:00:00,1.6212870000000021,35.502143233333385,28.154523000000058
2023-12-23 08:00:00,0.0,53.00899191666667,31.10880900000003
2023-12-23 09:00:00,0.0,75.06334623333332,16.70524416666669
2023-12-23 10:00:00,0.008276000000000007,73.66422098333332,15.0044886666667
2023-12-23 11:00:00,0.008265000000000007,107.70916331666665,11.781534333333356
2023-12-23 12:00:00,0.0,132.81526046666662,0.0
2023-12-23 13:00:00,0.0,141.7569249166666,7.877790333333339
2023-12-23 14:00:00,0.0,128.87360189999995,12.023689666666677
2023-12-23 15:00:00,0.0,130.5076880333333,8.692236333333344
2023-12-23 16:00:00,0.0,96.57355074999998,46.23380800000004
2023-12-23 17:00:00,0.0,64.0254466000001,25.670830666666703
2023-12-23 18:00:00,1.5312990000000029,63.265628233333416,0.5828680000000016
2023-12-23 19:00:00,1.5163010000000015,51.28561891666671,9.70222400000003
2023-12-23 20:00:00,0.0,46.08395453333338,11.252259000000024
2023-12-23 21:00:00,0.0,33.73185958333338,0.0
2023-12-23 22:00:00,0.0,13.783307116666679,0.0
2023-12-23 23:00:00,0.0,4.820231566666669,0.0
2023-12-24 00:00:00,0.0,0.0,0.0
2023-12-24 01:00:00,0.0,0.0,0.0
2023-12-24 02:00:00,0.0,0.0,0.0
2023-12-24 03:00:00,0.0,0.0,0.0
2023-12-24 04:00:00,0.0,0.21838301666666643,0.0
2023-12-24 05:00:00,0.0,5.283412333333342,0.49048800000000004
2023-12-24 06:00:00,1.3963170000000025,19.33486926666672,10.22912833333336
2023-12-24 07:00:00,1.4938040000000028,12.51603083333337,33.856674000000055
2023-12-24 08:00:00,0.0,1.7867924499999988,42.7073416666667
2023-12-24 09:00:00,0.0,0.6217948666666628,15.31958566666669
2023-12-24 10:00:00,0.008274000000000007,0.5821085499999965,17.59805083333337
2023-12-24 11:00:00,0.008267000000000007,0.5705235833333302,14.517038666666696
2023-12-24 12:00:00,0.0,0.6536861499999972,0.0
2023-12-24 13:00:00,0.0,0.7179352499999963,7.774995000000006
2023-12-24 14:00:00,0.0,0.746595533333329,8.61755066666667
2023-12-24 15:00:00,0.0,0.8075081499999957,7.234380333333332
2023-12-24 16:00:00,0.0,3.2149328666666612,19.46077266666669
2023-12-24 17:00:00,0.0,32.535834416666745,31.895652000000037
2023-12-24 18:00:00,1.531299000000003,46.30929690000008,0.5879520000000011
2023-12-24 19:00:00,1.673780000000003,36.07482383333337,10.180322000000023
2023-12-24 20:00:00,0.0,32.9421945666667,10.521031333333362
2023-12-24 21:00:00,0.0,22.46742418333337,0.0
2023-12-24 22:00:00,0.0,5.665836716666675,0.0
2023-12-24 23:00:00,0.0,0.3852155999999996,0.0
2023-12-25 00:00:00,0.0,2.5926144666666664,0.0
2023-12-25 01:00:00,0.0,5.600100666666671,0.0
2023-12-25 02:00:00,0.0,8.640080400000006,0.0
2023-12-25 03:00:00,0.0,9.680574300000005,0.0
2023-12-25 04:00:00,0.0,11.720047700000006,0.0
2023-12-25 05:00:00,0.0,16.88908803333335,0.4676720000000008
2023-12-25 06:00:00,1.5987900000000008,31.326230683333396,10.339232333333362
2023-12-25 07:00:00,1.3513230000000018,28.744241750000047,35.107352000000056
2023-12-25 08:00:00,0.0,36.34799151666668,32.16320500000003
2023-12-25 09:00:00,0.0,54.89729008333333,15.553255500000025
2023-12-25 10:00:00,0.008273000000000004,81.06437601666663,14.002839333333371
2023-12-25 11:00:00,0.008268000000000006,103.49291873333333,12.110496666666688
2023-12-25 12:00:00,0.0,137.97966916666664,0.0
2023-12-25 13:00:00,0.0,162.91314394999995,7.776274333333336
2023-12-25 14:00:00,0.0,135.51141418333327,9.971419666666673
2023-12-25 15:00:00,0.0,132.8524409499999,10.72598633333334
2023-12-25 16:00:00,0.0,95.75309138333331,35.83753733333336
2023-12-25 17:00:00,0.0,61.13920045000009,33.6067696666667
2023-12-25 18:00:00,1.6737800000000032,60.69526516666675,0.7148039999999989
2023-12-25 19:00:00,1.4713070000000041,50.003988083333375,10.295680666666687
2023-12-25 20:00:00,0.0,46.741462316666706,10.034656666666692
2023-12-25 21:00:00,0.0,35.833852333333375,0.0
2023-12-25 22:00:00,0.0,15.095391533333347,0.0
2023-12-25 23:00:00,0.0,5.447237650000004,0.0
2023-12-26 00:00:00,0.0,1.9451166833333344,0.0
2023-12-26 01:00:00,0.0,6.600094000000007,0.0
2023-12-26 02:00:00,0.0,8.525081166666673,0.0
2023-12-26 03:00:00,0.0,11.135065333333339,0.0
2023-12-26 04:00:00,0.0,11.028886000000005,0.0
2023-12-26 05:00:00,0.0,16.720556650000013,0.4537840000000011
2023-12-26 06:00:00,1.486305000000001,29.634229116666727,10.024273333333364
2023-12-26 07:00:00,1.606289000000001,31.526313550000047,28.440044000000057
2023-12-26 08:00:00,0.0,42.227392300000005,31.596203666666696
2023-12-26 09:00:00,0.0,68.9399697833333,16.27645000000003
2023-12-26 10:00:00,0.008276000000000007,77.72764714999998,15.0062691666667
2023-12-26 11:00:00,0.008265000000000007,108.14873099999996,14.021241166666696
2023-12-26 12:00:00,0.0,127.79673229999996,0.0
2023-12-26 13:00:00,0.0,149.3727211499999,8.830880000000004
2023-12-26 14:00:00,0.0,149.7256444333333,8.25624833333334
2023-12-26 15:00:00,0.0,130.86593399999995,10.128048333333336
2023-12-26 16:00:00,0.0,94.05317088333334,35.37055600000004
2023-12-26 17:00:00,0.0,63.71724556666676,26.08687533333337
2023-12-26 18:00:00,1.5088020000000015,60.54322495000008,0.6718999999999995
2023-12-26 19:00:00,1.493804000000002,49.70395108333337,10.585440000000023
2023-12-26 20:00:00,0.0,45.873677116666705,10.299497666666692
2023-12-26 21:00:00,0.0,33.333331233333375,0.0
2023-12-26 22:00:00,0.0,14.68177776666668,0.0
2023-12-26 23:00:00,0.0,4.8609869333333355,0.0
2023-12-27 00:00:00,0.0,2.167615283333332,0.0
2023-12-27 01:00:00,0.0,6.522594516666673,0.0
2023-12-27 02:00:00,0.0,9.23507643333334,0.0
2023-12-27 03:00:00,0.0,10.762567366666671,0.0
2023-12-27 04:00:00,0.0,12.517462200000004,0.0
2023-12-27 05:00:00,0.0,18.15433343333335,0.4556440000000009
2023-12-27 06:00:00,1.4713070000000024,31.54922570000006,10.24140233333336
2023-12-27 07:00:00,1.501303000000003,29.15455396666672,36.4625273333334
2023-12-27 08:00:00,0.0,43.82175531666667,36.28299533333337
2023-12-27 09:00:00,0.0,58.95687206666666,15.447090833333364
2023-12-27 10:00:00,0.008276000000000007,68.60847673333332,16.200893666666705
2023-12-27 11:00:00,0.008265000000000007,99.9289103,17.331237500000032
2023-12-27 12:00:00,0.0,144.79432879999993,0.0
2023-12-27 13:00:00,0.0,156.9420692833333,8.180923000000003
2023-12-27 14:00:00,0.0,151.67099298333326,7.7931186666666665
2023-12-27 15:00:00,0.0,137.41000994999993,7.356991999999998
2023-12-27 16:00:00,0.0,93.65322568333332,30.8372456666667
2023-12-27 17:00:00,0.0,58.118599183333416,25.52969633333336
2023-12-27 18:00:00,1.5462970000000014,63.44560261666676,0.6082880000000009
2023-12-27 19:00:00,1.576293000000002,48.83587815000004,9.939577666666692
2023-12-27 20:00:00,0.0,45.1148119166667,10.322817000000027
2023-12-27 21:00:00,0.0,34.25228465000004,0.0
2023-12-27 22:00:00,0.0,14.794989550000018,0.0
2023-12-27 23:00:00,0.0,4.833567633333335,0.0
2023-12-28 00:00:00,0.0,2.5551141,0.0
2023-12-28 01:00:00,0.0,5.980098133333338,0.0
2023-12-28 02:00:00,0.0,8.92007853333334,0.0
2023-12-28 03:00:00,0.0,10.908816266666674,0.0
2023-12-28 04:00:00,0.0,11.55738948333334,0.0
2023-12-28 05:00:00,0.0,16.54786076666668,0.4971840000000007
2023-12-28 06:00:00,1.5163010000000021,32.28623086666672,10.107362333333358
2023-12-28 07:00:00,1.3738200000000038,35.56723560000005,25.50085833333338
2023-12-28 08:00:00,0.0,44.43488340000001,37.67225133333337
2023-12-28 09:00:00,0.0,61.709836933333335,16.06508500000003
2023-12-28 10:00:00,0.008281000000000005,79.58196988333331,17.69229716666671
2023-12-28 11:00:00,0.008260000000000007,113.49531784999996,16.005486500000025
2023-12-28 12:00:00,0.0,139.35490348333323,0.0
2023-12-28 13:00:00,0.0,134.35732353333324,5.938007333333332
2023-12-28 14:00:00,0.0,139.54249543333333,10.874995333333343
2023-12-28 15:00:00,0.0,139.83469801666664,9.499807000000006
2023-12-28 16:00:00,0.0,87.39119768333333,26.154628666666692
2023-12-28 17:00:00,0.0,60.562726100000084,33.87530800000003
2023-12-28 18:00:00,1.5537960000000028,62.41664896666675,0.6518120000000007
2023-12-28 19:00:00,1.6512830000000012,49.14531426666671,10.138090000000027
2023-12-28 20:00:00,0.0,46.60683843333337,10.582661000000028
2023-12-28 21:00:00,0.0,34.37496698333337,0.0
2023-12-28 22:00:00,0.0,14.494339533333347,0.0
2023-12-28 23:00:00,0.0,4.951232033333336,0.0
2023-12-29 00:00:00,0.0,1.650119833333332,0.0
2023-12-29 01:00:00,0.0,6.042597716666671,0.0
2023-12-29 02:00:00,0.0,9.095077366666672,0.0
2023-12-29 03:00:00,0.0,10.201820350000004,0.0
2023-12-29 04:00:00,0.0,12.224814200000004,0.0
2023-12-29 05:00:00,0.0,16.195052100000016,0.4628360000000012
2023-12-29 06:00:00,1.6437840000000021,27.954822166666723,9.98305933333336
2023-12-29 07:00:00,1.4938040000000017,31.18515423333337,32.561581333333386
2023-12-29 08:00:00,0.0,39.838040850000006,30.311787666666696
2023-12-29 09:00:00,0.0,64.47060518333332,16.978278666666693
2023-12-29 10:00:00,0.008275000000000006,75.26788773333334,15.884215333333367
2023-12-29 11:00:00,0.008266000000000006,95.00282385,15.482394500000028
2023-12-29 12:00:00,0.0,148.16756444999993,0.0
2023-12-29 13:00:00,0.0,148.5882327166666,6.942218666666666
2023-12-29 14:00:00,0.0,147.39025918333328,6.459773666666664
2023-12-29 15:00:00,0.0,144.39101514999993,10.691485333333345
2023-12-29 16:00:00,0.0,92.46669933333334,39.0765496666667
2023-12-29 17:00:00,0.0,60.388861233333415,23.363433666666694
2023-12-29 18:00:00,1.4938040000000032,65.0334144500001,0.6148600000000011
2023-12-29 19:00:00,1.4638080000000042,49.81183870000004,10.20216633333336
2023-12-29 20:00:00,0.0,45.65119040000004,10.359461666666695
2023-12-29 21:00:00,0.0,32.838544983333385,0.0
2023-12-29 22:00:00,0.0,13.642190866666684,0.0
2023-12-29 23:00:00,0.0,4.525571100000003,0.0
2023-12-30 00:00:00,0.0,2.557613783333334,0.0
2023-12-30 01:00:00,0.0,6.280096133333343,0.0
2023-12-30 02:00:00,0.0,7.592587383333343,0.0
2023-12-30 03:00:00,0.0,8.41758235000001,0.0
2023-12-30 04:00:00,0.0,9.933286850000009,0.0
2023-12-30 05:00:00,0.0,16.061376933333353,0.47598000000000024
2023-12-30 06:00:00,1.486305000000003,30.9295016333334,10.41664533333336
2023-12-30 07:00:00,1.5537960000000015,28.998975350000045,34.64798700000005
2023-12-30 08:00:00,0.0,33.593790066666685,27.535402666666712
2023-12-30 09:00:00,0.0,49.56370886666668,15.809706166666697
2023-12-30 10:00:00,0.008278000000000006,69.20355968333334,16.188184666666704
2023-12-30 11:00:00,0.008263000000000005,105.15507984999996,12.75457083333336
2023-12-30 12:00:00,0.0,142.8723100166666,0.0
2023-12-30 13:00:00,0.0,156.62355218333326,6.643733666666667
2023-12-30 14:00:00,0.0,159.68339614999996,8.630870999999999
2023-12-30 15:00:00,0.0,150.17659628333325,9.359816000000004
2023-12-30 16:00:00,0.0,86.45158781666666,34.909930333333364
2023-12-30 17:00:00,0.0,60.23174775000009,32.9963946666667
2023-12-30 18:00:00,1.523800000000002,63.266133883333424,0.6208120000000013
2023-12-30 19:00:00,1.5312990000000035,49.89731443333337,9.343169000000028
2023-12-30 20:00:00,0.0,45.68717541666671,10.084626666666692
2023-12-30 21:00:00,0.0,34.289033133333376,0.0
2023-12-30 22:00:00,0.0,14.82184921666668,0.0
2023-12-30 23:00:00,0.0,5.234816450000004,0.0
2023-12-31 00:00:00,0.0,0.0,0.0
2023-12-31 01:00:00,0.0,0.0,0.0
2023-12-31 02:00:00,0.0,0.0,0.0
2023-12-31 03:00:00,0.0,0.0,0.0
2023-12-31 04:00:00,0.0,0.27177224999999977,0.0
2023-12-31 05:00:00,0.0,4.256687783333339,0.4562640000000012
2023-12-31 06:00:00,1.5462970000000031,17.93051815000005,9.811508666666695
2023-12-31 07:00:00,1.4413110000000025,14.231581566666708,40.063255333333395
2023-12-31 08:00:00,0.0,2.0190621999999974,30.413757000000043
2023-12-31 09:00:00,0.0,0.5046475333333311,14.999773000000028
2023-12-31 10:00:00,0.008274000000000007,0.6081039333333298,14.65277533333337
2023-12-31 11:00:00,0.008267000000000007,0.6685978166666632,12.589346166666688
2023-12-31 12:00:00,0.0,0.5884394999999972,0.0
2023-12-31 13:00:00,0.0,0.5978550333333299,8.527696333333335
2023-12-31 14:00:00,0.0,0.5301972833333307,9.463112333333338
2023-12-31 15:00:00,0.0,0.638859449999997,8.30771533333333
2023-12-31 16:00:00,0.0,3.415937349999996,32.5547816666667
2023-12-31 17:00:00,0.0,32.43618165000007,29.18974933333337
2023-12-31 18:00:00,1.3513230000000025,47.18416923333341,0.588076000000001
2023-12-31 19:00:00,1.7562690000000027,36.733984000000035,9.814301000000023
2023-12-31 20:00:00,0.0,31.719620183333372,10.387778000000027
2023-12-31 21:00:00,0.0,23.06436450000004,0.0
2023-12-31 22:00:00,0.0,5.190368200000008,0.0
2023-12-31 23:00:00,0.0,0.4068869999999996,0.0
